{"v":"5.6.2","fr":60,"ip":0,"op":120,"w":320,"h":320,"nm":"03_Graggle_Flex","ddd":0,"assets":[{"id":"comp_0","layers":[{"ddd":0,"ind":2,"ty":3,"nm":"Overall_Ctrl","sr":1,"ks":{"o":{"a":0,"k":0,"ix":11},"r":{"a":0,"k":0,"ix":10},"p":{"a":0,"k":[400,458,0],"ix":2},"a":{"a":0,"k":[0,0,0],"ix":1},"s":{"a":0,"k":[125,125,100],"ix":6}},"ao":0,"ip":0,"op":120,"st":0,"bm":0},{"ddd":0,"ind":3,"ty":3,"nm":"Face_Ctrl","parent":15,"sr":1,"ks":{"o":{"a":0,"k":0,"ix":11},"r":{"a":0,"k":0,"ix":10},"p":{"a":1,"k":[{"i":{"x":0,"y":1},"o":{"x":0.666,"y":0},"t":3.072,"s":[-3,-145,0],"to":[0,0,0],"ti":[0,0,0]},{"i":{"x":0.492,"y":1},"o":{"x":1,"y":0},"t":33.793,"s":[-3,-157.495,0],"to":[0,0,0],"ti":[0,0,0]},{"i":{"x":0.425,"y":1},"o":{"x":0.624,"y":0},"t":60.672,"s":[-3,-129.835,0],"to":[0,0,0],"ti":[0,0,0]},{"i":{"x":0.425,"y":1},"o":{"x":0.167,"y":0},"t":76.031,"s":[-3,-153.824,0],"to":[0,0,0],"ti":[0,0,0]},{"t":91.392578125,"s":[-3,-145,0]}],"ix":2},"a":{"a":0,"k":[50,50,0],"ix":1},"s":{"a":0,"k":[50,50,100],"ix":6}},"ao":0,"ip":0,"op":120,"st":0,"bm":0},{"ddd":0,"ind":4,"ty":4,"nm":"R_Arm","parent":21,"sr":1,"ks":{"o":{"a":0,"k":100,"ix":11},"r":{"a":1,"k":[{"i":{"x":[0.146],"y":[1]},"o":{"x":[0.333],"y":[0]},"t":1.535,"s":[0]},{"i":{"x":[0.589],"y":[1]},"o":{"x":[0.857],"y":[0]},"t":32,"s":[5]},{"i":{"x":[0.558],"y":[1]},"o":{"x":[0.544],"y":[0]},"t":59,"s":[-2]},{"i":{"x":[0.558],"y":[1]},"o":{"x":[0.333],"y":[0]},"t":74,"s":[1]},{"t":89.85546875,"s":[0]}],"ix":10},"p":{"a":0,"k":[-25,51,0],"ix":2},"a":{"a":0,"k":[-25,51,0],"ix":1},"s":{"a":0,"k":[100,100,100],"ix":6}},"ao":0,"shapes":[{"ty":"gr","it":[{"ind":0,"ty":"sh","ix":1,"ks":{"a":0,"k":{"i":[[0,0],[0,0],[-18.2,-7.2],[0,0],[0,0],[12.4,6.8]],"o":[[0,0],[0,0],[18.2,7.2],[0,0],[0,0],[-12.4,-6.8]],"v":[[-54.4,60.2],[-64.2,64.8],[-36,100.6],[14.8,101.8],[13.8,93.8],[-38.2,86.4]],"c":true},"ix":2},"nm":"Path 1","mn":"ADBE Vector Shape - Group","hd":false},{"ty":"fl","c":{"a":0,"k":[0.847045898438,0.823516845703,0.662719726563,1],"ix":4},"o":{"a":0,"k":100,"ix":5},"r":1,"bm":0,"nm":"Fill 1","mn":"ADBE Vector Graphic - Fill","hd":false},{"ty":"tr","p":{"a":0,"k":[0,0],"ix":2},"a":{"a":0,"k":[0,0],"ix":1},"s":{"a":0,"k":[100,100],"ix":3},"r":{"a":0,"k":0,"ix":6},"o":{"a":0,"k":100,"ix":7},"sk":{"a":0,"k":0,"ix":4},"sa":{"a":0,"k":0,"ix":5},"nm":"Transform"}],"nm":"Shape 1","np":2,"cix":2,"bm":0,"ix":1,"mn":"ADBE Vector Group","hd":false},{"ty":"gr","it":[{"ind":0,"ty":"sh","ix":1,"ks":{"a":1,"k":[{"i":{"x":0.146,"y":1},"o":{"x":0.333,"y":0},"t":1.535,"s":[{"i":[[0,0],[0,0]],"o":[[0,0],[0,0]],"v":[[73.881,-186.31],[82.515,-195.206]],"c":false}]},{"i":{"x":0.833,"y":0.833},"o":{"x":0.928,"y":0},"t":32.256,"s":[{"i":[[0,0],[0,0]],"o":[[0,0],[0,0]],"v":[[138.153,-246.784],[150.331,-249.105]],"c":false}]},{"i":{"x":0.589,"y":1},"o":{"x":0.167,"y":0.167},"t":49.92,"s":[{"i":[[0,0],[0,0]],"o":[[0,0],[0,0]],"v":[[92.617,-204.754],[101.09,-212.42]],"c":false}]},{"i":{"x":0.558,"y":1},"o":{"x":0.544,"y":0},"t":59.137,"s":[{"i":[[0,0],[0,0]],"o":[[0,0],[0,0]],"v":[[68.834,-171.998],[74.28,-182.821]],"c":false}]},{"i":{"x":0.558,"y":1},"o":{"x":0.333,"y":0},"t":74.496,"s":[{"i":[[0,0],[0,0]],"o":[[0,0],[0,0]],"v":[[73.638,-193.676],[83.271,-201.48]],"c":false}]},{"t":89.85546875,"s":[{"i":[[0,0],[0,0]],"o":[[0,0],[0,0]],"v":[[73.881,-186.31],[82.515,-195.206]],"c":false}]}],"ix":2},"nm":"Path 1","mn":"ADBE Vector Shape - Group","hd":false},{"ty":"st","c":{"a":0,"k":[0,0,0,1],"ix":3},"o":{"a":0,"k":100,"ix":4},"w":{"a":0,"k":1.733,"ix":5},"lc":2,"lj":2,"bm":0,"nm":"Stroke 1","mn":"ADBE Vector Graphic - Stroke","hd":false},{"ty":"tr","p":{"a":0,"k":[0,0],"ix":2},"a":{"a":0,"k":[0,0],"ix":1},"s":{"a":0,"k":[100,100],"ix":3},"r":{"a":0,"k":0,"ix":6},"o":{"a":0,"k":100,"ix":7},"sk":{"a":0,"k":0,"ix":4},"sa":{"a":0,"k":0,"ix":5},"nm":"Transform"}],"nm":"Group 1","np":2,"cix":2,"bm":0,"ix":2,"mn":"ADBE Vector Group","hd":false},{"ty":"gr","it":[{"ind":0,"ty":"sh","ix":1,"ks":{"a":1,"k":[{"i":{"x":0.146,"y":1},"o":{"x":0.333,"y":0},"t":1.535,"s":[{"i":[[0,0],[0,0]],"o":[[0,0],[0,0]],"v":[[80.946,-195.82],[69.218,-202.008]],"c":false}]},{"i":{"x":0.833,"y":0.833},"o":{"x":0.928,"y":0},"t":32.256,"s":[{"i":[[0,0],[0,0]],"o":[[0,0],[0,0]],"v":[[149.399,-250.51],[143.355,-262.312]],"c":false}]},{"i":{"x":0.589,"y":1},"o":{"x":0.167,"y":0.167},"t":49.92,"s":[{"i":[[0,0],[0,0]],"o":[[0,0],[0,0]],"v":[[99.683,-213.079],[89.266,-219.472]],"c":false}]},{"i":{"x":0.558,"y":1},"o":{"x":0.544,"y":0},"t":59.137,"s":[{"i":[[0,0],[0,0]],"o":[[0,0],[0,0]],"v":[[72.636,-182.935],[59.889,-185.271]],"c":false}]},{"i":{"x":0.558,"y":1},"o":{"x":0.333,"y":0},"t":74.496,"s":[{"i":[[0,0],[0,0]],"o":[[0,0],[0,0]],"v":[[81.785,-202.277],[70.879,-209.818]],"c":false}]},{"t":89.85546875,"s":[{"i":[[0,0],[0,0]],"o":[[0,0],[0,0]],"v":[[80.946,-195.82],[69.218,-202.008]],"c":false}]}],"ix":2},"nm":"Path 1","mn":"ADBE Vector Shape - Group","hd":false},{"ty":"st","c":{"a":0,"k":[0,0,0,1],"ix":3},"o":{"a":0,"k":100,"ix":4},"w":{"a":0,"k":1.733,"ix":5},"lc":2,"lj":2,"bm":0,"nm":"Stroke 1","mn":"ADBE Vector Graphic - Stroke","hd":false},{"ty":"tr","p":{"a":0,"k":[0,0],"ix":2},"a":{"a":0,"k":[0,0],"ix":1},"s":{"a":0,"k":[100,100],"ix":3},"r":{"a":0,"k":0,"ix":6},"o":{"a":0,"k":100,"ix":7},"sk":{"a":0,"k":0,"ix":4},"sa":{"a":0,"k":0,"ix":5},"nm":"Transform"}],"nm":"Group 2","np":2,"cix":2,"bm":0,"ix":3,"mn":"ADBE Vector Group","hd":false},{"ty":"gr","it":[{"ind":0,"ty":"sh","ix":1,"ks":{"a":1,"k":[{"i":{"x":0.146,"y":1},"o":{"x":0.333,"y":0},"t":1.535,"s":[{"i":[[0,0],[-2.093,-10.727]],"o":[[0,0],[0,0]],"v":[[92.007,-211.544],[98.999,-193.767]],"c":false}]},{"i":{"x":0.833,"y":0.833},"o":{"x":0.928,"y":0},"t":32.256,"s":[{"i":[[0,0],[4.45,-9.983]],"o":[[0,0],[0,0]],"v":[[167.486,-257.025],[162.996,-238.457]],"c":false}]},{"i":{"x":0.589,"y":1},"o":{"x":0.167,"y":0.167},"t":49.92,"s":[{"i":[[0,0],[-1.284,-9.992]],"o":[[0,0],[0,0]],"v":[[110.798,-226.881],[116.166,-210.111]],"c":false}]},{"i":{"x":0.558,"y":1},"o":{"x":0.544,"y":0},"t":59.137,"s":[{"i":[[0,0],[-5.093,-9.389]],"o":[[0,0],[0,0]],"v":[[78.345,-200.835],[90.071,-186.307]],"c":false}]},{"i":{"x":0.558,"y":1},"o":{"x":0.333,"y":0},"t":74.496,"s":[{"i":[[0,0],[-0.8,-10.9]],"o":[[0,0],[0,0]],"v":[[94.641,-216.571],[99.465,-198.087]],"c":false}]},{"t":89.85546875,"s":[{"i":[[0,0],[-2.093,-10.727]],"o":[[0,0],[0,0]],"v":[[92.007,-211.544],[98.999,-193.767]],"c":false}]}],"ix":2},"nm":"Path 1","mn":"ADBE Vector Shape - Group","hd":false},{"ty":"st","c":{"a":0,"k":[0,0,0,1],"ix":3},"o":{"a":0,"k":100,"ix":4},"w":{"a":0,"k":1.733,"ix":5},"lc":2,"lj":2,"bm":0,"nm":"Stroke 1","mn":"ADBE Vector Graphic - Stroke","hd":false},{"ty":"tr","p":{"a":0,"k":[0,0],"ix":2},"a":{"a":0,"k":[0,0],"ix":1},"s":{"a":0,"k":[100,100],"ix":3},"r":{"a":0,"k":0,"ix":6},"o":{"a":0,"k":100,"ix":7},"sk":{"a":0,"k":0,"ix":4},"sa":{"a":0,"k":0,"ix":5},"nm":"Transform"}],"nm":"Group 3","np":2,"cix":2,"bm":0,"ix":4,"mn":"ADBE Vector Group","hd":false},{"ty":"gr","it":[{"ind":0,"ty":"sh","ix":1,"ks":{"a":1,"k":[{"i":{"x":0.146,"y":1},"o":{"x":0.333,"y":0},"t":1.535,"s":[{"i":[[0,0],[10.538,-1.081],[2.118,-3.938],[-11.512,-3.03],[-7.573,-0.059],[-1.318,0.453],[0,0]],"o":[[0,0],[-10.538,1.081],[-2.118,3.938],[9.773,2.572],[1.394,0.011],[0,0],[0,0]],"v":[[108.549,-197.691],[89.521,-175.748],[66.188,-169.154],[70.611,-143.945],[113.756,-140.926],[117.847,-141.593],[132.619,-146.671]],"c":false}]},{"i":{"x":0.833,"y":0.833},"o":{"x":0.928,"y":0},"t":32.256,"s":[{"i":[[0,0],[9.246,5.169],[3.996,-2.006],[-7.682,-9.094],[-6.165,-4.399],[-1.339,-0.386],[0,0]],"o":[[0,0],[-9.246,-5.169],[-3.996,2.006],[6.521,7.72],[1.135,0.809],[0,0],[0,0]],"v":[[173.067,-236.183],[144.886,-229.154],[121.999,-237.162],[111.137,-213.988],[144.717,-186.729],[148.449,-184.925],[163.458,-180.595]],"c":false}]},{"i":{"x":0.589,"y":1},"o":{"x":0.167,"y":0.167},"t":49.92,"s":[{"i":[[0,0],[9.757,-0.364],[2.184,-3.495],[-10.408,-3.475],[-6.962,-0.507],[-1.239,0.338],[0,0]],"o":[[0,0],[-9.757,0.364],[-2.184,3.495],[8.835,2.95],[1.281,0.093],[0,0],[0,0]],"v":[[125.184,-213.149],[106.37,-194.104],[84.514,-189.434],[87.074,-165.983],[126.579,-160.625],[130.382,-160.994],[144.273,-164.782]],"c":false}]},{"i":{"x":0.558,"y":1},"o":{"x":0.544,"y":0},"t":59.137,"s":[{"i":[[0,0],[9.509,-4.094],[0.822,-4.292],[-11.621,0.546],[-7.078,2.163],[-1.096,0.808],[0,0]],"o":[[0,0],[-9.509,4.094],[-0.822,4.292],[9.866,-0.464],[1.303,-0.398],[0,0],[0,0]],"v":[[97.826,-192.762],[86.51,-166.73],[66.684,-153.749],[78.19,-131.539],[119.304,-141.358],[122.923,-143.178],[135.21,-152.239]],"c":false}]},{"i":{"x":0.558,"y":1},"o":{"x":0.333,"y":0},"t":74.496,"s":[{"i":[[0,0],[10.591,0.182],[2.572,-3.657],[-11.069,-4.38],[-7.512,-0.961],[-1.363,0.293],[0,0]],"o":[[0,0],[-10.591,-0.182],[-2.572,3.657],[9.397,3.718],[1.382,0.177],[0,0],[0,0]],"v":[[109.415,-200.846],[87.908,-181.326],[63.955,-177.559],[65.343,-152.003],[107.821,-143.864],[111.963,-144.04],[127.235,-147.321]],"c":false}]},{"t":89.85546875,"s":[{"i":[[0,0],[10.538,-1.081],[2.118,-3.938],[-11.512,-3.03],[-7.573,-0.059],[-1.318,0.453],[0,0]],"o":[[0,0],[-10.538,1.081],[-2.118,3.938],[9.773,2.572],[1.394,0.011],[0,0],[0,0]],"v":[[108.549,-197.691],[89.521,-175.748],[66.188,-169.154],[70.611,-143.945],[113.756,-140.926],[117.847,-141.593],[132.619,-146.671]],"c":false}]}],"ix":2},"nm":"Path 1","mn":"ADBE Vector Shape - Group","hd":false},{"ty":"st","c":{"a":0,"k":[0,0,0,1],"ix":3},"o":{"a":0,"k":100,"ix":4},"w":{"a":0,"k":3.467,"ix":5},"lc":2,"lj":2,"bm":0,"nm":"Stroke 1","mn":"ADBE Vector Graphic - Stroke","hd":false},{"ty":"fl","c":{"a":0,"k":[0.54509806633,0.290196090937,0.243137255311,1],"ix":4},"o":{"a":0,"k":100,"ix":5},"r":1,"bm":0,"nm":"Fill 1","mn":"ADBE Vector Graphic - Fill","hd":false},{"ty":"tr","p":{"a":0,"k":[0,0],"ix":2},"a":{"a":0,"k":[0,0],"ix":1},"s":{"a":0,"k":[100,100],"ix":3},"r":{"a":0,"k":0,"ix":6},"o":{"a":0,"k":100,"ix":7},"sk":{"a":0,"k":0,"ix":4},"sa":{"a":0,"k":0,"ix":5},"nm":"Transform"}],"nm":"Group 4","np":3,"cix":2,"bm":0,"ix":5,"mn":"ADBE Vector Group","hd":false},{"ty":"gr","it":[{"ind":0,"ty":"sh","ix":1,"ks":{"a":1,"k":[{"i":{"x":0.146,"y":1},"o":{"x":0.333,"y":0},"t":1.535,"s":[{"i":[[0,0],[0,0],[30.782,34.112],[1.213,0.643],[30.013,5.315],[7.849,-13.344],[2.385,-3.621],[-0.077,-1.787],[-3.919,-6.711],[-3.574,0.735],[-1.105,0.276],[3.925,4.71],[0,0],[0,0],[-0.554,-2.471],[-0.982,-19.136]],"o":[[0,0],[0,0],[-0.92,-1.019],[-5.193,-2.753],[-37.676,-6.672],[-5.628,9.568],[-0.984,1.494],[0.218,5.037],[1.84,3.151],[8.202,-1.685],[1.57,-0.392],[-3.925,-4.71],[0,0],[0,0],[2.554,11.388],[1.211,23.589]],"v":[[106.814,-88.326],[237.443,-88.326],[168.948,-213.32],[165.72,-215.807],[114.697,-231.181],[65.247,-225.294],[52.223,-204.354],[50.824,-199.317],[61.155,-176.222],[70.198,-172.176],[93.504,-177.022],[95.467,-191.935],[81.937,-196.835],[88.141,-203.186],[96.422,-200.701],[106.814,-138.21]],"c":true}]},{"i":{"x":0.833,"y":0.833},"o":{"x":0.928,"y":0},"t":32.256,"s":[{"i":[[0,0],[0,0],[12.241,44.287],[0.796,1.118],[21.512,21.593],[14.091,-6.412],[4.033,-1.593],[0.964,-1.507],[0.648,-7.745],[-3.347,-1.452],[-1.063,-0.409],[0.507,6.109],[0,0],[0,0],[0.966,-2.341],[6.855,-17.893]],"o":[[0,0],[0,0],[-0.366,-1.323],[-3.41,-4.787],[-27.005,-27.106],[-10.103,4.598],[-1.664,0.657],[-2.715,4.248],[-0.304,3.636],[7.681,3.332],[1.51,0.581],[-0.507,-6.109],[0,0],[0,0],[-4.452,10.788],[-9.246,24.132]],"v":[[119.089,-122.848],[247.791,-100.5],[224.844,-222.718],[223.072,-226.388],[197.34,-260.062],[153.483,-283.653],[130.792,-273.996],[126.753,-270.677],[121.941,-245.838],[127.019,-237.331],[148.878,-227.908],[159.052,-238.987],[150.794,-250.771],[159.52,-252.405],[164.87,-245.613],[137.475,-188.494]],"c":true}]},{"i":{"x":0.589,"y":1},"o":{"x":0.167,"y":0.167},"t":49.92,"s":[{"i":[[0,0],[0,0],[25.938,37.921],[1.116,0.799],[27.288,6.684],[8.018,-11.804],[2.411,-3.188],[0.036,-1.649],[-3.204,-6.407],[-3.331,0.462],[-1.032,0.188],[3.328,4.567],[0,0],[0,0],[-0.362,-2.306],[2.764,-19.351]],"o":[[0,0],[0,0],[-0.775,-1.133],[-4.777,-3.423],[-34.255,-8.39],[-5.749,8.464],[-0.995,1.315],[-0.101,4.646],[1.504,3.008],[7.645,-1.06],[1.467,-0.267],[-3.328,-4.567],[0,0],[0,0],[1.668,10.627],[-3.744,24.389]],"v":[[109.571,-102.787],[237.939,-99.22],[183.074,-223.282],[180.208,-226.178],[132.843,-243.585],[87.007,-241.128],[73.774,-222.646],[72.187,-218.097],[80.308,-196.236],[88.384,-191.974],[110.11,-195.037],[112.807,-208.637],[100.656,-213.953],[106.742,-219.424],[114.21,-216.643],[114.948,-159.307]],"c":true}]},{"i":{"x":0.558,"y":1},"o":{"x":0.544,"y":0},"t":59.137,"s":[{"i":[[0,0],[0,0],[33.644,31.293],[1.264,0.535],[29.541,-3.833],[3.411,-14.74],[1.164,-4.075],[-0.596,-1.644],[-5.62,-5.11],[-3.118,1.732],[-0.949,0.581],[5.039,3.242],[0,0],[0,0],[-1.24,-2.142],[-0.178,-19.16]],"o":[[0,0],[0,0],[-1.005,-0.935],[-5.413,-2.289],[-37.084,4.812],[-2.446,10.569],[-0.48,1.681],[1.678,4.633],[2.639,2.399],[7.154,-3.973],[1.349,-0.826],[-5.038,-3.242],[0,0],[0,0],[5.716,9.87],[0.215,23.077]],"v":[[103.117,-89.184],[231.259,-98.352],[156.332,-218.279],[152.899,-220.474],[93.752,-225.79],[49.367,-205.82],[43.355,-182.481],[43.526,-177.375],[59.922,-158.866],[69.539,-157.741],[89.851,-169.084],[87.313,-183.564],[73.263,-184.172],[77.188,-191.909],[85.637,-192.018],[105.406,-138.03]],"c":true}]},{"i":{"x":0.558,"y":1},"o":{"x":0.333,"y":0},"t":74.496,"s":[{"i":[[0,0],[0,0],[30.782,34.112],[1.213,0.643],[29.166,8.853],[9.383,-12.313],[2.8,-3.311],[0.136,-1.784],[-3.092,-7.13],[-3.636,0.303],[-1.13,0.143],[3.335,5.144],[0,0],[0,0],[-0.256,-2.52],[-0.982,-19.136]],"o":[[0,0],[0,0],[-0.92,-1.019],[-5.193,-2.753],[-36.613,-11.113],[-6.728,8.829],[-1.155,1.366],[-0.384,5.027],[1.452,3.348],[8.344,-0.696],[1.605,-0.203],[-3.335,-5.144],[0,0],[0,0],[1.179,11.611],[1.211,23.589]],"v":[[106.814,-88.326],[237.443,-88.326],[168.948,-213.32],[165.72,-215.807],[119.51,-233.364],[69.71,-233.411],[54.284,-214.172],[52.295,-209.338],[59.801,-185.176],[68.297,-180.081],[92.015,-182.116],[95.74,-196.689],[82.891,-203.166],[89.807,-208.733],[97.733,-205.279],[106.814,-138.21]],"c":true}]},{"t":89.85546875,"s":[{"i":[[0,0],[0,0],[30.782,34.112],[1.213,0.643],[30.013,5.315],[7.849,-13.344],[2.385,-3.621],[-0.077,-1.787],[-3.919,-6.711],[-3.574,0.735],[-1.105,0.276],[3.925,4.71],[0,0],[0,0],[-0.554,-2.471],[-0.982,-19.136]],"o":[[0,0],[0,0],[-0.92,-1.019],[-5.193,-2.753],[-37.676,-6.672],[-5.628,9.568],[-0.984,1.494],[0.218,5.037],[1.84,3.151],[8.202,-1.685],[1.57,-0.392],[-3.925,-4.71],[0,0],[0,0],[2.554,11.388],[1.211,23.589]],"v":[[106.814,-88.326],[237.443,-88.326],[168.948,-213.32],[165.72,-215.807],[114.697,-231.181],[65.247,-225.294],[52.223,-204.354],[50.824,-199.317],[61.155,-176.222],[70.198,-172.176],[93.504,-177.022],[95.467,-191.935],[81.937,-196.835],[88.141,-203.186],[96.422,-200.701],[106.814,-138.21]],"c":true}]}],"ix":2},"nm":"Path 1","mn":"ADBE Vector Shape - Group","hd":false},{"ty":"st","c":{"a":0,"k":[0,0,0,1],"ix":3},"o":{"a":0,"k":100,"ix":4},"w":{"a":0,"k":3.467,"ix":5},"lc":2,"lj":2,"bm":0,"nm":"Stroke 1","mn":"ADBE Vector Graphic - Stroke","hd":false},{"ty":"fl","c":{"a":0,"k":[0.54509806633,0.290196090937,0.243137255311,1],"ix":4},"o":{"a":0,"k":100,"ix":5},"r":1,"bm":0,"nm":"Fill 1","mn":"ADBE Vector Graphic - Fill","hd":false},{"ty":"tr","p":{"a":0,"k":[0,0],"ix":2},"a":{"a":0,"k":[0,0],"ix":1},"s":{"a":0,"k":[100,100],"ix":3},"r":{"a":0,"k":0,"ix":6},"o":{"a":0,"k":100,"ix":7},"sk":{"a":0,"k":0,"ix":4},"sa":{"a":0,"k":0,"ix":5},"nm":"Transform"}],"nm":"Group 5","np":3,"cix":2,"bm":0,"ix":6,"mn":"ADBE Vector Group","hd":false},{"ty":"gr","it":[{"ty":"gr","it":[{"ind":0,"ty":"sh","ix":1,"ks":{"a":1,"k":[{"i":{"x":0.146,"y":1},"o":{"x":0.333,"y":0},"t":1.535,"s":[{"i":[[0,0],[0,0],[0,0],[-19.905,-81.936]],"o":[[0,0],[0,0],[-13.434,1.86],[0,0]],"v":[[16.57,97.308],[70.382,76.577],[31.484,-40.234],[-60.176,60.024]],"c":false}]},{"i":{"x":0.589,"y":1},"o":{"x":0.857,"y":0},"t":32.256,"s":[{"i":[[0,0],[0,0],[0,0],[-19.905,-81.936]],"o":[[0,0],[0,0],[-13.434,1.86],[0,0]],"v":[[16.609,91.892],[70.42,71.161],[23.057,-37.037],[-60.176,60.024]],"c":false}]},{"i":{"x":0.558,"y":1},"o":{"x":0.544,"y":0},"t":59.137,"s":[{"i":[[0,0],[0,0],[0,0],[-19.905,-81.936]],"o":[[0,0],[0,0],[-13.434,1.86],[0,0]],"v":[[16.57,97.308],[70.382,76.577],[27.317,-40.49],[-60.176,60.024]],"c":false}]},{"i":{"x":0.558,"y":1},"o":{"x":0.333,"y":0},"t":74.496,"s":[{"i":[[0,0],[0,0],[0,0],[-19.905,-81.936]],"o":[[0,0],[0,0],[-13.434,1.86],[0,0]],"v":[[16.57,97.308],[70.382,76.577],[31.484,-40.234],[-60.176,60.024]],"c":false}]},{"t":89.85546875,"s":[{"i":[[0,0],[0,0],[0,0],[-19.905,-81.936]],"o":[[0,0],[0,0],[-13.434,1.86],[0,0]],"v":[[16.57,97.308],[70.382,76.577],[31.484,-40.234],[-60.176,60.024]],"c":false}]}],"ix":2},"nm":"Path 1","mn":"ADBE Vector Shape - Group","hd":false},{"ty":"st","c":{"a":0,"k":[0,0,0,1],"ix":3},"o":{"a":0,"k":100,"ix":4},"w":{"a":0,"k":3.467,"ix":5},"lc":2,"lj":2,"bm":0,"nm":"Stroke 1","mn":"ADBE Vector Graphic - Stroke","hd":false},{"ty":"tr","p":{"a":0,"k":[0,0],"ix":2},"a":{"a":0,"k":[0,0],"ix":1},"s":{"a":0,"k":[100,100],"ix":3},"r":{"a":0,"k":0,"ix":6},"o":{"a":0,"k":100,"ix":7},"sk":{"a":0,"k":0,"ix":4},"sa":{"a":0,"k":0,"ix":5},"nm":"Transform"}],"nm":"Group 1","np":2,"cix":2,"bm":0,"ix":1,"mn":"ADBE Vector Group","hd":false},{"ty":"gr","it":[{"ind":0,"ty":"sh","ix":1,"ks":{"a":1,"k":[{"i":{"x":0.146,"y":1},"o":{"x":0.333,"y":0},"t":1.535,"s":[{"i":[[0,0],[-19.905,-81.936],[0,0],[0,0]],"o":[[-13.434,1.86],[13.527,55.68],[0,0],[0,0]],"v":[[31.484,-40.234],[-60.176,60.024],[16.57,97.308],[70.382,76.577]],"c":true}]},{"i":{"x":0.589,"y":1},"o":{"x":0.857,"y":0},"t":32.256,"s":[{"i":[[0,0],[-19.905,-81.936],[0,0],[0,0]],"o":[[-13.434,1.86],[13.527,55.68],[0,0],[0,0]],"v":[[23.057,-37.037],[-60.176,60.024],[16.609,91.892],[70.42,71.161]],"c":true}]},{"i":{"x":0.558,"y":1},"o":{"x":0.544,"y":0},"t":59.137,"s":[{"i":[[0,0],[-19.905,-81.936],[0,0],[0,0]],"o":[[-13.434,1.86],[13.527,55.68],[0,0],[0,0]],"v":[[27.317,-40.49],[-60.176,60.024],[16.57,97.308],[70.382,76.577]],"c":true}]},{"i":{"x":0.558,"y":1},"o":{"x":0.333,"y":0},"t":74.496,"s":[{"i":[[0,0],[-19.905,-81.936],[0,0],[0,0]],"o":[[-13.434,1.86],[13.527,55.68],[0,0],[0,0]],"v":[[31.484,-40.234],[-60.176,60.024],[16.57,97.308],[70.382,76.577]],"c":true}]},{"t":89.85546875,"s":[{"i":[[0,0],[-19.905,-81.936],[0,0],[0,0]],"o":[[-13.434,1.86],[13.527,55.68],[0,0],[0,0]],"v":[[31.484,-40.234],[-60.176,60.024],[16.57,97.308],[70.382,76.577]],"c":true}]}],"ix":2},"nm":"Path 1","mn":"ADBE Vector Shape - Group","hd":false},{"ty":"fl","c":{"a":0,"k":[0.847058832645,0.823529422283,0.662745118141,1],"ix":4},"o":{"a":0,"k":100,"ix":5},"r":1,"bm":0,"nm":"Fill 1","mn":"ADBE Vector Graphic - Fill","hd":false},{"ty":"tr","p":{"a":0,"k":[0,0],"ix":2},"a":{"a":0,"k":[0,0],"ix":1},"s":{"a":0,"k":[100,100],"ix":3},"r":{"a":0,"k":0,"ix":6},"o":{"a":0,"k":100,"ix":7},"sk":{"a":0,"k":0,"ix":4},"sa":{"a":0,"k":0,"ix":5},"nm":"Transform"}],"nm":"Group 2","np":2,"cix":2,"bm":0,"ix":2,"mn":"ADBE Vector Group","hd":false},{"ty":"tr","p":{"a":0,"k":[0,0],"ix":2},"a":{"a":0,"k":[0,0],"ix":1},"s":{"a":0,"k":[100,100],"ix":3},"r":{"a":0,"k":0,"ix":6},"o":{"a":0,"k":100,"ix":7},"sk":{"a":0,"k":0,"ix":4},"sa":{"a":0,"k":0,"ix":5},"nm":"Transform"}],"nm":"Group 6","np":2,"cix":2,"bm":0,"ix":7,"mn":"ADBE Vector Group","hd":false},{"ty":"gr","it":[{"ty":"gr","it":[{"ind":0,"ty":"sh","ix":1,"ks":{"a":1,"k":[{"i":{"x":0.146,"y":1},"o":{"x":0.333,"y":0},"t":1.535,"s":[{"i":[[0,0],[0,0]],"o":[[-6.549,-10.351],[0,0]],"v":[[133.682,-50.551],[120.584,-68.31]],"c":false}]},{"i":{"x":0.589,"y":1},"o":{"x":0.857,"y":0},"t":32.256,"s":[{"i":[[0,0],[0,0]],"o":[[-0.353,-0.987],[0,0]],"v":[[125.228,-84.257],[122.625,-85.957]],"c":false}]},{"i":{"x":0.558,"y":1},"o":{"x":0.544,"y":0},"t":59.137,"s":[{"i":[[0,0],[0,0]],"o":[[-2.817,-12.361],[0,0]],"v":[[124.369,-56.419],[117.398,-72.647]],"c":false}]},{"i":{"x":0.558,"y":1},"o":{"x":0.333,"y":0},"t":74.496,"s":[{"i":[[0,0],[0,0]],"o":[[-6.549,-10.351],[0,0]],"v":[[133.682,-50.551],[120.584,-68.31]],"c":false}]},{"t":89.85546875,"s":[{"i":[[0,0],[0,0]],"o":[[-6.549,-10.351],[0,0]],"v":[[133.682,-50.551],[120.584,-68.31]],"c":false}]}],"ix":2},"nm":"Path 1","mn":"ADBE Vector Shape - Group","hd":false},{"ty":"st","c":{"a":0,"k":[0,0,0,1],"ix":3},"o":{"a":0,"k":100,"ix":4},"w":{"a":0,"k":3.467,"ix":5},"lc":2,"lj":2,"bm":0,"nm":"Stroke 1","mn":"ADBE Vector Graphic - Stroke","hd":false},{"ty":"fl","c":{"a":0,"k":[0.349019616842,0.501960813999,0.847058832645,1],"ix":4},"o":{"a":0,"k":100,"ix":5},"r":1,"bm":0,"nm":"Fill 1","mn":"ADBE Vector Graphic - Fill","hd":false},{"ty":"tr","p":{"a":0,"k":[0,0],"ix":2},"a":{"a":0,"k":[0,0],"ix":1},"s":{"a":0,"k":[100,100],"ix":3},"r":{"a":0,"k":0,"ix":6},"o":{"a":0,"k":100,"ix":7},"sk":{"a":0,"k":0,"ix":4},"sa":{"a":0,"k":0,"ix":5},"nm":"Transform"}],"nm":"Group 1","np":3,"cix":2,"bm":0,"ix":1,"mn":"ADBE Vector Group","hd":false},{"ty":"gr","it":[{"ind":0,"ty":"sh","ix":1,"ks":{"a":1,"k":[{"i":{"x":0.146,"y":1},"o":{"x":0.333,"y":0},"t":1.535,"s":[{"i":[[0,0],[0,0],[42.386,90.266],[0,0],[0,0],[34.397,-4.664],[0,0]],"o":[[0,0],[0,0],[0,0],[0,0],[0,0],[-34.397,4.664],[0,0]],"v":[[16.57,97.308],[203.001,25.488],[222.624,-88.326],[118.229,-88.326],[120.584,-68.31],[75.104,-80.477],[33.009,-40.431]],"c":false}]},{"i":{"x":0.589,"y":1},"o":{"x":0.857,"y":0},"t":32.256,"s":[{"i":[[0,0],[0,0],[26.318,96.186],[0,0],[0,0],[33.37,-14.404],[0,0]],"o":[[0,0],[0,0],[0,0],[0,0],[0,0],[-31.87,13.756],[0,0]],"v":[[16.609,91.892],[197.525,9.728],[233.19,-103.035],[130.335,-120.895],[122.62,-86.018],[71.043,-74.216],[24.582,-37.233]],"c":false}]},{"i":{"x":0.558,"y":1},"o":{"x":0.544,"y":0},"t":59.137,"s":[{"i":[[0,0],[0,0],[44.479,89.253],[0,0],[0,0],[34.349,-5.001],[0,0]],"o":[[0,0],[0,0],[0,0],[0,0],[0,0],[-41.788,6.085],[0,0]],"v":[[16.57,97.308],[203.001,25.488],[216.443,-98.007],[114.528,-89.45],[117.398,-72.647],[69.467,-85.579],[28.842,-40.686]],"c":false}]},{"i":{"x":0.558,"y":1},"o":{"x":0.333,"y":0},"t":74.496,"s":[{"i":[[0,0],[0,0],[42.386,90.266],[0,0],[0,0],[34.397,-4.664],[0,0]],"o":[[0,0],[0,0],[0,0],[0,0],[0,0],[-34.397,4.664],[0,0]],"v":[[16.57,97.308],[203.001,25.488],[222.624,-88.326],[118.229,-88.326],[120.584,-68.31],[75.104,-80.477],[33.009,-40.431]],"c":false}]},{"t":89.85546875,"s":[{"i":[[0,0],[0,0],[42.386,90.266],[0,0],[0,0],[34.397,-4.664],[0,0]],"o":[[0,0],[0,0],[0,0],[0,0],[0,0],[-34.397,4.664],[0,0]],"v":[[16.57,97.308],[203.001,25.488],[222.624,-88.326],[118.229,-88.326],[120.584,-68.31],[75.104,-80.477],[33.009,-40.431]],"c":false}]}],"ix":2},"nm":"Path 1","mn":"ADBE Vector Shape - Group","hd":false},{"ty":"st","c":{"a":0,"k":[0,0,0,1],"ix":3},"o":{"a":0,"k":100,"ix":4},"w":{"a":0,"k":3.467,"ix":5},"lc":2,"lj":2,"bm":0,"nm":"Stroke 1","mn":"ADBE Vector Graphic - Stroke","hd":false},{"ty":"tr","p":{"a":0,"k":[0,0],"ix":2},"a":{"a":0,"k":[0,0],"ix":1},"s":{"a":0,"k":[100,100],"ix":3},"r":{"a":0,"k":0,"ix":6},"o":{"a":0,"k":100,"ix":7},"sk":{"a":0,"k":0,"ix":4},"sa":{"a":0,"k":0,"ix":5},"nm":"Transform"}],"nm":"Group 2","np":2,"cix":2,"bm":0,"ix":2,"mn":"ADBE Vector Group","hd":false},{"ty":"gr","it":[{"ind":0,"ty":"sh","ix":1,"ks":{"a":1,"k":[{"i":{"x":0.146,"y":1},"o":{"x":0.333,"y":0},"t":1.535,"s":[{"i":[[0,0],[0,0],[42.386,90.266],[0,0],[0,0],[34.397,-4.664],[0,0],[-21.357,-87.911]],"o":[[0,0],[0,0],[0,0],[0,0],[0,0],[-34.397,4.664],[0,0],[13.527,55.68]],"v":[[16.57,97.308],[203.001,25.488],[222.624,-88.326],[118.229,-88.326],[120.584,-68.31],[75.104,-80.477],[33.009,-40.431],[-60.176,60.024]],"c":true}]},{"i":{"x":0.589,"y":1},"o":{"x":0.857,"y":0},"t":32.256,"s":[{"i":[[0,0],[0,0],[26.317,96.186],[0,0],[0,0],[34.346,-12.029],[0,0],[-21.357,-87.911]],"o":[[0,0],[0,0],[0,0],[0,0],[0,0],[-32.761,11.473],[0,0],[13.527,55.68]],"v":[[16.609,91.892],[197.525,9.728],[233.19,-103.035],[130.335,-120.895],[122.625,-85.957],[71.043,-74.216],[24.582,-37.233],[-60.176,60.024]],"c":true}]},{"i":{"x":0.558,"y":1},"o":{"x":0.544,"y":0},"t":59.137,"s":[{"i":[[0,0],[0,0],[44.479,89.253],[0,0],[0,0],[34.354,-4.973],[0,0],[-21.357,-87.911]],"o":[[0,0],[0,0],[0,0],[0,0],[0,0],[-42.033,6.085],[0,0],[13.527,55.68]],"v":[[16.57,97.308],[203.001,25.488],[216.443,-98.007],[114.528,-89.45],[117.398,-72.647],[69.467,-85.579],[28.842,-40.686],[-60.176,60.024]],"c":true}]},{"i":{"x":0.558,"y":1},"o":{"x":0.333,"y":0},"t":74.496,"s":[{"i":[[0,0],[0,0],[42.386,90.266],[0,0],[0,0],[34.397,-4.664],[0,0],[-21.357,-87.911]],"o":[[0,0],[0,0],[0,0],[0,0],[0,0],[-34.397,4.664],[0,0],[13.527,55.68]],"v":[[16.57,97.308],[203.001,25.488],[222.624,-88.326],[118.229,-88.326],[120.584,-68.31],[75.104,-80.477],[33.009,-40.431],[-60.176,60.024]],"c":true}]},{"t":89.85546875,"s":[{"i":[[0,0],[0,0],[42.386,90.266],[0,0],[0,0],[34.397,-4.664],[0,0],[-21.357,-87.911]],"o":[[0,0],[0,0],[0,0],[0,0],[0,0],[-34.397,4.664],[0,0],[13.527,55.68]],"v":[[16.57,97.308],[203.001,25.488],[222.624,-88.326],[118.229,-88.326],[120.584,-68.31],[75.104,-80.477],[33.009,-40.431],[-60.176,60.024]],"c":true}]}],"ix":2},"nm":"Path 1","mn":"ADBE Vector Shape - Group","hd":false},{"ty":"fl","c":{"a":0,"k":[0.349019616842,0.501960813999,0.847058832645,1],"ix":4},"o":{"a":0,"k":100,"ix":5},"r":1,"bm":0,"nm":"Fill 1","mn":"ADBE Vector Graphic - Fill","hd":false},{"ty":"tr","p":{"a":0,"k":[0,0],"ix":2},"a":{"a":0,"k":[0,0],"ix":1},"s":{"a":0,"k":[100,100],"ix":3},"r":{"a":0,"k":0,"ix":6},"o":{"a":0,"k":100,"ix":7},"sk":{"a":0,"k":0,"ix":4},"sa":{"a":0,"k":0,"ix":5},"nm":"Transform"}],"nm":"Group 3","np":2,"cix":2,"bm":0,"ix":3,"mn":"ADBE Vector Group","hd":false},{"ty":"tr","p":{"a":0,"k":[0,0],"ix":2},"a":{"a":0,"k":[0,0],"ix":1},"s":{"a":0,"k":[100,100],"ix":3},"r":{"a":0,"k":0,"ix":6},"o":{"a":0,"k":100,"ix":7},"sk":{"a":0,"k":0,"ix":4},"sa":{"a":0,"k":0,"ix":5},"nm":"Transform"}],"nm":"Group 7","np":3,"cix":2,"bm":0,"ix":8,"mn":"ADBE Vector Group","hd":false},{"ty":"gr","it":[{"ind":0,"ty":"sh","ix":1,"ks":{"a":1,"k":[{"i":{"x":0.146,"y":1},"o":{"x":0.333,"y":0},"t":1.535,"s":[{"i":[[0,0],[0,0],[0,0],[0,0]],"o":[[0,0],[0,0],[0,0],[0,0]],"v":[[120.584,-178.592],[60.93,-178.592],[60.93,-211.544],[120.584,-211.544]],"c":true}]},{"i":{"x":0.833,"y":0.833},"o":{"x":0.928,"y":0},"t":32.256,"s":[{"i":[[0,0],[0,0],[0,0],[0,0]],"o":[[0,0],[0,0],[0,0],[0,0]],"v":[[171.945,-213.636],[123.118,-247.907],[142.05,-274.879],[190.877,-240.607]],"c":true}]},{"i":{"x":0.589,"y":1},"o":{"x":0.167,"y":0.167},"t":49.92,"s":[{"i":[[0,0],[0,0],[0,0],[0,0]],"o":[[0,0],[0,0],[0,0],[0,0]],"v":[[135.112,-194.861],[80.243,-198.429],[82.213,-228.739],[137.083,-225.171]],"c":true}]},{"i":{"x":0.558,"y":1},"o":{"x":0.544,"y":0},"t":59.137,"s":[{"i":[[0,0],[0,0],[0,0],[0,0]],"o":[[0,0],[0,0],[0,0],[0,0]],"v":[[114.641,-178.478],[59.018,-161.009],[49.368,-191.735],[104.991,-209.204]],"c":true}]},{"i":{"x":0.558,"y":1},"o":{"x":0.333,"y":0},"t":74.496,"s":[{"i":[[0,0],[0,0],[0,0],[0,0]],"o":[[0,0],[0,0],[0,0],[0,0]],"v":[[119.088,-180.448],[59.86,-187.556],[63.786,-220.274],[123.015,-213.166]],"c":true}]},{"t":89.85546875,"s":[{"i":[[0,0],[0,0],[0,0],[0,0]],"o":[[0,0],[0,0],[0,0],[0,0]],"v":[[120.584,-178.592],[60.93,-178.592],[60.93,-211.544],[120.584,-211.544]],"c":true}]}],"ix":2},"nm":"Path 1","mn":"ADBE Vector Shape - Group","hd":false},{"ty":"st","c":{"a":0,"k":[0,0,0,1],"ix":3},"o":{"a":0,"k":100,"ix":4},"w":{"a":0,"k":3.467,"ix":5},"lc":2,"lj":2,"bm":0,"nm":"Stroke 1","mn":"ADBE Vector Graphic - Stroke","hd":false},{"ty":"fl","c":{"a":0,"k":[0.376470595598,0.188235297799,0.160784319043,1],"ix":4},"o":{"a":0,"k":100,"ix":5},"r":1,"bm":0,"nm":"Fill 1","mn":"ADBE Vector Graphic - Fill","hd":false},{"ty":"tr","p":{"a":0,"k":[0,0],"ix":2},"a":{"a":0,"k":[0,0],"ix":1},"s":{"a":0,"k":[100,100],"ix":3},"r":{"a":0,"k":0,"ix":6},"o":{"a":0,"k":100,"ix":7},"sk":{"a":0,"k":0,"ix":4},"sa":{"a":0,"k":0,"ix":5},"nm":"Transform"}],"nm":"Group 8","np":3,"cix":2,"bm":0,"ix":9,"mn":"ADBE Vector Group","hd":false}],"ip":0,"op":120,"st":0,"bm":0},{"ddd":0,"ind":5,"ty":4,"nm":"Bag","parent":21,"sr":1,"ks":{"o":{"a":0,"k":100,"ix":11},"r":{"a":0,"k":0,"ix":10},"p":{"a":0,"k":[0,0,0],"ix":2},"a":{"a":0,"k":[0,0,0],"ix":1},"s":{"a":0,"k":[100,100,100],"ix":6}},"ao":0,"shapes":[{"ty":"gr","it":[{"ind":0,"ty":"sh","ix":1,"ks":{"a":0,"k":{"i":[[0,-5.205],[5.205,0],[0,5.205],[-5.205,0]],"o":[[0,5.205],[-5.205,0],[0,-5.205],[5.205,0]],"v":[[21.037,217.912],[11.613,227.336],[2.19,217.912],[11.613,208.489]],"c":true},"ix":2},"nm":"Path 1","mn":"ADBE Vector Shape - Group","hd":false},{"ty":"st","c":{"a":0,"k":[0,0,0,1],"ix":3},"o":{"a":0,"k":100,"ix":4},"w":{"a":0,"k":1.156,"ix":5},"lc":2,"lj":2,"bm":0,"nm":"Stroke 1","mn":"ADBE Vector Graphic - Stroke","hd":false},{"ty":"fl","c":{"a":0,"k":[1,0.86274510622,0.290196090937,1],"ix":4},"o":{"a":0,"k":100,"ix":5},"r":1,"bm":0,"nm":"Fill 1","mn":"ADBE Vector Graphic - Fill","hd":false},{"ty":"tr","p":{"a":0,"k":[0,0],"ix":2},"a":{"a":0,"k":[0,0],"ix":1},"s":{"a":0,"k":[100,100],"ix":3},"r":{"a":0,"k":0,"ix":6},"o":{"a":0,"k":100,"ix":7},"sk":{"a":0,"k":0,"ix":4},"sa":{"a":0,"k":0,"ix":5},"nm":"Transform"}],"nm":"Group 1","np":3,"cix":2,"bm":0,"ix":1,"mn":"ADBE Vector Group","hd":false},{"ty":"gr","it":[{"ind":0,"ty":"sh","ix":1,"ks":{"a":0,"k":{"i":[[0,0],[0,0]],"o":[[0,0],[0,0]],"v":[[-29.198,233.606],[49.818,233.606]],"c":false},"ix":2},"nm":"Path 1","mn":"ADBE Vector Shape - Group","hd":false},{"ty":"st","c":{"a":0,"k":[0,0,0,1],"ix":3},"o":{"a":0,"k":100,"ix":4},"w":{"a":0,"k":1.733,"ix":5},"lc":2,"lj":2,"bm":0,"nm":"Stroke 1","mn":"ADBE Vector Graphic - Stroke","hd":false},{"ty":"tr","p":{"a":0,"k":[0,0],"ix":2},"a":{"a":0,"k":[0,0],"ix":1},"s":{"a":0,"k":[100,100],"ix":3},"r":{"a":0,"k":0,"ix":6},"o":{"a":0,"k":100,"ix":7},"sk":{"a":0,"k":0,"ix":4},"sa":{"a":0,"k":0,"ix":5},"nm":"Transform"}],"nm":"Group 2","np":2,"cix":2,"bm":0,"ix":2,"mn":"ADBE Vector Group","hd":false},{"ty":"gr","it":[{"ind":0,"ty":"sh","ix":1,"ks":{"a":0,"k":{"i":[[8.959,0],[0,0],[0,8.959],[0,0],[-8.959,0],[0,0],[0,-8.959],[0,0]],"o":[[0,0],[-8.959,0],[0,0],[0,-8.959],[0,0],[8.959,0],[0,0],[0,8.959]],"v":[[33.596,285.411],[-12.976,285.411],[-29.198,269.189],[-29.198,205.872],[-12.976,189.651],[33.596,189.651],[49.818,205.872],[49.818,269.189]],"c":true},"ix":2},"nm":"Path 1","mn":"ADBE Vector Shape - Group","hd":false},{"ty":"st","c":{"a":0,"k":[0,0,0,1],"ix":3},"o":{"a":0,"k":100,"ix":4},"w":{"a":0,"k":3.467,"ix":5},"lc":2,"lj":2,"bm":0,"nm":"Stroke 1","mn":"ADBE Vector Graphic - Stroke","hd":false},{"ty":"fl","c":{"a":0,"k":[0.54509806633,0.290196090937,0.243137255311,1],"ix":4},"o":{"a":0,"k":100,"ix":5},"r":1,"bm":0,"nm":"Fill 1","mn":"ADBE Vector Graphic - Fill","hd":false},{"ty":"tr","p":{"a":0,"k":[0,0],"ix":2},"a":{"a":0,"k":[0,0],"ix":1},"s":{"a":0,"k":[100,100],"ix":3},"r":{"a":0,"k":0,"ix":6},"o":{"a":0,"k":100,"ix":7},"sk":{"a":0,"k":0,"ix":4},"sa":{"a":0,"k":0,"ix":5},"nm":"Transform"}],"nm":"Group 3","np":3,"cix":2,"bm":0,"ix":3,"mn":"ADBE Vector Group","hd":false}],"ip":0,"op":120,"st":0,"bm":0},{"ddd":0,"ind":6,"ty":4,"nm":"Eyeball 2","parent":3,"td":1,"sr":1,"ks":{"o":{"a":0,"k":100,"ix":11},"r":{"a":0,"k":0,"ix":10},"p":{"a":0,"k":[56,340,0],"ix":2},"a":{"a":0,"k":[0,0,0],"ix":1},"s":{"a":0,"k":[200,200,100],"ix":6}},"ao":0,"shapes":[{"ty":"gr","it":[{"ind":0,"ty":"sh","ix":1,"ks":{"a":1,"k":[{"i":{"x":0.295,"y":1},"o":{"x":1,"y":0},"t":33.793,"s":[{"i":[[0,-17.889],[14.294,0],[0,17.889],[-14.294,0]],"o":[[0,17.889],[-14.294,0],[0,-17.889],[14.294,0]],"v":[[23.968,-162.638],[-1.913,-130.247],[-27.795,-162.638],[-1.913,-195.03]],"c":true}]},{"i":{"x":0.667,"y":1},"o":{"x":1,"y":0},"t":60.672,"s":[{"i":[[0.015,-1.222],[14.294,-0.083],[-0.033,0.13],[-14.294,0]],"o":[[0.108,0.13],[-22.43,0.13],[0.038,-1.221],[14.294,0]],"v":[[31.537,-164.749],[-1.793,-166.571],[-36.085,-165.399],[-1.793,-171.907]],"c":true}]},{"t":76.03125,"s":[{"i":[[0,-17.889],[14.294,0],[0,17.889],[-14.294,0]],"o":[[0,17.889],[-14.294,0],[0,-17.889],[14.294,0]],"v":[[23.968,-162.638],[-1.913,-130.247],[-27.795,-162.638],[-1.913,-195.03]],"c":true}]}],"ix":2},"nm":"Path 1","mn":"ADBE Vector Shape - Group","hd":false},{"ty":"st","c":{"a":0,"k":[0,0,0,1],"ix":3},"o":{"a":0,"k":100,"ix":4},"w":{"a":0,"k":1.179,"ix":5},"lc":2,"lj":2,"bm":0,"nm":"Stroke 1","mn":"ADBE Vector Graphic - Stroke","hd":false},{"ty":"fl","c":{"a":1,"k":[{"i":{"x":[0.833],"y":[0.833]},"o":{"x":[0.167],"y":[0.167]},"t":54.527,"s":[1,1,1,1]},{"i":{"x":[0.833],"y":[0.833]},"o":{"x":[0.167],"y":[0.167]},"t":56.832,"s":[0,0,0,1]},{"i":{"x":[0.833],"y":[0.833]},"o":{"x":[0.167],"y":[0.167]},"t":68.352,"s":[0,0,0,1]},{"t":69.888671875,"s":[1,1,1,1]}],"ix":4},"o":{"a":0,"k":100,"ix":5},"r":1,"bm":0,"nm":"Fill 1","mn":"ADBE Vector Graphic - Fill","hd":false},{"ty":"tr","p":{"a":0,"k":[0,0],"ix":2},"a":{"a":0,"k":[0,0],"ix":1},"s":{"a":0,"k":[100,100],"ix":3},"r":{"a":0,"k":0,"ix":6},"o":{"a":0,"k":100,"ix":7},"sk":{"a":0,"k":0,"ix":4},"sa":{"a":0,"k":0,"ix":5},"nm":"Transform"}],"nm":"Group 1","np":3,"cix":2,"bm":0,"ix":1,"mn":"ADBE Vector Group","hd":false}],"ip":0,"op":120,"st":0,"bm":0},{"ddd":0,"ind":7,"ty":4,"nm":"Eye","parent":9,"tt":1,"sr":1,"ks":{"o":{"a":0,"k":100,"ix":11},"r":{"a":0,"k":0,"ix":10},"p":{"a":1,"k":[{"i":{"x":0.667,"y":1},"o":{"x":0.333,"y":0},"t":5,"s":[-3.923,-163.746,0],"to":[0,0,0],"ti":[0,0,0]},{"i":{"x":0.667,"y":1},"o":{"x":0.333,"y":0},"t":36,"s":[-3.923,-166.054,0],"to":[0,0,0],"ti":[0,0,0]},{"i":{"x":0.667,"y":1},"o":{"x":0.333,"y":0},"t":63,"s":[-3.923,-163.746,0],"to":[0,0,0],"ti":[0,0,0]},{"i":{"x":0.667,"y":1},"o":{"x":0.333,"y":0},"t":78,"s":[-3.923,-166.895,0],"to":[0,0,0],"ti":[0,0,0]},{"t":93,"s":[-3.923,-163.746,0]}],"ix":2},"a":{"a":0,"k":[-3.923,-163.746,0],"ix":1},"s":{"a":0,"k":[100,100,100],"ix":6}},"ao":0,"shapes":[{"ty":"gr","it":[{"ind":0,"ty":"sh","ix":1,"ks":{"a":0,"k":{"i":[[0,-8.769],[4.999,0],[0,8.769],[-4.998,0]],"o":[[0,8.769],[-4.998,0],[0,-8.769],[4.999,0]],"v":[[5.128,-163.746],[-3.923,-147.868],[-12.973,-163.746],[-3.923,-179.624]],"c":true},"ix":2},"nm":"Path 1","mn":"ADBE Vector Shape - Group","hd":false},{"ty":"fl","c":{"a":0,"k":[0,0,0,1],"ix":4},"o":{"a":0,"k":100,"ix":5},"r":1,"bm":0,"nm":"Fill 1","mn":"ADBE Vector Graphic - Fill","hd":false},{"ty":"tr","p":{"a":0,"k":[0,0],"ix":2},"a":{"a":0,"k":[0,0],"ix":1},"s":{"a":0,"k":[100,100],"ix":3},"r":{"a":0,"k":0,"ix":6},"o":{"a":0,"k":100,"ix":7},"sk":{"a":0,"k":0,"ix":4},"sa":{"a":0,"k":0,"ix":5},"nm":"Transform"}],"nm":"Group 1","np":2,"cix":2,"bm":0,"ix":1,"mn":"ADBE Vector Group","hd":false}],"ip":0,"op":120,"st":0,"bm":0},{"ddd":0,"ind":8,"ty":4,"nm":"Eyebrow","parent":9,"sr":1,"ks":{"o":{"a":0,"k":100,"ix":11},"r":{"a":0,"k":0,"ix":10},"p":{"a":0,"k":[0,0,0],"ix":2},"a":{"a":0,"k":[0,0,0],"ix":1},"s":{"a":0,"k":[100,100,100],"ix":6}},"ao":0,"shapes":[{"ty":"gr","it":[{"ind":0,"ty":"sh","ix":1,"ks":{"a":1,"k":[{"i":{"x":0.13,"y":1},"o":{"x":0.666,"y":0},"t":3.072,"s":[{"i":[[0,0],[0,0]],"o":[[0,0],[0,0]],"v":[[-28.551,-178.592],[26.731,-178.592]],"c":false}]},{"i":{"x":0.667,"y":1},"o":{"x":0.902,"y":0},"t":33.793,"s":[{"i":[[0,0],[-31.225,-4.397]],"o":[[0,0],[0,0]],"v":[[-36.36,-201.66],[5.386,-212.953]],"c":false}]},{"i":{"x":0.667,"y":1},"o":{"x":0.666,"y":0},"t":60.672,"s":[{"i":[[0,0],[0,0]],"o":[[0,0],[0,0]],"v":[[-28.551,-189.802],[26.731,-187.719]],"c":false}]},{"i":{"x":0.667,"y":1},"o":{"x":0.666,"y":0},"t":76.031,"s":[{"i":[[0,0],[0,0]],"o":[[0,0],[0,0]],"v":[[-28.551,-187.415],[26.731,-187.415]],"c":false}]},{"t":91.392578125,"s":[{"i":[[0,0],[0,0]],"o":[[0,0],[0,0]],"v":[[-28.551,-178.592],[26.731,-178.592]],"c":false}]}],"ix":2},"nm":"Path 1","mn":"ADBE Vector Shape - Group","hd":false},{"ty":"st","c":{"a":0,"k":[0,0,0,1],"ix":3},"o":{"a":0,"k":100,"ix":4},"w":{"a":0,"k":13.867,"ix":5},"lc":2,"lj":2,"bm":0,"nm":"Stroke 1","mn":"ADBE Vector Graphic - Stroke","hd":false},{"ty":"tr","p":{"a":0,"k":[0,0],"ix":2},"a":{"a":0,"k":[0,0],"ix":1},"s":{"a":0,"k":[100,100],"ix":3},"r":{"a":0,"k":0,"ix":6},"o":{"a":0,"k":100,"ix":7},"sk":{"a":0,"k":0,"ix":4},"sa":{"a":0,"k":0,"ix":5},"nm":"Transform"}],"nm":"Group 1","np":2,"cix":2,"bm":0,"ix":1,"mn":"ADBE Vector Group","hd":false},{"ty":"gr","it":[{"ind":0,"ty":"sh","ix":1,"ks":{"a":1,"k":[{"i":{"x":0.13,"y":1},"o":{"x":0.666,"y":0},"t":3.072,"s":[{"i":[[0,0],[-14.294,0],[0,-17.889]],"o":[[0,-17.889],[14.294,0],[0,0]],"v":[[-27.795,-179.624],[-1.913,-212.016],[23.968,-179.624]],"c":false}]},{"i":{"x":0.667,"y":1},"o":{"x":0.902,"y":0},"t":33.793,"s":[{"i":[[0,0],[-14.294,0],[0,-17.889]],"o":[[0,-17.889],[14.294,0],[0,0]],"v":[[-36.906,-203.654],[-11.024,-217.062],[14.857,-203.654]],"c":false}]},{"i":{"x":0.667,"y":1},"o":{"x":0.666,"y":0},"t":60.672,"s":[{"i":[[0,0],[-14.294,0],[0,-17.889]],"o":[[0,-17.889],[14.294,0],[0,0]],"v":[[-27.795,-190.834],[-1.913,-221.143],[23.968,-188.752]],"c":false}]},{"i":{"x":0.667,"y":1},"o":{"x":0.666,"y":0},"t":76.031,"s":[{"i":[[0,0],[-14.294,0],[0,-17.889]],"o":[[0,-17.889],[14.294,0],[0,0]],"v":[[-27.795,-188.448],[-1.913,-220.839],[23.968,-188.448]],"c":false}]},{"t":91.392578125,"s":[{"i":[[0,0],[-14.294,0],[0,-17.889]],"o":[[0,-17.889],[14.294,0],[0,0]],"v":[[-27.795,-179.624],[-1.913,-212.016],[23.968,-179.624]],"c":false}]}],"ix":2},"nm":"Path 1","mn":"ADBE Vector Shape - Group","hd":false},{"ty":"fl","c":{"a":0,"k":[0.349019616842,0.501960813999,0.847058832645,1],"ix":4},"o":{"a":0,"k":100,"ix":5},"r":1,"bm":0,"nm":"Fill 1","mn":"ADBE Vector Graphic - Fill","hd":false},{"ty":"tr","p":{"a":0,"k":[0,0],"ix":2},"a":{"a":0,"k":[0,0],"ix":1},"s":{"a":0,"k":[100,100],"ix":3},"r":{"a":0,"k":0,"ix":6},"o":{"a":0,"k":100,"ix":7},"sk":{"a":0,"k":0,"ix":4},"sa":{"a":0,"k":0,"ix":5},"nm":"Transform"}],"nm":"Group 2","np":2,"cix":2,"bm":0,"ix":2,"mn":"ADBE Vector Group","hd":false}],"ip":0,"op":120,"st":0,"bm":0},{"ddd":0,"ind":9,"ty":4,"nm":"Eyeball","parent":3,"sr":1,"ks":{"o":{"a":0,"k":100,"ix":11},"r":{"a":0,"k":0,"ix":10},"p":{"a":0,"k":[56,340,0],"ix":2},"a":{"a":0,"k":[0,0,0],"ix":1},"s":{"a":0,"k":[200,200,100],"ix":6}},"ao":0,"shapes":[{"ty":"gr","it":[{"ind":0,"ty":"sh","ix":1,"ks":{"a":1,"k":[{"i":{"x":0.295,"y":1},"o":{"x":1,"y":0},"t":33.793,"s":[{"i":[[0,-17.889],[14.294,0],[0,17.889],[-14.294,0]],"o":[[0,17.889],[-14.294,0],[0,-17.889],[14.294,0]],"v":[[23.968,-162.638],[-1.913,-130.247],[-27.795,-162.638],[-1.913,-195.03]],"c":true}]},{"i":{"x":0.572,"y":1},"o":{"x":0.925,"y":0},"t":60.672,"s":[{"i":[[0.015,-1.222],[14.294,-0.083],[-0.033,0.13],[-14.294,0]],"o":[[0.108,0.13],[-22.43,0.13],[0.038,-1.221],[14.294,0]],"v":[[31.537,-164.749],[-1.793,-166.571],[-36.085,-165.399],[-1.793,-171.907]],"c":true}]},{"i":{"x":0.533,"y":1},"o":{"x":0.501,"y":0},"t":76.031,"s":[{"i":[[0,-19.763],[12.68,0],[0,19.763],[-12.68,0]],"o":[[0,19.763],[-12.68,0],[0,-19.763],[12.68,0]],"v":[[19.822,-163.26],[-3.137,-127.476],[-26.096,-163.26],[-3.137,-199.044]],"c":true}]},{"t":91.392578125,"s":[{"i":[[0,-17.889],[14.294,0],[0,17.889],[-14.294,0]],"o":[[0,17.889],[-14.294,0],[0,-17.889],[14.294,0]],"v":[[23.968,-162.638],[-1.913,-130.247],[-27.795,-162.638],[-1.913,-195.03]],"c":true}]}],"ix":2},"nm":"Path 1","mn":"ADBE Vector Shape - Group","hd":false},{"ty":"st","c":{"a":0,"k":[0,0,0,1],"ix":3},"o":{"a":0,"k":100,"ix":4},"w":{"a":0,"k":1.179,"ix":5},"lc":2,"lj":2,"bm":0,"nm":"Stroke 1","mn":"ADBE Vector Graphic - Stroke","hd":false},{"ty":"fl","c":{"a":1,"k":[{"i":{"x":[0.833],"y":[0.833]},"o":{"x":[0.167],"y":[0.167]},"t":54.527,"s":[1,1,1,1]},{"i":{"x":[0.833],"y":[0.833]},"o":{"x":[0.167],"y":[0.167]},"t":56.832,"s":[0,0,0,1]},{"i":{"x":[0.833],"y":[0.833]},"o":{"x":[0.167],"y":[0.167]},"t":68.352,"s":[0,0,0,1]},{"t":69.888671875,"s":[1,1,1,1]}],"ix":4},"o":{"a":0,"k":100,"ix":5},"r":1,"bm":0,"nm":"Fill 1","mn":"ADBE Vector Graphic - Fill","hd":false},{"ty":"tr","p":{"a":0,"k":[0,0],"ix":2},"a":{"a":0,"k":[0,0],"ix":1},"s":{"a":0,"k":[100,100],"ix":3},"r":{"a":0,"k":0,"ix":6},"o":{"a":0,"k":100,"ix":7},"sk":{"a":0,"k":0,"ix":4},"sa":{"a":0,"k":0,"ix":5},"nm":"Transform"}],"nm":"Group 1","np":3,"cix":2,"bm":0,"ix":1,"mn":"ADBE Vector Group","hd":false}],"ip":0,"op":120,"st":0,"bm":0},{"ddd":0,"ind":10,"ty":4,"nm":"Mouth","parent":3,"sr":1,"ks":{"o":{"a":0,"k":100,"ix":11},"r":{"a":0,"k":0,"ix":10},"p":{"a":0,"k":[56,340,0],"ix":2},"a":{"a":0,"k":[0,0,0],"ix":1},"s":{"a":0,"k":[200,200,100],"ix":6}},"ao":0,"shapes":[{"ty":"gr","it":[{"ind":0,"ty":"sh","ix":1,"ks":{"a":0,"k":{"i":[[0,0],[3.58,-2.067],[3.84,2.443]],"o":[[-0.455,3.812],[-4.214,2.433],[0,0]],"v":[[-45.484,-149.509],[-51.704,-140.073],[-64.792,-140.358]],"c":false},"ix":2},"nm":"Path 1","mn":"ADBE Vector Shape - Group","hd":false},{"ty":"st","c":{"a":0,"k":[0,0,0,1],"ix":3},"o":{"a":0,"k":100,"ix":4},"w":{"a":0,"k":1.733,"ix":5},"lc":2,"lj":2,"bm":0,"nm":"Stroke 1","mn":"ADBE Vector Graphic - Stroke","hd":false},{"ty":"tr","p":{"a":0,"k":[0,0],"ix":2},"a":{"a":0,"k":[0,0],"ix":1},"s":{"a":0,"k":[100,100],"ix":3},"r":{"a":0,"k":0,"ix":6},"o":{"a":0,"k":100,"ix":7},"sk":{"a":0,"k":0,"ix":4},"sa":{"a":0,"k":0,"ix":5},"nm":"Transform"}],"nm":"Group 1","np":2,"cix":2,"bm":0,"ix":1,"mn":"ADBE Vector Group","hd":false},{"ty":"gr","it":[{"ty":"gr","it":[{"ind":0,"ty":"sh","ix":1,"ks":{"a":0,"k":{"i":[[-6.105,-4.546],[0.675,1.534],[9.489,-8.062],[0.114,-0.106]],"o":[[3.211,-4.504],[-0.951,-2.163],[-0.124,0.106],[2.657,3.082]],"v":[[-35.81,-125.152],[-27.852,-139.153],[-48.779,-137.846],[-49.116,-137.529]],"c":true},"ix":2},"nm":"Path 1","mn":"ADBE Vector Shape - Group","hd":false},{"ty":"st","c":{"a":0,"k":[0,0,0,1],"ix":3},"o":{"a":0,"k":100,"ix":4},"w":{"a":0,"k":1.156,"ix":5},"lc":2,"lj":2,"bm":0,"nm":"Stroke 1","mn":"ADBE Vector Graphic - Stroke","hd":false},{"ty":"fl","c":{"a":0,"k":[1,1,1,1],"ix":4},"o":{"a":0,"k":100,"ix":5},"r":1,"bm":0,"nm":"Fill 1","mn":"ADBE Vector Graphic - Fill","hd":false},{"ty":"tr","p":{"a":0,"k":[0,0],"ix":2},"a":{"a":0,"k":[0,0],"ix":1},"s":{"a":0,"k":[100,100],"ix":3},"r":{"a":0,"k":0,"ix":6},"o":{"a":0,"k":100,"ix":7},"sk":{"a":0,"k":0,"ix":4},"sa":{"a":0,"k":0,"ix":5},"nm":"Transform"}],"nm":"Group 1","np":3,"cix":2,"bm":0,"ix":1,"mn":"ADBE Vector Group","hd":false},{"ty":"gr","it":[{"ind":0,"ty":"sh","ix":1,"ks":{"a":0,"k":{"i":[[-2.354,3.158],[1.567,-1.393],[-0.927,-4.599]],"o":[[-5.729,-7.903],[-1.43,1.271],[7.716,-3.496]],"v":[[36.005,-128.109],[19.526,-134.636],[21.324,-116.56]],"c":true},"ix":2},"nm":"Path 1","mn":"ADBE Vector Shape - Group","hd":false},{"ty":"st","c":{"a":0,"k":[0,0,0,1],"ix":3},"o":{"a":0,"k":100,"ix":4},"w":{"a":0,"k":1.156,"ix":5},"lc":2,"lj":2,"bm":0,"nm":"Stroke 1","mn":"ADBE Vector Graphic - Stroke","hd":false},{"ty":"fl","c":{"a":0,"k":[1,1,1,1],"ix":4},"o":{"a":0,"k":100,"ix":5},"r":1,"bm":0,"nm":"Fill 1","mn":"ADBE Vector Graphic - Fill","hd":false},{"ty":"tr","p":{"a":0,"k":[0,0],"ix":2},"a":{"a":0,"k":[0,0],"ix":1},"s":{"a":0,"k":[100,100],"ix":3},"r":{"a":0,"k":0,"ix":6},"o":{"a":0,"k":100,"ix":7},"sk":{"a":0,"k":0,"ix":4},"sa":{"a":0,"k":0,"ix":5},"nm":"Transform"}],"nm":"Group 2","np":3,"cix":2,"bm":0,"ix":2,"mn":"ADBE Vector Group","hd":false},{"ty":"tr","p":{"a":0,"k":[0,0],"ix":2},"a":{"a":0,"k":[0,0],"ix":1},"s":{"a":0,"k":[100,100],"ix":3},"r":{"a":0,"k":0,"ix":6},"o":{"a":0,"k":100,"ix":7},"sk":{"a":0,"k":0,"ix":4},"sa":{"a":0,"k":0,"ix":5},"nm":"Transform"}],"nm":"Group 2","np":2,"cix":2,"bm":0,"ix":2,"mn":"ADBE Vector Group","hd":false},{"ty":"gr","it":[{"ind":0,"ty":"sh","ix":1,"ks":{"a":0,"k":{"i":[[0,0],[5.073,7.834]],"o":[[0,0],[0,0]],"v":[[12.788,-95.652],[7.831,-112.578]],"c":false},"ix":2},"nm":"Path 1","mn":"ADBE Vector Shape - Group","hd":false},{"ty":"st","c":{"a":0,"k":[0,0,0,1],"ix":3},"o":{"a":0,"k":100,"ix":4},"w":{"a":0,"k":1.156,"ix":5},"lc":2,"lj":2,"bm":0,"nm":"Stroke 1","mn":"ADBE Vector Graphic - Stroke","hd":false},{"ty":"tr","p":{"a":0,"k":[0,0],"ix":2},"a":{"a":0,"k":[0,0],"ix":1},"s":{"a":0,"k":[100,100],"ix":3},"r":{"a":0,"k":0,"ix":6},"o":{"a":0,"k":100,"ix":7},"sk":{"a":0,"k":0,"ix":4},"sa":{"a":0,"k":0,"ix":5},"nm":"Transform"}],"nm":"Group 3","np":2,"cix":2,"bm":0,"ix":3,"mn":"ADBE Vector Group","hd":false},{"ty":"gr","it":[{"ind":0,"ty":"sh","ix":1,"ks":{"a":0,"k":{"i":[[0,0],[2.011,11.802]],"o":[[0,0],[0,0]],"v":[[-9.713,-97.221],[-6.917,-112.809]],"c":false},"ix":2},"nm":"Path 1","mn":"ADBE Vector Shape - Group","hd":false},{"ty":"st","c":{"a":0,"k":[0,0,0,1],"ix":3},"o":{"a":0,"k":100,"ix":4},"w":{"a":0,"k":1.156,"ix":5},"lc":2,"lj":2,"bm":0,"nm":"Stroke 1","mn":"ADBE Vector Graphic - Stroke","hd":false},{"ty":"tr","p":{"a":0,"k":[0,0],"ix":2},"a":{"a":0,"k":[0,0],"ix":1},"s":{"a":0,"k":[100,100],"ix":3},"r":{"a":0,"k":0,"ix":6},"o":{"a":0,"k":100,"ix":7},"sk":{"a":0,"k":0,"ix":4},"sa":{"a":0,"k":0,"ix":5},"nm":"Transform"}],"nm":"Group 4","np":2,"cix":2,"bm":0,"ix":4,"mn":"ADBE Vector Group","hd":false},{"ty":"gr","it":[{"ind":0,"ty":"sh","ix":1,"ks":{"a":0,"k":{"i":[[0,0],[-30.35,-1.018],[0,0]],"o":[[0,0],[30.35,1.018],[0,0]],"v":[[-51.837,-140.915],[-1.913,-112.397],[38.004,-131.235]],"c":false},"ix":2},"nm":"Path 1","mn":"ADBE Vector Shape - Group","hd":false},{"ty":"st","c":{"a":0,"k":[0,0,0,1],"ix":3},"o":{"a":0,"k":100,"ix":4},"w":{"a":0,"k":1.733,"ix":5},"lc":2,"lj":2,"bm":0,"nm":"Stroke 1","mn":"ADBE Vector Graphic - Stroke","hd":false},{"ty":"tr","p":{"a":0,"k":[0,0],"ix":2},"a":{"a":0,"k":[0,0],"ix":1},"s":{"a":0,"k":[100,100],"ix":3},"r":{"a":0,"k":0,"ix":6},"o":{"a":0,"k":100,"ix":7},"sk":{"a":0,"k":0,"ix":4},"sa":{"a":0,"k":0,"ix":5},"nm":"Transform"}],"nm":"Group 5","np":2,"cix":2,"bm":0,"ix":5,"mn":"ADBE Vector Group","hd":false}],"ip":0,"op":120,"st":0,"bm":0},{"ddd":0,"ind":11,"ty":4,"nm":"R_Earring","parent":12,"sr":1,"ks":{"o":{"a":0,"k":100,"ix":11},"r":{"a":1,"k":[{"i":{"x":[0.833],"y":[1]},"o":{"x":[0.167],"y":[0]},"t":3.84,"s":[0]},{"i":{"x":[0.146],"y":[1]},"o":{"x":[0.333],"y":[0]},"t":7.68,"s":[0]},{"i":{"x":[0.533],"y":[1]},"o":{"x":[0.807],"y":[0]},"t":38.4,"s":[-8]},{"i":{"x":[0.45],"y":[1]},"o":{"x":[0.752],"y":[0]},"t":65.279,"s":[4]},{"i":{"x":[0.603],"y":[1]},"o":{"x":[0.504],"y":[0]},"t":80.641,"s":[-12]},{"t":96,"s":[0]}],"ix":10},"p":{"a":0,"k":[-126.976,-164.271,0],"ix":2},"a":{"a":0,"k":[-126.976,-164.271,0],"ix":1},"s":{"a":0,"k":[100,100,100],"ix":6}},"ao":0,"shapes":[{"ty":"gr","it":[{"ind":0,"ty":"sh","ix":1,"ks":{"a":0,"k":{"i":[[2.325,1.926],[0,0],[-1.926,2.325],[0,0],[-2.325,-1.926],[0,0],[1.926,-2.325],[0,0]],"o":[[0,0],[-2.325,-1.926],[0,0],[1.926,-2.325],[0,0],[2.325,1.926],[0,0],[-1.926,2.325]],"v":[[-139.689,-149.124],[-139.689,-149.124],[-140.413,-156.854],[-130.936,-168.291],[-123.206,-169.015],[-123.206,-169.015],[-122.482,-161.286],[-131.959,-149.849]],"c":true},"ix":2},"nm":"Path 1","mn":"ADBE Vector Shape - Group","hd":false},{"ty":"st","c":{"a":0,"k":[0,0,0,1],"ix":3},"o":{"a":0,"k":100,"ix":4},"w":{"a":0,"k":1.175,"ix":5},"lc":2,"lj":2,"bm":0,"nm":"Stroke 1","mn":"ADBE Vector Graphic - Stroke","hd":false},{"ty":"fl","c":{"a":0,"k":[1,0.86274510622,0.290196090937,1],"ix":4},"o":{"a":0,"k":100,"ix":5},"r":1,"bm":0,"nm":"Fill 1","mn":"ADBE Vector Graphic - Fill","hd":false},{"ty":"tr","p":{"a":0,"k":[0,0],"ix":2},"a":{"a":0,"k":[0,0],"ix":1},"s":{"a":0,"k":[100,100],"ix":3},"r":{"a":0,"k":0,"ix":6},"o":{"a":0,"k":100,"ix":7},"sk":{"a":0,"k":0,"ix":4},"sa":{"a":0,"k":0,"ix":5},"nm":"Transform"}],"nm":"Group 1","np":3,"cix":2,"bm":0,"ix":1,"mn":"ADBE Vector Group","hd":false}],"ip":0,"op":120,"st":0,"bm":0},{"ddd":0,"ind":12,"ty":4,"nm":"R_Ear","parent":15,"sr":1,"ks":{"o":{"a":0,"k":100,"ix":11},"r":{"a":1,"k":[{"i":{"x":[0.094],"y":[1]},"o":{"x":[0.333],"y":[0]},"t":4.607,"s":[0]},{"i":{"x":[0.706],"y":[1]},"o":{"x":[0.819],"y":[0]},"t":35.328,"s":[-6]},{"i":{"x":[0.833],"y":[1]},"o":{"x":[0.404],"y":[0]},"t":62.207,"s":[4]},{"i":{"x":[0.729],"y":[1]},"o":{"x":[0.161],"y":[0]},"t":77.568,"s":[2]},{"t":92.927734375,"s":[0]}],"ix":10},"p":{"a":0,"k":[-92.263,-148.453,0],"ix":2},"a":{"a":0,"k":[-92.263,-148.453,0],"ix":1},"s":{"a":0,"k":[100,100,100],"ix":6}},"ao":0,"shapes":[{"ty":"gr","it":[{"ty":"gr","it":[{"ind":0,"ty":"sh","ix":1,"ks":{"a":0,"k":{"i":[[0,0],[4.979,5.969],[2.885,20.029],[-3.204,-0.548],[-10.251,-9.016],[-2.722,-3.126]],"o":[[-8.256,-2.495],[-8.745,-10.484],[-0.464,-3.218],[19.946,3.409],[2.513,2.21],[0,0]],"v":[[-101.066,-133.412],[-122.351,-150.262],[-146.281,-199.602],[-141.156,-204.595],[-92.46,-179.38],[-84.28,-171.252]],"c":false},"ix":2},"nm":"Path 1","mn":"ADBE Vector Shape - Group","hd":false},{"ty":"st","c":{"a":0,"k":[0,0,0,1],"ix":3},"o":{"a":0,"k":100,"ix":4},"w":{"a":0,"k":3.476,"ix":5},"lc":2,"lj":2,"bm":0,"nm":"Stroke 1","mn":"ADBE Vector Graphic - Stroke","hd":false},{"ty":"tr","p":{"a":0,"k":[0,0],"ix":2},"a":{"a":0,"k":[0,0],"ix":1},"s":{"a":0,"k":[100,100],"ix":3},"r":{"a":0,"k":0,"ix":6},"o":{"a":0,"k":100,"ix":7},"sk":{"a":0,"k":0,"ix":4},"sa":{"a":0,"k":0,"ix":5},"nm":"Transform"}],"nm":"Group 1","np":2,"cix":2,"bm":0,"ix":1,"mn":"ADBE Vector Group","hd":false},{"ty":"gr","it":[{"ind":0,"ty":"sh","ix":1,"ks":{"a":0,"k":{"i":[[0,0],[0,0]],"o":[[0,0],[0,0]],"v":[[-89.432,-146.612],[-136.786,-195.236]],"c":false},"ix":2},"nm":"Path 1","mn":"ADBE Vector Shape - Group","hd":false},{"ty":"st","c":{"a":0,"k":[0,0,0,1],"ix":3},"o":{"a":0,"k":100,"ix":4},"w":{"a":0,"k":1.175,"ix":5},"lc":2,"lj":2,"bm":0,"nm":"Stroke 1","mn":"ADBE Vector Graphic - Stroke","hd":false},{"ty":"tr","p":{"a":0,"k":[0,0],"ix":2},"a":{"a":0,"k":[0,0],"ix":1},"s":{"a":0,"k":[100,100],"ix":3},"r":{"a":0,"k":0,"ix":6},"o":{"a":0,"k":100,"ix":7},"sk":{"a":0,"k":0,"ix":4},"sa":{"a":0,"k":0,"ix":5},"nm":"Transform"}],"nm":"Group 2","np":2,"cix":2,"bm":0,"ix":2,"mn":"ADBE Vector Group","hd":false},{"ty":"gr","it":[{"ind":0,"ty":"sh","ix":1,"ks":{"a":0,"k":{"i":[[4.979,5.969],[2.885,20.029],[-3.204,-0.548],[-10.251,-9.016],[-2.278,-8.319],[5.193,-5.059],[7.621,2.303]],"o":[[-8.745,-10.484],[-0.464,-3.218],[19.946,3.409],[5.836,5.134],[2.103,7.679],[-5.193,5.059],[-8.256,-2.495]],"v":[[-122.351,-150.262],[-146.281,-199.602],[-141.156,-204.595],[-92.46,-179.38],[-76.174,-157.66],[-80.443,-137.142],[-101.066,-133.412]],"c":true},"ix":2},"nm":"Path 1","mn":"ADBE Vector Shape - Group","hd":false},{"ty":"fl","c":{"a":0,"k":[0.349019616842,0.501960813999,0.847058832645,1],"ix":4},"o":{"a":0,"k":100,"ix":5},"r":1,"bm":0,"nm":"Fill 1","mn":"ADBE Vector Graphic - Fill","hd":false},{"ty":"tr","p":{"a":0,"k":[0,0],"ix":2},"a":{"a":0,"k":[0,0],"ix":1},"s":{"a":0,"k":[100,100],"ix":3},"r":{"a":0,"k":0,"ix":6},"o":{"a":0,"k":100,"ix":7},"sk":{"a":0,"k":0,"ix":4},"sa":{"a":0,"k":0,"ix":5},"nm":"Transform"}],"nm":"Group 3","np":2,"cix":2,"bm":0,"ix":3,"mn":"ADBE Vector Group","hd":false},{"ty":"tr","p":{"a":0,"k":[0,0],"ix":2},"a":{"a":0,"k":[0,0],"ix":1},"s":{"a":0,"k":[100,100],"ix":3},"r":{"a":0,"k":0,"ix":6},"o":{"a":0,"k":100,"ix":7},"sk":{"a":0,"k":0,"ix":4},"sa":{"a":0,"k":0,"ix":5},"nm":"Transform"}],"nm":"Group 2","np":3,"cix":2,"bm":0,"ix":2,"mn":"ADBE Vector Group","hd":false}],"ip":0,"op":120,"st":0,"bm":0},{"ddd":0,"ind":13,"ty":4,"nm":"HEAD_Mask","parent":15,"td":1,"sr":1,"ks":{"o":{"a":0,"k":100,"ix":11},"r":{"a":0,"k":0,"ix":10},"p":{"a":0,"k":[-21.294,-138.21,0],"ix":2},"a":{"a":0,"k":[-21.294,-138.21,0],"ix":1},"s":{"a":0,"k":[96,96,100],"ix":6}},"ao":0,"shapes":[{"ty":"gr","it":[{"ind":0,"ty":"sh","ix":1,"ks":{"a":0,"k":{"i":[[-1.207,4.649],[-6.673,31.16],[-1.615,6.566],[-10.92,3.263],[-15.984,-0.015],[-7.023,-2.099],[-5.255,-21.371],[-2.938,-13.717],[-4.784,-18.423],[0,-8.691],[51.494,0],[0,41.864]],"o":[[4.784,-18.423],[2.938,-13.717],[5.255,-21.371],[7.023,-2.099],[15.984,-0.015],[10.92,3.263],[1.615,6.566],[6.673,31.16],[1.207,4.649],[0,41.864],[-51.494,0],[0,-8.691]],"v":[[-112.194,-119.913],[-91.767,-180.76],[-84.932,-218.162],[-58.75,-246.712],[-21.294,-250.168],[16.163,-246.712],[42.344,-218.162],[49.179,-180.76],[69.607,-119.913],[71.944,-102.052],[-21.294,-26.251],[-114.532,-102.052]],"c":true},"ix":2},"nm":"Path 1","mn":"ADBE Vector Shape - Group","hd":false},{"ty":"st","c":{"a":0,"k":[0,0,0,1],"ix":3},"o":{"a":0,"k":100,"ix":4},"w":{"a":0,"k":3.525,"ix":5},"lc":2,"lj":2,"bm":0,"nm":"Stroke 1","mn":"ADBE Vector Graphic - Stroke","hd":false},{"ty":"tr","p":{"a":0,"k":[0,0],"ix":2},"a":{"a":0,"k":[0,0],"ix":1},"s":{"a":0,"k":[100,100],"ix":3},"r":{"a":0,"k":0,"ix":6},"o":{"a":0,"k":100,"ix":7},"sk":{"a":0,"k":0,"ix":4},"sa":{"a":0,"k":0,"ix":5},"nm":"Transform"}],"nm":"Group 4","np":2,"cix":2,"bm":0,"ix":4,"mn":"ADBE Vector Group","hd":false},{"ty":"gr","it":[{"ind":0,"ty":"sh","ix":1,"ks":{"a":0,"k":{"i":[[-1.158,3.15],[-47.645,10.741],[20.261,0],[0,41.864],[-1.207,4.649]],"o":[[11.338,78.009],[-15.293,8.923],[-51.494,0],[0,-8.691],[0.903,-3.479]],"v":[[-109.08,-129.766],[33.009,-40.431],[-21.294,-26.251],[-114.532,-102.052],[-112.194,-119.913]],"c":true},"ix":2},"nm":"Path 1","mn":"ADBE Vector Shape - Group","hd":false},{"ty":"fl","c":{"a":0,"k":[0.286274522543,0.396078437567,0.768627464771,1],"ix":4},"o":{"a":0,"k":100,"ix":5},"r":1,"bm":0,"nm":"Fill 1","mn":"ADBE Vector Graphic - Fill","hd":false},{"ty":"tr","p":{"a":0,"k":[0,0],"ix":2},"a":{"a":0,"k":[0,0],"ix":1},"s":{"a":0,"k":[100,100],"ix":3},"r":{"a":0,"k":0,"ix":6},"o":{"a":0,"k":100,"ix":7},"sk":{"a":0,"k":0,"ix":4},"sa":{"a":0,"k":0,"ix":5},"nm":"Transform"}],"nm":"Group 5","np":2,"cix":2,"bm":0,"ix":5,"mn":"ADBE Vector Group","hd":false},{"ty":"gr","it":[{"ind":0,"ty":"sh","ix":1,"ks":{"a":0,"k":{"i":[[2.293,9.552],[1.781,7.555],[42.731,18.144],[1.459,-6.856],[13.947,-8.502],[5.524,-3.083],[-1.04,4.856],[-1.615,6.566],[-10.92,3.264],[-15.984,-0.015],[-7.023,-2.099],[-5.255,-21.371],[-2.938,-13.717],[-0.534,-2.162],[0.106,0.111]],"o":[[-0.682,-2.842],[-7.793,8.635],[-2.241,10.233],[-3.868,18.177],[-0.59,0.359],[1.127,-3.992],[2.937,-13.717],[5.255,-21.371],[7.023,-2.099],[15.984,-0.015],[10.92,3.264],[1.615,6.566],[0.51,2.383],[-0.361,-0.37],[-7.833,-8.215]],"v":[[38.38,-194.757],[27.436,-241.128],[-51.017,-242.701],[-59.628,-203.163],[-84.847,-173.264],[-95.03,-167.538],[-91.767,-180.759],[-84.932,-218.162],[-58.75,-246.712],[-21.294,-250.168],[16.163,-246.712],[42.344,-218.162],[49.179,-180.759],[50.749,-173.96],[50.034,-174.697]],"c":true},"ix":2},"nm":"Path 1","mn":"ADBE Vector Shape - Group","hd":false},{"ty":"fl","c":{"a":0,"k":[0,0,0,1],"ix":4},"o":{"a":0,"k":100,"ix":5},"r":1,"bm":0,"nm":"Fill 1","mn":"ADBE Vector Graphic - Fill","hd":false},{"ty":"tr","p":{"a":0,"k":[0,0],"ix":2},"a":{"a":0,"k":[0,0],"ix":1},"s":{"a":0,"k":[100,100],"ix":3},"r":{"a":0,"k":0,"ix":6},"o":{"a":0,"k":100,"ix":7},"sk":{"a":0,"k":0,"ix":4},"sa":{"a":0,"k":0,"ix":5},"nm":"Transform"}],"nm":"Group 6","np":2,"cix":2,"bm":0,"ix":6,"mn":"ADBE Vector Group","hd":false},{"ty":"gr","it":[{"ind":0,"ty":"sh","ix":1,"ks":{"a":0,"k":{"i":[[-1.207,4.649],[-6.673,31.16],[-1.615,6.566],[-10.92,3.263],[-15.984,-0.015],[-7.023,-2.099],[-5.255,-21.371],[-2.938,-13.717],[-4.784,-18.423],[0,-8.691],[51.494,0],[0,41.864]],"o":[[4.784,-18.423],[2.938,-13.717],[5.255,-21.371],[7.023,-2.099],[15.984,-0.015],[10.92,3.263],[1.615,6.566],[6.673,31.16],[1.207,4.649],[0,41.864],[-51.494,0],[0,-8.691]],"v":[[-112.194,-119.913],[-91.767,-180.76],[-84.932,-218.162],[-58.75,-246.712],[-21.294,-250.168],[16.163,-246.712],[42.344,-218.162],[49.179,-180.76],[69.607,-119.913],[71.944,-102.052],[-21.294,-26.251],[-114.532,-102.052]],"c":true},"ix":2},"nm":"Path 1","mn":"ADBE Vector Shape - Group","hd":false},{"ty":"fl","c":{"a":0,"k":[0.349019616842,0.501960813999,0.847058832645,1],"ix":4},"o":{"a":0,"k":100,"ix":5},"r":1,"bm":0,"nm":"Fill 1","mn":"ADBE Vector Graphic - Fill","hd":false},{"ty":"tr","p":{"a":0,"k":[0,0],"ix":2},"a":{"a":0,"k":[0,0],"ix":1},"s":{"a":0,"k":[100,100],"ix":3},"r":{"a":0,"k":0,"ix":6},"o":{"a":0,"k":100,"ix":7},"sk":{"a":0,"k":0,"ix":4},"sa":{"a":0,"k":0,"ix":5},"nm":"Transform"}],"nm":"Group 8","np":2,"cix":2,"bm":0,"ix":8,"mn":"ADBE Vector Group","hd":false}],"ip":0,"op":120,"st":0,"bm":0},{"ddd":0,"ind":14,"ty":4,"nm":"HEAD_Details","parent":3,"tt":1,"sr":1,"ks":{"o":{"a":0,"k":100,"ix":11},"r":{"a":0,"k":0,"ix":10},"p":{"a":0,"k":[13.412,287.497,0],"ix":2},"a":{"a":0,"k":[-21.294,-26.251,0],"ix":1},"s":{"a":0,"k":[200,200,100],"ix":6}},"ao":0,"shapes":[{"ty":"gr","it":[{"ty":"gr","it":[{"ind":0,"ty":"sh","ix":1,"ks":{"a":0,"k":{"i":[[0,0],[0,0]],"o":[[0,0],[0,0]],"v":[[26.889,-137.535],[37.997,-135.445]],"c":false},"ix":2},"nm":"Path 1","mn":"ADBE Vector Shape - Group","hd":false},{"ty":"st","c":{"a":0,"k":[0,0,0,1],"ix":3},"o":{"a":0,"k":100,"ix":4},"w":{"a":0,"k":1.175,"ix":5},"lc":2,"lj":2,"bm":0,"nm":"Stroke 1","mn":"ADBE Vector Graphic - Stroke","hd":false},{"ty":"tr","p":{"a":0,"k":[0,0],"ix":2},"a":{"a":0,"k":[0,0],"ix":1},"s":{"a":0,"k":[100,100],"ix":3},"r":{"a":0,"k":0,"ix":6},"o":{"a":0,"k":100,"ix":7},"sk":{"a":0,"k":0,"ix":4},"sa":{"a":0,"k":0,"ix":5},"nm":"Transform"}],"nm":"Group 1","np":2,"cix":2,"bm":0,"ix":1,"mn":"ADBE Vector Group","hd":false},{"ty":"gr","it":[{"ind":0,"ty":"sh","ix":1,"ks":{"a":0,"k":{"i":[[0,0],[0,0]],"o":[[0,0],[0,0]],"v":[[28.021,-143.248],[39.128,-141.157]],"c":false},"ix":2},"nm":"Path 1","mn":"ADBE Vector Shape - Group","hd":false},{"ty":"st","c":{"a":0,"k":[0,0,0,1],"ix":3},"o":{"a":0,"k":100,"ix":4},"w":{"a":0,"k":1.175,"ix":5},"lc":2,"lj":2,"bm":0,"nm":"Stroke 1","mn":"ADBE Vector Graphic - Stroke","hd":false},{"ty":"tr","p":{"a":0,"k":[0,0],"ix":2},"a":{"a":0,"k":[0,0],"ix":1},"s":{"a":0,"k":[100,100],"ix":3},"r":{"a":0,"k":0,"ix":6},"o":{"a":0,"k":100,"ix":7},"sk":{"a":0,"k":0,"ix":4},"sa":{"a":0,"k":0,"ix":5},"nm":"Transform"}],"nm":"Group 2","np":2,"cix":2,"bm":0,"ix":2,"mn":"ADBE Vector Group","hd":false},{"ty":"tr","p":{"a":0,"k":[0,0],"ix":2},"a":{"a":0,"k":[0,0],"ix":1},"s":{"a":0,"k":[100,100],"ix":3},"r":{"a":0,"k":0,"ix":6},"o":{"a":0,"k":100,"ix":7},"sk":{"a":0,"k":0,"ix":4},"sa":{"a":0,"k":0,"ix":5},"nm":"Transform"}],"nm":"Group 1","np":2,"cix":2,"bm":0,"ix":1,"mn":"ADBE Vector Group","hd":false},{"ty":"gr","it":[{"ty":"gr","it":[{"ind":0,"ty":"sh","ix":1,"ks":{"a":0,"k":{"i":[[0,0],[0,0]],"o":[[0,0],[0,0]],"v":[[-45.834,-154.504],[-37.483,-146.888]],"c":false},"ix":2},"nm":"Path 1","mn":"ADBE Vector Shape - Group","hd":false},{"ty":"st","c":{"a":0,"k":[0,0,0,1],"ix":3},"o":{"a":0,"k":100,"ix":4},"w":{"a":0,"k":1.175,"ix":5},"lc":2,"lj":2,"bm":0,"nm":"Stroke 1","mn":"ADBE Vector Graphic - Stroke","hd":false},{"ty":"tr","p":{"a":0,"k":[0,0],"ix":2},"a":{"a":0,"k":[0,0],"ix":1},"s":{"a":0,"k":[100,100],"ix":3},"r":{"a":0,"k":0,"ix":6},"o":{"a":0,"k":100,"ix":7},"sk":{"a":0,"k":0,"ix":4},"sa":{"a":0,"k":0,"ix":5},"nm":"Transform"}],"nm":"Group 1","np":2,"cix":2,"bm":0,"ix":1,"mn":"ADBE Vector Group","hd":false},{"ty":"gr","it":[{"ind":0,"ty":"sh","ix":1,"ks":{"a":0,"k":{"i":[[0,0],[0,0]],"o":[[0,0],[0,0]],"v":[[-41.869,-158.769],[-33.518,-151.153]],"c":false},"ix":2},"nm":"Path 1","mn":"ADBE Vector Shape - Group","hd":false},{"ty":"st","c":{"a":0,"k":[0,0,0,1],"ix":3},"o":{"a":0,"k":100,"ix":4},"w":{"a":0,"k":1.175,"ix":5},"lc":2,"lj":2,"bm":0,"nm":"Stroke 1","mn":"ADBE Vector Graphic - Stroke","hd":false},{"ty":"tr","p":{"a":0,"k":[0,0],"ix":2},"a":{"a":0,"k":[0,0],"ix":1},"s":{"a":0,"k":[100,100],"ix":3},"r":{"a":0,"k":0,"ix":6},"o":{"a":0,"k":100,"ix":7},"sk":{"a":0,"k":0,"ix":4},"sa":{"a":0,"k":0,"ix":5},"nm":"Transform"}],"nm":"Group 2","np":2,"cix":2,"bm":0,"ix":2,"mn":"ADBE Vector Group","hd":false},{"ty":"tr","p":{"a":0,"k":[0,0],"ix":2},"a":{"a":0,"k":[0,0],"ix":1},"s":{"a":0,"k":[100,100],"ix":3},"r":{"a":0,"k":0,"ix":6},"o":{"a":0,"k":100,"ix":7},"sk":{"a":0,"k":0,"ix":4},"sa":{"a":0,"k":0,"ix":5},"nm":"Transform"}],"nm":"Group 2","np":2,"cix":2,"bm":0,"ix":2,"mn":"ADBE Vector Group","hd":false},{"ty":"gr","it":[{"ind":0,"ty":"sh","ix":1,"ks":{"a":0,"k":{"i":[[0,-12.706],[-12.706,0],[0,12.706],[12.706,0]],"o":[[0,12.706],[12.706,0],[0,-12.706],[-12.706,0]],"v":[[-76.729,-136.683],[-53.723,-113.677],[-30.716,-136.683],[-53.723,-159.69]],"c":true},"ix":2},"nm":"Path 1","mn":"ADBE Vector Shape - Group","hd":false},{"ty":"fl","c":{"a":0,"k":[0.23137255013,0.298039227724,0.698039233685,1],"ix":4},"o":{"a":0,"k":100,"ix":5},"r":1,"bm":0,"nm":"Fill 1","mn":"ADBE Vector Graphic - Fill","hd":false},{"ty":"tr","p":{"a":0,"k":[106.513,0],"ix":2},"a":{"a":0,"k":[0,0],"ix":1},"s":{"a":0,"k":[100,100],"ix":3},"r":{"a":0,"k":0,"ix":6},"o":{"a":0,"k":100,"ix":7},"sk":{"a":0,"k":0,"ix":4},"sa":{"a":0,"k":0,"ix":5},"nm":"Transform"}],"nm":"Group 8","np":2,"cix":2,"bm":0,"ix":3,"mn":"ADBE Vector Group","hd":false},{"ty":"gr","it":[{"ind":0,"ty":"sh","ix":1,"ks":{"a":0,"k":{"i":[[0,-12.706],[-12.706,0],[0,12.706],[12.706,0]],"o":[[0,12.706],[12.706,0],[0,-12.706],[-12.706,0]],"v":[[-76.729,-136.683],[-53.723,-113.677],[-30.716,-136.683],[-53.723,-159.69]],"c":true},"ix":2},"nm":"Path 1","mn":"ADBE Vector Shape - Group","hd":false},{"ty":"fl","c":{"a":0,"k":[0.23137255013,0.298039227724,0.698039233685,1],"ix":4},"o":{"a":0,"k":100,"ix":5},"r":1,"bm":0,"nm":"Fill 1","mn":"ADBE Vector Graphic - Fill","hd":false},{"ty":"tr","p":{"a":0,"k":[0,0],"ix":2},"a":{"a":0,"k":[0,0],"ix":1},"s":{"a":0,"k":[100,100],"ix":3},"r":{"a":0,"k":0,"ix":6},"o":{"a":0,"k":100,"ix":7},"sk":{"a":0,"k":0,"ix":4},"sa":{"a":0,"k":0,"ix":5},"nm":"Transform"}],"nm":"Group 3","np":2,"cix":2,"bm":0,"ix":4,"mn":"ADBE Vector Group","hd":false}],"ip":0,"op":120,"st":0,"bm":0},{"ddd":0,"ind":15,"ty":4,"nm":"HEAD","parent":21,"sr":1,"ks":{"o":{"a":0,"k":100,"ix":11},"r":{"a":0,"k":0,"ix":10},"p":{"a":1,"k":[{"i":{"x":0,"y":1},"o":{"x":0.666,"y":0},"t":1.535,"s":[-21.294,-26.251,0],"to":[0,0,0],"ti":[0,0,0]},{"i":{"x":0.492,"y":1},"o":{"x":1,"y":0},"t":32.256,"s":[-21.294,-29.192,0],"to":[0,0,0],"ti":[0,0,0]},{"i":{"x":0.425,"y":1},"o":{"x":0.624,"y":0},"t":59,"s":[-21.294,-20.986,0],"to":[0,0,0],"ti":[0,0,0]},{"t":74.49609375,"s":[-21.294,-26.251,0]}],"ix":2},"a":{"a":0,"k":[-21.294,-26.251,0],"ix":1},"s":{"a":1,"k":[{"i":{"x":[0.13,0.198,0.833],"y":[1,1,1]},"o":{"x":[0.666,0.67,0.333],"y":[0,0,0]},"t":1.535,"s":[100,100,100]},{"i":{"x":[0.492,0.489,0.667],"y":[1,1,1]},"o":{"x":[0.902,0.921,0.167],"y":[0,0,0]},"t":32.256,"s":[96,102,100]},{"i":{"x":[0.425,0.438,0.667],"y":[1,1,1]},"o":{"x":[0.624,0.643,0.333],"y":[0,0,0]},"t":59.137,"s":[104,96,100]},{"i":{"x":[0.425,0.438,0.667],"y":[1,1,1]},"o":{"x":[0.167,0.167,0.167],"y":[0,0,0]},"t":74.496,"s":[98,102,100]},{"t":89.85546875,"s":[100,100,100]}],"ix":6}},"ao":0,"shapes":[{"ty":"gr","it":[{"ind":0,"ty":"sh","ix":1,"ks":{"a":0,"k":{"i":[[0,0]],"o":[[0,0]],"v":[[-862.4,153.6]],"c":false},"ix":2},"nm":"Path 1","mn":"ADBE Vector Shape - Group","hd":false},{"ty":"st","c":{"a":0,"k":[0,0,0,1],"ix":3},"o":{"a":0,"k":100,"ix":4},"w":{"a":0,"k":3.525,"ix":5},"lc":1,"lj":1,"ml":4,"bm":0,"nm":"Stroke 1","mn":"ADBE Vector Graphic - Stroke","hd":false},{"ty":"fl","c":{"a":0,"k":[0.95220600203,0.940318986481,0.208654994591,1],"ix":4},"o":{"a":0,"k":100,"ix":5},"r":1,"bm":0,"nm":"Fill 1","mn":"ADBE Vector Graphic - Fill","hd":false},{"ty":"tr","p":{"a":0,"k":[0,0],"ix":2},"a":{"a":0,"k":[0,0],"ix":1},"s":{"a":0,"k":[100,100],"ix":3},"r":{"a":0,"k":0,"ix":6},"o":{"a":0,"k":100,"ix":7},"sk":{"a":0,"k":0,"ix":4},"sa":{"a":0,"k":0,"ix":5},"nm":"Transform"}],"nm":"Shape 1","np":3,"cix":2,"bm":0,"ix":1,"mn":"ADBE Vector Group","hd":false},{"ty":"gr","it":[{"ind":0,"ty":"sh","ix":1,"ks":{"a":1,"k":[{"i":{"x":0.667,"y":1},"o":{"x":0.333,"y":0},"t":1.535,"s":[{"i":[[-1.207,4.649],[-6.673,31.16],[-1.615,6.566],[-10.92,3.263],[-15.984,-0.015],[-7.023,-2.099],[-5.255,-21.371],[-2.938,-13.717],[-4.784,-18.423],[0,-8.691],[51.494,0],[0,41.864]],"o":[[4.784,-18.423],[2.938,-13.717],[5.255,-21.371],[7.023,-2.099],[15.984,-0.015],[10.92,3.263],[1.615,6.566],[6.673,31.16],[1.207,4.649],[0,41.864],[-51.494,0],[0,-8.691]],"v":[[-112.194,-119.913],[-91.767,-180.76],[-84.932,-218.162],[-58.75,-246.712],[-21.294,-250.168],[16.163,-246.712],[42.344,-218.162],[49.179,-180.76],[69.607,-119.913],[71.944,-102.052],[-21.294,-26.251],[-114.532,-102.052]],"c":true}]},{"i":{"x":0.667,"y":1},"o":{"x":0.333,"y":0},"t":59.137,"s":[{"i":[[-1.207,4.649],[-6.673,31.16],[-1.615,6.566],[-10.92,3.263],[-15.984,-0.015],[-7.023,-2.099],[-5.255,-21.371],[-2.938,-13.717],[-4.784,-18.423],[0,-8.691],[51.494,0],[0,41.864]],"o":[[4.784,-18.423],[2.938,-13.717],[5.255,-21.371],[7.023,-2.099],[15.984,-0.015],[10.92,3.263],[1.615,6.566],[6.673,31.16],[1.207,4.649],[0,41.864],[-51.494,0],[0,-8.691]],"v":[[-112.194,-119.913],[-91.767,-180.76],[-84.932,-218.162],[-58.75,-246.712],[-21.294,-250.168],[16.163,-246.712],[42.344,-218.162],[49.179,-180.76],[69.607,-119.913],[71.944,-102.052],[-21.294,-26.251],[-114.532,-102.052]],"c":true}]},{"t":74.49609375,"s":[{"i":[[-1.207,4.649],[-6.673,31.16],[-1.615,6.566],[-10.92,3.263],[-15.984,-0.015],[-7.023,-2.099],[-5.255,-21.371],[-2.938,-13.717],[-4.784,-18.423],[0,-8.691],[51.494,0],[0,41.864]],"o":[[4.784,-18.423],[2.938,-13.717],[5.255,-21.371],[7.023,-2.099],[15.984,-0.015],[10.92,3.263],[1.615,6.566],[6.673,31.16],[1.207,4.649],[0,41.864],[-51.494,0],[0,-8.691]],"v":[[-112.194,-119.913],[-91.767,-180.76],[-84.932,-218.162],[-58.75,-246.712],[-21.294,-250.168],[16.163,-246.712],[42.344,-218.162],[49.179,-180.76],[69.607,-119.913],[71.944,-102.052],[-21.294,-26.251],[-114.532,-102.052]],"c":true}]}],"ix":2},"nm":"Path 1","mn":"ADBE Vector Shape - Group","hd":false},{"ty":"st","c":{"a":0,"k":[0,0,0,1],"ix":3},"o":{"a":0,"k":100,"ix":4},"w":{"a":0,"k":3.525,"ix":5},"lc":2,"lj":2,"bm":0,"nm":"Stroke 1","mn":"ADBE Vector Graphic - Stroke","hd":false},{"ty":"tr","p":{"a":0,"k":[0,0],"ix":2},"a":{"a":0,"k":[0,0],"ix":1},"s":{"a":0,"k":[100,100],"ix":3},"r":{"a":0,"k":0,"ix":6},"o":{"a":0,"k":100,"ix":7},"sk":{"a":0,"k":0,"ix":4},"sa":{"a":0,"k":0,"ix":5},"nm":"Transform"}],"nm":"Group 4","np":2,"cix":2,"bm":0,"ix":2,"mn":"ADBE Vector Group","hd":false},{"ty":"gr","it":[{"ind":0,"ty":"sh","ix":1,"ks":{"a":1,"k":[{"i":{"x":0.667,"y":1},"o":{"x":0.333,"y":0},"t":1.535,"s":[{"i":[[-1.158,3.15],[-47.645,10.741],[20.261,0],[0,41.864],[-1.207,4.649]],"o":[[11.338,78.009],[-15.293,8.923],[-51.494,0],[0,-8.691],[0.903,-3.479]],"v":[[-109.08,-129.766],[33.009,-40.431],[-21.294,-26.251],[-114.532,-102.052],[-112.194,-119.913]],"c":true}]},{"i":{"x":0.667,"y":1},"o":{"x":0.333,"y":0},"t":59.137,"s":[{"i":[[-1.158,3.15],[-47.645,10.741],[20.261,0],[0,41.864],[-1.207,4.649]],"o":[[11.338,78.009],[-15.293,8.923],[-51.494,0],[0,-8.691],[0.903,-3.479]],"v":[[-109.08,-129.766],[33.009,-40.431],[-21.294,-26.251],[-114.532,-102.052],[-112.194,-119.913]],"c":true}]},{"t":74.49609375,"s":[{"i":[[-1.158,3.15],[-47.645,10.741],[20.261,0],[0,41.864],[-1.207,4.649]],"o":[[11.338,78.009],[-15.293,8.923],[-51.494,0],[0,-8.691],[0.903,-3.479]],"v":[[-109.08,-129.766],[33.009,-40.431],[-21.294,-26.251],[-114.532,-102.052],[-112.194,-119.913]],"c":true}]}],"ix":2},"nm":"Path 1","mn":"ADBE Vector Shape - Group","hd":false},{"ty":"fl","c":{"a":0,"k":[0.286274522543,0.396078437567,0.768627464771,1],"ix":4},"o":{"a":0,"k":100,"ix":5},"r":1,"bm":0,"nm":"Fill 1","mn":"ADBE Vector Graphic - Fill","hd":false},{"ty":"tr","p":{"a":0,"k":[0,0],"ix":2},"a":{"a":0,"k":[0,0],"ix":1},"s":{"a":0,"k":[100,100],"ix":3},"r":{"a":0,"k":0,"ix":6},"o":{"a":0,"k":100,"ix":7},"sk":{"a":0,"k":0,"ix":4},"sa":{"a":0,"k":0,"ix":5},"nm":"Transform"}],"nm":"Group 5","np":2,"cix":2,"bm":0,"ix":3,"mn":"ADBE Vector Group","hd":false},{"ty":"gr","it":[{"ind":0,"ty":"sh","ix":1,"ks":{"a":1,"k":[{"i":{"x":0,"y":1},"o":{"x":0.411,"y":0},"t":1.535,"s":[{"i":[[2.293,9.552],[1.781,7.555],[42.731,18.144],[1.459,-6.856],[13.947,-8.502],[5.524,-3.083],[-1.04,4.856],[-1.615,6.566],[-10.92,3.264],[-15.984,-0.015],[-7.023,-2.099],[-5.255,-21.371],[-2.938,-13.717],[-0.534,-2.162],[0.106,0.111]],"o":[[-0.682,-2.842],[-7.793,8.635],[-2.241,10.233],[-3.868,18.177],[-0.59,0.359],[1.127,-3.992],[2.937,-13.717],[5.255,-21.371],[7.023,-2.099],[15.984,-0.015],[10.92,3.264],[1.615,6.566],[0.51,2.383],[-0.361,-0.37],[-7.833,-8.215]],"v":[[38.38,-194.757],[27.436,-241.128],[-51.017,-242.701],[-59.628,-203.163],[-84.847,-173.264],[-95.03,-167.538],[-91.767,-180.759],[-84.932,-218.162],[-58.75,-246.712],[-21.294,-250.168],[16.163,-246.712],[42.344,-218.162],[49.179,-180.759],[50.749,-173.96],[50.034,-174.697]],"c":true}]},{"i":{"x":0.45,"y":1},"o":{"x":0.904,"y":0},"t":32.256,"s":[{"i":[[2.293,9.552],[1.781,7.555],[27.189,7.328],[1.459,-6.856],[13.947,-8.502],[5.524,-3.083],[-1.04,4.856],[-1.615,6.566],[-10.92,3.264],[-15.984,-0.015],[-7.023,-2.099],[-5.255,-21.371],[-2.938,-13.717],[-0.534,-2.162],[0.106,0.111]],"o":[[-0.682,-2.842],[-7.981,2.151],[-2.241,10.233],[-3.868,18.177],[-0.59,0.359],[1.127,-3.992],[2.937,-13.717],[5.255,-21.371],[7.023,-2.099],[15.984,-0.015],[10.92,3.264],[1.615,6.566],[0.51,2.383],[-0.361,-0.37],[-7.833,-8.215]],"v":[[38.38,-194.757],[27.436,-241.128],[-50.945,-245.584],[-59.628,-203.163],[-84.847,-173.264],[-95.03,-167.538],[-91.767,-180.759],[-84.932,-218.162],[-58.75,-246.712],[-21.294,-250.168],[16.163,-246.712],[42.344,-218.162],[49.179,-180.759],[50.749,-173.96],[50.034,-174.697]],"c":true}]},{"i":{"x":0.667,"y":1},"o":{"x":0.333,"y":0},"t":59.137,"s":[{"i":[[2.293,9.552],[1.781,7.555],[32.561,22.897],[1.459,-6.856],[13.947,-8.502],[5.524,-3.083],[-1.04,4.856],[-1.615,6.566],[-10.92,3.264],[-15.984,-0.015],[-7.023,-2.099],[-5.255,-21.371],[-2.938,-13.717],[-0.534,-2.162],[0.106,0.111]],"o":[[-0.682,-2.842],[-7.206,11.693],[-2.241,10.233],[-3.868,18.177],[-0.59,0.359],[1.127,-3.992],[2.937,-13.717],[5.255,-21.371],[7.023,-2.099],[15.984,-0.015],[10.92,3.264],[1.615,6.566],[0.51,2.383],[-0.361,-0.37],[-7.833,-8.215]],"v":[[38.38,-194.757],[25.995,-228.633],[-52.458,-230.206],[-59.628,-203.163],[-84.847,-173.264],[-95.03,-167.538],[-91.767,-180.759],[-84.932,-218.162],[-58.75,-246.712],[-21.294,-250.168],[16.163,-246.712],[42.344,-218.162],[49.179,-180.759],[50.749,-173.96],[50.034,-174.697]],"c":true}]},{"t":74.49609375,"s":[{"i":[[2.293,9.552],[1.781,7.555],[42.731,18.144],[1.459,-6.856],[13.947,-8.502],[5.524,-3.083],[-1.04,4.856],[-1.615,6.566],[-10.92,3.264],[-15.984,-0.015],[-7.023,-2.099],[-5.255,-21.371],[-2.938,-13.717],[-0.534,-2.162],[0.106,0.111]],"o":[[-0.682,-2.842],[-7.793,8.635],[-2.241,10.233],[-3.868,18.177],[-0.59,0.359],[1.127,-3.992],[2.937,-13.717],[5.255,-21.371],[7.023,-2.099],[15.984,-0.015],[10.92,3.264],[1.615,6.566],[0.51,2.383],[-0.361,-0.37],[-7.833,-8.215]],"v":[[38.38,-194.757],[27.436,-241.128],[-51.017,-242.701],[-59.628,-203.163],[-84.847,-173.264],[-95.03,-167.538],[-91.767,-180.759],[-84.932,-218.162],[-58.75,-246.712],[-21.294,-250.168],[16.163,-246.712],[42.344,-218.162],[49.179,-180.759],[50.749,-173.96],[50.034,-174.697]],"c":true}]}],"ix":2},"nm":"Path 1","mn":"ADBE Vector Shape - Group","hd":false},{"ty":"fl","c":{"a":0,"k":[0,0,0,1],"ix":4},"o":{"a":0,"k":100,"ix":5},"r":1,"bm":0,"nm":"Fill 1","mn":"ADBE Vector Graphic - Fill","hd":false},{"ty":"tr","p":{"a":0,"k":[0,0],"ix":2},"a":{"a":0,"k":[0,0],"ix":1},"s":{"a":0,"k":[100,100],"ix":3},"r":{"a":0,"k":0,"ix":6},"o":{"a":0,"k":100,"ix":7},"sk":{"a":0,"k":0,"ix":4},"sa":{"a":0,"k":0,"ix":5},"nm":"Transform"}],"nm":"Group 6","np":2,"cix":2,"bm":0,"ix":4,"mn":"ADBE Vector Group","hd":false},{"ty":"gr","it":[{"ind":0,"ty":"sh","ix":1,"ks":{"a":1,"k":[{"i":{"x":0.667,"y":1},"o":{"x":0.333,"y":0},"t":1.535,"s":[{"i":[[-1.207,4.649],[-6.673,31.16],[-1.615,6.566],[-10.92,3.263],[-15.984,-0.015],[-7.023,-2.099],[-5.255,-21.371],[-2.938,-13.717],[-4.784,-18.423],[0,-8.691],[51.494,0],[0,41.864]],"o":[[4.784,-18.423],[2.938,-13.717],[5.255,-21.371],[7.023,-2.099],[15.984,-0.015],[10.92,3.263],[1.615,6.566],[6.673,31.16],[1.207,4.649],[0,41.864],[-51.494,0],[0,-8.691]],"v":[[-112.194,-119.913],[-91.767,-180.76],[-84.932,-218.162],[-58.75,-246.712],[-21.294,-250.168],[16.163,-246.712],[42.344,-218.162],[49.179,-180.76],[69.607,-119.913],[71.944,-102.052],[-21.294,-26.251],[-114.532,-102.052]],"c":true}]},{"i":{"x":0.667,"y":1},"o":{"x":0.333,"y":0},"t":59.137,"s":[{"i":[[-1.207,4.649],[-6.673,31.16],[-1.615,6.566],[-10.92,3.263],[-15.984,-0.015],[-7.023,-2.099],[-5.255,-21.371],[-2.938,-13.717],[-4.784,-18.423],[0,-8.691],[51.494,0],[0,41.864]],"o":[[4.784,-18.423],[2.938,-13.717],[5.255,-21.371],[7.023,-2.099],[15.984,-0.015],[10.92,3.263],[1.615,6.566],[6.673,31.16],[1.207,4.649],[0,41.864],[-51.494,0],[0,-8.691]],"v":[[-112.194,-119.913],[-91.767,-180.76],[-84.932,-218.162],[-58.75,-246.712],[-21.294,-250.168],[16.163,-246.712],[42.344,-218.162],[49.179,-180.76],[69.607,-119.913],[71.944,-102.052],[-21.294,-26.251],[-114.532,-102.052]],"c":true}]},{"t":74.49609375,"s":[{"i":[[-1.207,4.649],[-6.673,31.16],[-1.615,6.566],[-10.92,3.263],[-15.984,-0.015],[-7.023,-2.099],[-5.255,-21.371],[-2.938,-13.717],[-4.784,-18.423],[0,-8.691],[51.494,0],[0,41.864]],"o":[[4.784,-18.423],[2.938,-13.717],[5.255,-21.371],[7.023,-2.099],[15.984,-0.015],[10.92,3.263],[1.615,6.566],[6.673,31.16],[1.207,4.649],[0,41.864],[-51.494,0],[0,-8.691]],"v":[[-112.194,-119.913],[-91.767,-180.76],[-84.932,-218.162],[-58.75,-246.712],[-21.294,-250.168],[16.163,-246.712],[42.344,-218.162],[49.179,-180.76],[69.607,-119.913],[71.944,-102.052],[-21.294,-26.251],[-114.532,-102.052]],"c":true}]}],"ix":2},"nm":"Path 1","mn":"ADBE Vector Shape - Group","hd":false},{"ty":"fl","c":{"a":0,"k":[0.349019616842,0.501960813999,0.847058832645,1],"ix":4},"o":{"a":0,"k":100,"ix":5},"r":1,"bm":0,"nm":"Fill 1","mn":"ADBE Vector Graphic - Fill","hd":false},{"ty":"tr","p":{"a":0,"k":[0,0],"ix":2},"a":{"a":0,"k":[0,0],"ix":1},"s":{"a":0,"k":[100,100],"ix":3},"r":{"a":0,"k":0,"ix":6},"o":{"a":0,"k":100,"ix":7},"sk":{"a":0,"k":0,"ix":4},"sa":{"a":0,"k":0,"ix":5},"nm":"Transform"}],"nm":"Group 8","np":2,"cix":2,"bm":0,"ix":5,"mn":"ADBE Vector Group","hd":false}],"ip":0,"op":120,"st":0,"bm":0},{"ddd":0,"ind":16,"ty":4,"nm":"Hair","parent":15,"sr":1,"ks":{"o":{"a":0,"k":100,"ix":11},"r":{"a":1,"k":[{"i":{"x":[0.094],"y":[1]},"o":{"x":[0.333],"y":[0]},"t":3.072,"s":[0]},{"i":{"x":[0.706],"y":[1]},"o":{"x":[0.819],"y":[0]},"t":33.793,"s":[-10]},{"i":{"x":[0.833],"y":[1]},"o":{"x":[0.404],"y":[0]},"t":60.672,"s":[5]},{"i":{"x":[0.833],"y":[1]},"o":{"x":[0.167],"y":[0]},"t":76.031,"s":[-6]},{"t":91.392578125,"s":[0]}],"ix":10},"p":{"a":0,"k":[-47.472,-242.268,0],"ix":2},"a":{"a":0,"k":[-47.472,-242.268,0],"ix":1},"s":{"a":0,"k":[100,100,100],"ix":6}},"ao":0,"shapes":[{"ty":"gr","it":[{"ind":0,"ty":"sh","ix":1,"ks":{"a":0,"k":{"i":[[0,-19.227],[19.227,0],[0,19.227],[-19.227,0]],"o":[[0,19.227],[-19.227,0],[0,-19.227],[19.227,0]],"v":[[-11.659,-289.527],[-46.472,-254.714],[-81.284,-289.527],[-46.472,-324.34]],"c":true},"ix":2},"nm":"Path 1","mn":"ADBE Vector Shape - Group","hd":false},{"ty":"fl","c":{"a":0,"k":[0,0,0,1],"ix":4},"o":{"a":0,"k":100,"ix":5},"r":1,"bm":0,"nm":"Fill 1","mn":"ADBE Vector Graphic - Fill","hd":false},{"ty":"tr","p":{"a":0,"k":[0,0],"ix":2},"a":{"a":0,"k":[0,0],"ix":1},"s":{"a":0,"k":[100,100],"ix":3},"r":{"a":0,"k":0,"ix":6},"o":{"a":0,"k":100,"ix":7},"sk":{"a":0,"k":0,"ix":4},"sa":{"a":0,"k":0,"ix":5},"nm":"Transform"}],"nm":"Group 1","np":2,"cix":2,"bm":0,"ix":1,"mn":"ADBE Vector Group","hd":false},{"ty":"gr","it":[{"ind":0,"ty":"sh","ix":1,"ks":{"a":0,"k":{"i":[[0,0],[0,0],[0,0],[0,0]],"o":[[0,0],[0,0],[0,0],[0,0]],"v":[[-36.548,-233.768],[-55.919,-233.768],[-55.919,-257.585],[-36.548,-257.585]],"c":true},"ix":2},"nm":"Path 1","mn":"ADBE Vector Shape - Group","hd":false},{"ty":"st","c":{"a":0,"k":[0,0,0,1],"ix":3},"o":{"a":0,"k":100,"ix":4},"w":{"a":0,"k":1.733,"ix":5},"lc":2,"lj":2,"bm":0,"nm":"Stroke 1","mn":"ADBE Vector Graphic - Stroke","hd":false},{"ty":"fl","c":{"a":0,"k":[0.768627464771,0.278431385756,0.466666668653,1],"ix":4},"o":{"a":0,"k":100,"ix":5},"r":1,"bm":0,"nm":"Fill 1","mn":"ADBE Vector Graphic - Fill","hd":false},{"ty":"tr","p":{"a":0,"k":[0,0],"ix":2},"a":{"a":0,"k":[0,0],"ix":1},"s":{"a":0,"k":[100,100],"ix":3},"r":{"a":0,"k":0,"ix":6},"o":{"a":0,"k":100,"ix":7},"sk":{"a":0,"k":0,"ix":4},"sa":{"a":0,"k":0,"ix":5},"nm":"Transform"}],"nm":"Group 2","np":3,"cix":2,"bm":0,"ix":2,"mn":"ADBE Vector Group","hd":false}],"ip":0,"op":120,"st":0,"bm":0},{"ddd":0,"ind":17,"ty":4,"nm":"L_Ear","parent":15,"sr":1,"ks":{"o":{"a":0,"k":100,"ix":11},"r":{"a":1,"k":[{"i":{"x":[0.094],"y":[1]},"o":{"x":[0.333],"y":[0]},"t":4.607,"s":[0]},{"i":{"x":[0.706],"y":[1]},"o":{"x":[0.819],"y":[0]},"t":35.328,"s":[6]},{"i":{"x":[0.833],"y":[1]},"o":{"x":[0.404],"y":[0]},"t":62.207,"s":[-4]},{"i":{"x":[0.729],"y":[1]},"o":{"x":[0.161],"y":[0]},"t":77.568,"s":[2]},{"t":92.927734375,"s":[0]}],"ix":10},"p":{"a":0,"k":[18.628,-146.742,0],"ix":2},"a":{"a":0,"k":[18.628,-146.742,0],"ix":1},"s":{"a":0,"k":[100,100,100],"ix":6}},"ao":0,"shapes":[{"ty":"gr","it":[{"ind":0,"ty":"sh","ix":1,"ks":{"a":0,"k":{"i":[[0,0],[0,0]],"o":[[0,0],[0,0]],"v":[[10.298,-134.071],[65.709,-191.205]],"c":false},"ix":2},"nm":"Path 1","mn":"ADBE Vector Shape - Group","hd":false},{"ty":"st","c":{"a":0,"k":[0,0,0,1],"ix":3},"o":{"a":0,"k":100,"ix":4},"w":{"a":0,"k":1.156,"ix":5},"lc":2,"lj":2,"bm":0,"nm":"Stroke 1","mn":"ADBE Vector Graphic - Stroke","hd":false},{"ty":"tr","p":{"a":0,"k":[0,0],"ix":2},"a":{"a":0,"k":[0,0],"ix":1},"s":{"a":0,"k":[100,100],"ix":3},"r":{"a":0,"k":0,"ix":6},"o":{"a":0,"k":100,"ix":7},"sk":{"a":0,"k":0,"ix":4},"sa":{"a":0,"k":0,"ix":5},"nm":"Transform"}],"nm":"Group 1","np":2,"cix":2,"bm":0,"ix":1,"mn":"ADBE Vector Group","hd":false},{"ty":"gr","it":[{"ind":0,"ty":"sh","ix":1,"ks":{"a":0,"k":{"i":[[-4.896,5.87],[-2.837,19.698],[3.151,-0.539],[10.081,-8.867],[2.24,-8.181],[-5.107,-4.975],[-7.495,2.265]],"o":[[8.6,-10.31],[0.456,-3.165],[-19.617,3.352],[-5.74,5.049],[-2.068,7.552],[5.107,4.975],[8.12,-2.454]],"v":[[51.513,-146.974],[75.048,-195.499],[70.007,-200.409],[22.116,-175.611],[6.099,-154.25],[10.298,-134.071],[30.58,-130.403]],"c":true},"ix":2},"nm":"Path 1","mn":"ADBE Vector Shape - Group","hd":false},{"ty":"st","c":{"a":0,"k":[0,0,0,1],"ix":3},"o":{"a":0,"k":100,"ix":4},"w":{"a":0,"k":3.467,"ix":5},"lc":2,"lj":2,"bm":0,"nm":"Stroke 1","mn":"ADBE Vector Graphic - Stroke","hd":false},{"ty":"fl","c":{"a":0,"k":[0.301960796118,0.423529416323,0.764705896378,1],"ix":4},"o":{"a":0,"k":100,"ix":5},"r":1,"bm":0,"nm":"Fill 1","mn":"ADBE Vector Graphic - Fill","hd":false},{"ty":"tr","p":{"a":0,"k":[0,0],"ix":2},"a":{"a":0,"k":[0,0],"ix":1},"s":{"a":0,"k":[100,100],"ix":3},"r":{"a":0,"k":0,"ix":6},"o":{"a":0,"k":100,"ix":7},"sk":{"a":0,"k":0,"ix":4},"sa":{"a":0,"k":0,"ix":5},"nm":"Transform"}],"nm":"Group 2","np":3,"cix":2,"bm":0,"ix":2,"mn":"ADBE Vector Group","hd":false}],"ip":0,"op":120,"st":0,"bm":0},{"ddd":0,"ind":18,"ty":4,"nm":"Bandana 3","parent":21,"sr":1,"ks":{"o":{"a":0,"k":100,"ix":11},"r":{"a":1,"k":[{"i":{"x":[0.362],"y":[0.998]},"o":{"x":[0.326],"y":[0]},"t":6.145,"s":[0]},{"i":{"x":[0.694],"y":[1]},"o":{"x":[0.84],"y":[0]},"t":36.863,"s":[12]},{"i":{"x":[0.546],"y":[1]},"o":{"x":[0.421],"y":[0]},"t":63.744,"s":[-25]},{"i":{"x":[0.644],"y":[1]},"o":{"x":[0.483],"y":[0]},"t":79.104,"s":[12]},{"i":{"x":[0.644],"y":[1]},"o":{"x":[0.167],"y":[0]},"t":94,"s":[-4]},{"t":109,"s":[0]}],"ix":10},"p":{"a":0,"k":[-143.762,-84.991,0],"ix":2},"a":{"a":0,"k":[-143.762,-84.991,0],"ix":1},"s":{"a":0,"k":[100,100,100],"ix":6}},"ao":0,"shapes":[{"ty":"gr","it":[{"ind":0,"ty":"sh","ix":1,"ks":{"a":0,"k":{"i":[[-33.037,-43.959],[31.027,38.202]],"o":[[0,0],[0,0]],"v":[[-142.262,-84.316],[-212.237,-98.248]],"c":true},"ix":2},"nm":"Path 1","mn":"ADBE Vector Shape - Group","hd":false},{"ty":"st","c":{"a":0,"k":[0,0,0,1],"ix":3},"o":{"a":0,"k":100,"ix":4},"w":{"a":0,"k":3.467,"ix":5},"lc":2,"lj":2,"bm":0,"nm":"Stroke 1","mn":"ADBE Vector Graphic - Stroke","hd":false},{"ty":"fl","c":{"a":0,"k":[0.878431379795,0.298039227724,0.643137276173,1],"ix":4},"o":{"a":0,"k":100,"ix":5},"r":1,"bm":0,"nm":"Fill 1","mn":"ADBE Vector Graphic - Fill","hd":false},{"ty":"tr","p":{"a":0,"k":[0,0],"ix":2},"a":{"a":0,"k":[0,0],"ix":1},"s":{"a":0,"k":[100,100],"ix":3},"r":{"a":0,"k":0,"ix":6},"o":{"a":0,"k":100,"ix":7},"sk":{"a":0,"k":0,"ix":4},"sa":{"a":0,"k":0,"ix":5},"nm":"Transform"}],"nm":"Group 2","np":3,"cix":2,"bm":0,"ix":1,"mn":"ADBE Vector Group","hd":false}],"ip":0,"op":120,"st":0,"bm":0},{"ddd":0,"ind":19,"ty":4,"nm":"Bandana 2","parent":21,"sr":1,"ks":{"o":{"a":0,"k":100,"ix":11},"r":{"a":1,"k":[{"i":{"x":[0.362],"y":[1]},"o":{"x":[0.326],"y":[0]},"t":10,"s":[0]},{"i":{"x":[0.694],"y":[1]},"o":{"x":[0.84],"y":[0.001]},"t":40.721,"s":[6]},{"i":{"x":[0.546],"y":[0.995]},"o":{"x":[0.421],"y":[0]},"t":67.6,"s":[-30]},{"i":{"x":[0.633],"y":[1]},"o":{"x":[0.472],"y":[-0.011]},"t":82.961,"s":[6]},{"i":{"x":[0.633],"y":[1]},"o":{"x":[0.167],"y":[0]},"t":98,"s":[-8]},{"t":113,"s":[0]}],"ix":10},"p":{"a":0,"k":[-142.407,-84.794,0],"ix":2},"a":{"a":0,"k":[-142.407,-84.794,0],"ix":1},"s":{"a":0,"k":[100,100,100],"ix":6}},"ao":0,"shapes":[{"ty":"gr","it":[{"ind":0,"ty":"sh","ix":1,"ks":{"a":0,"k":{"i":[[14.721,-52.982],[-11.381,47.88]],"o":[[0,0],[0,0]],"v":[[-142.295,-84.794],[-173.892,-148.765]],"c":true},"ix":2},"nm":"Path 1","mn":"ADBE Vector Shape - Group","hd":false},{"ty":"st","c":{"a":0,"k":[0,0,0,1],"ix":3},"o":{"a":0,"k":100,"ix":4},"w":{"a":0,"k":3.467,"ix":5},"lc":2,"lj":2,"bm":0,"nm":"Stroke 1","mn":"ADBE Vector Graphic - Stroke","hd":false},{"ty":"fl","c":{"a":0,"k":[0.878431379795,0.298039227724,0.643137276173,1],"ix":4},"o":{"a":0,"k":100,"ix":5},"r":1,"bm":0,"nm":"Fill 1","mn":"ADBE Vector Graphic - Fill","hd":false},{"ty":"tr","p":{"a":0,"k":[0,0],"ix":2},"a":{"a":0,"k":[0,0],"ix":1},"s":{"a":0,"k":[100,100],"ix":3},"r":{"a":0,"k":0,"ix":6},"o":{"a":0,"k":100,"ix":7},"sk":{"a":0,"k":0,"ix":4},"sa":{"a":0,"k":0,"ix":5},"nm":"Transform"}],"nm":"Group 1","np":3,"cix":2,"bm":0,"ix":1,"mn":"ADBE Vector Group","hd":false}],"ip":0,"op":120,"st":0,"bm":0},{"ddd":0,"ind":20,"ty":4,"nm":"Bandana","parent":21,"sr":1,"ks":{"o":{"a":0,"k":100,"ix":11},"r":{"a":0,"k":0,"ix":10},"p":{"a":0,"k":[0,0,0],"ix":2},"a":{"a":0,"k":[0,0,0],"ix":1},"s":{"a":0,"k":[100,100,100],"ix":6}},"ao":0,"shapes":[{"ty":"gr","it":[{"ind":0,"ty":"sh","ix":1,"ks":{"a":0,"k":{"i":[[0,0],[75.614,72.569]],"o":[[0,0],[0,0]],"v":[[5.529,-9.925],[-125.881,-94.249]],"c":false},"ix":2},"nm":"Path 1","mn":"ADBE Vector Shape - Group","hd":false},{"ty":"st","c":{"a":0,"k":[0,0,0,1],"ix":3},"o":{"a":0,"k":100,"ix":4},"w":{"a":0,"k":3.467,"ix":5},"lc":2,"lj":2,"bm":0,"nm":"Stroke 1","mn":"ADBE Vector Graphic - Stroke","hd":false},{"ty":"fl","c":{"a":0,"k":[0.878431379795,0.298039227724,0.643137276173,1],"ix":4},"o":{"a":0,"k":100,"ix":5},"r":1,"bm":0,"nm":"Fill 1","mn":"ADBE Vector Graphic - Fill","hd":false},{"ty":"tr","p":{"a":0,"k":[0,0],"ix":2},"a":{"a":0,"k":[0,0],"ix":1},"s":{"a":0,"k":[100,100],"ix":3},"r":{"a":0,"k":0,"ix":6},"o":{"a":0,"k":100,"ix":7},"sk":{"a":0,"k":0,"ix":4},"sa":{"a":0,"k":0,"ix":5},"nm":"Transform"}],"nm":"Group 3","np":3,"cix":2,"bm":0,"ix":3,"mn":"ADBE Vector Group","hd":false},{"ty":"gr","it":[{"ind":0,"ty":"sh","ix":1,"ks":{"a":0,"k":{"i":[[299.054,53.964],[2.216,-39.027],[-2.355,-30.612],[-222.525,-24.725]],"o":[[0,0],[0,0],[0,0],[0,0]],"v":[[-88.205,-120.703],[-125.881,-94.249],[-143.542,-54.574],[149.626,97.308]],"c":true},"ix":2},"nm":"Path 1","mn":"ADBE Vector Shape - Group","hd":false},{"ty":"st","c":{"a":0,"k":[0,0,0,1],"ix":3},"o":{"a":0,"k":100,"ix":4},"w":{"a":0,"k":3.467,"ix":5},"lc":2,"lj":2,"bm":0,"nm":"Stroke 1","mn":"ADBE Vector Graphic - Stroke","hd":false},{"ty":"fl","c":{"a":0,"k":[0.878431379795,0.298039227724,0.643137276173,1],"ix":4},"o":{"a":0,"k":100,"ix":5},"r":1,"bm":0,"nm":"Fill 1","mn":"ADBE Vector Graphic - Fill","hd":false},{"ty":"tr","p":{"a":0,"k":[0,0],"ix":2},"a":{"a":0,"k":[0,0],"ix":1},"s":{"a":0,"k":[100,100],"ix":3},"r":{"a":0,"k":0,"ix":6},"o":{"a":0,"k":100,"ix":7},"sk":{"a":0,"k":0,"ix":4},"sa":{"a":0,"k":0,"ix":5},"nm":"Transform"}],"nm":"Group 4","np":3,"cix":2,"bm":0,"ix":4,"mn":"ADBE Vector Group","hd":false}],"ip":0,"op":120,"st":0,"bm":0},{"ddd":0,"ind":21,"ty":4,"nm":"TORSO","parent":2,"sr":1,"ks":{"o":{"a":0,"k":100,"ix":11},"r":{"a":0,"k":0,"ix":10},"p":{"a":0,"k":[-13.369,232.706,0],"ix":2},"a":{"a":0,"k":[-13.369,232.706,0],"ix":1},"s":{"a":1,"k":[{"i":{"x":[0.13,0.198,0.833],"y":[1,1,1]},"o":{"x":[0.666,0.67,0.333],"y":[0,0,0]},"t":0,"s":[100,100,100]},{"i":{"x":[0.492,0.489,0.667],"y":[1,1,1]},"o":{"x":[0.902,0.921,0.167],"y":[0,0,0]},"t":30.721,"s":[98,102,100]},{"i":{"x":[0.425,0.438,0.667],"y":[1,1,1]},"o":{"x":[0.624,0.643,0.333],"y":[0,0,0]},"t":57.6,"s":[102,98,100]},{"t":72.9609375,"s":[100,100,100]}],"ix":6}},"ao":0,"shapes":[{"ty":"gr","it":[{"ind":0,"ty":"sh","ix":1,"ks":{"a":0,"k":{"i":[[264.424,59.023],[3.403,-34.685],[-0.977,-27.355],[-197.321,-30.174]],"o":[[0,0],[0,0],[0,0],[0,0]],"v":[[-77.9,-91.584],[-112.431,-69.398],[-129.616,-34.702],[125.978,111.331]],"c":true},"ix":2},"nm":"Path 1","mn":"ADBE Vector Shape - Group","hd":false},{"ty":"fl","c":{"a":0,"k":[0.647058844566,0.635294139385,0.517647087574,1],"ix":4},"o":{"a":0,"k":100,"ix":5},"r":1,"bm":0,"nm":"Fill 1","mn":"ADBE Vector Graphic - Fill","hd":false},{"ty":"tr","p":{"a":0,"k":[0,0],"ix":2},"a":{"a":0,"k":[0,0],"ix":1},"s":{"a":0,"k":[100,100],"ix":3},"r":{"a":0,"k":0,"ix":6},"o":{"a":0,"k":100,"ix":7},"sk":{"a":0,"k":0,"ix":4},"sa":{"a":0,"k":0,"ix":5},"nm":"Transform"}],"nm":"Group 1","np":2,"cix":2,"bm":0,"ix":1,"mn":"ADBE Vector Group","hd":false},{"ty":"gr","it":[{"ind":0,"ty":"sh","ix":1,"ks":{"a":0,"k":{"i":[[6.597,0],[0,0],[0,2.638],[0,0],[-9.357,0],[0,0],[0,-123.625],[13.408,-17.706]],"o":[[0,0],[-2.638,0],[0,0],[0,-9.357],[0,0],[0,0],[0,81.305],[-3.982,5.259]],"v":[[81.041,232.706],[-126.992,232.706],[-131.768,227.931],[-131.768,-44.696],[-114.826,-61.638],[14.227,-61.638],[139.03,78.84],[97.827,224.361]],"c":true},"ix":2},"nm":"Path 1","mn":"ADBE Vector Shape - Group","hd":false},{"ty":"st","c":{"a":0,"k":[0,0,0,1],"ix":3},"o":{"a":0,"k":100,"ix":4},"w":{"a":0,"k":3.467,"ix":5},"lc":1,"lj":1,"ml":10,"bm":0,"nm":"Stroke 1","mn":"ADBE Vector Graphic - Stroke","hd":false},{"ty":"fl","c":{"a":0,"k":[0.847058832645,0.823529422283,0.662745118141,1],"ix":4},"o":{"a":0,"k":100,"ix":5},"r":1,"bm":0,"nm":"Fill 1","mn":"ADBE Vector Graphic - Fill","hd":false},{"ty":"tr","p":{"a":0,"k":[0,0],"ix":2},"a":{"a":0,"k":[0,0],"ix":1},"s":{"a":0,"k":[100,100],"ix":3},"r":{"a":0,"k":0,"ix":6},"o":{"a":0,"k":100,"ix":7},"sk":{"a":0,"k":0,"ix":4},"sa":{"a":0,"k":0,"ix":5},"nm":"Transform"}],"nm":"Group 2","np":3,"cix":2,"bm":0,"ix":2,"mn":"ADBE Vector Group","hd":false}],"ip":0,"op":120,"st":0,"bm":0},{"ddd":0,"ind":22,"ty":4,"nm":"Weist","parent":21,"sr":1,"ks":{"o":{"a":0,"k":100,"ix":11},"r":{"a":0,"k":0,"ix":10},"p":{"a":0,"k":[0,0,0],"ix":2},"a":{"a":0,"k":[0,0,0],"ix":1},"s":{"a":0,"k":[100,100,100],"ix":6}},"ao":0,"shapes":[{"ty":"gr","it":[{"ind":0,"ty":"sh","ix":1,"ks":{"a":0,"k":{"i":[[0,0],[0,0],[-11.271,0],[0,0],[0,-11.271],[0,0]],"o":[[0,0],[0,-11.271],[0,0],[11.271,0],[0,0],[0,0]],"v":[[-131.586,276.247],[-131.586,219.222],[-111.178,198.814],[65.328,198.814],[85.736,219.222],[85.736,276.247]],"c":false},"ix":2},"nm":"Path 1","mn":"ADBE Vector Shape - Group","hd":false},{"ty":"st","c":{"a":0,"k":[0,0,0,1],"ix":3},"o":{"a":0,"k":100,"ix":4},"w":{"a":0,"k":3.467,"ix":5},"lc":2,"lj":2,"bm":0,"nm":"Stroke 1","mn":"ADBE Vector Graphic - Stroke","hd":false},{"ty":"tr","p":{"a":0,"k":[0,0],"ix":2},"a":{"a":0,"k":[0,0],"ix":1},"s":{"a":0,"k":[100,100],"ix":3},"r":{"a":0,"k":0,"ix":6},"o":{"a":0,"k":100,"ix":7},"sk":{"a":0,"k":0,"ix":4},"sa":{"a":0,"k":0,"ix":5},"nm":"Transform"}],"nm":"Group 1","np":2,"cix":2,"bm":0,"ix":1,"mn":"ADBE Vector Group","hd":false},{"ty":"gr","it":[{"ind":0,"ty":"sh","ix":1,"ks":{"a":0,"k":{"i":[[0,0],[0,0],[0,0],[-11.271,0],[0,0],[0,-11.271]],"o":[[0,0],[0,0],[0,-11.271],[0,0],[11.271,0],[0,0]],"v":[[85.736,276.247],[-131.586,276.247],[-131.586,219.222],[-111.178,198.814],[65.328,198.814],[85.736,219.222]],"c":true},"ix":2},"nm":"Path 1","mn":"ADBE Vector Shape - Group","hd":false},{"ty":"fl","c":{"a":0,"k":[0.329411774874,0.411764711142,0.498039215803,1],"ix":4},"o":{"a":0,"k":100,"ix":5},"r":1,"bm":0,"nm":"Fill 1","mn":"ADBE Vector Graphic - Fill","hd":false},{"ty":"tr","p":{"a":0,"k":[0,0],"ix":2},"a":{"a":0,"k":[0,0],"ix":1},"s":{"a":0,"k":[100,100],"ix":3},"r":{"a":0,"k":0,"ix":6},"o":{"a":0,"k":100,"ix":7},"sk":{"a":0,"k":0,"ix":4},"sa":{"a":0,"k":0,"ix":5},"nm":"Transform"}],"nm":"Group 2","np":2,"cix":2,"bm":0,"ix":2,"mn":"ADBE Vector Group","hd":false}],"ip":0,"op":120,"st":0,"bm":0},{"ddd":0,"ind":23,"ty":4,"nm":"L_Arm","parent":21,"sr":1,"ks":{"o":{"a":0,"k":100,"ix":11},"r":{"a":1,"k":[{"i":{"x":[0.418],"y":[1]},"o":{"x":[0.463],"y":[0]},"t":2,"s":[0]},{"i":{"x":[0.598],"y":[1]},"o":{"x":[0.695],"y":[0]},"t":33,"s":[12]},{"i":{"x":[0.667],"y":[1]},"o":{"x":[0.333],"y":[0]},"t":60,"s":[-4]},{"i":{"x":[0.667],"y":[1]},"o":{"x":[0.333],"y":[0]},"t":75,"s":[2]},{"t":88,"s":[0]}],"ix":10},"p":{"a":0,"k":[-99.684,14.275,0],"ix":2},"a":{"a":0,"k":[-99.684,14.275,0],"ix":1},"s":{"a":0,"k":[100,100,100],"ix":6}},"ao":0,"shapes":[{"ty":"gr","it":[{"ind":0,"ty":"sh","ix":1,"ks":{"a":0,"k":{"i":[[-10.055,18.314],[13.85,11.738],[0,0],[12.919,-18.186],[9.698,-21.638],[0.382,-0.861],[0,0]],"o":[[8.737,-15.914],[0,0],[-17.019,-14.422],[-10.28,14.471],[-0.384,0.856],[0,0],[1.523,-25.2]],"v":[[-61.511,32.445],[-70.273,-15.06],[-70.273,-15.06],[-125.979,-8.154],[-157.608,46.68],[-158.757,49.257],[-89.659,101.042]],"c":true},"ix":2},"nm":"Path 1","mn":"ADBE Vector Shape - Group","hd":false},{"ty":"st","c":{"a":0,"k":[0,0,0,1],"ix":3},"o":{"a":0,"k":100,"ix":4},"w":{"a":0,"k":3.467,"ix":5},"lc":1,"lj":1,"ml":10,"bm":0,"nm":"Stroke 1","mn":"ADBE Vector Graphic - Stroke","hd":false},{"ty":"fl","c":{"a":0,"k":[0.847058832645,0.823529422283,0.662745118141,1],"ix":4},"o":{"a":0,"k":100,"ix":5},"r":1,"bm":0,"nm":"Fill 1","mn":"ADBE Vector Graphic - Fill","hd":false},{"ty":"tr","p":{"a":0,"k":[0,0],"ix":2},"a":{"a":0,"k":[0,0],"ix":1},"s":{"a":0,"k":[100,100],"ix":3},"r":{"a":0,"k":0,"ix":6},"o":{"a":0,"k":100,"ix":7},"sk":{"a":0,"k":0,"ix":4},"sa":{"a":0,"k":0,"ix":5},"nm":"Transform"}],"nm":"Group 1","np":3,"cix":2,"bm":0,"ix":1,"mn":"ADBE Vector Group","hd":false},{"ty":"gr","it":[{"ind":0,"ty":"sh","ix":1,"ks":{"a":0,"k":{"i":[[0,0],[12.919,-18.186],[9.698,-21.638],[-106.929,-45.394],[0,0],[0.785,56.514],[-10.654,19.406],[13.85,11.737]],"o":[[-17.019,-14.423],[-10.28,14.471],[-23.217,51.805],[0,0],[0,0],[-0.371,-26.692],[8.737,-15.914],[0,0]],"v":[[-70.273,-15.06],[-125.979,-8.154],[-157.608,46.68],[-80.806,260.094],[-21.294,227.336],[-89.775,105.549],[-61.511,32.445],[-70.273,-15.06]],"c":true},"ix":2},"nm":"Path 1","mn":"ADBE Vector Shape - Group","hd":false},{"ty":"st","c":{"a":0,"k":[0,0,0,1],"ix":3},"o":{"a":0,"k":100,"ix":4},"w":{"a":0,"k":3.467,"ix":5},"lc":1,"lj":1,"ml":10,"bm":0,"nm":"Stroke 1","mn":"ADBE Vector Graphic - Stroke","hd":false},{"ty":"fl","c":{"a":0,"k":[0.349019616842,0.501960813999,0.847058832645,1],"ix":4},"o":{"a":0,"k":100,"ix":5},"r":1,"bm":0,"nm":"Fill 1","mn":"ADBE Vector Graphic - Fill","hd":false},{"ty":"tr","p":{"a":0,"k":[0,0],"ix":2},"a":{"a":0,"k":[0,0],"ix":1},"s":{"a":0,"k":[100,100],"ix":3},"r":{"a":0,"k":0,"ix":6},"o":{"a":0,"k":100,"ix":7},"sk":{"a":0,"k":0,"ix":4},"sa":{"a":0,"k":0,"ix":5},"nm":"Transform"}],"nm":"Group 2","np":3,"cix":2,"bm":0,"ix":2,"mn":"ADBE Vector Group","hd":false}],"ip":0,"op":120,"st":0,"bm":0}]}],"layers":[{"ddd":0,"ind":1,"ty":0,"nm":"03_Graggle_Flex_v2","refId":"comp_0","sr":1,"ks":{"o":{"a":0,"k":100,"ix":11},"r":{"a":0,"k":0,"ix":10},"p":{"a":0,"k":[160,160,0],"ix":2},"a":{"a":0,"k":[400,400,0],"ix":1},"s":{"a":0,"k":[40,40,100],"ix":6}},"ao":0,"w":800,"h":800,"ip":0,"op":120,"st":0,"bm":0}],"markers":[]}