{"v":"5.6.2","fr":60,"ip":0,"op":120,"w":320,"h":320,"nm":"21_Graggle_Ready","ddd":0,"assets":[{"id":"comp_0","layers":[{"ddd":0,"ind":1,"ty":3,"nm":"Null 2","sr":1,"ks":{"o":{"a":0,"k":0,"ix":11},"r":{"a":0,"k":0,"ix":10},"p":{"a":0,"k":[381,496.335,0],"ix":2},"a":{"a":0,"k":[0,0,0],"ix":1},"s":{"a":0,"k":[140,140,100],"ix":6}},"ao":0,"ip":0,"op":120,"st":0,"bm":0},{"ddd":0,"ind":2,"ty":4,"nm":"L_Arm 2","parent":18,"sr":1,"ks":{"o":{"a":0,"k":100,"ix":11},"r":{"a":1,"k":[{"i":{"x":[0],"y":[1]},"o":{"x":[0.17],"y":[0]},"t":4,"s":[-81]},{"i":{"x":[0.13],"y":[1]},"o":{"x":[0.17],"y":[0]},"t":28,"s":[13]},{"i":{"x":[0.13],"y":[1]},"o":{"x":[0.167],"y":[0]},"t":34.4,"s":[-3]},{"t":40,"s":[0]}],"ix":10},"p":{"a":0,"k":[234.081,33.44,0],"ix":2},"a":{"a":0,"k":[234.081,33.44,0],"ix":1},"s":{"a":0,"k":[100,100,100],"ix":6}},"ao":0,"shapes":[{"ty":"gr","it":[{"ind":0,"ty":"sh","ix":1,"ks":{"a":1,"k":[{"i":{"x":0,"y":1},"o":{"x":0.17,"y":0},"t":7,"s":[{"i":[[0,0],[0,0]],"o":[[0,0],[0,0]],"v":[[128.48,-132.494],[177.38,-117.255]],"c":false}]},{"i":{"x":0.13,"y":1},"o":{"x":0.17,"y":0},"t":32,"s":[{"i":[[0,0],[0,0]],"o":[[0,0],[0,0]],"v":[[157.449,-161.345],[194.381,-125.855]],"c":false}]},{"i":{"x":0.13,"y":1},"o":{"x":0.167,"y":0},"t":38,"s":[{"i":[[0,0],[0,0]],"o":[[0,0],[0,0]],"v":[[133.647,-146.229],[176.955,-118.88]],"c":false}]},{"t":44,"s":[{"i":[[0,0],[0,0]],"o":[[0,0],[0,0]],"v":[[138.132,-151.582],[179.248,-121.038]],"c":false}]}],"ix":2},"nm":"Path 1","mn":"ADBE Vector Shape - Group","hd":false},{"ty":"st","c":{"a":0,"k":[0,0,0,1],"ix":3},"o":{"a":0,"k":100,"ix":4},"w":{"a":0,"k":1.5,"ix":5},"lc":2,"lj":2,"bm":0,"nm":"Stroke 1","mn":"ADBE Vector Graphic - Stroke","hd":false},{"ty":"tr","p":{"a":0,"k":[0,0],"ix":2},"a":{"a":0,"k":[0,0],"ix":1},"s":{"a":0,"k":[100,100],"ix":3},"r":{"a":0,"k":0,"ix":6},"o":{"a":0,"k":100,"ix":7},"sk":{"a":0,"k":0,"ix":4},"sa":{"a":0,"k":0,"ix":5},"nm":"Transform"}],"nm":"Group 1","np":2,"cix":2,"bm":0,"ix":1,"mn":"ADBE Vector Group","hd":false},{"ty":"gr","it":[{"ind":0,"ty":"sh","ix":1,"ks":{"a":1,"k":[{"i":{"x":0,"y":1},"o":{"x":0.17,"y":0},"t":7,"s":[{"i":[[0,0],[0,0]],"o":[[0,0],[0,0]],"v":[[195.238,-112.257],[207.085,-117.631]],"c":false}]},{"i":{"x":0.13,"y":1},"o":{"x":0.17,"y":0},"t":32,"s":[{"i":[[0,0],[0,0]],"o":[[0,0],[0,0]],"v":[[208.122,-113.403],[221.122,-112.915]],"c":false}]},{"i":{"x":0.13,"y":1},"o":{"x":0.167,"y":0},"t":38,"s":[{"i":[[0,0],[0,0]],"o":[[0,0],[0,0]],"v":[[192.917,-109.442],[205.75,-111.575]],"c":false}]},{"t":44,"s":[{"i":[[0,0],[0,0]],"o":[[0,0],[0,0]],"v":[[194.451,-110.419],[207.408,-111.576]],"c":false}]}],"ix":2},"nm":"Path 1","mn":"ADBE Vector Shape - Group","hd":false},{"ty":"st","c":{"a":0,"k":[0,0,0,1],"ix":3},"o":{"a":0,"k":100,"ix":4},"w":{"a":0,"k":1.5,"ix":5},"lc":2,"lj":2,"bm":0,"nm":"Stroke 1","mn":"ADBE Vector Graphic - Stroke","hd":false},{"ty":"tr","p":{"a":0,"k":[0,0],"ix":2},"a":{"a":0,"k":[0,0],"ix":1},"s":{"a":0,"k":[100,100],"ix":3},"r":{"a":0,"k":0,"ix":6},"o":{"a":0,"k":100,"ix":7},"sk":{"a":0,"k":0,"ix":4},"sa":{"a":0,"k":0,"ix":5},"nm":"Transform"}],"nm":"Group 2","np":2,"cix":2,"bm":0,"ix":2,"mn":"ADBE Vector Group","hd":false},{"ty":"gr","it":[{"ind":0,"ty":"sh","ix":1,"ks":{"a":1,"k":[{"i":{"x":0,"y":1},"o":{"x":0.17,"y":0},"t":7,"s":[{"i":[[0,0],[0.876,-3.413]],"o":[[0,0],[0,0]],"v":[[204.501,-125.011],[191.65,-106.013]],"c":false}]},{"i":{"x":0.13,"y":1},"o":{"x":0.17,"y":0},"t":32,"s":[{"i":[[0,0],[2.309,-2.662]],"o":[[0,0],[0,0]],"v":[[222.109,-120.671],[202.122,-109.421]],"c":false}]},{"i":{"x":0.13,"y":1},"o":{"x":0.167,"y":0},"t":38,"s":[{"i":[[0,0],[1.727,-3.072]],"o":[[0,0],[0,0]],"v":[[205.159,-119.371],[187.839,-104.336]],"c":false}]},{"t":44,"s":[{"i":[[0,0],[1.955,-2.932]],"o":[[0,0],[0,0]],"v":[[207.408,-119.395],[189.001,-105.712]],"c":false}]}],"ix":2},"nm":"Path 1","mn":"ADBE Vector Shape - Group","hd":false},{"ty":"st","c":{"a":0,"k":[0,0,0,1],"ix":3},"o":{"a":0,"k":100,"ix":4},"w":{"a":0,"k":1.5,"ix":5},"lc":2,"lj":2,"bm":0,"nm":"Stroke 1","mn":"ADBE Vector Graphic - Stroke","hd":false},{"ty":"tr","p":{"a":0,"k":[0,0],"ix":2},"a":{"a":0,"k":[0,0],"ix":1},"s":{"a":0,"k":[100,100],"ix":3},"r":{"a":0,"k":0,"ix":6},"o":{"a":0,"k":100,"ix":7},"sk":{"a":0,"k":0,"ix":4},"sa":{"a":0,"k":0,"ix":5},"nm":"Transform"}],"nm":"Group 3","np":2,"cix":2,"bm":0,"ix":3,"mn":"ADBE Vector Group","hd":false},{"ty":"gr","it":[{"ind":0,"ty":"sh","ix":1,"ks":{"a":1,"k":[{"i":{"x":0,"y":1},"o":{"x":0.17,"y":0},"t":7,"s":[{"i":[[0,0],[0,0],[1.914,-4.434],[-8.811,-6.925],[-2.828,3.752],[7.212,6.795]],"o":[[0,0],[0,0],[0,0],[8.811,6.925],[2.828,-3.752],[0,0]],"v":[[181.516,-145.975],[183.077,-141.516],[168.428,-120.302],[174.851,-92.553],[196.46,-94.424],[195.212,-112.282]],"c":false}]},{"i":{"x":0.13,"y":1},"o":{"x":0.17,"y":0},"t":32,"s":[{"i":[[0,0],[0,0],[3.694,-3.111],[-4.786,-10.133],[-4.207,2.092],[3.414,9.302]],"o":[[0,0],[0,0],[0,0],[4.786,10.133],[4.207,-2.092],[0,0]],"v":[[210.918,-149.698],[210.322,-145.012],[187.735,-132.582],[181.078,-104.889],[201.245,-96.904],[208.111,-113.437]],"c":false}]},{"i":{"x":0.13,"y":1},"o":{"x":0.167,"y":0},"t":38,"s":[{"i":[[0,0],[0,0],[2.994,-3.789],[-6.724,-8.965],[-3.701,2.894],[5.213,8.426]],"o":[[0,0],[0,0],[0,0],[6.724,8.965],[3.701,-2.894],[0,0]],"v":[[188.366,-145.559],[188.723,-140.848],[169.094,-124.135],[168.134,-95.669],[189.494,-91.898],[192.899,-109.473]],"c":false}]},{"t":44,"s":[{"i":[[0,0],[0,0],[3.272,-3.552],[-6.027,-9.448],[-3.91,2.606],[4.561,8.796]],"o":[[0,0],[0,0],[0,0],[6.027,9.448],[3.91,-2.606],[0,0]],"v":[[192.644,-146.777],[192.644,-142.053],[171.807,-126.872],[168.698,-98.56],[189.712,-93.185],[194.436,-110.452]],"c":false}]}],"ix":2},"nm":"Path 1","mn":"ADBE Vector Shape - Group","hd":false},{"ty":"st","c":{"a":0,"k":[0,0,0,1],"ix":3},"o":{"a":0,"k":100,"ix":4},"w":{"a":0,"k":1.5,"ix":5},"lc":2,"lj":2,"bm":0,"nm":"Stroke 1","mn":"ADBE Vector Graphic - Stroke","hd":false},{"ty":"fl","c":{"a":0,"k":[0.54509806633,0.290196090937,0.243137255311,1],"ix":4},"o":{"a":0,"k":100,"ix":5},"r":1,"bm":0,"nm":"Fill 1","mn":"ADBE Vector Graphic - Fill","hd":false},{"ty":"tr","p":{"a":0,"k":[0,0],"ix":2},"a":{"a":0,"k":[0,0],"ix":1},"s":{"a":0,"k":[100,100],"ix":3},"r":{"a":0,"k":0,"ix":6},"o":{"a":0,"k":100,"ix":7},"sk":{"a":0,"k":0,"ix":4},"sa":{"a":0,"k":0,"ix":5},"nm":"Transform"}],"nm":"Group 4","np":3,"cix":2,"bm":0,"ix":4,"mn":"ADBE Vector Group","hd":false},{"ty":"gr","it":[{"ind":0,"ty":"sh","ix":1,"ks":{"a":1,"k":[{"i":{"x":0,"y":1},"o":{"x":0.17,"y":0},"t":7,"s":[{"i":[[0,0],[-0.252,-0.988],[0.113,-0.158],[2.429,-6.091],[-0.026,-0.59],[-3.604,-6.384]],"o":[[0.642,0.721],[0.048,0.188],[-1.273,1.784],[-0.219,0.549],[0.163,3.639],[0,0]],"v":[[158.894,-151.609],[160.631,-146.733],[160.532,-146.196],[148.908,-127.103],[148.619,-125.384],[153.247,-100.921]],"c":false}]},{"i":{"x":0.13,"y":1},"o":{"x":0.17,"y":0},"t":32,"s":[{"i":[[0,0],[0.216,-0.996],[0.171,-0.091],[4.895,-4.363],[0.24,-0.54],[-0.37,-7.321]],"o":[[0.252,0.931],[-0.041,0.189],[-1.936,1.027],[-0.441,0.393],[-1.481,3.328],[0,0]],"v":[[193.2,-164.85],[192.574,-159.711],[192.245,-159.275],[173.313,-147.391],[172.286,-145.983],[165.493,-122.031]],"c":false}]},{"i":{"x":0.13,"y":1},"o":{"x":0.167,"y":0},"t":38,"s":[{"i":[[0,0],[0.012,-1.019],[0.149,-0.123],[3.919,-5.257],[0.127,-0.577],[-1.833,-7.098]],"o":[[0.434,0.862],[-0.002,0.194],[-1.69,1.395],[-0.353,0.474],[-0.782,3.557],[0,0]],"v":[[167.966,-156.843],[168.385,-151.683],[168.15,-151.19],[151.99,-135.746],[151.268,-134.159],[149.424,-109.331]],"c":false}]},{"t":44,"s":[{"i":[[0,0],[0.089,-1.015],[0.158,-0.112],[4.305,-4.946],[0.17,-0.566],[-1.291,-7.216]],"o":[[0.368,0.892],[-0.017,0.193],[-1.791,1.264],[-0.388,0.446],[-1.049,3.488],[0,0]],"v":[[173.155,-159.571],[173.183,-154.395],[172.912,-153.921],[155.63,-139.742],[154.79,-138.215],[151.074,-113.598]],"c":false}]}],"ix":2},"nm":"Path 1","mn":"ADBE Vector Shape - Group","hd":false},{"ty":"st","c":{"a":0,"k":[0,0,0,1],"ix":3},"o":{"a":0,"k":100,"ix":4},"w":{"a":0,"k":1.5,"ix":5},"lc":2,"lj":2,"bm":0,"nm":"Stroke 1","mn":"ADBE Vector Graphic - Stroke","hd":false},{"ty":"tr","p":{"a":0,"k":[0,0],"ix":2},"a":{"a":0,"k":[0,0],"ix":1},"s":{"a":0,"k":[100,100],"ix":3},"r":{"a":0,"k":0,"ix":6},"o":{"a":0,"k":100,"ix":7},"sk":{"a":0,"k":0,"ix":4},"sa":{"a":0,"k":0,"ix":5},"nm":"Transform"}],"nm":"Group 5","np":2,"cix":2,"bm":0,"ix":5,"mn":"ADBE Vector Group","hd":false},{"ty":"gr","it":[{"ind":0,"ty":"sh","ix":1,"ks":{"a":1,"k":[{"i":{"x":0,"y":1},"o":{"x":0.17,"y":0},"t":7,"s":[{"i":[[0,0],[0,0],[0.158,-0.228],[3.113,-5.068],[-0.965,-3.995],[-1.673,-4.851],[-2.705,-0.693],[0,0]],"o":[[0,0],[0.092,0.262],[-1.089,1.575],[-2.152,3.502],[1.2,4.969],[0.91,2.639],[0,0],[0,0]],"v":[[137.571,-157.684],[139.391,-152.488],[139.29,-151.713],[130.63,-138.588],[128.78,-126.885],[133.501,-109.823],[139.297,-104.494],[178.948,-94.341]],"c":false}]},{"i":{"x":0.13,"y":1},"o":{"x":0.17,"y":0},"t":32,"s":[{"i":[[0,0],[0,0],[0.243,-0.134],[5.05,-3.142],[0.923,-4.005],[0.672,-5.087],[-2.11,-1.828],[0,0]],"o":[[0,0],[-0.035,0.276],[-1.679,0.922],[-3.49,2.171],[-1.148,4.981],[-0.366,2.768],[0,0],[0,0]],"v":[[176.841,-179.814],[176.146,-174.353],[175.71,-173.705],[162.096,-165.835],[155.211,-156.193],[151.807,-138.82],[154.61,-131.462],[185.542,-104.657]],"c":false}]},{"i":{"x":0.13,"y":1},"o":{"x":0.167,"y":0},"t":38,"s":[{"i":[[0,0],[0,0],[0.212,-0.18],[4.316,-4.092],[0.1,-4.109],[-0.364,-5.118],[-2.434,-1.367],[0,0]],"o":[[0,0],[0.021,0.277],[-1.459,1.241],[-2.983,2.828],[-0.124,5.11],[0.198,2.785],[0,0],[0,0]],"v":[[148.934,-168.217],[149.35,-162.727],[149.053,-162.005],[137.298,-151.561],[132.489,-140.732],[132.644,-123.029],[136.869,-116.384],[172.554,-96.338]],"c":false}]},{"t":44,"s":[{"i":[[0,0],[0,0],[0.225,-0.163],[4.613,-3.754],[0.41,-4.09],[0.024,-5.131],[-2.324,-1.548],[0,0]],"o":[[0,0],[0,0.278],[-1.549,1.127],[-3.188,2.594],[-0.51,5.086],[-0.013,2.792],[0,0],[0,0]],"v":[[155.038,-172.352],[155.038,-166.846],[154.687,-166.149],[142.175,-156.623],[136.562,-146.189],[135.378,-128.525],[139.088,-121.58],[173.155,-98.893]],"c":false}]}],"ix":2},"nm":"Path 1","mn":"ADBE Vector Shape - Group","hd":false},{"ty":"st","c":{"a":0,"k":[0,0,0,1],"ix":3},"o":{"a":0,"k":100,"ix":4},"w":{"a":0,"k":1.5,"ix":5},"lc":2,"lj":2,"bm":0,"nm":"Stroke 1","mn":"ADBE Vector Graphic - Stroke","hd":false},{"ty":"fl","c":{"a":0,"k":[0.54509806633,0.290196090937,0.243137255311,1],"ix":4},"o":{"a":0,"k":100,"ix":5},"r":1,"bm":0,"nm":"Fill 1","mn":"ADBE Vector Graphic - Fill","hd":false},{"ty":"tr","p":{"a":0,"k":[0,0],"ix":2},"a":{"a":0,"k":[0,0],"ix":1},"s":{"a":0,"k":[100,100],"ix":3},"r":{"a":0,"k":0,"ix":6},"o":{"a":0,"k":100,"ix":7},"sk":{"a":0,"k":0,"ix":4},"sa":{"a":0,"k":0,"ix":5},"nm":"Transform"}],"nm":"Group 6","np":3,"cix":2,"bm":0,"ix":6,"mn":"ADBE Vector Group","hd":false},{"ty":"gr","it":[{"ind":0,"ty":"sh","ix":1,"ks":{"a":1,"k":[{"i":{"x":0,"y":1},"o":{"x":0.17,"y":0},"t":7,"s":[{"i":[[0,0],[-8.155,-4.392]],"o":[[0,0],[0,0]],"v":[[110.339,-139.715],[124.611,-136.13]],"c":false}]},{"i":{"x":0.13,"y":1},"o":{"x":0.17,"y":0},"t":32,"s":[{"i":[[0,0],[-5.332,-7.574]],"o":[[0,0],[0,0]],"v":[[144.449,-175.913],[155.613,-166.326]],"c":false}]},{"i":{"x":0.13,"y":1},"o":{"x":0.167,"y":0},"t":38,"s":[{"i":[[0,0],[-6.745,-6.348]],"o":[[0,0],[0,0]],"v":[[117.986,-157.888],[130.848,-150.739]],"c":false}]},{"t":44,"s":[{"i":[[0,0],[-6.245,-6.84]],"o":[[0,0],[0,0]],"v":[[123.397,-164.393],[135.682,-156.292]],"c":false}]}],"ix":2},"nm":"Path 1","mn":"ADBE Vector Shape - Group","hd":false},{"ty":"st","c":{"a":0,"k":[0,0,0,1],"ix":3},"o":{"a":0,"k":100,"ix":4},"w":{"a":0,"k":1.5,"ix":5},"lc":2,"lj":2,"bm":0,"nm":"Stroke 1","mn":"ADBE Vector Graphic - Stroke","hd":false},{"ty":"tr","p":{"a":0,"k":[0,0],"ix":2},"a":{"a":0,"k":[0,0],"ix":1},"s":{"a":0,"k":[100,100],"ix":3},"r":{"a":0,"k":0,"ix":6},"o":{"a":0,"k":100,"ix":7},"sk":{"a":0,"k":0,"ix":4},"sa":{"a":0,"k":0,"ix":5},"nm":"Transform"}],"nm":"Group 7","np":2,"cix":2,"bm":0,"ix":7,"mn":"ADBE Vector Group","hd":false},{"ty":"gr","it":[{"ind":0,"ty":"sh","ix":1,"ks":{"a":1,"k":[{"i":{"x":0,"y":1},"o":{"x":0.17,"y":0},"t":7,"s":[{"i":[[0,0],[3.841,0.605],[6.679,3.17],[-2.132,7.062],[-0.622,1.547],[-2.518,1.238]],"o":[[-2.573,2.65],[-6.036,-0.951],[-6.664,-3.164],[0.453,-1.499],[1.126,-2.798],[0,0]],"v":[[158.626,-79.663],[148.414,-76.28],[127.56,-82.168],[119.674,-99.905],[121.282,-104.515],[127.008,-110.695]],"c":false}]},{"i":{"x":0.13,"y":1},"o":{"x":0.17,"y":0},"t":32,"s":[{"i":[[0,0],[3.166,2.258],[4.557,5.821],[-5.064,5.365],[-1.248,1.105],[-2.806,-0.018]],"o":[[-3.486,1.22],[-4.974,-3.549],[-4.548,-5.809],[1.075,-1.139],[2.258,-2],[0,0]],"v":[[160.802,-100.61],[150.156,-102.149],[134.132,-116.737],[135.006,-136.128],[138.504,-139.533],[146.389,-142.502]],"c":false}]},{"i":{"x":0.13,"y":1},"o":{"x":0.167,"y":0},"t":38,"s":[{"i":[[0,0],[3.555,1.577],[5.634,4.787],[-3.883,6.272],[-1.001,1.334],[-2.752,0.546]],"o":[[-3.17,1.896],[-5.585,-2.477],[-5.622,-4.777],[0.824,-1.331],[1.81,-2.412],[0,0]],"v":[[149.131,-87.405],[138.392,-86.774],[119.765,-97.846],[116.726,-117.017],[119.47,-121.056],[126.597,-125.548]],"c":false}]},{"t":44,"s":[{"i":[[0,0],[3.425,1.841],[5.256,5.199],[-4.347,5.961],[-1.099,1.254],[-2.786,0.336]],"o":[[-3.304,1.651],[-5.382,-2.893],[-5.244,-5.188],[0.923,-1.265],[1.987,-2.269],[0,0]],"v":[[149.124,-91.756],[138.369,-91.939],[120.632,-104.388],[119.051,-123.734],[122.092,-127.554],[129.539,-131.494]],"c":false}]}],"ix":2},"nm":"Path 1","mn":"ADBE Vector Shape - Group","hd":false},{"ty":"st","c":{"a":0,"k":[0,0,0,1],"ix":3},"o":{"a":0,"k":100,"ix":4},"w":{"a":0,"k":3,"ix":5},"lc":2,"lj":2,"bm":0,"nm":"Stroke 1","mn":"ADBE Vector Graphic - Stroke","hd":false},{"ty":"tr","p":{"a":0,"k":[0,0],"ix":2},"a":{"a":0,"k":[0,0],"ix":1},"s":{"a":0,"k":[100,100],"ix":3},"r":{"a":0,"k":0,"ix":6},"o":{"a":0,"k":100,"ix":7},"sk":{"a":0,"k":0,"ix":4},"sa":{"a":0,"k":0,"ix":5},"nm":"Transform"}],"nm":"Group 8","np":2,"cix":2,"bm":0,"ix":8,"mn":"ADBE Vector Group","hd":false},{"ty":"gr","it":[{"ind":0,"ty":"sh","ix":1,"ks":{"a":1,"k":[{"i":{"x":0,"y":1},"o":{"x":0.17,"y":0},"t":7,"s":[{"i":[[0,0],[-5.877,-1.98],[0,0],[1.157,-5.557],[0.946,-2.685],[1.513,-1.273]],"o":[[2.315,-5.754],[0,0],[5.379,1.812],[-0.509,2.443],[-0.694,1.971],[0,0]],"v":[[121.282,-104.515],[135.834,-111.28],[155.921,-104.514],[163.332,-91.606],[161.184,-83.791],[157.781,-78.876]],"c":false}]},{"i":{"x":0.13,"y":1},"o":{"x":0.17,"y":0},"t":32,"s":[{"i":[[0,0],[-4.373,-4.398],[0,0],[3.519,-4.454],[2.046,-1.979],[1.923,-0.462]],"o":[[4.643,-4.112],[0,0],[4.002,4.025],[-1.547,1.958],[-1.502,1.453],[0,0]],"v":[[138.504,-139.533],[154.546,-139.081],[169.49,-124.049],[170.351,-109.19],[164.935,-103.159],[159.695,-100.284]],"c":false}]},{"i":{"x":0.13,"y":1},"o":{"x":0.167,"y":0},"t":38,"s":[{"i":[[0,0],[-5.167,-3.43],[0,0],[2.552,-5.07],[1.607,-2.35],[1.79,-0.839]],"o":[[3.722,-4.961],[0,0],[4.729,3.139],[-1.122,2.228],[-1.179,1.725],[0,0]],"v":[[119.47,-121.056],[135.275,-123.835],[152.934,-112.112],[156.762,-97.728],[152.668,-90.733],[148.112,-86.863]],"c":false}]},{"t":44,"s":[{"i":[[0,0],[-4.893,-3.811],[0,0],[2.928,-4.863],[1.78,-2.222],[1.849,-0.701]],"o":[[4.087,-4.665],[0,0],[4.478,3.488],[-1.287,2.137],[-1.306,1.631],[0,0]],"v":[[122.092,-127.554],[138.062,-129.13],[154.784,-116.105],[157.513,-101.473],[152.903,-94.807],[148.067,-91.293]],"c":false}]}],"ix":2},"nm":"Path 1","mn":"ADBE Vector Shape - Group","hd":false},{"ty":"st","c":{"a":0,"k":[0,0,0,1],"ix":3},"o":{"a":0,"k":100,"ix":4},"w":{"a":0,"k":1.5,"ix":5},"lc":2,"lj":2,"bm":0,"nm":"Stroke 1","mn":"ADBE Vector Graphic - Stroke","hd":false},{"ty":"tr","p":{"a":0,"k":[0,0],"ix":2},"a":{"a":0,"k":[0,0],"ix":1},"s":{"a":0,"k":[100,100],"ix":3},"r":{"a":0,"k":0,"ix":6},"o":{"a":0,"k":100,"ix":7},"sk":{"a":0,"k":0,"ix":4},"sa":{"a":0,"k":0,"ix":5},"nm":"Transform"}],"nm":"Group 9","np":2,"cix":2,"bm":0,"ix":9,"mn":"ADBE Vector Group","hd":false},{"ty":"gr","it":[{"ind":0,"ty":"sh","ix":1,"ks":{"a":1,"k":[{"i":{"x":0,"y":1},"o":{"x":0.17,"y":0},"t":7,"s":[{"i":[[1.157,-5.557],[0.946,-2.685],[5.504,0.868],[6.679,3.17],[-2.132,7.062],[-0.622,1.547],[-5.877,-1.98],[0,0]],"o":[[-0.509,2.443],[-1.851,5.256],[-6.036,-0.951],[-6.664,-3.164],[0.453,-1.499],[2.315,-5.754],[0,0],[5.379,1.812]],"v":[[163.332,-91.606],[161.184,-83.791],[148.414,-76.28],[127.56,-82.168],[119.674,-99.905],[121.282,-104.515],[135.834,-111.28],[155.921,-104.514]],"c":true}]},{"i":{"x":0.13,"y":1},"o":{"x":0.17,"y":0},"t":32,"s":[{"i":[[3.519,-4.454],[2.046,-1.979],[4.536,3.236],[4.557,5.821],[-5.064,5.365],[-1.248,1.105],[-4.373,-4.398],[0,0]],"o":[[-1.547,1.958],[-4.005,3.874],[-4.974,-3.549],[-4.548,-5.809],[1.075,-1.139],[4.643,-4.112],[0,0],[4.002,4.025]],"v":[[170.351,-109.19],[164.935,-103.159],[150.156,-102.149],[134.132,-116.737],[135.006,-136.128],[138.504,-139.533],[154.546,-139.081],[169.49,-124.049]],"c":true}]},{"i":{"x":0.13,"y":1},"o":{"x":0.167,"y":0},"t":38,"s":[{"i":[[2.552,-5.07],[1.607,-2.35],[5.094,2.259],[5.634,4.787],[-3.883,6.272],[-1.001,1.334],[-5.167,-3.43],[0,0]],"o":[[-1.122,2.228],[-3.145,4.6],[-5.585,-2.477],[-5.622,-4.777],[0.824,-1.331],[3.722,-4.961],[0,0],[4.729,3.139]],"v":[[156.762,-97.728],[152.668,-90.733],[138.392,-86.774],[119.765,-97.846],[116.726,-117.017],[119.47,-121.056],[135.275,-123.835],[152.934,-112.112]],"c":true}]},{"t":44,"s":[{"i":[[2.928,-4.863],[1.78,-2.222],[4.908,2.638],[5.256,5.199],[-4.347,5.961],[-1.099,1.254],[-4.893,-3.811],[0,0]],"o":[[-1.287,2.137],[-3.484,4.349],[-5.382,-2.893],[-5.244,-5.188],[0.923,-1.265],[4.087,-4.665],[0,0],[4.478,3.488]],"v":[[157.513,-101.473],[152.903,-94.807],[138.369,-91.939],[120.632,-104.388],[119.051,-123.734],[122.092,-127.554],[138.062,-129.13],[154.784,-116.105]],"c":true}]}],"ix":2},"nm":"Path 1","mn":"ADBE Vector Shape - Group","hd":false},{"ty":"fl","c":{"a":0,"k":[0.54509806633,0.290196090937,0.243137255311,1],"ix":4},"o":{"a":0,"k":100,"ix":5},"r":1,"bm":0,"nm":"Fill 1","mn":"ADBE Vector Graphic - Fill","hd":false},{"ty":"tr","p":{"a":0,"k":[0,0],"ix":2},"a":{"a":0,"k":[0,0],"ix":1},"s":{"a":0,"k":[100,100],"ix":3},"r":{"a":0,"k":0,"ix":6},"o":{"a":0,"k":100,"ix":7},"sk":{"a":0,"k":0,"ix":4},"sa":{"a":0,"k":0,"ix":5},"nm":"Transform"}],"nm":"Group 10","np":2,"cix":2,"bm":0,"ix":10,"mn":"ADBE Vector Group","hd":false},{"ty":"gr","it":[{"ind":0,"ty":"sh","ix":1,"ks":{"a":1,"k":[{"i":{"x":0,"y":1},"o":{"x":0.17,"y":0},"t":7,"s":[{"i":[[-6.43,-0.449],[0,0],[0,0],[0,0],[-6.954,-1.906],[0,0],[-55.21,51.494],[20.524,40.656],[7.173,5.492],[10.257,3.046],[2.215,1.222],[0,0],[3.938,-4.117],[3.95,-8.031],[-1.65,-5.038]],"o":[[0,0],[0,0],[0,0],[0,0],[0,0],[0,0],[0,0],[-4.071,-8.065],[-13.115,-10.04],[-2.425,-0.72],[0,0],[-4.989,-2.752],[0,0],[-3.95,8.031],[1.65,5.038]],"v":[[125.058,-111.197],[132.29,-109.728],[140.584,-107.66],[152.837,-80.828],[166.879,-77.444],[173.363,14.761],[286.716,9.51],[233.978,-121.037],[216.915,-141.634],[152.898,-166.216],[145.916,-169.131],[145.883,-169.15],[130.741,-166.833],[111.962,-144.255],[112.735,-126.99]],"c":true}]},{"i":{"x":0.13,"y":1},"o":{"x":0.17,"y":0},"t":32,"s":[{"i":[[-5.551,-3.275],[0,0],[0,0],[0,0],[-5.369,-4.813],[0,0],[-55.21,51.494],[15.229,42.921],[6.423,6.353],[7.814,7.309],[1.435,2.083],[0,0],[5.363,-1.923],[7.123,-5.418],[0.776,-5.245]],"o":[[0,0],[0,0],[0,0],[0,0],[0,0],[0,0],[0,0],[-3.021,-8.514],[-11.743,-11.615],[-1.847,-1.728],[0,0],[-3.233,-4.691],[0,0],[-7.123,5.418],[-0.776,5.245]],"v":[[144.869,-143.822],[150.682,-139.277],[157.177,-133.719],[156.145,-104.239],[176.491,-84.662],[173.363,14.761],[286.716,9.51],[248.673,-118.947],[234.346,-141.532],[194.365,-180.596],[189.422,-186.325],[189.401,-186.356],[174.82,-191.052],[147.93,-179.248],[140.904,-163.458]],"c":true}]},{"i":{"x":0.13,"y":1},"o":{"x":0.167,"y":0},"t":38,"s":[{"i":[[-6.096,-2.093],[0,0],[0,0],[0,0],[-5.933,-4.097],[0,0],[-55.21,51.494],[20.524,40.656],[7.173,5.492],[9.123,5.591],[1.825,1.752],[0,0],[4.867,-2.961],[5.89,-6.739],[-0.293,-5.294]],"o":[[0,0],[0,0],[0,0],[0,0],[0,0],[0,0],[0,0],[-4.071,-8.065],[-13.115,-10.04],[-2.157,-1.322],[0,0],[-4.109,-3.946],[0,0],[-5.89,6.739],[0.293,5.294]],"v":[[124.843,-126.536],[131.45,-123.251],[138.93,-119.111],[143.84,-90.025],[166.7,-77.916],[173.363,14.761],[286.716,9.51],[233.978,-121.037],[216.915,-141.634],[165.944,-172.502],[159.951,-177.122],[159.924,-177.148],[144.697,-178.819],[120.726,-161.855],[117.015,-144.975]],"c":true}]},{"t":44,"s":[{"i":[[-5.921,-2.548],[0,0],[0,0],[0,0],[-5.933,-4.097],[0,0],[-55.21,51.494],[20.524,40.656],[7.173,5.492],[8.674,6.265],[1.687,1.885],[0,0],[5.077,-2.585],[6.382,-6.274],[0.108,-5.301]],"o":[[0,0],[0,0],[0,0],[0,0],[0,0],[0,0],[0,0],[-4.071,-8.065],[-13.115,-10.04],[-2.051,-1.481],[0,0],[-3.799,-4.246],[0,0],[-6.382,6.274],[-0.108,5.301]],"v":[[127.865,-132.612],[134.205,-128.836],[141.349,-124.143],[144.046,-94.769],[166.7,-77.916],[173.363,14.761],[286.716,9.51],[233.978,-121.037],[216.915,-141.634],[172.324,-175.339],[166.697,-180.398],[166.672,-180.426],[151.615,-183.244],[126.429,-168.141],[121.453,-151.59]],"c":true}]}],"ix":2},"nm":"Path 1","mn":"ADBE Vector Shape - Group","hd":false},{"ty":"st","c":{"a":0,"k":[0,0,0,1],"ix":3},"o":{"a":0,"k":100,"ix":4},"w":{"a":0,"k":3,"ix":5},"lc":2,"lj":2,"bm":0,"nm":"Stroke 1","mn":"ADBE Vector Graphic - Stroke","hd":false},{"ty":"fl","c":{"a":0,"k":[0.54509806633,0.290196090937,0.243137255311,1],"ix":4},"o":{"a":0,"k":100,"ix":5},"r":1,"bm":0,"nm":"Fill 1","mn":"ADBE Vector Graphic - Fill","hd":false},{"ty":"tr","p":{"a":0,"k":[0,0],"ix":2},"a":{"a":0,"k":[0,0],"ix":1},"s":{"a":0,"k":[100,100],"ix":3},"r":{"a":0,"k":0,"ix":6},"o":{"a":0,"k":100,"ix":7},"sk":{"a":0,"k":0,"ix":4},"sa":{"a":0,"k":0,"ix":5},"nm":"Transform"}],"nm":"Group 11","np":3,"cix":2,"bm":0,"ix":11,"mn":"ADBE Vector Group","hd":false},{"ty":"gr","it":[{"ind":0,"ty":"sh","ix":1,"ks":{"a":1,"k":[{"i":{"x":0,"y":1},"o":{"x":0.17,"y":0},"t":7,"s":[{"i":[[0,0],[-17.593,40.684]],"o":[[0,0],[0,0]],"v":[[190.024,48.613],[188.024,-19.091]],"c":false}]},{"i":{"x":0.13,"y":1},"o":{"x":0.17,"y":0},"t":32,"s":[{"i":[[0,0],[-17.593,40.684]],"o":[[0,0],[0,0]],"v":[[190.024,48.613],[188.024,-19.091]],"c":false}]},{"i":{"x":0.13,"y":1},"o":{"x":0.167,"y":0},"t":38,"s":[{"i":[[0,0],[-17.593,40.684]],"o":[[0,0],[0,0]],"v":[[190.024,48.613],[188.024,-19.091]],"c":false}]},{"t":44,"s":[{"i":[[0,0],[-17.593,40.684]],"o":[[0,0],[0,0]],"v":[[190.024,48.613],[188.024,-19.091]],"c":false}]}],"ix":2},"nm":"Path 1","mn":"ADBE Vector Shape - Group","hd":false},{"ty":"st","c":{"a":0,"k":[0,0,0,1],"ix":3},"o":{"a":0,"k":100,"ix":4},"w":{"a":0,"k":3,"ix":5},"lc":2,"lj":2,"bm":0,"nm":"Stroke 1","mn":"ADBE Vector Graphic - Stroke","hd":false},{"ty":"tr","p":{"a":0,"k":[0,0],"ix":2},"a":{"a":0,"k":[0,0],"ix":1},"s":{"a":0,"k":[100,100],"ix":3},"r":{"a":0,"k":0,"ix":6},"o":{"a":0,"k":100,"ix":7},"sk":{"a":0,"k":0,"ix":4},"sa":{"a":0,"k":0,"ix":5},"nm":"Transform"}],"nm":"Group 12","np":2,"cix":2,"bm":0,"ix":12,"mn":"ADBE Vector Group","hd":false}],"ip":0,"op":120,"st":0,"bm":0},{"ddd":0,"ind":3,"ty":4,"nm":"R_Arm_Front","parent":19,"sr":1,"ks":{"o":{"a":0,"k":100,"ix":11},"r":{"a":1,"k":[{"i":{"x":[0.05],"y":[1]},"o":{"x":[0.22],"y":[0]},"t":4,"s":[34]},{"i":{"x":[0.13],"y":[1]},"o":{"x":[0.22],"y":[0]},"t":28,"s":[-7]},{"t":37,"s":[0]}],"ix":10},"p":{"a":0,"k":[-153,194,0],"ix":2},"a":{"a":0,"k":[-153,194,0],"ix":1},"s":{"a":0,"k":[100,100,100],"ix":6}},"ao":0,"shapes":[{"ty":"gr","it":[{"ind":0,"ty":"sh","ix":1,"ks":{"a":0,"k":{"i":[[0,0],[0,0],[0,-4.896],[0,0],[-4.006,-1.335],[0,0],[-0.56,-4.556],[0,0]],"o":[[0,0],[4.574,1.747],[0,0],[0,4.223],[0,0],[4.348,1.471],[0,0],[0,0]],"v":[[-92.283,98.016],[-85.091,100.763],[-77.496,111.794],[-77.496,112.231],[-70.788,121.537],[-70.55,121.618],[-62.522,131.477],[-62.264,133.578]],"c":false},"ix":2},"nm":"Path 1","mn":"ADBE Vector Shape - Group","hd":false},{"ty":"st","c":{"a":0,"k":[0,0,0,1],"ix":3},"o":{"a":0,"k":100,"ix":4},"w":{"a":0,"k":1.5,"ix":5},"lc":2,"lj":2,"bm":0,"nm":"Stroke 1","mn":"ADBE Vector Graphic - Stroke","hd":false},{"ty":"fl","c":{"a":0,"k":[0.54509806633,0.290196090937,0.243137255311,1],"ix":4},"o":{"a":0,"k":100,"ix":5},"r":1,"bm":0,"nm":"Fill 1","mn":"ADBE Vector Graphic - Fill","hd":false},{"ty":"tr","p":{"a":0,"k":[0,0],"ix":2},"a":{"a":0,"k":[0,0],"ix":1},"s":{"a":0,"k":[100,100],"ix":3},"r":{"a":0,"k":0,"ix":6},"o":{"a":0,"k":100,"ix":7},"sk":{"a":0,"k":0,"ix":4},"sa":{"a":0,"k":0,"ix":5},"nm":"Transform"}],"nm":"Group 1","np":3,"cix":2,"bm":0,"ix":1,"mn":"ADBE Vector Group","hd":false},{"ty":"gr","it":[{"ind":0,"ty":"sh","ix":1,"ks":{"a":0,"k":{"i":[[0,0],[0.321,-1.445],[-17.278,-19.198],[-37.423,10.819],[-0.986,1.146],[0,0],[0,0],[-0.576,6.916],[0,0],[10.373,3.17],[6.916,2.593],[0,0],[2.337,2.883],[1.789,1.864],[3.881,-2.07],[0,0],[9.797,-3.458],[2.736,-0.775],[1.198,-1.956],[0,0],[1.017,-0.536]],"o":[[-1.316,0.677],[-2.177,9.801],[19.489,21.654],[1.452,-0.42],[0,0],[0,0],[0,0],[0.576,-6.916],[0,0],[0,0],[0,0],[1.982,-3.138],[-1.525,-1.882],[-3.046,-3.174],[0,0],[0,0],[-5.439,1.92],[-2.207,0.625],[0,0],[-0.6,0.98],[0,0]],"v":[[-209.101,161.799],[-211.681,165.142],[-203.778,232.884],[-132.518,251.218],[-128.776,248.825],[-92.283,206.382],[-55.437,176.936],[-42.49,150.111],[-47.677,139.738],[-57.762,127.924],[-67.559,115.245],[-60.429,103.956],[-61.012,93.884],[-66.143,87.999],[-77.855,86.14],[-81.102,87.871],[-96.662,89.024],[-109.12,93.016],[-114.411,97.027],[-127.822,118.935],[-130.292,121.25]],"c":true},"ix":2},"nm":"Path 1","mn":"ADBE Vector Shape - Group","hd":false},{"ty":"st","c":{"a":0,"k":[0,0,0,1],"ix":3},"o":{"a":0,"k":100,"ix":4},"w":{"a":0,"k":3,"ix":5},"lc":2,"lj":2,"bm":0,"nm":"Stroke 1","mn":"ADBE Vector Graphic - Stroke","hd":false},{"ty":"fl","c":{"a":0,"k":[0.54509806633,0.290196090937,0.243137255311,1],"ix":4},"o":{"a":0,"k":100,"ix":5},"r":1,"bm":0,"nm":"Fill 1","mn":"ADBE Vector Graphic - Fill","hd":false},{"ty":"tr","p":{"a":0,"k":[0,0],"ix":2},"a":{"a":0,"k":[0,0],"ix":1},"s":{"a":0,"k":[100,100],"ix":3},"r":{"a":0,"k":0,"ix":6},"o":{"a":0,"k":100,"ix":7},"sk":{"a":0,"k":0,"ix":4},"sa":{"a":0,"k":0,"ix":5},"nm":"Transform"}],"nm":"Group 2","np":3,"cix":2,"bm":0,"ix":2,"mn":"ADBE Vector Group","hd":false},{"ty":"gr","it":[{"ind":0,"ty":"sh","ix":1,"ks":{"a":1,"k":[{"i":{"x":0.05,"y":1},"o":{"x":0.22,"y":0},"t":5,"s":[{"i":[[0,0],[-18.21,7.617]],"o":[[0,0],[0,0]],"v":[[-232.42,195.012],[-204.465,166.055]],"c":false}]},{"i":{"x":0.13,"y":1},"o":{"x":0.22,"y":0},"t":29,"s":[{"i":[[0,0],[-12.668,3.156]],"o":[[0,0],[0,0]],"v":[[-223.071,186.064],[-204.465,166.055]],"c":false}]},{"t":38,"s":[{"i":[[0,0],[-13.464,2.693]],"o":[[0,0],[0,0]],"v":[[-224.662,191.188],[-204.465,166.055]],"c":false}]}],"ix":2},"nm":"Path 1","mn":"ADBE Vector Shape - Group","hd":false},{"ty":"st","c":{"a":0,"k":[0,0,0,1],"ix":3},"o":{"a":0,"k":100,"ix":4},"w":{"a":0,"k":3,"ix":5},"lc":2,"lj":2,"bm":0,"nm":"Stroke 1","mn":"ADBE Vector Graphic - Stroke","hd":false},{"ty":"tr","p":{"a":0,"k":[0,0],"ix":2},"a":{"a":0,"k":[0,0],"ix":1},"s":{"a":0,"k":[100,100],"ix":3},"r":{"a":0,"k":0,"ix":6},"o":{"a":0,"k":100,"ix":7},"sk":{"a":0,"k":0,"ix":4},"sa":{"a":0,"k":0,"ix":5},"nm":"Transform"}],"nm":"Group 3","np":2,"cix":2,"bm":0,"ix":3,"mn":"ADBE Vector Group","hd":false}],"ip":0,"op":120,"st":0,"bm":0},{"ddd":0,"ind":4,"ty":4,"nm":"R_Ear 2","parent":5,"sr":1,"ks":{"o":{"a":0,"k":100,"ix":11},"r":{"a":1,"k":[{"i":{"x":[0.05],"y":[1]},"o":{"x":[0.22],"y":[0]},"t":9,"s":[-19]},{"i":{"x":[0.667],"y":[1]},"o":{"x":[0.22],"y":[0]},"t":39,"s":[42]},{"i":{"x":[0.449],"y":[1]},"o":{"x":[0.333],"y":[0]},"t":49,"s":[-31]},{"t":70,"s":[-19]}],"ix":10},"p":{"a":0,"k":[-89.657,-132.449,0],"ix":2},"a":{"a":0,"k":[-89.657,-132.449,0],"ix":1},"s":{"a":0,"k":[100,100,100],"ix":6}},"ao":0,"shapes":[{"ty":"gr","it":[{"ind":0,"ty":"sh","ix":1,"ks":{"a":0,"k":{"i":[[2.012,1.667],[0,0],[-1.667,2.012],[0,0],[-2.012,-1.667],[0,0],[1.667,-2.012],[0,0]],"o":[[0,0],[-2.012,-1.667],[0,0],[1.667,-2.012],[0,0],[2.012,1.667],[0,0],[-1.667,2.012]],"v":[[-100.16,-118.918],[-100.16,-118.918],[-100.787,-125.607],[-92.586,-135.504],[-85.897,-136.131],[-85.897,-136.131],[-85.27,-129.442],[-93.472,-119.545]],"c":true},"ix":2},"nm":"Path 1","mn":"ADBE Vector Shape - Group","hd":false},{"ty":"st","c":{"a":0,"k":[0,0,0,1],"ix":3},"o":{"a":0,"k":100,"ix":4},"w":{"a":0,"k":1.017,"ix":5},"lc":2,"lj":2,"bm":0,"nm":"Stroke 1","mn":"ADBE Vector Graphic - Stroke","hd":false},{"ty":"fl","c":{"a":0,"k":[1,0.86274510622,0.290196090937,1],"ix":4},"o":{"a":0,"k":100,"ix":5},"r":1,"bm":0,"nm":"Fill 1","mn":"ADBE Vector Graphic - Fill","hd":false},{"ty":"tr","p":{"a":0,"k":[0,0],"ix":2},"a":{"a":0,"k":[0,0],"ix":1},"s":{"a":0,"k":[100,100],"ix":3},"r":{"a":0,"k":0,"ix":6},"o":{"a":0,"k":100,"ix":7},"sk":{"a":0,"k":0,"ix":4},"sa":{"a":0,"k":0,"ix":5},"nm":"Transform"}],"nm":"Group 1","np":3,"cix":2,"bm":0,"ix":1,"mn":"ADBE Vector Group","hd":false}],"ip":0,"op":120,"st":0,"bm":0},{"ddd":0,"ind":5,"ty":4,"nm":"R_Ear","parent":12,"sr":1,"ks":{"o":{"a":0,"k":100,"ix":11},"r":{"a":1,"k":[{"i":{"x":[0.05],"y":[1]},"o":{"x":[0.22],"y":[0]},"t":9,"s":[0]},{"i":{"x":[0.667],"y":[1]},"o":{"x":[0.22],"y":[0]},"t":33,"s":[12]},{"i":{"x":[0.05],"y":[1]},"o":{"x":[0.333],"y":[0]},"t":43,"s":[-5]},{"t":64,"s":[0]}],"ix":10},"p":{"a":0,"k":[-61.407,-122.449,0],"ix":2},"a":{"a":0,"k":[-61.407,-122.449,0],"ix":1},"s":{"a":0,"k":[100,100,100],"ix":6}},"ao":0,"shapes":[{"ty":"gr","it":[{"ty":"gr","it":[{"ind":0,"ty":"sh","ix":1,"ks":{"a":0,"k":{"i":[[0,0],[2.938,3.522],[2.496,17.332],[-2.773,-0.474],[-8.871,-7.803]],"o":[[-4.624,-3.188],[-7.567,-9.072],[-0.401,-2.785],[17.261,2.95],[0,0]],"v":[[-78.266,-113.449],[-90.002,-124.655],[-110.711,-167.352],[-106.276,-171.673],[-64.136,-149.852]],"c":false},"ix":2},"nm":"Path 1","mn":"ADBE Vector Shape - Group","hd":false},{"ty":"st","c":{"a":0,"k":[0,0,0,1],"ix":3},"o":{"a":0,"k":100,"ix":4},"w":{"a":0,"k":3.008,"ix":5},"lc":2,"lj":2,"bm":0,"nm":"Stroke 1","mn":"ADBE Vector Graphic - Stroke","hd":false},{"ty":"tr","p":{"a":0,"k":[0,0],"ix":2},"a":{"a":0,"k":[0,0],"ix":1},"s":{"a":0,"k":[100,100],"ix":3},"r":{"a":0,"k":0,"ix":6},"o":{"a":0,"k":100,"ix":7},"sk":{"a":0,"k":0,"ix":4},"sa":{"a":0,"k":0,"ix":5},"nm":"Transform"}],"nm":"Group 1","np":2,"cix":2,"bm":0,"ix":1,"mn":"ADBE Vector Group","hd":false},{"ty":"gr","it":[{"ind":0,"ty":"sh","ix":1,"ks":{"a":0,"k":{"i":[[0,0],[0,0]],"o":[[0,0],[0,0]],"v":[[-72.137,-132.403],[-102.494,-163.574]],"c":false},"ix":2},"nm":"Path 1","mn":"ADBE Vector Shape - Group","hd":false},{"ty":"st","c":{"a":0,"k":[0,0,0,1],"ix":3},"o":{"a":0,"k":100,"ix":4},"w":{"a":0,"k":1.017,"ix":5},"lc":2,"lj":2,"bm":0,"nm":"Stroke 1","mn":"ADBE Vector Graphic - Stroke","hd":false},{"ty":"tr","p":{"a":0,"k":[0,0],"ix":2},"a":{"a":0,"k":[0,0],"ix":1},"s":{"a":0,"k":[100,100],"ix":3},"r":{"a":0,"k":0,"ix":6},"o":{"a":0,"k":100,"ix":7},"sk":{"a":0,"k":0,"ix":4},"sa":{"a":0,"k":0,"ix":5},"nm":"Transform"}],"nm":"Group 2","np":2,"cix":2,"bm":0,"ix":2,"mn":"ADBE Vector Group","hd":false},{"ty":"gr","it":[{"ind":0,"ty":"sh","ix":1,"ks":{"a":0,"k":{"i":[[0,0],[3.103,3.003],[0.967,0.85],[17.261,2.95],[-0.407,-2.827],[-7.567,-9.072],[-2.129,-2.07],[-3.124,4.49]],"o":[[2.466,-3.545],[-1.065,-1.03],[-8.871,-7.803],[-2.815,-0.481],[2.496,17.332],[1.554,1.863],[3.922,3.813],[0,0]],"v":[[-60.002,-135.641],[-61.063,-147.021],[-64.136,-149.852],[-106.276,-171.673],[-110.711,-167.352],[-90.002,-124.655],[-84.421,-118.588],[-70.965,-119.883]],"c":true},"ix":2},"nm":"Path 1","mn":"ADBE Vector Shape - Group","hd":false},{"ty":"fl","c":{"a":0,"k":[0.349019616842,0.501960813999,0.847058832645,1],"ix":4},"o":{"a":0,"k":100,"ix":5},"r":1,"bm":0,"nm":"Fill 1","mn":"ADBE Vector Graphic - Fill","hd":false},{"ty":"tr","p":{"a":0,"k":[0,0],"ix":2},"a":{"a":0,"k":[0,0],"ix":1},"s":{"a":0,"k":[100,100],"ix":3},"r":{"a":0,"k":0,"ix":6},"o":{"a":0,"k":100,"ix":7},"sk":{"a":0,"k":0,"ix":4},"sa":{"a":0,"k":0,"ix":5},"nm":"Transform"}],"nm":"Group 3","np":2,"cix":2,"bm":0,"ix":3,"mn":"ADBE Vector Group","hd":false},{"ty":"tr","p":{"a":0,"k":[0,0],"ix":2},"a":{"a":0,"k":[0,0],"ix":1},"s":{"a":0,"k":[100,100],"ix":3},"r":{"a":0,"k":0,"ix":6},"o":{"a":0,"k":100,"ix":7},"sk":{"a":0,"k":0,"ix":4},"sa":{"a":0,"k":0,"ix":5},"nm":"Transform"}],"nm":"Group 2","np":3,"cix":2,"bm":0,"ix":1,"mn":"ADBE Vector Group","hd":false}],"ip":0,"op":120,"st":0,"bm":0},{"ddd":0,"ind":6,"ty":3,"nm":"Null 1","parent":12,"sr":1,"ks":{"o":{"a":0,"k":0,"ix":11},"r":{"a":0,"k":0,"ix":10},"p":{"a":1,"k":[{"i":{"x":0.07,"y":1},"o":{"x":0.22,"y":0},"t":2,"s":[-2.904,-123.367,0],"to":[0,-5,0],"ti":[0,-1.5,0]},{"i":{"x":0.667,"y":1},"o":{"x":0.22,"y":0},"t":26,"s":[-2.904,-153.367,0],"to":[0,1.5,0],"ti":[0,-5,0]},{"i":{"x":0.05,"y":1},"o":{"x":0.333,"y":0},"t":36,"s":[-2.904,-114.367,0],"to":[0,5,0],"ti":[0,1.5,0]},{"t":57,"s":[-2.904,-123.367,0]}],"ix":2},"a":{"a":0,"k":[50,50,0],"ix":1},"s":{"a":0,"k":[100,100,100],"ix":6}},"ao":0,"ip":0,"op":120,"st":0,"bm":0},{"ddd":0,"ind":7,"ty":4,"nm":"Mouth","parent":6,"sr":1,"ks":{"o":{"a":1,"k":[{"t":9,"s":[100],"h":1},{"t":10,"s":[0],"h":1},{"t":31,"s":[0],"h":1},{"t":32,"s":[100],"h":1}],"ix":11},"r":{"a":0,"k":0,"ix":10},"p":{"a":0,"k":[43.914,91.026,0],"ix":2},"a":{"a":0,"k":[-8.989,-82.341,0],"ix":1},"s":{"a":0,"k":[100,100,100],"ix":6}},"ao":0,"shapes":[{"ty":"gr","it":[{"ind":0,"ty":"sh","ix":1,"ks":{"a":1,"k":[{"i":{"x":0.92,"y":1},"o":{"x":0.89,"y":0},"t":2,"s":[{"i":[[0,0],[-1.955,1.303]],"o":[[0,0],[0,0]],"v":[[30.207,-77.916],[35.662,-79.431]],"c":false}]},{"i":{"x":0.15,"y":1},"o":{"x":0.89,"y":0},"t":10,"s":[{"i":[[0,0],[-2,0.127]],"o":[[0,0],[0,0]],"v":[[29.407,-69.998],[34.875,-69.643]],"c":false}]},{"i":{"x":0.15,"y":1},"o":{"x":0.11,"y":0},"t":32,"s":[{"i":[[0,0],[-1.955,0.824]],"o":[[0,0],[0,0]],"v":[[30.207,-80.204],[35.662,-81.161]],"c":false}]},{"t":45,"s":[{"i":[[0,0],[-1.955,1.303]],"o":[[0,0],[0,0]],"v":[[30.207,-77.916],[35.662,-79.431]],"c":false}]}],"ix":2},"nm":"Path 1","mn":"ADBE Vector Shape - Group","hd":false},{"ty":"st","c":{"a":0,"k":[0,0,0,1],"ix":3},"o":{"a":0,"k":100,"ix":4},"w":{"a":0,"k":1,"ix":5},"lc":2,"lj":2,"bm":0,"nm":"Stroke 1","mn":"ADBE Vector Graphic - Stroke","hd":false},{"ty":"tr","p":{"a":0,"k":[0,0],"ix":2},"a":{"a":0,"k":[0,0],"ix":1},"s":{"a":0,"k":[100,100],"ix":3},"r":{"a":0,"k":0,"ix":6},"o":{"a":0,"k":100,"ix":7},"sk":{"a":0,"k":0,"ix":4},"sa":{"a":0,"k":0,"ix":5},"nm":"Transform"}],"nm":"Group 1","np":2,"cix":2,"bm":0,"ix":1,"mn":"ADBE Vector Group","hd":false},{"ty":"gr","it":[{"ind":0,"ty":"sh","ix":1,"ks":{"a":1,"k":[{"i":{"x":0.92,"y":1},"o":{"x":0.89,"y":0},"t":2,"s":[{"i":[[0,0],[0,0],[-0.586,-3.475],[3.564,-8.204]],"o":[[0,0],[2.261,-2.703],[1.08,6.408],[0,0]],"v":[[10.296,-72.698],[21.946,-86.626],[29.207,-84.687],[28.107,-63.308]],"c":false}]},{"i":{"x":0.15,"y":1},"o":{"x":0.89,"y":0},"t":10,"s":[{"i":[[0,0],[0,0],[-0.392,-1.256],[3.959,-2.182]],"o":[[0,0],[2.378,-0.547],[0.723,2.315],[0,0]],"v":[[9.467,-71.4],[21.717,-74.219],[28.782,-72.423],[26.551,-65.441]],"c":false}]},{"i":{"x":0.15,"y":1},"o":{"x":0.11,"y":0},"t":32,"s":[{"i":[[0,0],[0,0],[-0.586,-2.197],[3.564,-5.186]],"o":[[0,0],[2.261,-1.709],[1.08,4.051],[0,0]],"v":[[10.296,-76.905],[21.946,-85.71],[29.207,-84.484],[28.107,-70.969]],"c":false}]},{"t":45,"s":[{"i":[[0,0],[0,0],[-0.586,-3.475],[3.564,-8.204]],"o":[[0,0],[2.261,-2.703],[1.08,6.408],[0,0]],"v":[[10.296,-72.698],[21.946,-86.626],[29.207,-84.687],[28.107,-63.308]],"c":false}]}],"ix":2},"nm":"Path 1","mn":"ADBE Vector Shape - Group","hd":false},{"ty":"st","c":{"a":0,"k":[0,0,0,1],"ix":3},"o":{"a":0,"k":100,"ix":4},"w":{"a":0,"k":1,"ix":5},"lc":2,"lj":2,"bm":0,"nm":"Stroke 1","mn":"ADBE Vector Graphic - Stroke","hd":false},{"ty":"tr","p":{"a":0,"k":[0,0],"ix":2},"a":{"a":0,"k":[0,0],"ix":1},"s":{"a":0,"k":[100,100],"ix":3},"r":{"a":0,"k":0,"ix":6},"o":{"a":0,"k":100,"ix":7},"sk":{"a":0,"k":0,"ix":4},"sa":{"a":0,"k":0,"ix":5},"nm":"Transform"}],"nm":"Group 2","np":2,"cix":2,"bm":0,"ix":2,"mn":"ADBE Vector Group","hd":false},{"ty":"gr","it":[{"ind":0,"ty":"sh","ix":1,"ks":{"a":1,"k":[{"i":{"x":0.92,"y":1},"o":{"x":0.89,"y":0},"t":2,"s":[{"i":[[0,0],[-6.658,10.116],[-1.511,-3.443],[0,-7.187],[-10.317,0.378]],"o":[[0,0],[2.067,-3.141],[1.68,3.828],[0,0],[0,0]],"v":[[-52.905,-80.752],[-44.198,-99.816],[-35.919,-99.136],[-32.602,-82.546],[-7.885,-76.418]],"c":false}]},{"i":{"x":0.15,"y":1},"o":{"x":0.89,"y":0},"t":10,"s":[{"i":[[0,0],[-7.116,2.333],[-1.308,-1.391],[0.385,-2.405],[-10.208,-1.504]],"o":[[0,0],[2.21,-0.725],[1.454,1.547],[0,0],[0,0]],"v":[[-52.508,-84.086],[-42.889,-89.09],[-34.751,-87.554],[-32.364,-81.477],[-8.286,-75.518]],"c":false}]},{"i":{"x":0.15,"y":1},"o":{"x":0.11,"y":0},"t":32,"s":[{"i":[[0,0],[-6.658,6.395],[-1.511,-2.177],[0,-4.544],[-10.317,0.239]],"o":[[0,0],[2.067,-1.986],[1.68,2.42],[0,0],[0,0]],"v":[[-52.905,-81.996],[-44.198,-94.048],[-35.919,-93.618],[-32.602,-83.13],[-7.885,-79.256]],"c":false}]},{"t":45,"s":[{"i":[[0,0],[-6.658,10.116],[-1.511,-3.443],[0,-7.187],[-10.317,0.378]],"o":[[0,0],[2.067,-3.141],[1.68,3.828],[0,0],[0,0]],"v":[[-52.905,-80.752],[-44.198,-99.816],[-35.919,-99.136],[-32.602,-82.546],[-7.885,-76.418]],"c":false}]}],"ix":2},"nm":"Path 1","mn":"ADBE Vector Shape - Group","hd":false},{"ty":"st","c":{"a":0,"k":[0,0,0,1],"ix":3},"o":{"a":0,"k":100,"ix":4},"w":{"a":0,"k":1,"ix":5},"lc":2,"lj":2,"bm":0,"nm":"Stroke 1","mn":"ADBE Vector Graphic - Stroke","hd":false},{"ty":"tr","p":{"a":0,"k":[0,0],"ix":2},"a":{"a":0,"k":[0,0],"ix":1},"s":{"a":0,"k":[100,100],"ix":3},"r":{"a":0,"k":0,"ix":6},"o":{"a":0,"k":100,"ix":7},"sk":{"a":0,"k":0,"ix":4},"sa":{"a":0,"k":0,"ix":5},"nm":"Transform"}],"nm":"Group 3","np":2,"cix":2,"bm":0,"ix":3,"mn":"ADBE Vector Group","hd":false},{"ty":"gr","it":[{"ind":0,"ty":"sh","ix":1,"ks":{"a":1,"k":[{"i":{"x":0.92,"y":1},"o":{"x":0.89,"y":0},"t":2,"s":[{"i":[[20.788,-7.669],[9.766,9.33],[-4.501,-20.849],[-4.692,-5.199],[-20.085,9.941],[-2.646,3.435]],"o":[[-11.945,4.407],[-16.005,-15.29],[1.12,5.186],[15.943,17.666],[6.291,-3.114],[13.01,-16.893]],"v":[[10.297,-98.807],[-21.381,-105.805],[-54.841,-86.749],[-46.414,-70.765],[18.733,-57.116],[32.503,-67.863]],"c":true}]},{"i":{"x":0.15,"y":1},"o":{"x":0.89,"y":0},"t":10,"s":[{"i":[[20.938,0.719],[9.143,4.666],[-3.328,-7.689],[-4.355,-2.482],[-20.365,0.152],[-2.797,0.732]],"o":[[-12.031,-0.413],[-14.984,-7.647],[0.828,1.913],[14.796,8.433],[6.379,-0.048],[13.752,-3.597]],"v":[[10.866,-80.138],[-20.038,-87.487],[-54.098,-86.399],[-46.634,-79.718],[16.963,-64.851],[31.136,-66.271]],"c":true}]},{"i":{"x":0.15,"y":1},"o":{"x":0.11,"y":0},"t":32,"s":[{"i":[[20.788,-4.848],[9.766,5.898],[-4.501,-13.18],[-4.692,-3.287],[-20.085,6.285],[-2.646,2.172]],"o":[[-11.945,2.786],[-16.005,-9.666],[1.12,3.278],[15.943,11.168],[6.291,-1.968],[13.01,-10.679]],"v":[[10.297,-93.41],[-21.381,-97.834],[-54.841,-85.788],[-46.414,-75.683],[18.733,-67.054],[32.503,-73.848]],"c":true}]},{"t":45,"s":[{"i":[[20.788,-7.669],[9.766,9.33],[-4.501,-20.849],[-4.692,-5.199],[-20.085,9.941],[-2.646,3.435]],"o":[[-11.945,4.407],[-16.005,-15.29],[1.12,5.186],[15.943,17.666],[6.291,-3.114],[13.01,-16.893]],"v":[[10.297,-98.807],[-21.381,-105.805],[-54.841,-86.749],[-46.414,-70.765],[18.733,-57.116],[32.503,-67.863]],"c":true}]}],"ix":2},"nm":"Path 1","mn":"ADBE Vector Shape - Group","hd":false},{"ty":"st","c":{"a":0,"k":[0,0,0,1],"ix":3},"o":{"a":0,"k":100,"ix":4},"w":{"a":0,"k":1.017,"ix":5},"lc":1,"lj":1,"ml":10,"bm":0,"nm":"Stroke 1","mn":"ADBE Vector Graphic - Stroke","hd":false},{"ty":"fl","c":{"a":0,"k":[1,1,1,1],"ix":4},"o":{"a":0,"k":100,"ix":5},"r":1,"bm":0,"nm":"Fill 1","mn":"ADBE Vector Graphic - Fill","hd":false},{"ty":"tr","p":{"a":0,"k":[0,0],"ix":2},"a":{"a":0,"k":[0,0],"ix":1},"s":{"a":0,"k":[100,100],"ix":3},"r":{"a":0,"k":0,"ix":6},"o":{"a":0,"k":100,"ix":7},"sk":{"a":0,"k":0,"ix":4},"sa":{"a":0,"k":0,"ix":5},"nm":"Transform"}],"nm":"Group 4","np":3,"cix":2,"bm":0,"ix":4,"mn":"ADBE Vector Group","hd":false}],"ip":0,"op":120,"st":0,"bm":0},{"ddd":0,"ind":8,"ty":4,"nm":"Mouth 2","parent":6,"sr":1,"ks":{"o":{"a":1,"k":[{"t":9,"s":[0],"h":1},{"t":10,"s":[100],"h":1},{"t":31,"s":[100],"h":1},{"t":32,"s":[0],"h":1}],"ix":11},"r":{"a":0,"k":0,"ix":10},"p":{"a":0,"k":[43.914,91.026,0],"ix":2},"a":{"a":0,"k":[-8.989,-82.341,0],"ix":1},"s":{"a":0,"k":[100,100,100],"ix":6}},"ao":0,"shapes":[{"ty":"gr","it":[{"ind":0,"ty":"sh","ix":1,"ks":{"a":1,"k":[{"i":{"x":0.11,"y":1},"o":{"x":0.74,"y":0},"t":7,"s":[{"i":[[20.788,-7.079],[9.766,8.612],[-4.501,-19.244],[-4.692,-4.799],[-20.085,9.177],[-2.646,3.171]],"o":[[-11.945,4.068],[-16.005,-14.114],[1.12,4.787],[15.943,16.306],[6.291,-2.874],[13.01,-15.593]],"v":[[10.297,-97.892],[-21.381,-104.351],[-54.841,-86.761],[-46.414,-72.007],[18.733,-59.408],[32.503,-69.329]],"c":true}]},{"i":{"x":0.26,"y":1},"o":{"x":0.74,"y":0},"t":24,"s":[{"i":[[20.788,-8.353],[9.766,10.161],[-4.501,-22.706],[-4.692,-5.663],[-20.085,10.828],[-2.646,3.742]],"o":[[-11.945,4.8],[-16.005,-16.652],[1.12,5.648],[15.943,19.24],[6.291,-3.391],[13.01,-18.398]],"v":[[10.297,-103.408],[-21.381,-111.029],[-54.841,-90.275],[-46.414,-72.867],[18.733,-58.002],[32.503,-69.707]],"c":true}]},{"t":32,"s":[{"i":[[20.788,-5.263],[9.766,6.403],[-4.501,-14.308],[-4.692,-3.568],[-20.085,6.823],[-2.646,2.358]],"o":[[-11.945,3.024],[-16.005,-10.493],[1.12,3.559],[15.943,12.124],[6.291,-2.137],[13.01,-11.593]],"v":[[10.297,-94.204],[-21.381,-99.007],[-54.841,-85.929],[-46.414,-74.959],[18.733,-65.592],[32.503,-72.968]],"c":true}]}],"ix":2},"nm":"Path 1","mn":"ADBE Vector Shape - Group","hd":false},{"ty":"st","c":{"a":0,"k":[0,0,0,1],"ix":3},"o":{"a":0,"k":100,"ix":4},"w":{"a":0,"k":1.017,"ix":5},"lc":1,"lj":1,"ml":10,"bm":0,"nm":"Stroke 1","mn":"ADBE Vector Graphic - Stroke","hd":false},{"ty":"tr","p":{"a":0,"k":[0,0],"ix":2},"a":{"a":0,"k":[0,0],"ix":1},"s":{"a":0,"k":[100,100],"ix":3},"r":{"a":0,"k":0,"ix":6},"o":{"a":0,"k":100,"ix":7},"sk":{"a":0,"k":0,"ix":4},"sa":{"a":0,"k":0,"ix":5},"nm":"Transform"}],"nm":"Group 1","np":2,"cix":2,"bm":0,"ix":1,"mn":"ADBE Vector Group","hd":false},{"ty":"gr","it":[{"ind":0,"ty":"sh","ix":1,"ks":{"a":1,"k":[{"i":{"x":0.11,"y":1},"o":{"x":0.74,"y":0},"t":7,"s":[{"i":[[0,0],[-1.955,1.203]],"o":[[0,0],[0,0]],"v":[[30.207,-78.608],[35.662,-80.007]],"c":false}]},{"i":{"x":0.26,"y":1},"o":{"x":0.74,"y":0},"t":24,"s":[{"i":[[0,0],[-1.955,1.419]],"o":[[0,0],[0,0]],"v":[[30.207,-80.655],[35.662,-82.305]],"c":false}]},{"t":32,"s":[{"i":[[0,0],[-1.955,0.894]],"o":[[0,0],[0,0]],"v":[[30.207,-79.867],[35.662,-80.907]],"c":false}]}],"ix":2},"nm":"Path 1","mn":"ADBE Vector Shape - Group","hd":false},{"ty":"st","c":{"a":0,"k":[0,0,0,1],"ix":3},"o":{"a":0,"k":100,"ix":4},"w":{"a":0,"k":1,"ix":5},"lc":2,"lj":2,"bm":0,"nm":"Stroke 1","mn":"ADBE Vector Graphic - Stroke","hd":false},{"ty":"tr","p":{"a":0,"k":[0,0],"ix":2},"a":{"a":0,"k":[0,0],"ix":1},"s":{"a":0,"k":[100,100],"ix":3},"r":{"a":0,"k":0,"ix":6},"o":{"a":0,"k":100,"ix":7},"sk":{"a":0,"k":0,"ix":4},"sa":{"a":0,"k":0,"ix":5},"nm":"Transform"}],"nm":"Group 2","np":2,"cix":2,"bm":0,"ix":2,"mn":"ADBE Vector Group","hd":false},{"ty":"gr","it":[{"ind":0,"ty":"sh","ix":1,"ks":{"a":1,"k":[{"i":{"x":0.11,"y":1},"o":{"x":0.74,"y":0},"t":7,"s":[{"i":[[0,0],[0,0],[-0.586,-3.208],[3.564,-7.572]],"o":[[0,0],[2.261,-2.495],[1.08,5.915],[0,0]],"v":[[10.296,-73.792],[21.946,-86.648],[29.207,-84.858],[28.107,-65.124]],"c":false}]},{"i":{"x":0.26,"y":1},"o":{"x":0.74,"y":0},"t":24,"s":[{"i":[[0,0],[0,0],[-0.586,-3.785],[3.564,-8.935]],"o":[[0,0],[2.261,-2.944],[1.08,6.979],[0,0]],"v":[[10.296,-74.972],[21.946,-90.142],[29.207,-88.029],[28.107,-64.745]],"c":false}]},{"t":32,"s":[{"i":[[0,0],[0,0],[-0.586,-2.385],[3.564,-5.63]],"o":[[0,0],[2.261,-1.855],[1.08,4.397],[0,0]],"v":[[10.296,-76.286],[21.946,-85.845],[29.207,-84.514],[28.107,-69.842]],"c":false}]}],"ix":2},"nm":"Path 1","mn":"ADBE Vector Shape - Group","hd":false},{"ty":"st","c":{"a":0,"k":[0,0,0,1],"ix":3},"o":{"a":0,"k":100,"ix":4},"w":{"a":0,"k":1,"ix":5},"lc":2,"lj":2,"bm":0,"nm":"Stroke 1","mn":"ADBE Vector Graphic - Stroke","hd":false},{"ty":"tr","p":{"a":0,"k":[0,0],"ix":2},"a":{"a":0,"k":[0,0],"ix":1},"s":{"a":0,"k":[100,100],"ix":3},"r":{"a":0,"k":0,"ix":6},"o":{"a":0,"k":100,"ix":7},"sk":{"a":0,"k":0,"ix":4},"sa":{"a":0,"k":0,"ix":5},"nm":"Transform"}],"nm":"Group 3","np":2,"cix":2,"bm":0,"ix":3,"mn":"ADBE Vector Group","hd":false},{"ty":"gr","it":[{"ind":0,"ty":"sh","ix":1,"ks":{"a":1,"k":[{"i":{"x":0.11,"y":1},"o":{"x":0.74,"y":0},"t":7,"s":[{"i":[[0,0],[-6.658,9.338],[-1.511,-3.178],[0,-6.634],[-10.317,0.349]],"o":[[0,0],[2.067,-2.9],[1.68,3.533],[0,0],[0,0]],"v":[[-52.905,-81.225],[-44.198,-98.823],[-35.919,-98.195],[-32.602,-82.881],[-7.885,-77.225]],"c":false}]},{"i":{"x":0.26,"y":1},"o":{"x":0.74,"y":0},"t":24,"s":[{"i":[[0,0],[-6.658,11.018],[-1.511,-3.75],[0,-7.828],[-10.317,0.412]],"o":[[0,0],[2.067,-3.421],[1.68,4.169],[0,0],[0,0]],"v":[[-52.905,-83.743],[-44.198,-104.506],[-35.919,-103.765],[-32.602,-85.697],[-7.885,-79.023]],"c":false}]},{"t":32,"s":[{"i":[[0,0],[-6.658,6.943],[-1.511,-2.363],[0,-4.933],[-10.317,0.26]],"o":[[0,0],[2.067,-2.156],[1.68,2.627],[0,0],[0,0]],"v":[[-52.905,-81.813],[-44.198,-94.896],[-35.919,-94.43],[-32.602,-83.044],[-7.885,-78.839]],"c":false}]}],"ix":2},"nm":"Path 1","mn":"ADBE Vector Shape - Group","hd":false},{"ty":"st","c":{"a":0,"k":[0,0,0,1],"ix":3},"o":{"a":0,"k":100,"ix":4},"w":{"a":0,"k":1,"ix":5},"lc":2,"lj":2,"bm":0,"nm":"Stroke 1","mn":"ADBE Vector Graphic - Stroke","hd":false},{"ty":"tr","p":{"a":0,"k":[0,0],"ix":2},"a":{"a":0,"k":[0,0],"ix":1},"s":{"a":0,"k":[100,100],"ix":3},"r":{"a":0,"k":0,"ix":6},"o":{"a":0,"k":100,"ix":7},"sk":{"a":0,"k":0,"ix":4},"sa":{"a":0,"k":0,"ix":5},"nm":"Transform"}],"nm":"Group 4","np":2,"cix":2,"bm":0,"ix":4,"mn":"ADBE Vector Group","hd":false},{"ty":"gr","it":[{"ind":0,"ty":"sh","ix":1,"ks":{"a":1,"k":[{"i":{"x":0.11,"y":1},"o":{"x":0.74,"y":0},"t":7,"s":[{"i":[[0,0],[-35.087,0],[0,13.981],[4.859,-0.241],[0,0],[4.299,-2.396],[0,0],[24.485,11.175],[3.298,6.216],[0.372,-0.508],[0,0]],"o":[[0,0],[19.957,0],[0,0],[0,0],[0,0],[0,0],[0,0],[0,0],[-3.298,-6.216],[-4.612,6.304],[0,0]],"v":[[-52.297,-80.007],[-3.348,-54.971],[37.394,-80.557],[30.207,-77.802],[29.207,-84.858],[22.734,-87.543],[10.296,-73.792],[-32.602,-82.881],[-35.919,-98.195],[-45.135,-97.471],[-52.905,-81.779]],"c":true}]},{"i":{"x":0.26,"y":1},"o":{"x":0.74,"y":0},"t":24,"s":[{"i":[[0,0],[-35.087,0],[0,16.496],[4.859,-0.284],[0,0],[4.299,-2.827],[0,0],[24.485,13.185],[3.298,7.334],[0.372,-0.6],[0,0]],"o":[[0,0],[19.957,0],[0,0],[0,0],[0,0],[0,0],[0,0],[0,0],[-3.298,-7.334],[-4.612,7.438],[0,0]],"v":[[-52.297,-82.305],[-3.348,-52.766],[37.394,-82.955],[30.207,-79.705],[29.207,-88.029],[22.734,-91.197],[10.296,-74.972],[-32.602,-85.697],[-35.919,-103.765],[-45.135,-102.911],[-52.905,-84.397]],"c":true}]},{"t":32,"s":[{"i":[[0,0],[-35.087,0],[0,10.395],[4.859,-0.179],[0,0],[4.299,-1.781],[0,0],[24.485,8.308],[3.298,4.621],[0.372,-0.378],[0,0]],"o":[[0,0],[19.957,0],[0,0],[0,0],[0,0],[0,0],[0,0],[0,0],[-3.298,-4.621],[-4.612,4.687],[0,0]],"v":[[-52.297,-80.907],[-3.348,-62.293],[37.394,-81.316],[30.207,-79.268],[29.207,-84.514],[22.734,-86.51],[10.296,-76.286],[-32.602,-83.044],[-35.919,-94.43],[-45.135,-93.891],[-52.905,-82.225]],"c":true}]}],"ix":2},"nm":"Path 1","mn":"ADBE Vector Shape - Group","hd":false},{"ty":"fl","c":{"a":0,"k":[1,1,1,1],"ix":4},"o":{"a":0,"k":100,"ix":5},"r":1,"bm":0,"nm":"Fill 1","mn":"ADBE Vector Graphic - Fill","hd":false},{"ty":"tr","p":{"a":0,"k":[0,0],"ix":2},"a":{"a":0,"k":[0,0],"ix":1},"s":{"a":0,"k":[100,100],"ix":3},"r":{"a":0,"k":0,"ix":6},"o":{"a":0,"k":100,"ix":7},"sk":{"a":0,"k":0,"ix":4},"sa":{"a":0,"k":0,"ix":5},"nm":"Transform"}],"nm":"Group 5","np":2,"cix":2,"bm":0,"ix":5,"mn":"ADBE Vector Group","hd":false},{"ty":"gr","it":[{"ind":0,"ty":"sh","ix":1,"ks":{"a":1,"k":[{"i":{"x":0.11,"y":1},"o":{"x":0.74,"y":0},"t":7,"s":[{"i":[[20.788,-7.079],[9.766,8.612],[-4.501,-19.244],[-4.692,-4.799],[-20.085,9.177],[-2.646,3.171]],"o":[[-11.945,4.068],[-16.005,-14.114],[1.12,4.787],[15.943,16.306],[6.291,-2.874],[13.01,-15.593]],"v":[[10.297,-97.892],[-21.381,-104.351],[-54.841,-86.761],[-46.414,-72.007],[18.733,-59.408],[32.503,-69.329]],"c":true}]},{"i":{"x":0.26,"y":1},"o":{"x":0.74,"y":0},"t":24,"s":[{"i":[[20.788,-8.353],[9.766,10.161],[-4.501,-22.706],[-4.692,-5.663],[-20.085,10.828],[-2.646,3.742]],"o":[[-11.945,4.8],[-16.005,-16.652],[1.12,5.648],[15.943,19.24],[6.291,-3.391],[13.01,-18.398]],"v":[[10.297,-103.408],[-21.381,-111.029],[-54.841,-90.275],[-46.414,-72.867],[18.733,-58.002],[32.503,-69.707]],"c":true}]},{"t":32,"s":[{"i":[[20.788,-5.263],[9.766,6.403],[-4.501,-14.308],[-4.692,-3.568],[-20.085,6.823],[-2.646,2.358]],"o":[[-11.945,3.024],[-16.005,-10.493],[1.12,3.559],[15.943,12.124],[6.291,-2.137],[13.01,-11.593]],"v":[[10.297,-94.204],[-21.381,-99.007],[-54.841,-85.929],[-46.414,-74.959],[18.733,-65.592],[32.503,-72.968]],"c":true}]}],"ix":2},"nm":"Path 1","mn":"ADBE Vector Shape - Group","hd":false},{"ty":"st","c":{"a":0,"k":[0,0,0,1],"ix":3},"o":{"a":0,"k":100,"ix":4},"w":{"a":0,"k":1.017,"ix":5},"lc":1,"lj":1,"ml":10,"bm":0,"nm":"Stroke 1","mn":"ADBE Vector Graphic - Stroke","hd":false},{"ty":"fl","c":{"a":0,"k":[0,0,0,1],"ix":4},"o":{"a":0,"k":100,"ix":5},"r":1,"bm":0,"nm":"Fill 1","mn":"ADBE Vector Graphic - Fill","hd":false},{"ty":"tr","p":{"a":0,"k":[0,0],"ix":2},"a":{"a":0,"k":[0,0],"ix":1},"s":{"a":0,"k":[100,100],"ix":3},"r":{"a":0,"k":0,"ix":6},"o":{"a":0,"k":100,"ix":7},"sk":{"a":0,"k":0,"ix":4},"sa":{"a":0,"k":0,"ix":5},"nm":"Transform"}],"nm":"Group 6","np":3,"cix":2,"bm":0,"ix":6,"mn":"ADBE Vector Group","hd":false}],"ip":0,"op":120,"st":0,"bm":0},{"ddd":0,"ind":9,"ty":4,"nm":"Eyebrow","parent":6,"sr":1,"ks":{"o":{"a":0,"k":100,"ix":11},"r":{"a":0,"k":0,"ix":10},"p":{"a":1,"k":[{"i":{"x":0.07,"y":1},"o":{"x":0.22,"y":0},"t":4,"s":[53.217,8.974,0],"to":[0,-2.5,0],"ti":[0,-0.5,0]},{"i":{"x":0.667,"y":1},"o":{"x":0.22,"y":0},"t":28,"s":[53.217,-6.026,0],"to":[0,0.5,0],"ti":[0,-2.5,0]},{"i":{"x":0.05,"y":1},"o":{"x":0.333,"y":0},"t":38,"s":[53.217,11.974,0],"to":[0,2.5,0],"ti":[0,0.5,0]},{"t":59,"s":[53.217,8.974,0]}],"ix":2},"a":{"a":0,"k":[0.313,-164.393,0],"ix":1},"s":{"a":0,"k":[100,100,100],"ix":6}},"ao":0,"shapes":[{"ty":"gr","it":[{"ind":0,"ty":"sh","ix":1,"ks":{"a":0,"k":{"i":[[0,0],[-8.734,-0.004],[-1.921,3.522]],"o":[[1.093,2.775],[5.571,0.002],[0,0]],"v":[[-12.105,-168.283],[1,-159.953],[12.732,-168.832]],"c":false},"ix":2},"nm":"Path 1","mn":"ADBE Vector Shape - Group","hd":false},{"ty":"st","c":{"a":0,"k":[0,0,0,1],"ix":3},"o":{"a":0,"k":100,"ix":4},"w":{"a":0,"k":12,"ix":5},"lc":2,"lj":2,"bm":0,"nm":"Stroke 1","mn":"ADBE Vector Graphic - Stroke","hd":false},{"ty":"tr","p":{"a":0,"k":[0,0],"ix":2},"a":{"a":0,"k":[0,0],"ix":1},"s":{"a":0,"k":[100,100],"ix":3},"r":{"a":0,"k":0,"ix":6},"o":{"a":0,"k":100,"ix":7},"sk":{"a":0,"k":0,"ix":4},"sa":{"a":0,"k":0,"ix":5},"nm":"Transform"}],"nm":"Group 1","np":2,"cix":2,"bm":0,"ix":1,"mn":"ADBE Vector Group","hd":false}],"ip":0,"op":120,"st":0,"bm":0},{"ddd":0,"ind":10,"ty":4,"nm":"Eye","parent":6,"sr":1,"ks":{"o":{"a":0,"k":100,"ix":11},"r":{"a":0,"k":0,"ix":10},"p":{"a":0,"k":[56.086,34.89,0],"ix":2},"a":{"a":0,"k":[3.182,-138.477,0],"ix":1},"s":{"a":0,"k":[100,100,100],"ix":6}},"ao":0,"shapes":[{"ty":"gr","it":[{"ind":0,"ty":"sh","ix":1,"ks":{"a":0,"k":{"i":[[0,-8.079],[3.929,0],[0,8.079],[-3.929,0]],"o":[[0,8.079],[-3.929,0],[0,-8.079],[3.929,0]],"v":[[10.296,-138.477],[3.182,-123.848],[-3.932,-138.477],[3.182,-153.106]],"c":true},"ix":2},"nm":"Path 1","mn":"ADBE Vector Shape - Group","hd":false},{"ty":"fl","c":{"a":0,"k":[0,0,0,1],"ix":4},"o":{"a":0,"k":100,"ix":5},"r":1,"bm":0,"nm":"Fill 1","mn":"ADBE Vector Graphic - Fill","hd":false},{"ty":"tr","p":{"a":0,"k":[0,0],"ix":2},"a":{"a":0,"k":[0,0],"ix":1},"s":{"a":0,"k":[100,100],"ix":3},"r":{"a":0,"k":0,"ix":6},"o":{"a":0,"k":100,"ix":7},"sk":{"a":0,"k":0,"ix":4},"sa":{"a":0,"k":0,"ix":5},"nm":"Transform"}],"nm":"Group 1","np":2,"cix":2,"bm":0,"ix":1,"mn":"ADBE Vector Group","hd":false}],"ip":0,"op":120,"st":0,"bm":0},{"ddd":0,"ind":11,"ty":4,"nm":"Eyeball","parent":6,"sr":1,"ks":{"o":{"a":0,"k":100,"ix":11},"r":{"a":0,"k":0,"ix":10},"p":{"a":0,"k":[52.98,36.285,0],"ix":2},"a":{"a":0,"k":[0.076,-137.082,0],"ix":1},"s":{"a":0,"k":[100,100,100],"ix":6}},"ao":0,"shapes":[{"ty":"gr","it":[{"ind":0,"ty":"sh","ix":1,"ks":{"a":0,"k":{"i":[[0,-15.481],[12.37,0],[0,15.481],[-12.37,0]],"o":[[0,15.481],[-12.37,0],[0,-15.481],[12.37,0]],"v":[[22.473,-137.082],[0.076,-109.051],[-22.321,-137.082],[0.076,-165.112]],"c":true},"ix":2},"nm":"Path 1","mn":"ADBE Vector Shape - Group","hd":false},{"ty":"st","c":{"a":0,"k":[0,0,0,1],"ix":3},"o":{"a":0,"k":100,"ix":4},"w":{"a":0,"k":1,"ix":5},"lc":2,"lj":2,"bm":0,"nm":"Stroke 1","mn":"ADBE Vector Graphic - Stroke","hd":false},{"ty":"fl","c":{"a":0,"k":[1,1,1,1],"ix":4},"o":{"a":0,"k":100,"ix":5},"r":1,"bm":0,"nm":"Fill 1","mn":"ADBE Vector Graphic - Fill","hd":false},{"ty":"tr","p":{"a":0,"k":[0,0],"ix":2},"a":{"a":0,"k":[0,0],"ix":1},"s":{"a":0,"k":[100,100],"ix":3},"r":{"a":0,"k":0,"ix":6},"o":{"a":0,"k":100,"ix":7},"sk":{"a":0,"k":0,"ix":4},"sa":{"a":0,"k":0,"ix":5},"nm":"Transform"}],"nm":"Group 1","np":3,"cix":2,"bm":0,"ix":1,"mn":"ADBE Vector Group","hd":false}],"ip":0,"op":120,"st":0,"bm":0},{"ddd":0,"ind":12,"ty":4,"nm":"Head","parent":17,"sr":1,"ks":{"o":{"a":0,"k":100,"ix":11},"r":{"a":0,"k":0,"ix":10},"p":{"a":0,"k":[-13.551,-18.34,0],"ix":2},"a":{"a":0,"k":[-13.551,-18.34,0],"ix":1},"s":{"a":1,"k":[{"i":{"x":[0.05,0.05,0.05],"y":[1,1,1]},"o":{"x":[0.22,0.22,0.22],"y":[0,0,0]},"t":4,"s":[100,100,100]},{"i":{"x":[0.667,0.667,0.667],"y":[1,1,1]},"o":{"x":[0.22,0.22,0.22],"y":[0,0,0]},"t":28,"s":[95,105,100]},{"i":{"x":[0.05,0.05,0.05],"y":[1,1,1]},"o":{"x":[0.333,0.333,0.333],"y":[0,0,0]},"t":38,"s":[105,95,100]},{"t":59,"s":[100,100,100]}],"ix":6}},"ao":0,"shapes":[{"ty":"gr","it":[{"ind":0,"ty":"sh","ix":1,"ks":{"a":0,"k":{"i":[[-1.045,4.023],[-5.775,26.965],[-1.397,5.682],[-9.45,2.824],[-13.832,-0.013],[-6.078,-1.816],[-4.548,-18.493],[-2.542,-11.87],[-4.139,-15.943],[0,-7.521],[44.561,0],[0,36.228]],"o":[[4.14,-15.943],[2.542,-11.87],[4.548,-18.493],[6.077,-1.816],[13.832,-0.013],[9.449,2.824],[1.397,5.682],[5.775,26.965],[1.045,4.023],[0,36.228],[-44.561,0],[0,-7.521]],"v":[[-92.214,-99.392],[-74.537,-152.046],[-68.622,-184.413],[-45.965,-209.12],[-13.551,-212.11],[18.863,-209.12],[41.52,-184.413],[47.434,-152.046],[65.111,-99.392],[67.134,-83.936],[-13.551,-18.34],[-94.236,-83.936]],"c":true},"ix":2},"nm":"Path 1","mn":"ADBE Vector Shape - Group","hd":false},{"ty":"st","c":{"a":0,"k":[0,0,0,1],"ix":3},"o":{"a":0,"k":100,"ix":4},"w":{"a":0,"k":3.05,"ix":5},"lc":2,"lj":2,"bm":0,"nm":"Stroke 1","mn":"ADBE Vector Graphic - Stroke","hd":false},{"ty":"tr","p":{"a":0,"k":[0,0],"ix":2},"a":{"a":0,"k":[0,0],"ix":1},"s":{"a":0,"k":[100,100],"ix":3},"r":{"a":0,"k":0,"ix":6},"o":{"a":0,"k":100,"ix":7},"sk":{"a":0,"k":0,"ix":4},"sa":{"a":0,"k":0,"ix":5},"nm":"Transform"}],"nm":"Group 1","np":2,"cix":2,"bm":0,"ix":1,"mn":"ADBE Vector Group","hd":false},{"ty":"gr","it":[{"ty":"gr","it":[{"ind":0,"ty":"sh","ix":1,"ks":{"a":0,"k":{"i":[[-7.617,-6.287],[0,0],[1.306,5.309],[5.744,3.202],[0,0]],"o":[[0,0],[-2.306,-11.404],[-3.049,-12.399],[0,0],[1.174,9.806]],"v":[[44.399,-156.515],[46.942,-154.416],[41.52,-184.413],[27.828,-205.619],[30.705,-181.586]],"c":true},"ix":2},"nm":"Path 1","mn":"ADBE Vector Shape - Group","hd":false},{"ty":"fl","c":{"a":0,"k":[0,0,0,1],"ix":4},"o":{"a":0,"k":100,"ix":5},"r":1,"bm":0,"nm":"Fill 1","mn":"ADBE Vector Graphic - Fill","hd":false},{"ty":"tr","p":{"a":0,"k":[0,0],"ix":2},"a":{"a":0,"k":[0,0],"ix":1},"s":{"a":0,"k":[100,100],"ix":3},"r":{"a":0,"k":0,"ix":6},"o":{"a":0,"k":100,"ix":7},"sk":{"a":0,"k":0,"ix":4},"sa":{"a":0,"k":0,"ix":5},"nm":"Transform"}],"nm":"Group 1","np":2,"cix":2,"bm":0,"ix":1,"mn":"ADBE Vector Group","hd":false},{"ty":"gr","it":[{"ind":0,"ty":"sh","ix":1,"ks":{"a":0,"k":{"i":[[-19.547,2.606],[-5.914,7.44],[2.319,0.693],[13.832,-0.013],[6.078,-1.816],[4.547,-18.493],[2.309,-11.412],[-5.137,4.169],[-0.851,5.759],[0,0]],"o":[[17.76,-2.368],[-2.175,-0.976],[-6.078,-1.816],[-13.832,-0.013],[-9.45,2.824],[-1.307,5.315],[5.29,-3.578],[4.52,-3.668],[0,0],[0,0]],"v":[[-4.473,-194.327],[25.628,-206.722],[18.863,-209.12],[-13.551,-212.11],[-45.965,-209.12],[-68.622,-184.413],[-74.051,-154.38],[-56.915,-166.833],[-48.602,-181.522],[-44.965,-206.12]],"c":true},"ix":2},"nm":"Path 1","mn":"ADBE Vector Shape - Group","hd":false},{"ty":"fl","c":{"a":0,"k":[0,0,0,1],"ix":4},"o":{"a":0,"k":100,"ix":5},"r":1,"bm":0,"nm":"Fill 1","mn":"ADBE Vector Graphic - Fill","hd":false},{"ty":"tr","p":{"a":0,"k":[0,0],"ix":2},"a":{"a":0,"k":[0,0],"ix":1},"s":{"a":0,"k":[100,100],"ix":3},"r":{"a":0,"k":0,"ix":6},"o":{"a":0,"k":100,"ix":7},"sk":{"a":0,"k":0,"ix":4},"sa":{"a":0,"k":0,"ix":5},"nm":"Transform"}],"nm":"Group 2","np":2,"cix":2,"bm":0,"ix":2,"mn":"ADBE Vector Group","hd":false},{"ty":"tr","p":{"a":0,"k":[0,0],"ix":2},"a":{"a":0,"k":[0,0],"ix":1},"s":{"a":0,"k":[100,100],"ix":3},"r":{"a":0,"k":0,"ix":6},"o":{"a":0,"k":100,"ix":7},"sk":{"a":0,"k":0,"ix":4},"sa":{"a":0,"k":0,"ix":5},"nm":"Transform"}],"nm":"Group 2","np":2,"cix":2,"bm":0,"ix":2,"mn":"ADBE Vector Group","hd":false},{"ty":"gr","it":[{"ind":0,"ty":"sh","ix":1,"ks":{"a":0,"k":{"i":[[-1.002,2.726],[-41.23,9.295],[17.533,0],[0,36.228],[-1.045,4.023]],"o":[[9.811,67.507],[-13.234,7.722],[-44.561,0],[0,-7.521],[0.782,-3.01]],"v":[[-89.519,-107.918],[33.441,-30.61],[-13.551,-18.34],[-94.236,-83.936],[-92.214,-99.392]],"c":true},"ix":2},"nm":"Path 1","mn":"ADBE Vector Shape - Group","hd":false},{"ty":"fl","c":{"a":0,"k":[0.286274522543,0.396078437567,0.768627464771,1],"ix":4},"o":{"a":0,"k":100,"ix":5},"r":1,"bm":0,"nm":"Fill 1","mn":"ADBE Vector Graphic - Fill","hd":false},{"ty":"tr","p":{"a":0,"k":[0,0],"ix":2},"a":{"a":0,"k":[0,0],"ix":1},"s":{"a":0,"k":[100,100],"ix":3},"r":{"a":0,"k":0,"ix":6},"o":{"a":0,"k":100,"ix":7},"sk":{"a":0,"k":0,"ix":4},"sa":{"a":0,"k":0,"ix":5},"nm":"Transform"}],"nm":"Group 3","np":2,"cix":2,"bm":0,"ix":3,"mn":"ADBE Vector Group","hd":false},{"ty":"gr","it":[{"ind":0,"ty":"sh","ix":1,"ks":{"a":0,"k":{"i":[[-1.045,4.023],[-5.775,26.965],[-1.397,5.682],[-9.45,2.824],[-13.832,-0.013],[-6.078,-1.816],[-4.548,-18.493],[-2.542,-11.87],[-4.139,-15.943],[0,-7.521],[44.561,0],[0,36.228]],"o":[[4.14,-15.943],[2.542,-11.87],[4.548,-18.493],[6.077,-1.816],[13.832,-0.013],[9.449,2.824],[1.397,5.682],[5.775,26.965],[1.045,4.023],[0,36.228],[-44.561,0],[0,-7.521]],"v":[[-92.214,-99.392],[-74.537,-152.046],[-68.622,-184.413],[-45.965,-209.12],[-13.551,-212.11],[18.863,-209.12],[41.52,-184.413],[47.434,-152.046],[65.111,-99.392],[67.134,-83.936],[-13.551,-18.34],[-94.236,-83.936]],"c":true},"ix":2},"nm":"Path 1","mn":"ADBE Vector Shape - Group","hd":false},{"ty":"fl","c":{"a":0,"k":[0.349019616842,0.501960813999,0.847058832645,1],"ix":4},"o":{"a":0,"k":100,"ix":5},"r":1,"bm":0,"nm":"Fill 1","mn":"ADBE Vector Graphic - Fill","hd":false},{"ty":"tr","p":{"a":0,"k":[0,0],"ix":2},"a":{"a":0,"k":[0,0],"ix":1},"s":{"a":0,"k":[100,100],"ix":3},"r":{"a":0,"k":0,"ix":6},"o":{"a":0,"k":100,"ix":7},"sk":{"a":0,"k":0,"ix":4},"sa":{"a":0,"k":0,"ix":5},"nm":"Transform"}],"nm":"Group 4","np":2,"cix":2,"bm":0,"ix":4,"mn":"ADBE Vector Group","hd":false}],"ip":0,"op":120,"st":0,"bm":0},{"ddd":0,"ind":13,"ty":4,"nm":"Hair","parent":12,"sr":1,"ks":{"o":{"a":0,"k":100,"ix":11},"r":{"a":1,"k":[{"i":{"x":[0.05],"y":[1]},"o":{"x":[0.22],"y":[0]},"t":4,"s":[0]},{"i":{"x":[0.667],"y":[1]},"o":{"x":[0.22],"y":[0]},"t":30,"s":[-19]},{"i":{"x":[0.05],"y":[1]},"o":{"x":[0.333],"y":[0]},"t":40,"s":[6]},{"t":61,"s":[0]}],"ix":10},"p":{"a":1,"k":[{"i":{"x":0.05,"y":1},"o":{"x":0.22,"y":0},"t":7,"s":[-26.132,-196.517,0],"to":[0,0,0],"ti":[0,0,0]},{"i":{"x":0.667,"y":1},"o":{"x":0.22,"y":0},"t":33,"s":[-26.132,-201.401,0],"to":[0,0,0],"ti":[0,0,0]},{"i":{"x":0.05,"y":1},"o":{"x":0.333,"y":0},"t":43,"s":[-26.132,-191.747,0],"to":[0,0,0],"ti":[0,0,0]},{"t":64,"s":[-26.132,-196.517,0]}],"ix":2},"a":{"a":0,"k":[-26.132,-196.517,0],"ix":1},"s":{"a":0,"k":[100,100,100],"ix":6}},"ao":0,"shapes":[{"ty":"gr","it":[{"ind":0,"ty":"sh","ix":1,"ks":{"a":0,"k":{"i":[[0,-16.638],[16.638,0],[0,16.638],[-16.638,0]],"o":[[0,16.638],[-16.638,0],[0,-16.638],[16.638,0]],"v":[[3.994,-244.769],[-26.132,-214.643],[-56.257,-244.769],[-26.132,-274.895]],"c":true},"ix":2},"nm":"Path 1","mn":"ADBE Vector Shape - Group","hd":false},{"ty":"fl","c":{"a":0,"k":[0,0,0,1],"ix":4},"o":{"a":0,"k":100,"ix":5},"r":1,"bm":0,"nm":"Fill 1","mn":"ADBE Vector Graphic - Fill","hd":false},{"ty":"tr","p":{"a":0,"k":[0,0],"ix":2},"a":{"a":0,"k":[0,0],"ix":1},"s":{"a":0,"k":[100,100],"ix":3},"r":{"a":0,"k":0,"ix":6},"o":{"a":0,"k":100,"ix":7},"sk":{"a":0,"k":0,"ix":4},"sa":{"a":0,"k":0,"ix":5},"nm":"Transform"}],"nm":"Group 1","np":2,"cix":2,"bm":0,"ix":1,"mn":"ADBE Vector Group","hd":false},{"ty":"gr","it":[{"ind":0,"ty":"sh","ix":1,"ks":{"a":0,"k":{"i":[[0,0],[0,0],[0,0],[0,0]],"o":[[0,0],[0,0],[0,0],[0,0]],"v":[[-17.544,-196.517],[-34.307,-196.517],[-34.307,-217.128],[-17.544,-217.128]],"c":true},"ix":2},"nm":"Path 1","mn":"ADBE Vector Shape - Group","hd":false},{"ty":"st","c":{"a":0,"k":[0,0,0,1],"ix":3},"o":{"a":0,"k":100,"ix":4},"w":{"a":0,"k":1.5,"ix":5},"lc":2,"lj":2,"bm":0,"nm":"Stroke 1","mn":"ADBE Vector Graphic - Stroke","hd":false},{"ty":"fl","c":{"a":0,"k":[0.768627464771,0.278431385756,0.466666668653,1],"ix":4},"o":{"a":0,"k":100,"ix":5},"r":1,"bm":0,"nm":"Fill 1","mn":"ADBE Vector Graphic - Fill","hd":false},{"ty":"tr","p":{"a":0,"k":[0,0],"ix":2},"a":{"a":0,"k":[0,0],"ix":1},"s":{"a":0,"k":[100,100],"ix":3},"r":{"a":0,"k":0,"ix":6},"o":{"a":0,"k":100,"ix":7},"sk":{"a":0,"k":0,"ix":4},"sa":{"a":0,"k":0,"ix":5},"nm":"Transform"}],"nm":"Group 2","np":3,"cix":2,"bm":0,"ix":2,"mn":"ADBE Vector Group","hd":false}],"ip":0,"op":120,"st":0,"bm":0},{"ddd":0,"ind":14,"ty":4,"nm":"L_Ear","parent":12,"sr":1,"ks":{"o":{"a":0,"k":100,"ix":11},"r":{"a":1,"k":[{"i":{"x":[0.05],"y":[1]},"o":{"x":[0.22],"y":[0]},"t":9,"s":[0]},{"i":{"x":[0.667],"y":[1]},"o":{"x":[0.22],"y":[0]},"t":33,"s":[-8]},{"i":{"x":[0.05],"y":[1]},"o":{"x":[0.333],"y":[0]},"t":43,"s":[5]},{"t":64,"s":[0]}],"ix":10},"p":{"a":0,"k":[21.268,-108.262,0],"ix":2},"a":{"a":0,"k":[21.268,-108.262,0],"ix":1},"s":{"a":0,"k":[100,100,100],"ix":6}},"ao":0,"shapes":[{"ty":"gr","it":[{"ind":0,"ty":"sh","ix":1,"ks":{"a":0,"k":{"i":[[0,0],[0,0]],"o":[[0,0],[0,0]],"v":[[25.742,-112.442],[73.694,-161.883]],"c":false},"ix":2},"nm":"Path 1","mn":"ADBE Vector Shape - Group","hd":false},{"ty":"st","c":{"a":0,"k":[0,0,0,1],"ix":3},"o":{"a":0,"k":100,"ix":4},"w":{"a":0,"k":1,"ix":5},"lc":2,"lj":2,"bm":0,"nm":"Stroke 1","mn":"ADBE Vector Graphic - Stroke","hd":false},{"ty":"tr","p":{"a":0,"k":[0,0],"ix":2},"a":{"a":0,"k":[0,0],"ix":1},"s":{"a":0,"k":[100,100],"ix":3},"r":{"a":0,"k":0,"ix":6},"o":{"a":0,"k":100,"ix":7},"sk":{"a":0,"k":0,"ix":4},"sa":{"a":0,"k":0,"ix":5},"nm":"Transform"}],"nm":"Group 1","np":2,"cix":2,"bm":0,"ix":1,"mn":"ADBE Vector Group","hd":false},{"ty":"gr","it":[{"ind":0,"ty":"sh","ix":1,"ks":{"a":0,"k":{"i":[[-4.237,5.08],[-2.455,17.046],[2.727,-0.466],[8.724,-7.674],[1.938,-7.08],[-4.42,-4.305],[-6.486,1.96]],"o":[[7.442,-8.922],[0.395,-2.738],[-16.976,2.901],[-4.967,4.369],[-1.789,6.535],[4.42,4.305],[7.027,-2.123]],"v":[[61.409,-123.607],[81.775,-165.599],[77.413,-169.848],[35.97,-148.388],[22.109,-129.904],[25.742,-112.442],[43.294,-109.267]],"c":true},"ix":2},"nm":"Path 1","mn":"ADBE Vector Shape - Group","hd":false},{"ty":"st","c":{"a":0,"k":[0,0,0,1],"ix":3},"o":{"a":0,"k":100,"ix":4},"w":{"a":0,"k":3,"ix":5},"lc":2,"lj":2,"bm":0,"nm":"Stroke 1","mn":"ADBE Vector Graphic - Stroke","hd":false},{"ty":"fl","c":{"a":0,"k":[0.301960796118,0.423529416323,0.764705896378,1],"ix":4},"o":{"a":0,"k":100,"ix":5},"r":1,"bm":0,"nm":"Fill 1","mn":"ADBE Vector Graphic - Fill","hd":false},{"ty":"tr","p":{"a":0,"k":[0,0],"ix":2},"a":{"a":0,"k":[0,0],"ix":1},"s":{"a":0,"k":[100,100],"ix":3},"r":{"a":0,"k":0,"ix":6},"o":{"a":0,"k":100,"ix":7},"sk":{"a":0,"k":0,"ix":4},"sa":{"a":0,"k":0,"ix":5},"nm":"Transform"}],"nm":"Group 2","np":3,"cix":2,"bm":0,"ix":2,"mn":"ADBE Vector Group","hd":false}],"ip":0,"op":120,"st":0,"bm":0},{"ddd":0,"ind":15,"ty":4,"nm":"Bandana","parent":17,"sr":1,"ks":{"o":{"a":0,"k":100,"ix":11},"r":{"a":0,"k":0,"ix":10},"p":{"a":0,"k":[-15.911,-112.317,0],"ix":2},"a":{"a":0,"k":[-15.911,-112.317,0],"ix":1},"s":{"a":1,"k":[{"i":{"x":[0.05,0.05,0.05],"y":[1,1,1]},"o":{"x":[0.22,0.22,0.22],"y":[0,0,0]},"t":6,"s":[100,100,100]},{"i":{"x":[0.667,0.667,0.667],"y":[1,1,1]},"o":{"x":[0.22,0.22,0.22],"y":[0,0,0]},"t":30,"s":[95,105,100]},{"i":{"x":[0.05,0.05,0.05],"y":[1,1,1]},"o":{"x":[0.333,0.333,0.333],"y":[0,0,0]},"t":40,"s":[105,95,100]},{"t":61,"s":[100,100,100]}],"ix":6}},"ao":0,"shapes":[{"ty":"gr","it":[{"ind":0,"ty":"sh","ix":1,"ks":{"a":1,"k":[{"i":{"x":0.05,"y":1},"o":{"x":0.22,"y":0},"t":6,"s":[{"i":[[0,0],[0,0]],"o":[[62.382,26.656],[0,0]],"v":[[-62.329,-1.128],[50.892,-11.57]],"c":false}]},{"i":{"x":0.667,"y":1},"o":{"x":0.22,"y":0},"t":30,"s":[{"i":[[0,0],[0,0]],"o":[[62.382,26.656],[0,0]],"v":[[-62.329,-1.128],[47.823,-16.572]],"c":false}]},{"i":{"x":0.05,"y":1},"o":{"x":0.333,"y":0},"t":40,"s":[{"i":[[0,0],[0,0]],"o":[[62.382,24.267],[0,0]],"v":[[-62.329,-6.424],[50.892,-15.931]],"c":false}]},{"t":61,"s":[{"i":[[0,0],[0,0]],"o":[[62.382,26.656],[0,0]],"v":[[-62.329,-1.128],[50.892,-11.57]],"c":false}]}],"ix":2},"nm":"Path 1","mn":"ADBE Vector Shape - Group","hd":false},{"ty":"st","c":{"a":0,"k":[0,0,0,1],"ix":3},"o":{"a":0,"k":100,"ix":4},"w":{"a":0,"k":1,"ix":5},"lc":2,"lj":2,"bm":0,"nm":"Stroke 1","mn":"ADBE Vector Graphic - Stroke","hd":false},{"ty":"tr","p":{"a":0,"k":[0,0],"ix":2},"a":{"a":0,"k":[0,0],"ix":1},"s":{"a":0,"k":[100,100],"ix":3},"r":{"a":0,"k":0,"ix":6},"o":{"a":0,"k":100,"ix":7},"sk":{"a":0,"k":0,"ix":4},"sa":{"a":0,"k":0,"ix":5},"nm":"Transform"}],"nm":"Group 1","np":2,"cix":2,"bm":0,"ix":1,"mn":"ADBE Vector Group","hd":false},{"ty":"gr","it":[{"ind":0,"ty":"sh","ix":1,"ks":{"a":1,"k":[{"i":{"x":0.05,"y":1},"o":{"x":0.22,"y":0},"t":6,"s":[{"i":[[0,0],[-32.767,10.922],[-7.73,29.898]],"o":[[22.809,20.885],[37.099,-12.366],[0,0]],"v":[[-92.283,0.521],[6.923,16.735],[79.472,-60.212]],"c":false}]},{"i":{"x":0.667,"y":1},"o":{"x":0.22,"y":0},"t":30,"s":[{"i":[[0,0],[-32.767,10.922],[-7.73,29.898]],"o":[[22.809,20.885],[37.099,-12.366],[0,0]],"v":[[-91.133,3.523],[8.073,19.736],[79.472,-60.212]],"c":false}]},{"i":{"x":0.05,"y":1},"o":{"x":0.333,"y":0},"t":40,"s":[{"i":[[0,0],[-32.767,9.943],[-7.73,27.218]],"o":[[22.809,19.013],[37.099,-11.258],[0,0]],"v":[[-92.283,-4.923],[6.923,9.837],[79.472,-60.212]],"c":false}]},{"t":61,"s":[{"i":[[0,0],[-32.767,10.922],[-7.73,29.898]],"o":[[22.809,20.885],[37.099,-12.366],[0,0]],"v":[[-92.283,0.521],[6.923,16.735],[79.472,-60.212]],"c":false}]}],"ix":2},"nm":"Path 1","mn":"ADBE Vector Shape - Group","hd":false},{"ty":"st","c":{"a":0,"k":[0,0,0,1],"ix":3},"o":{"a":0,"k":100,"ix":4},"w":{"a":0,"k":1,"ix":5},"lc":2,"lj":2,"bm":0,"nm":"Stroke 1","mn":"ADBE Vector Graphic - Stroke","hd":false},{"ty":"tr","p":{"a":0,"k":[0,0],"ix":2},"a":{"a":0,"k":[0,0],"ix":1},"s":{"a":0,"k":[100,100],"ix":3},"r":{"a":0,"k":0,"ix":6},"o":{"a":0,"k":100,"ix":7},"sk":{"a":0,"k":0,"ix":4},"sa":{"a":0,"k":0,"ix":5},"nm":"Transform"}],"nm":"Group 2","np":2,"cix":2,"bm":0,"ix":2,"mn":"ADBE Vector Group","hd":false},{"ty":"gr","it":[{"ind":0,"ty":"sh","ix":1,"ks":{"a":0,"k":{"i":[[12.044,57.902],[7.603,7.053],[6.595,5.954],[8.7,4.143],[30.251,-1.497],[10.997,-5.237],[2.107,-10.718],[2.853,-2.646],[1.348,-6.48],[-57.078,-30.277],[-2.462,1.188]],"o":[[-1.348,-6.48],[-2.853,-2.646],[-2.107,-10.718],[-10.997,-5.237],[-30.251,-1.497],[-8.7,4.143],[-6.596,5.954],[-7.603,7.053],[-12.095,58.144],[2.415,1.281],[49.479,-23.875]],"v":[[96.785,-54.166],[85.243,-69.921],[74.526,-79.448],[64.083,-96.486],[-15.849,-112.189],[-95.782,-96.486],[-106.224,-79.448],[-116.942,-69.921],[-128.484,-54.166],[-19.174,109.572],[-11.414,109.755]],"c":true},"ix":2},"nm":"Path 1","mn":"ADBE Vector Shape - Group","hd":false},{"ty":"st","c":{"a":0,"k":[0,0,0,1],"ix":3},"o":{"a":0,"k":100,"ix":4},"w":{"a":0,"k":3,"ix":5},"lc":2,"lj":2,"bm":0,"nm":"Stroke 1","mn":"ADBE Vector Graphic - Stroke","hd":false},{"ty":"fl","c":{"a":0,"k":[0.878431379795,0.298039227724,0.643137276173,1],"ix":4},"o":{"a":0,"k":100,"ix":5},"r":1,"bm":0,"nm":"Fill 1","mn":"ADBE Vector Graphic - Fill","hd":false},{"ty":"tr","p":{"a":0,"k":[0,0],"ix":2},"a":{"a":0,"k":[0,0],"ix":1},"s":{"a":0,"k":[100,100],"ix":3},"r":{"a":0,"k":0,"ix":6},"o":{"a":0,"k":100,"ix":7},"sk":{"a":0,"k":0,"ix":4},"sa":{"a":0,"k":0,"ix":5},"nm":"Transform"}],"nm":"Group 3","np":3,"cix":2,"bm":0,"ix":3,"mn":"ADBE Vector Group","hd":false}],"ip":0,"op":120,"st":0,"bm":0},{"ddd":0,"ind":16,"ty":4,"nm":"Bag","parent":17,"sr":1,"ks":{"o":{"a":0,"k":100,"ix":11},"r":{"a":0,"k":0,"ix":10},"p":{"a":0,"k":[0,0,0],"ix":2},"a":{"a":0,"k":[0,0,0],"ix":1},"s":{"a":0,"k":[100,100,100],"ix":6}},"ao":0,"shapes":[{"ty":"gr","it":[{"ind":0,"ty":"sh","ix":1,"ks":{"a":0,"k":{"i":[[0,-4.564],[2.313,0],[0,4.564],[-2.313,0]],"o":[[0,4.564],[-2.313,0],[0,-4.564],[2.313,0]],"v":[[108.774,191.446],[104.586,199.71],[100.397,191.446],[104.586,183.182]],"c":true},"ix":2},"nm":"Path 1","mn":"ADBE Vector Shape - Group","hd":false},{"ty":"st","c":{"a":0,"k":[0,0,0,1],"ix":3},"o":{"a":0,"k":100,"ix":4},"w":{"a":0,"k":1,"ix":5},"lc":2,"lj":2,"bm":0,"nm":"Stroke 1","mn":"ADBE Vector Graphic - Stroke","hd":false},{"ty":"fl","c":{"a":0,"k":[1,0.86274510622,0.290196090937,1],"ix":4},"o":{"a":0,"k":100,"ix":5},"r":1,"bm":0,"nm":"Fill 1","mn":"ADBE Vector Graphic - Fill","hd":false},{"ty":"tr","p":{"a":0,"k":[0,0],"ix":2},"a":{"a":0,"k":[0,0],"ix":1},"s":{"a":0,"k":[100,100],"ix":3},"r":{"a":0,"k":0,"ix":6},"o":{"a":0,"k":100,"ix":7},"sk":{"a":0,"k":0,"ix":4},"sa":{"a":0,"k":0,"ix":5},"nm":"Transform"}],"nm":"Group 1","np":3,"cix":2,"bm":0,"ix":1,"mn":"ADBE Vector Group","hd":false},{"ty":"gr","it":[{"ind":0,"ty":"sh","ix":1,"ks":{"a":0,"k":{"i":[[0,0],[0,0]],"o":[[0,0],[0,0]],"v":[[84.208,204.012],[123.255,204.012]],"c":false},"ix":2},"nm":"Path 1","mn":"ADBE Vector Shape - Group","hd":false},{"ty":"st","c":{"a":0,"k":[0,0,0,1],"ix":3},"o":{"a":0,"k":100,"ix":4},"w":{"a":0,"k":1.5,"ix":5},"lc":2,"lj":2,"bm":0,"nm":"Stroke 1","mn":"ADBE Vector Graphic - Stroke","hd":false},{"ty":"tr","p":{"a":0,"k":[0,0],"ix":2},"a":{"a":0,"k":[0,0],"ix":1},"s":{"a":0,"k":[100,100],"ix":3},"r":{"a":0,"k":0,"ix":6},"o":{"a":0,"k":100,"ix":7},"sk":{"a":0,"k":0,"ix":4},"sa":{"a":0,"k":0,"ix":5},"nm":"Transform"}],"nm":"Group 2","np":2,"cix":2,"bm":0,"ix":2,"mn":"ADBE Vector Group","hd":false},{"ty":"gr","it":[{"ind":0,"ty":"sh","ix":1,"ks":{"a":0,"k":{"i":[[5.565,0],[0,0],[0,5.565],[0,0],[-5.565,0],[0,0],[0,-5.565],[0,0]],"o":[[0,0],[-5.565,0],[0,0],[0,-5.565],[0,0],[5.565,0],[0,0],[0,5.565]],"v":[[74.131,253.68],[72.889,253.68],[62.812,243.603],[62.812,174.126],[72.889,164.05],[74.131,164.05],[84.208,174.126],[84.208,243.603]],"c":true},"ix":2},"nm":"Path 1","mn":"ADBE Vector Shape - Group","hd":false},{"ty":"st","c":{"a":0,"k":[0,0,0,1],"ix":3},"o":{"a":0,"k":100,"ix":4},"w":{"a":0,"k":1.5,"ix":5},"lc":2,"lj":2,"bm":0,"nm":"Stroke 1","mn":"ADBE Vector Graphic - Stroke","hd":false},{"ty":"fl","c":{"a":0,"k":[0.388235300779,0.188235297799,0.172549024224,1],"ix":4},"o":{"a":0,"k":100,"ix":5},"r":1,"bm":0,"nm":"Fill 1","mn":"ADBE Vector Graphic - Fill","hd":false},{"ty":"tr","p":{"a":0,"k":[0,0],"ix":2},"a":{"a":0,"k":[0,0],"ix":1},"s":{"a":0,"k":[100,100],"ix":3},"r":{"a":0,"k":0,"ix":6},"o":{"a":0,"k":100,"ix":7},"sk":{"a":0,"k":0,"ix":4},"sa":{"a":0,"k":0,"ix":5},"nm":"Transform"}],"nm":"Group 3","np":3,"cix":2,"bm":0,"ix":3,"mn":"ADBE Vector Group","hd":false},{"ty":"gr","it":[{"ind":0,"ty":"sh","ix":1,"ks":{"a":0,"k":{"i":[[5.565,0],[0,0],[0,5.565],[0,0],[-5.565,0],[0,0],[0,-5.565],[0,0]],"o":[[0,0],[-5.565,0],[0,0],[0,-5.565],[0,0],[5.565,0],[0,0],[0,5.565]],"v":[[113.179,253.68],[72.936,253.68],[62.859,243.603],[62.859,174.126],[72.936,164.05],[113.179,164.05],[123.255,174.126],[123.255,243.603]],"c":true},"ix":2},"nm":"Path 1","mn":"ADBE Vector Shape - Group","hd":false},{"ty":"st","c":{"a":0,"k":[0,0,0,1],"ix":3},"o":{"a":0,"k":100,"ix":4},"w":{"a":0,"k":3,"ix":5},"lc":2,"lj":2,"bm":0,"nm":"Stroke 1","mn":"ADBE Vector Graphic - Stroke","hd":false},{"ty":"fl","c":{"a":0,"k":[0.54509806633,0.290196090937,0.243137255311,1],"ix":4},"o":{"a":0,"k":100,"ix":5},"r":1,"bm":0,"nm":"Fill 1","mn":"ADBE Vector Graphic - Fill","hd":false},{"ty":"tr","p":{"a":0,"k":[0,0],"ix":2},"a":{"a":0,"k":[0,0],"ix":1},"s":{"a":0,"k":[100,100],"ix":3},"r":{"a":0,"k":0,"ix":6},"o":{"a":0,"k":100,"ix":7},"sk":{"a":0,"k":0,"ix":4},"sa":{"a":0,"k":0,"ix":5},"nm":"Transform"}],"nm":"Group 4","np":3,"cix":2,"bm":0,"ix":4,"mn":"ADBE Vector Group","hd":false}],"ip":0,"op":120,"st":0,"bm":0},{"ddd":0,"ind":17,"ty":4,"nm":"Body","parent":1,"sr":1,"ks":{"o":{"a":0,"k":100,"ix":11},"r":{"a":0,"k":0,"ix":10},"p":{"a":0,"k":[-19.495,163.849,0],"ix":2},"a":{"a":0,"k":[-19.495,163.849,0],"ix":1},"s":{"a":1,"k":[{"i":{"x":[0.05,0.05,0.05],"y":[1,1,1]},"o":{"x":[0.22,0.22,0.22],"y":[0,0,0]},"t":6,"s":[100,100,100]},{"i":{"x":[0.667,0.667,0.667],"y":[1,1,1]},"o":{"x":[0.22,0.22,0.22],"y":[0,0,0]},"t":30,"s":[98,102,100]},{"i":{"x":[0.05,0.05,0.05],"y":[1,1,1]},"o":{"x":[0.333,0.333,0.333],"y":[0,0,0]},"t":40,"s":[102,98,100]},{"t":61,"s":[100,100,100]}],"ix":6}},"ao":0,"shapes":[{"ty":"gr","it":[{"ind":0,"ty":"sh","ix":1,"ks":{"a":1,"k":[{"i":{"x":0,"y":1},"o":{"x":0.17,"y":0},"t":4,"s":[{"i":[[0,0],[10.064,-63.66],[19.515,0],[0,0],[3.511,18.759],[0,0]],"o":[[0,0],[-3.047,19.276],[0,0],[-19.085,0],[0,0],[0,0]],"v":[[129.466,10.909],[114.015,130.376],[74.85,163.849],[-111.208,163.849],[-150.18,131.493],[-167.155,40.782]],"c":false}]},{"i":{"x":0.667,"y":1},"o":{"x":0.17,"y":0},"t":28,"s":[{"i":[[0,0],[10.064,-63.66],[19.515,0],[0,0],[3.511,18.759],[0,0]],"o":[[0,0],[-3.047,19.276],[0,0],[-19.085,0],[0,0],[0,0]],"v":[[135.007,-36.249],[114.015,130.376],[74.85,163.849],[-111.208,163.849],[-150.18,131.493],[-167.155,40.782]],"c":false}]},{"t":38,"s":[{"i":[[0,0],[10.064,-63.66],[19.515,0],[0,0],[3.511,18.759],[0,0]],"o":[[0,0],[-3.047,19.276],[0,0],[-19.085,0],[0,0],[0,0]],"v":[[132.966,-19.091],[114.015,130.376],[74.85,163.849],[-111.208,163.849],[-150.18,131.493],[-167.155,40.782]],"c":false}]}],"ix":2},"nm":"Path 1","mn":"ADBE Vector Shape - Group","hd":false},{"ty":"st","c":{"a":0,"k":[0,0,0,1],"ix":3},"o":{"a":0,"k":100,"ix":4},"w":{"a":0,"k":3,"ix":5},"lc":2,"lj":2,"bm":0,"nm":"Stroke 1","mn":"ADBE Vector Graphic - Stroke","hd":false},{"ty":"tr","p":{"a":0,"k":[0,0],"ix":2},"a":{"a":0,"k":[0,0],"ix":1},"s":{"a":0,"k":[100,100],"ix":3},"r":{"a":0,"k":0,"ix":6},"o":{"a":0,"k":100,"ix":7},"sk":{"a":0,"k":0,"ix":4},"sa":{"a":0,"k":0,"ix":5},"nm":"Transform"}],"nm":"Group 1","np":2,"cix":2,"bm":0,"ix":1,"mn":"ADBE Vector Group","hd":false},{"ty":"gr","it":[{"ind":0,"ty":"sh","ix":1,"ks":{"a":1,"k":[{"i":{"x":0.05,"y":1},"o":{"x":0.22,"y":0},"t":8,"s":[{"i":[[12.044,58.73],[7.603,7.154],[6.595,6.039],[8.7,4.202],[30.251,-1.518],[10.997,-5.312],[2.107,-10.871],[2.853,-2.684],[1.348,-6.572],[-57.078,-30.71],[-2.462,1.205]],"o":[[-1.348,-6.572],[-2.853,-2.684],[-2.107,-10.871],[-10.997,-5.312],[-30.251,-1.518],[-8.7,4.202],[-6.596,6.039],[-7.603,7.154],[-12.095,58.976],[2.415,1.299],[49.479,-24.216]],"v":[[96.489,-35.785],[84.947,-51.766],[74.229,-61.429],[63.787,-78.711],[-16.146,-94.638],[-96.078,-78.711],[-106.521,-61.429],[-117.238,-51.766],[-128.78,-35.785],[-19.47,130.296],[-11.71,130.481]],"c":true}]},{"i":{"x":0.667,"y":1},"o":{"x":0.22,"y":0},"t":32,"s":[{"i":[[12.044,58.73],[7.603,7.154],[6.595,6.039],[8.7,4.202],[30.251,-1.518],[10.997,-5.312],[2.107,-10.871],[2.853,-2.684],[1.348,-6.572],[-57.078,-30.71],[-2.462,1.205]],"o":[[-1.348,-6.572],[-2.853,-2.684],[-2.107,-10.871],[-10.997,-5.312],[-30.251,-1.518],[-8.7,4.202],[-6.596,6.039],[-7.603,7.154],[-12.095,58.976],[2.415,1.299],[49.479,-24.216]],"v":[[96.489,-35.785],[84.947,-51.766],[74.229,-61.429],[63.787,-78.711],[-16.146,-94.638],[-96.078,-78.711],[-106.521,-61.429],[-117.238,-51.766],[-128.78,-35.785],[-19.187,145.002],[-11.428,145.187]],"c":true}]},{"i":{"x":0.05,"y":1},"o":{"x":0.333,"y":0},"t":42,"s":[{"i":[[12.044,58.73],[7.603,7.154],[6.595,6.039],[8.7,4.202],[30.251,-1.518],[10.997,-5.312],[2.107,-10.871],[2.853,-2.684],[1.348,-6.572],[-57.078,-30.71],[-2.462,1.205]],"o":[[-1.348,-6.572],[-2.853,-2.684],[-2.107,-10.871],[-10.997,-5.312],[-30.251,-1.518],[-8.7,4.202],[-6.596,6.039],[-7.603,7.154],[-12.095,58.976],[2.415,1.299],[49.479,-24.216]],"v":[[96.489,-35.785],[84.947,-51.766],[74.229,-61.429],[63.787,-78.711],[-16.146,-94.638],[-96.078,-78.711],[-106.521,-61.429],[-117.238,-51.766],[-128.78,-35.785],[-19.593,116.447],[-11.834,116.633]],"c":true}]},{"t":63,"s":[{"i":[[12.044,58.73],[7.603,7.154],[6.595,6.039],[8.7,4.202],[30.251,-1.518],[10.997,-5.312],[2.107,-10.871],[2.853,-2.684],[1.348,-6.572],[-57.078,-30.71],[-2.462,1.205]],"o":[[-1.348,-6.572],[-2.853,-2.684],[-2.107,-10.871],[-10.997,-5.312],[-30.251,-1.518],[-8.7,4.202],[-6.596,6.039],[-7.603,7.154],[-12.095,58.976],[2.415,1.299],[49.479,-24.216]],"v":[[96.489,-35.785],[84.947,-51.766],[74.229,-61.429],[63.787,-78.711],[-16.146,-94.638],[-96.078,-78.711],[-106.521,-61.429],[-117.238,-51.766],[-128.78,-35.785],[-19.47,130.296],[-11.71,130.481]],"c":true}]}],"ix":2},"nm":"Path 1","mn":"ADBE Vector Shape - Group","hd":false},{"ty":"fl","c":{"a":0,"k":[0.647058844566,0.635294139385,0.517647087574,1],"ix":4},"o":{"a":0,"k":100,"ix":5},"r":1,"bm":0,"nm":"Fill 1","mn":"ADBE Vector Graphic - Fill","hd":false},{"ty":"tr","p":{"a":0,"k":[0,0],"ix":2},"a":{"a":0,"k":[0,0],"ix":1},"s":{"a":0,"k":[100,100],"ix":3},"r":{"a":0,"k":0,"ix":6},"o":{"a":0,"k":100,"ix":7},"sk":{"a":0,"k":0,"ix":4},"sa":{"a":0,"k":0,"ix":5},"nm":"Transform"}],"nm":"Group 2","np":2,"cix":2,"bm":0,"ix":2,"mn":"ADBE Vector Group","hd":false},{"ty":"gr","it":[{"ind":0,"ty":"sh","ix":1,"ks":{"a":1,"k":[{"i":{"x":0,"y":1},"o":{"x":0.17,"y":0},"t":4,"s":[{"i":[[1.464,-13.314],[7.292,-46.125],[19.515,0],[0,0],[3.511,18.759],[0,0],[0,0],[-81.795,-17.443],[0,0]],"o":[[-4.169,37.923],[-3.047,19.276],[0,0],[-19.085,0],[0,0],[0,0],[72.299,-42.042],[0,0],[13.1,2.794]],"v":[[134.047,-28.861],[114.015,130.376],[74.85,163.849],[-111.208,163.849],[-150.18,131.493],[-173.195,8.51],[-125.899,-18.993],[113.554,-57.219],[113.554,-57.219]],"c":true}]},{"i":{"x":0.667,"y":1},"o":{"x":0.17,"y":0},"t":28,"s":[{"i":[[1.464,-13.314],[7.292,-46.125],[19.515,0],[0,0],[3.511,18.759],[0,0],[0,0],[-81.795,-17.443],[0,0]],"o":[[-4.169,37.923],[-3.047,19.276],[0,0],[-19.085,0],[0,0],[0,0],[72.299,-42.042],[0,0],[13.1,2.794]],"v":[[134.047,-28.861],[114.015,130.376],[74.85,163.849],[-111.208,163.849],[-150.18,131.493],[-173.195,8.51],[-125.899,-18.993],[113.554,-57.219],[113.554,-57.219]],"c":true}]},{"t":38,"s":[{"i":[[1.464,-13.314],[7.292,-46.125],[19.515,0],[0,0],[3.511,18.759],[0,0],[0,0],[-81.795,-17.443],[0,0]],"o":[[-4.169,37.923],[-3.047,19.276],[0,0],[-19.085,0],[0,0],[0,0],[72.299,-42.042],[0,0],[13.1,2.794]],"v":[[134.047,-28.861],[114.015,130.376],[74.85,163.849],[-111.208,163.849],[-150.18,131.493],[-173.195,8.51],[-125.899,-18.993],[113.554,-57.219],[113.554,-57.219]],"c":true}]}],"ix":2},"nm":"Path 1","mn":"ADBE Vector Shape - Group","hd":false},{"ty":"fl","c":{"a":0,"k":[0.847058832645,0.823529422283,0.662745118141,1],"ix":4},"o":{"a":0,"k":100,"ix":5},"r":1,"bm":0,"nm":"Fill 1","mn":"ADBE Vector Graphic - Fill","hd":false},{"ty":"tr","p":{"a":0,"k":[0,0],"ix":2},"a":{"a":0,"k":[0,0],"ix":1},"s":{"a":0,"k":[100,100],"ix":3},"r":{"a":0,"k":0,"ix":6},"o":{"a":0,"k":100,"ix":7},"sk":{"a":0,"k":0,"ix":4},"sa":{"a":0,"k":0,"ix":5},"nm":"Transform"}],"nm":"Group 3","np":2,"cix":2,"bm":0,"ix":3,"mn":"ADBE Vector Group","hd":false}],"ip":0,"op":120,"st":0,"bm":0},{"ddd":0,"ind":18,"ty":4,"nm":"L_Arm","parent":17,"sr":1,"ks":{"o":{"a":0,"k":100,"ix":11},"r":{"a":1,"k":[{"i":{"x":[0.05],"y":[1]},"o":{"x":[0.22],"y":[0]},"t":2,"s":[30]},{"i":{"x":[0.13],"y":[1]},"o":{"x":[0.22],"y":[0]},"t":26,"s":[-10]},{"t":35,"s":[0]}],"ix":10},"p":{"a":0,"k":[89,-41,0],"ix":2},"a":{"a":0,"k":[89,-41,0],"ix":1},"s":{"a":0,"k":[100,100,100],"ix":6}},"ao":0,"shapes":[{"ty":"gr","it":[{"ind":0,"ty":"sh","ix":1,"ks":{"a":1,"k":[{"i":{"x":0.667,"y":1},"o":{"x":0.333,"y":0},"t":2,"s":[{"i":[[0.093,0.274],[4.716,3.728],[30.526,16.813],[-13.241,-23.386],[-6.942,-4.339],[-10.061,-1.03],[13.866,42.621]],"o":[[-1.925,-5.695],[-15.25,-12.054],[-61.562,35.887],[9.084,5.761],[10.425,6.516],[44.587,4.563],[-0.092,-0.284]],"v":[[278.85,9.304],[268.635,-6.497],[198.232,-50.745],[158.817,65.633],[183.137,80.967],[214.145,91.708],[279.128,10.142]],"c":true}]},{"t":18,"s":[{"i":[[0.093,0.274],[5.983,0.588],[28.208,20.428],[-13.241,-23.386],[-6.942,-4.339],[-10.061,-1.03],[13.866,42.621]],"o":[[-1.925,-5.695],[-19.345,-1.901],[-61.562,35.887],[9.084,5.761],[10.425,6.516],[44.587,4.563],[-0.092,-0.284]],"v":[[278.85,9.304],[265.893,-1.154],[190.206,-42.647],[158.817,65.633],[183.137,80.967],[214.145,91.708],[279.128,10.142]],"c":true}]}],"ix":2},"nm":"Path 1","mn":"ADBE Vector Shape - Group","hd":false},{"ty":"st","c":{"a":0,"k":[0,0,0,1],"ix":3},"o":{"a":0,"k":100,"ix":4},"w":{"a":0,"k":3,"ix":5},"lc":2,"lj":2,"bm":0,"nm":"Stroke 1","mn":"ADBE Vector Graphic - Stroke","hd":false},{"ty":"fl","c":{"a":0,"k":[0.349019616842,0.501960813999,0.847058832645,1],"ix":4},"o":{"a":0,"k":100,"ix":5},"r":1,"bm":0,"nm":"Fill 1","mn":"ADBE Vector Graphic - Fill","hd":false},{"ty":"tr","p":{"a":0,"k":[0,0],"ix":2},"a":{"a":0,"k":[0,0],"ix":1},"s":{"a":0,"k":[100,100],"ix":3},"r":{"a":0,"k":0,"ix":6},"o":{"a":0,"k":100,"ix":7},"sk":{"a":0,"k":0,"ix":4},"sa":{"a":0,"k":0,"ix":5},"nm":"Transform"}],"nm":"Group 13","np":3,"cix":2,"bm":0,"ix":1,"mn":"ADBE Vector Group","hd":false},{"ty":"gr","it":[{"ind":0,"ty":"sh","ix":1,"ks":{"a":1,"k":[{"i":{"x":0.667,"y":1},"o":{"x":0.333,"y":0},"t":2,"s":[{"i":[[-1.925,-5.695],[-0.092,-0.284],[44.587,4.563],[10.425,6.516],[0,0],[0,0],[-44.795,-19.749],[-28.428,-22.47]],"o":[[0.093,0.274],[13.866,42.621],[-10.061,-1.03],[-46.914,-29.321],[0,0],[0,0],[43.983,19.391],[4.716,3.728]],"v":[[278.85,9.304],[279.128,10.142],[214.145,91.708],[183.137,80.967],[27.828,-18.34],[45.441,-68.572],[122.906,-89.483],[268.635,-6.497]],"c":true}]},{"t":18,"s":[{"i":[[-1.925,-5.695],[-0.092,-0.284],[44.587,4.563],[10.425,6.516],[0,0],[0,0],[-43.982,-21.5],[-36.063,-3.544]],"o":[[0.093,0.274],[13.866,42.621],[-10.061,-1.03],[-46.914,-29.321],[0,0],[0,0],[40.683,19.888],[5.983,0.588]],"v":[[278.85,9.304],[279.128,10.142],[214.145,91.708],[183.137,80.967],[27.828,-18.34],[45.441,-68.572],[122.54,-88.117],[265.893,-1.154]],"c":true}]}],"ix":2},"nm":"Path 1","mn":"ADBE Vector Shape - Group","hd":false},{"ty":"st","c":{"a":0,"k":[0,0,0,1],"ix":3},"o":{"a":0,"k":100,"ix":4},"w":{"a":0,"k":3,"ix":5},"lc":2,"lj":2,"bm":0,"nm":"Stroke 1","mn":"ADBE Vector Graphic - Stroke","hd":false},{"ty":"fl","c":{"a":0,"k":[0.847058832645,0.823529422283,0.662745118141,1],"ix":4},"o":{"a":0,"k":100,"ix":5},"r":1,"bm":0,"nm":"Fill 1","mn":"ADBE Vector Graphic - Fill","hd":false},{"ty":"tr","p":{"a":0,"k":[0,0],"ix":2},"a":{"a":0,"k":[0,0],"ix":1},"s":{"a":0,"k":[100,100],"ix":3},"r":{"a":0,"k":0,"ix":6},"o":{"a":0,"k":100,"ix":7},"sk":{"a":0,"k":0,"ix":4},"sa":{"a":0,"k":0,"ix":5},"nm":"Transform"}],"nm":"Group 14","np":3,"cix":2,"bm":0,"ix":2,"mn":"ADBE Vector Group","hd":false}],"ip":0,"op":120,"st":0,"bm":0},{"ddd":0,"ind":19,"ty":4,"nm":"R_Arm_Back","parent":17,"sr":1,"ks":{"o":{"a":0,"k":100,"ix":11},"r":{"a":1,"k":[{"i":{"x":[0],"y":[1]},"o":{"x":[0.76],"y":[0]},"t":2,"s":[0]},{"i":{"x":[0],"y":[1]},"o":{"x":[0.08],"y":[0]},"t":26,"s":[4]},{"t":35,"s":[0]}],"ix":10},"p":{"a":0,"k":[-95,-61,0],"ix":2},"a":{"a":0,"k":[-95,-61,0],"ix":1},"s":{"a":0,"k":[100,100,100],"ix":6}},"ao":0,"shapes":[{"ty":"gr","it":[{"ind":0,"ty":"sh","ix":1,"ks":{"a":0,"k":{"i":[[0.525,-4.465],[-41.222,-6.795],[0,0],[0,0],[0,0]],"o":[[-8.552,72.692],[0,0],[0,0],[0,0],[-0.667,4.292]],"v":[[-234.202,148.405],[-167.294,254.377],[-102.775,179.858],[-133.769,105.022],[-232.397,135.288]],"c":true},"ix":2},"nm":"Path 1","mn":"ADBE Vector Shape - Group","hd":false},{"ty":"st","c":{"a":0,"k":[0,0,0,1],"ix":3},"o":{"a":0,"k":100,"ix":4},"w":{"a":0,"k":3,"ix":5},"lc":2,"lj":2,"bm":0,"nm":"Stroke 1","mn":"ADBE Vector Graphic - Stroke","hd":false},{"ty":"fl","c":{"a":0,"k":[0.349019616842,0.501960813999,0.847058832645,1],"ix":4},"o":{"a":0,"k":100,"ix":5},"r":1,"bm":0,"nm":"Fill 1","mn":"ADBE Vector Graphic - Fill","hd":false},{"ty":"tr","p":{"a":0,"k":[0,0],"ix":2},"a":{"a":0,"k":[0,0],"ix":1},"s":{"a":0,"k":[100,100],"ix":3},"r":{"a":0,"k":0,"ix":6},"o":{"a":0,"k":100,"ix":7},"sk":{"a":0,"k":0,"ix":4},"sa":{"a":0,"k":0,"ix":5},"nm":"Transform"}],"nm":"Group 2","np":3,"cix":2,"bm":0,"ix":1,"mn":"ADBE Vector Group","hd":false},{"ty":"gr","it":[{"ind":0,"ty":"sh","ix":1,"ks":{"a":0,"k":{"i":[[0,0],[19.547,-166.154],[-41.222,-6.795],[0,0],[0,0],[0,0]],"o":[[0,0],[-8.552,72.692],[0,0],[0,0],[0,0],[0,0]],"v":[[-94.236,-63.129],[-234.202,148.405],[-167.294,254.377],[-102.81,179.359],[-133.769,105.022],[-38.567,72.379]],"c":true},"ix":2},"nm":"Path 1","mn":"ADBE Vector Shape - Group","hd":false},{"ty":"st","c":{"a":0,"k":[0,0,0,1],"ix":3},"o":{"a":0,"k":100,"ix":4},"w":{"a":0,"k":3,"ix":5},"lc":2,"lj":2,"bm":0,"nm":"Stroke 1","mn":"ADBE Vector Graphic - Stroke","hd":false},{"ty":"fl","c":{"a":0,"k":[0.847058832645,0.823529422283,0.662745118141,1],"ix":4},"o":{"a":0,"k":100,"ix":5},"r":1,"bm":0,"nm":"Fill 1","mn":"ADBE Vector Graphic - Fill","hd":false},{"ty":"tr","p":{"a":0,"k":[0,0],"ix":2},"a":{"a":0,"k":[0,0],"ix":1},"s":{"a":0,"k":[100,100],"ix":3},"r":{"a":0,"k":0,"ix":6},"o":{"a":0,"k":100,"ix":7},"sk":{"a":0,"k":0,"ix":4},"sa":{"a":0,"k":0,"ix":5},"nm":"Transform"}],"nm":"Group 3","np":3,"cix":2,"bm":0,"ix":2,"mn":"ADBE Vector Group","hd":false}],"ip":0,"op":120,"st":0,"bm":0},{"ddd":0,"ind":20,"ty":4,"nm":"Weist","parent":1,"sr":1,"ks":{"o":{"a":0,"k":100,"ix":11},"r":{"a":0,"k":0,"ix":10},"p":{"a":0,"k":[0,17.143,0],"ix":2},"a":{"a":0,"k":[0,0,0],"ix":1},"s":{"a":0,"k":[100,100,100],"ix":6}},"ao":0,"shapes":[{"ty":"gr","it":[{"ind":0,"ty":"sh","ix":1,"ks":{"a":0,"k":{"i":[[0,0],[0,0],[-10.764,0],[0,0],[0,-10.423],[0,0]],"o":[[0,0],[0,-10.423],[0,0],[10.764,0],[0,0],[0,0]],"v":[[-115.099,214.219],[-115.099,161.485],[-95.609,142.613],[72.955,142.613],[92.444,161.485],[92.444,214.219]],"c":false},"ix":2},"nm":"Path 1","mn":"ADBE Vector Shape - Group","hd":false},{"ty":"st","c":{"a":0,"k":[0,0,0,1],"ix":3},"o":{"a":0,"k":100,"ix":4},"w":{"a":0,"k":3,"ix":5},"lc":2,"lj":2,"bm":0,"nm":"Stroke 1","mn":"ADBE Vector Graphic - Stroke","hd":false},{"ty":"tr","p":{"a":0,"k":[0,0],"ix":2},"a":{"a":0,"k":[0,0],"ix":1},"s":{"a":0,"k":[100,100],"ix":3},"r":{"a":0,"k":0,"ix":6},"o":{"a":0,"k":100,"ix":7},"sk":{"a":0,"k":0,"ix":4},"sa":{"a":0,"k":0,"ix":5},"nm":"Transform"}],"nm":"Group 1","np":2,"cix":2,"bm":0,"ix":1,"mn":"ADBE Vector Group","hd":false},{"ty":"gr","it":[{"ind":0,"ty":"sh","ix":1,"ks":{"a":0,"k":{"i":[[0,0],[0,0],[0,0],[-10.592,0],[0,0],[0,-10.592]],"o":[[0,0],[0,0],[0,-10.592],[0,0],[10.592,0],[0,0]],"v":[[92.444,214.219],[-115.099,214.219],[-115.099,161.791],[-95.921,142.613],[73.266,142.613],[92.444,161.791]],"c":true},"ix":2},"nm":"Path 1","mn":"ADBE Vector Shape - Group","hd":false},{"ty":"fl","c":{"a":0,"k":[0.329411774874,0.411764711142,0.498039215803,1],"ix":4},"o":{"a":0,"k":100,"ix":5},"r":1,"bm":0,"nm":"Fill 1","mn":"ADBE Vector Graphic - Fill","hd":false},{"ty":"tr","p":{"a":0,"k":[0,0],"ix":2},"a":{"a":0,"k":[0,0],"ix":1},"s":{"a":0,"k":[100,100],"ix":3},"r":{"a":0,"k":0,"ix":6},"o":{"a":0,"k":100,"ix":7},"sk":{"a":0,"k":0,"ix":4},"sa":{"a":0,"k":0,"ix":5},"nm":"Transform"}],"nm":"Group 2","np":2,"cix":2,"bm":0,"ix":2,"mn":"ADBE Vector Group","hd":false}],"ip":0,"op":120,"st":0,"bm":0}]}],"layers":[{"ddd":0,"ind":1,"ty":0,"nm":"21_Graggle_Ready","refId":"comp_0","sr":1,"ks":{"o":{"a":0,"k":100,"ix":11},"r":{"a":0,"k":0,"ix":10},"p":{"a":0,"k":[160,160,0],"ix":2},"a":{"a":0,"k":[400,400,0],"ix":1},"s":{"a":0,"k":[40,40,100],"ix":6}},"ao":0,"w":800,"h":800,"ip":0,"op":20,"st":-100,"bm":0},{"ddd":0,"ind":2,"ty":0,"nm":"21_Graggle_Ready","refId":"comp_0","sr":1,"ks":{"o":{"a":0,"k":100,"ix":11},"r":{"a":0,"k":0,"ix":10},"p":{"a":0,"k":[160,160,0],"ix":2},"a":{"a":0,"k":[400,400,0],"ix":1},"s":{"a":0,"k":[40,40,100],"ix":6}},"ao":0,"w":800,"h":800,"ip":20,"op":120,"st":20,"bm":0}],"markers":[]}