{"v":"5.6.2","fr":60,"ip":0,"op":120,"w":320,"h":320,"nm":"13_Graggle_Sick","ddd":0,"assets":[{"id":"comp_0","layers":[{"ddd":0,"ind":3,"ty":3,"nm":"Overall_Ctrl","sr":1,"ks":{"o":{"a":0,"k":0,"ix":11},"r":{"a":0,"k":0,"ix":10},"p":{"a":0,"k":[400,522,0],"ix":2},"a":{"a":0,"k":[0,0,0],"ix":1},"s":{"a":0,"k":[120,120,100],"ix":6}},"ao":0,"ip":0,"op":120,"st":0,"bm":0},{"ddd":0,"ind":4,"ty":3,"nm":"Face_Ctrl","parent":14,"sr":1,"ks":{"o":{"a":0,"k":0,"ix":11},"r":{"a":0,"k":0,"ix":10},"p":{"a":1,"k":[{"i":{"x":0.529,"y":1},"o":{"x":0.574,"y":0},"t":4,"s":[1,-129,0],"to":[0,0,0],"ti":[0,0,0]},{"i":{"x":0.529,"y":1},"o":{"x":0.333,"y":0},"t":64,"s":[1,-121,0],"to":[0,0,0],"ti":[0,0,0]},{"i":{"x":0.529,"y":1},"o":{"x":0.333,"y":0},"t":79,"s":[1,-128.689,0],"to":[0,0,0],"ti":[0,0,0]},{"t":89,"s":[1,-121,0]}],"ix":2},"a":{"a":0,"k":[50,50,0],"ix":1},"s":{"a":0,"k":[100,100,100],"ix":6}},"ao":0,"ip":0,"op":120,"st":0,"bm":0},{"ddd":0,"ind":5,"ty":4,"nm":"L_Arm_Front","parent":14,"sr":1,"ks":{"o":{"a":0,"k":100,"ix":11},"r":{"a":0,"k":0,"ix":10},"p":{"a":1,"k":[{"i":{"x":0.529,"y":1},"o":{"x":0.574,"y":0},"t":2,"s":[117.686,93.865,0],"to":[0,0,0],"ti":[0,0,0]},{"t":62,"s":[117.686,215.865,0]}],"ix":2},"a":{"a":0,"k":[117.686,215.865,0],"ix":1},"s":{"a":0,"k":[100,100,100],"ix":6}},"ao":0,"shapes":[{"ty":"gr","it":[{"ind":0,"ty":"sh","ix":1,"ks":{"a":0,"k":{"i":[[0,0],[1.591,11.096]],"o":[[0,0],[0,0]],"v":[[139.539,105.658],[133.314,87.876]],"c":false},"ix":2},"nm":"Path 1","mn":"ADBE Vector Shape - Group","hd":false},{"ty":"st","c":{"a":0,"k":[0,0,0,1],"ix":3},"o":{"a":0,"k":100,"ix":4},"w":{"a":0,"k":4.573,"ix":5},"lc":2,"lj":2,"bm":0,"nm":"Stroke 1","mn":"ADBE Vector Graphic - Stroke","hd":false},{"ty":"fl","c":{"a":0,"k":[0.54509806633,0.290196090937,0.243137255311,1],"ix":4},"o":{"a":0,"k":100,"ix":5},"r":1,"bm":0,"nm":"Fill 1","mn":"ADBE Vector Graphic - Fill","hd":false},{"ty":"tr","p":{"a":0,"k":[0,0],"ix":2},"a":{"a":0,"k":[0,0],"ix":1},"s":{"a":0,"k":[100,100],"ix":3},"r":{"a":0,"k":0,"ix":6},"o":{"a":0,"k":100,"ix":7},"sk":{"a":0,"k":0,"ix":4},"sa":{"a":0,"k":0,"ix":5},"nm":"Transform"}],"nm":"Group 1","np":3,"cix":2,"bm":0,"ix":1,"mn":"ADBE Vector Group","hd":false},{"ty":"gr","it":[{"ind":0,"ty":"sh","ix":1,"ks":{"a":0,"k":{"i":[[0,0],[9.658,6.302]],"o":[[0,0],[0,0]],"v":[[88.569,155.359],[71.9,148.542]],"c":false},"ix":2},"nm":"Path 1","mn":"ADBE Vector Shape - Group","hd":false},{"ty":"st","c":{"a":0,"k":[0,0,0,1],"ix":3},"o":{"a":0,"k":100,"ix":4},"w":{"a":0,"k":4.573,"ix":5},"lc":2,"lj":2,"bm":0,"nm":"Stroke 1","mn":"ADBE Vector Graphic - Stroke","hd":false},{"ty":"fl","c":{"a":0,"k":[0.54509806633,0.290196090937,0.243137255311,1],"ix":4},"o":{"a":0,"k":100,"ix":5},"r":1,"bm":0,"nm":"Fill 1","mn":"ADBE Vector Graphic - Fill","hd":false},{"ty":"tr","p":{"a":0,"k":[0,0],"ix":2},"a":{"a":0,"k":[0,0],"ix":1},"s":{"a":0,"k":[100,100],"ix":3},"r":{"a":0,"k":0,"ix":6},"o":{"a":0,"k":100,"ix":7},"sk":{"a":0,"k":0,"ix":4},"sa":{"a":0,"k":0,"ix":5},"nm":"Transform"}],"nm":"Group 2","np":3,"cix":2,"bm":0,"ix":2,"mn":"ADBE Vector Group","hd":false},{"ty":"gr","it":[{"ind":0,"ty":"sh","ix":1,"ks":{"a":1,"k":[{"i":{"x":0.529,"y":1},"o":{"x":0.408,"y":0},"t":2,"s":[{"i":[[0,0],[0,0],[14.898,8.099],[8.856,-9.753],[-13.298,-8.651],[-3.734,-17.39]],"o":[[0,0],[0,0],[-14.898,-8.099],[-8.856,9.753],[13.298,8.651],[0,0]],"v":[[106.864,61.097],[100.239,55.452],[69.699,23.339],[37.775,19.626],[43.149,48.913],[73.53,89.737]],"c":false}]},{"t":62,"s":[{"i":[[0,0],[0,0],[13.368,10.434],[10.336,-8.169],[-11.699,-10.715],[-0.831,-17.767]],"o":[[0,0],[0,0],[-13.368,-10.434],[-10.336,8.169],[11.699,10.715],[0,0]],"v":[[102.431,64.229],[96.822,57.573],[71.964,20.885],[41.081,11.986],[41.578,41.757],[64.85,87.012]],"c":false}]}],"ix":2},"nm":"Path 1","mn":"ADBE Vector Shape - Group","hd":false},{"ty":"st","c":{"a":0,"k":[0,0,0,1],"ix":3},"o":{"a":0,"k":100,"ix":4},"w":{"a":0,"k":4.573,"ix":5},"lc":2,"lj":2,"bm":0,"nm":"Stroke 1","mn":"ADBE Vector Graphic - Stroke","hd":false},{"ty":"fl","c":{"a":0,"k":[0.54509806633,0.290196090937,0.243137255311,1],"ix":4},"o":{"a":0,"k":100,"ix":5},"r":1,"bm":0,"nm":"Fill 1","mn":"ADBE Vector Graphic - Fill","hd":false},{"ty":"tr","p":{"a":0,"k":[0,0],"ix":2},"a":{"a":0,"k":[0,0],"ix":1},"s":{"a":0,"k":[100,100],"ix":3},"r":{"a":0,"k":0,"ix":6},"o":{"a":0,"k":100,"ix":7},"sk":{"a":0,"k":0,"ix":4},"sa":{"a":0,"k":0,"ix":5},"nm":"Transform"}],"nm":"Group 3","np":3,"cix":2,"bm":0,"ix":3,"mn":"ADBE Vector Group","hd":false},{"ty":"gr","it":[{"ind":0,"ty":"sh","ix":1,"ks":{"a":1,"k":[{"i":{"x":0.529,"y":1},"o":{"x":0.408,"y":0},"t":2,"s":[{"i":[[0,0],[0,0],[10.908,13.029],[9.274,-1.673],[-9.69,-12.196],[-7.243,-25.529]],"o":[[0,0],[0,0],[-10.908,-13.029],[-9.274,1.673],[9.69,12.196],[0,0]],"v":[[125.816,43.998],[119.495,38.561],[100.075,-3.451],[67.346,-28.066],[54.269,-0.713],[96.053,59.627]],"c":false}]},{"t":62,"s":[{"i":[[0,0],[0,0],[8.623,14.641],[9.423,-0.129],[-7.558,-13.62],[-2.957,-26.371]],"o":[[0,0],[0,0],[-8.623,-14.641],[-9.423,0.129],[7.558,13.62],[0,0]],"v":[[123.931,50.469],[118.588,44.069],[106.323,-0.559],[78.075,-30.21],[60.688,-5.373],[92.007,61.005]],"c":false}]}],"ix":2},"nm":"Path 1","mn":"ADBE Vector Shape - Group","hd":false},{"ty":"st","c":{"a":0,"k":[0,0,0,1],"ix":3},"o":{"a":0,"k":100,"ix":4},"w":{"a":0,"k":4.573,"ix":5},"lc":2,"lj":2,"bm":0,"nm":"Stroke 1","mn":"ADBE Vector Graphic - Stroke","hd":false},{"ty":"fl","c":{"a":0,"k":[0.54509806633,0.290196090937,0.243137255311,1],"ix":4},"o":{"a":0,"k":100,"ix":5},"r":1,"bm":0,"nm":"Fill 1","mn":"ADBE Vector Graphic - Fill","hd":false},{"ty":"tr","p":{"a":0,"k":[0,0],"ix":2},"a":{"a":0,"k":[0,0],"ix":1},"s":{"a":0,"k":[100,100],"ix":3},"r":{"a":0,"k":0,"ix":6},"o":{"a":0,"k":100,"ix":7},"sk":{"a":0,"k":0,"ix":4},"sa":{"a":0,"k":0,"ix":5},"nm":"Transform"}],"nm":"Group 4","np":3,"cix":2,"bm":0,"ix":4,"mn":"ADBE Vector Group","hd":false},{"ty":"gr","it":[{"ind":0,"ty":"sh","ix":1,"ks":{"a":1,"k":[{"i":{"x":0.529,"y":1},"o":{"x":0.408,"y":0},"t":2,"s":[{"i":[[-54.879,-13.979],[4.826,41.673],[0,0],[0,0],[8.496,12.938],[5.22,24.842],[6.667,2.972],[-2.087,-14.62],[0,0],[0,0],[5.181,-13.826],[-15.08,-9.374]],"o":[[38.346,9.767],[-4.826,-41.673],[0,0],[0,0],[0,0],[-5.22,-24.842],[-6.667,-2.972],[2.087,14.62],[0,0],[0,0],[-5.181,13.826],[0,0]],"v":[[119.632,214.38],[186.936,142.416],[133.776,91.247],[134.405,57.445],[132.751,35.38],[129.098,-5.53],[111.026,-58.344],[86.008,-42.746],[93.24,-11.69],[105.319,46.643],[73.627,81.563],[71.9,148.542]],"c":true}]},{"t":62,"s":[{"i":[[-54.879,-13.979],[4.826,41.673],[0,0],[0,0],[6.258,14.156],[1.074,25.361],[6.089,4.025],[0.34,-14.764],[0,0],[0,0],[7.379,-12.789],[-15.08,-9.374]],"o":[[38.346,9.767],[-4.826,-41.673],[0,0],[0,0],[0,0],[-1.074,-25.361],[-6.089,-4.025],[-0.34,14.764],[0,0],[0,0],[-7.379,12.789],[0,0]],"v":[[119.632,214.38],[186.936,142.416],[133.776,91.247],[130.198,65.143],[132.186,43.106],[135.293,2.151],[126.13,-52.912],[98.892,-41.629],[100.932,-9.807],[103.278,49.716],[66.286,78.965],[71.9,148.542]],"c":true}]}],"ix":2},"nm":"Path 1","mn":"ADBE Vector Shape - Group","hd":false},{"ty":"st","c":{"a":0,"k":[0,0,0,1],"ix":3},"o":{"a":0,"k":100,"ix":4},"w":{"a":0,"k":4.573,"ix":5},"lc":2,"lj":2,"bm":0,"nm":"Stroke 1","mn":"ADBE Vector Graphic - Stroke","hd":false},{"ty":"fl","c":{"a":0,"k":[0.54509806633,0.290196090937,0.243137255311,1],"ix":4},"o":{"a":0,"k":100,"ix":5},"r":1,"bm":0,"nm":"Fill 1","mn":"ADBE Vector Graphic - Fill","hd":false},{"ty":"tr","p":{"a":0,"k":[0,0],"ix":2},"a":{"a":0,"k":[0,0],"ix":1},"s":{"a":0,"k":[100,100],"ix":3},"r":{"a":0,"k":0,"ix":6},"o":{"a":0,"k":100,"ix":7},"sk":{"a":0,"k":0,"ix":4},"sa":{"a":0,"k":0,"ix":5},"nm":"Transform"}],"nm":"Group 5","np":3,"cix":2,"bm":0,"ix":5,"mn":"ADBE Vector Group","hd":false},{"ty":"gr","it":[{"ind":0,"ty":"sh","ix":1,"ks":{"a":1,"k":[{"i":{"x":0.529,"y":1},"o":{"x":0.408,"y":0},"t":2,"s":[{"i":[[0,0],[-31.654,-15.514],[15.593,-50.171],[29.408,9.121]],"o":[[0,0],[38.672,18.953],[-16.883,54.32],[-69.736,-21.629]],"v":[[82.79,143.145],[154.668,102.774],[214.899,232.708],[133.736,289.629]],"c":true}]},{"t":62,"s":[{"i":[[0,0],[-26.274,-10.495],[12.943,-33.939],[23.022,9.045]],"o":[[0,0],[32.099,12.821],[-14.013,36.745],[-23.022,-9.045]],"v":[[114.455,100.035],[164.157,97.755],[197.55,180.238],[120.22,211.301]],"c":true}]}],"ix":2},"nm":"Path 1","mn":"ADBE Vector Shape - Group","hd":false},{"ty":"st","c":{"a":0,"k":[0,0,0,1],"ix":3},"o":{"a":0,"k":100,"ix":4},"w":{"a":0,"k":4.573,"ix":5},"lc":2,"lj":2,"bm":0,"nm":"Stroke 1","mn":"ADBE Vector Graphic - Stroke","hd":false},{"ty":"fl","c":{"a":0,"k":[0.349019616842,0.501960813999,0.847058832645,1],"ix":4},"o":{"a":0,"k":100,"ix":5},"r":1,"bm":0,"nm":"Fill 1","mn":"ADBE Vector Graphic - Fill","hd":false},{"ty":"tr","p":{"a":0,"k":[0,0],"ix":2},"a":{"a":0,"k":[0,0],"ix":1},"s":{"a":0,"k":[100,100],"ix":3},"r":{"a":0,"k":0,"ix":6},"o":{"a":0,"k":100,"ix":7},"sk":{"a":0,"k":0,"ix":4},"sa":{"a":0,"k":0,"ix":5},"nm":"Transform"}],"nm":"Group 6","np":3,"cix":2,"bm":0,"ix":6,"mn":"ADBE Vector Group","hd":false}],"ip":0,"op":120,"st":0,"bm":0},{"ddd":0,"ind":6,"ty":4,"nm":"R_Arm_Front","parent":14,"sr":1,"ks":{"o":{"a":0,"k":100,"ix":11},"r":{"a":0,"k":0,"ix":10},"p":{"a":1,"k":[{"i":{"x":0.529,"y":1},"o":{"x":0.574,"y":0},"t":2,"s":[-119.849,142.326,0],"to":[0,0,0],"ti":[0,0,0]},{"t":62,"s":[-119.849,218.326,0]}],"ix":2},"a":{"a":0,"k":[-119.849,218.326,0],"ix":1},"s":{"a":0,"k":[100,100,100],"ix":6}},"ao":0,"shapes":[{"ty":"gr","it":[{"ind":0,"ty":"sh","ix":1,"ks":{"a":1,"k":[{"i":{"x":0.529,"y":1},"o":{"x":0.408,"y":0},"t":2,"s":[{"i":[[0,0],[0,0],[-15.321,6.935],[-7.965,-10.401],[13.786,-7.607],[0.528,-17.773]],"o":[[0,0],[0,0],[15.321,-6.935],[7.965,10.401],[-13.786,7.607],[0,0]],"v":[[-100.918,8.326],[-95.482,1.595],[-67.214,-37.901],[-35.453,-39.16],[-43.047,-10.375],[-63.383,30.588]],"c":false}]},{"t":62,"s":[{"i":[[0,0],[0,0],[-13.045,10.613],[-10.354,-8.025],[11.39,-10.872],[0.528,-17.773]],"o":[[0,0],[0,0],[13.045,-10.613],[10.354,8.025],[-11.39,10.872],[0,0]],"v":[[-100.918,8.326],[-95.482,1.595],[-71.51,-35.422],[-41.121,-44.741],[-41.121,-14.972],[-63.383,30.588]],"c":false}]}],"ix":2},"nm":"Path 1","mn":"ADBE Vector Shape - Group","hd":false},{"ty":"st","c":{"a":0,"k":[0,0,0,1],"ix":3},"o":{"a":0,"k":100,"ix":4},"w":{"a":0,"k":4.573,"ix":5},"lc":2,"lj":2,"bm":0,"nm":"Stroke 1","mn":"ADBE Vector Graphic - Stroke","hd":false},{"ty":"fl","c":{"a":0,"k":[0.54509806633,0.290196090937,0.243137255311,1],"ix":4},"o":{"a":0,"k":100,"ix":5},"r":1,"bm":0,"nm":"Fill 1","mn":"ADBE Vector Graphic - Fill","hd":false},{"ty":"tr","p":{"a":0,"k":[0,0],"ix":2},"a":{"a":0,"k":[0,0],"ix":1},"s":{"a":0,"k":[100,100],"ix":3},"r":{"a":0,"k":0,"ix":6},"o":{"a":0,"k":100,"ix":7},"sk":{"a":0,"k":0,"ix":4},"sa":{"a":0,"k":0,"ix":5},"nm":"Transform"}],"nm":"Group 1","np":3,"cix":2,"bm":0,"ix":1,"mn":"ADBE Vector Group","hd":false},{"ty":"gr","it":[{"ind":0,"ty":"sh","ix":1,"ks":{"a":1,"k":[{"i":{"x":0.529,"y":1},"o":{"x":0.408,"y":0},"t":2,"s":[{"i":[[0,0],[0,0],[-11.773,12.154],[-9.011,-2.377],[10.508,-11.417],[2.488,-26.404]],"o":[[0,0],[0,0],[11.773,-12.154],[9.011,2.377],[-10.508,11.417],[0,0]],"v":[[-122.404,-5.135],[-117.226,-11.607],[-95.056,-66.931],[-60.865,-88.966],[-50.118,-60.698],[-90.665,4.96]],"c":false}]},{"t":62,"s":[{"i":[[0,0],[0,0],[-8.284,14.755],[-9.319,0],[7.248,-13.72],[2.488,-26.404]],"o":[[0,0],[0,0],[8.284,-14.755],[9.319,0],[-7.248,13.72],[0,0]],"v":[[-122.404,-5.135],[-117.226,-11.607],[-105.836,-56.39],[-78.397,-86.418],[-60.794,-61.826],[-90.665,4.96]],"c":false}]}],"ix":2},"nm":"Path 1","mn":"ADBE Vector Shape - Group","hd":false},{"ty":"st","c":{"a":0,"k":[0,0,0,1],"ix":3},"o":{"a":0,"k":100,"ix":4},"w":{"a":0,"k":4.573,"ix":5},"lc":2,"lj":2,"bm":0,"nm":"Stroke 1","mn":"ADBE Vector Graphic - Stroke","hd":false},{"ty":"fl","c":{"a":0,"k":[0.54509806633,0.290196090937,0.243137255311,1],"ix":4},"o":{"a":0,"k":100,"ix":5},"r":1,"bm":0,"nm":"Fill 1","mn":"ADBE Vector Graphic - Fill","hd":false},{"ty":"tr","p":{"a":0,"k":[0,0],"ix":2},"a":{"a":0,"k":[0,0],"ix":1},"s":{"a":0,"k":[100,100],"ix":3},"r":{"a":0,"k":0,"ix":6},"o":{"a":0,"k":100,"ix":7},"sk":{"a":0,"k":0,"ix":4},"sa":{"a":0,"k":0,"ix":5},"nm":"Transform"}],"nm":"Group 2","np":3,"cix":2,"bm":0,"ix":2,"mn":"ADBE Vector Group","hd":false},{"ty":"gr","it":[{"ind":0,"ty":"sh","ix":1,"ks":{"a":1,"k":[{"i":{"x":0.529,"y":1},"o":{"x":0.408,"y":0},"t":2,"s":[{"i":[[0,0],[58.084,31.754],[0,0],[0,0],[0,0],[-5.954,14.237],[-7.093,24.365],[-6.805,2.453],[3.203,-14.415],[0,0],[0,0],[-7.507,-12.684],[14.755,-9.578]],"o":[[0,0],[-58.084,-31.754],[0,0],[0,0],[0,0],[0,0],[7.093,-24.365],[6.805,-2.453],[-3.203,14.415],[0,0],[0,0],[7.507,12.684],[0,0]],"v":[[-67.303,178.484],[-163.809,195.051],[-195.661,110.49],[-131.464,35.765],[-128.357,9.62],[-130.687,-12.383],[-123.502,-71.223],[-101.548,-122.491],[-78.11,-105.028],[-87.673,-74.621],[-101.995,-6.171],[-64.936,22.563],[-69.337,92.197]],"c":true}]},{"t":62,"s":[{"i":[[0,0],[58.084,31.754],[0,0],[0,0],[0,0],[-5.954,14.237],[-0.643,25.368],[-5.954,4.107],[-0.58,-14.755],[0,0],[0,0],[-7.507,-12.684],[14.755,-9.578]],"o":[[0,0],[-58.084,-31.754],[0,0],[0,0],[0,0],[0,0],[0.643,-25.368],[5.954,-4.107],[0.58,14.755],[0,0],[0,0],[7.507,12.684],[0,0]],"v":[[-67.303,178.484],[-163.809,195.051],[-195.661,110.49],[-131.464,35.765],[-128.357,9.62],[-130.687,-12.383],[-134.436,-53.284],[-126.286,-108.456],[-99.168,-97.549],[-100.659,-65.709],[-101.995,-6.171],[-64.936,22.563],[-69.337,92.197]],"c":true}]}],"ix":2},"nm":"Path 1","mn":"ADBE Vector Shape - Group","hd":false},{"ty":"st","c":{"a":0,"k":[0,0,0,1],"ix":3},"o":{"a":0,"k":100,"ix":4},"w":{"a":0,"k":4.573,"ix":5},"lc":2,"lj":2,"bm":0,"nm":"Stroke 1","mn":"ADBE Vector Graphic - Stroke","hd":false},{"ty":"fl","c":{"a":0,"k":[0.54509806633,0.290196090937,0.243137255311,1],"ix":4},"o":{"a":0,"k":100,"ix":5},"r":1,"bm":0,"nm":"Fill 1","mn":"ADBE Vector Graphic - Fill","hd":false},{"ty":"tr","p":{"a":0,"k":[0,0],"ix":2},"a":{"a":0,"k":[0,0],"ix":1},"s":{"a":0,"k":[100,100],"ix":3},"r":{"a":0,"k":0,"ix":6},"o":{"a":0,"k":100,"ix":7},"sk":{"a":0,"k":0,"ix":4},"sa":{"a":0,"k":0,"ix":5},"nm":"Transform"}],"nm":"Group 3","np":3,"cix":2,"bm":0,"ix":3,"mn":"ADBE Vector Group","hd":false},{"ty":"gr","it":[{"ind":0,"ty":"sh","ix":1,"ks":{"a":1,"k":[{"i":{"x":0.529,"y":1},"o":{"x":0.408,"y":0},"t":2,"s":[{"i":[[0,0],[74.187,50.62],[-50.755,37.298]],"o":[[0,0],[-52.295,-35.683],[0,0]],"v":[[-90.665,193.153],[-205.187,261.38],[-193.245,116.702]],"c":true}]},{"t":62,"s":[{"i":[[0,0],[38.49,15.864],[-24.333,33.652]],"o":[[0,0],[-41.87,-17.257],[0,0]],"v":[[-90.665,193.153],[-167.187,214.38],[-193.245,116.702]],"c":true}]}],"ix":2},"nm":"Path 1","mn":"ADBE Vector Shape - Group","hd":false},{"ty":"st","c":{"a":0,"k":[0,0,0,1],"ix":3},"o":{"a":0,"k":100,"ix":4},"w":{"a":0,"k":4.573,"ix":5},"lc":2,"lj":2,"bm":0,"nm":"Stroke 1","mn":"ADBE Vector Graphic - Stroke","hd":false},{"ty":"fl","c":{"a":0,"k":[0.349019616842,0.501960813999,0.847058832645,1],"ix":4},"o":{"a":0,"k":100,"ix":5},"r":1,"bm":0,"nm":"Fill 1","mn":"ADBE Vector Graphic - Fill","hd":false},{"ty":"tr","p":{"a":0,"k":[0,0],"ix":2},"a":{"a":0,"k":[0,0],"ix":1},"s":{"a":0,"k":[100,100],"ix":3},"r":{"a":0,"k":0,"ix":6},"o":{"a":0,"k":100,"ix":7},"sk":{"a":0,"k":0,"ix":4},"sa":{"a":0,"k":0,"ix":5},"nm":"Transform"}],"nm":"Group 4","np":3,"cix":2,"bm":0,"ix":4,"mn":"ADBE Vector Group","hd":false}],"ip":0,"op":120,"st":0,"bm":0},{"ddd":0,"ind":7,"ty":4,"nm":"Eyebrow","parent":4,"sr":1,"ks":{"o":{"a":0,"k":100,"ix":11},"r":{"a":0,"k":0,"ix":10},"p":{"a":1,"k":[{"i":{"x":0.352,"y":1},"o":{"x":0.661,"y":0},"t":38,"s":[51.932,-41.044,0],"to":[0,0,0],"ti":[0,0,0]},{"i":{"x":0,"y":0},"o":{"x":1,"y":1},"t":56,"s":[51.932,-18.996,0],"to":[0,0,0],"ti":[0,0,0]},{"i":{"x":0.416,"y":1},"o":{"x":0.767,"y":0},"t":58,"s":[51.932,-18.996,0],"to":[0,0,0],"ti":[0,0,0]},{"t":73,"s":[51.932,-41.044,0]}],"ix":2},"a":{"a":0,"k":[2.932,-212.044,0],"ix":1},"s":{"a":0,"k":[100,100,100],"ix":6}},"ao":0,"shapes":[{"ty":"gr","it":[{"ind":0,"ty":"sh","ix":1,"ks":{"a":0,"k":{"i":[[0,0],[-0.269,-6.398]],"o":[[0,0],[0,0]],"v":[[22.451,-226.158],[25.308,-216.475]],"c":false},"ix":2},"nm":"Path 1","mn":"ADBE Vector Shape - Group","hd":false},{"ty":"st","c":{"a":0,"k":[0,0,0,1],"ix":3},"o":{"a":0,"k":100,"ix":4},"w":{"a":0,"k":1.524,"ix":5},"lc":2,"lj":2,"bm":0,"nm":"Stroke 1","mn":"ADBE Vector Graphic - Stroke","hd":false},{"ty":"tr","p":{"a":0,"k":[0,0],"ix":2},"a":{"a":0,"k":[0,0],"ix":1},"s":{"a":0,"k":[100,100],"ix":3},"r":{"a":0,"k":0,"ix":6},"o":{"a":0,"k":100,"ix":7},"sk":{"a":0,"k":0,"ix":4},"sa":{"a":0,"k":0,"ix":5},"nm":"Transform"}],"nm":"Group 1","np":2,"cix":2,"bm":0,"ix":1,"mn":"ADBE Vector Group","hd":false},{"ty":"gr","it":[{"ind":0,"ty":"sh","ix":1,"ks":{"a":0,"k":{"i":[[0,0],[-12.08,21.399]],"o":[[0,0],[0,0]],"v":[[-19.444,-197.987],[12.137,-217.272]],"c":false},"ix":2},"nm":"Path 1","mn":"ADBE Vector Shape - Group","hd":false},{"ty":"st","c":{"a":0,"k":[0,0,0,1],"ix":3},"o":{"a":0,"k":100,"ix":4},"w":{"a":0,"k":15.244,"ix":5},"lc":2,"lj":2,"bm":0,"nm":"Stroke 1","mn":"ADBE Vector Graphic - Stroke","hd":false},{"ty":"tr","p":{"a":0,"k":[0,0],"ix":2},"a":{"a":0,"k":[0,0],"ix":1},"s":{"a":0,"k":[100,100],"ix":3},"r":{"a":0,"k":0,"ix":6},"o":{"a":0,"k":100,"ix":7},"sk":{"a":0,"k":0,"ix":4},"sa":{"a":0,"k":0,"ix":5},"nm":"Transform"}],"nm":"Group 2","np":2,"cix":2,"bm":0,"ix":2,"mn":"ADBE Vector Group","hd":false}],"ip":0,"op":120,"st":0,"bm":0},{"ddd":0,"ind":8,"ty":4,"nm":"Eyelid","parent":10,"sr":1,"ks":{"o":{"a":0,"k":100,"ix":11},"r":{"a":0,"k":0,"ix":10},"p":{"a":0,"k":[0,0,0],"ix":2},"a":{"a":0,"k":[0,0,0],"ix":1},"s":{"a":0,"k":[100,100,100],"ix":6}},"ao":0,"shapes":[{"ty":"gr","it":[{"ind":0,"ty":"sh","ix":1,"ks":{"a":1,"k":[{"i":{"x":0.514,"y":1},"o":{"x":0.661,"y":0},"t":38,"s":[{"i":[[14.429,0],[0,-28.172],[-0.17,-2.066],[0,0],[0,0]],"o":[[-18.856,0],[0,2.134],[0,0],[0,0],[-4.998,-18.903]],"v":[[3.748,-181.852],[-30.394,-130.841],[-30.125,-124.542],[7.32,-138.821],[35.505,-149.568]],"c":true}]},{"i":{"x":0.162,"y":1},"o":{"x":0.874,"y":0},"t":56,"s":[{"i":[[14.429,0],[0,-28.172],[-0.17,-2.066],[-21.645,1.629],[0,0]],"o":[[-18.856,0],[0,2.134],[0,0],[18.802,-1.415],[2.356,-36.476]],"v":[[3.748,-181.852],[-30.394,-130.841],[-30.125,-124.542],[3.653,-132.864],[37.333,-129.677]],"c":true}]},{"i":{"x":0.416,"y":1},"o":{"x":0.641,"y":0},"t":58,"s":[{"i":[[14.429,0],[0,-28.172],[-0.17,-2.066],[-21.645,1.629],[0,0]],"o":[[-18.856,0],[0,2.134],[0,0],[18.802,-1.415],[2.356,-36.476]],"v":[[3.748,-181.852],[-30.394,-130.841],[-30.125,-124.542],[3.653,-132.864],[37.333,-129.677]],"c":true}]},{"t":73,"s":[{"i":[[14.429,0],[0,-28.172],[-0.17,-2.066],[0,0],[0,0]],"o":[[-18.856,0],[0,2.134],[0,0],[0,0],[-4.998,-18.903]],"v":[[3.748,-181.852],[-30.394,-130.841],[-30.125,-124.542],[7.32,-138.821],[35.505,-149.568]],"c":true}]}],"ix":2},"nm":"Path 1","mn":"ADBE Vector Shape - Group","hd":false},{"ty":"st","c":{"a":0,"k":[0,0,0,1],"ix":3},"o":{"a":0,"k":100,"ix":4},"w":{"a":0,"k":1.524,"ix":5},"lc":1,"lj":1,"ml":10,"bm":0,"nm":"Stroke 1","mn":"ADBE Vector Graphic - Stroke","hd":false},{"ty":"fl","c":{"a":1,"k":[{"i":{"x":[0.667],"y":[1]},"o":{"x":[0.333],"y":[0]},"t":14,"s":[0.301960796118,0.427450984716,0.737254917622,1]},{"t":64,"s":[0.021881103516,0.491668701172,0.27197265625,1]}],"ix":4},"o":{"a":0,"k":100,"ix":5},"r":1,"bm":0,"nm":"Fill 1","mn":"ADBE Vector Graphic - Fill","hd":false},{"ty":"tr","p":{"a":0,"k":[0,0],"ix":2},"a":{"a":0,"k":[0,0],"ix":1},"s":{"a":0,"k":[100,100],"ix":3},"r":{"a":0,"k":0,"ix":6},"o":{"a":0,"k":100,"ix":7},"sk":{"a":0,"k":0,"ix":4},"sa":{"a":0,"k":0,"ix":5},"nm":"Transform"}],"nm":"Group 1","np":3,"cix":2,"bm":0,"ix":1,"mn":"ADBE Vector Group","hd":false}],"ip":0,"op":120,"st":0,"bm":0},{"ddd":0,"ind":9,"ty":4,"nm":"Eye","parent":10,"sr":1,"ks":{"o":{"a":0,"k":100,"ix":11},"r":{"a":0,"k":0,"ix":10},"p":{"a":0,"k":[0,0,0],"ix":2},"a":{"a":0,"k":[0,0,0],"ix":1},"s":{"a":0,"k":[100,100,100],"ix":6}},"ao":0,"shapes":[{"ty":"gr","it":[{"ind":0,"ty":"sh","ix":1,"ks":{"a":0,"k":{"i":[[0,-11.568],[6.594,0],[0,11.568],[-6.594,0]],"o":[[0,11.568],[-6.594,0],[0,-11.568],[6.594,0]],"v":[[14.495,-149.248],[2.556,-128.302],[-9.383,-149.248],[2.556,-170.194]],"c":true},"ix":2},"nm":"Path 1","mn":"ADBE Vector Shape - Group","hd":false},{"ty":"fl","c":{"a":0,"k":[0,0,0,1],"ix":4},"o":{"a":0,"k":100,"ix":5},"r":1,"bm":0,"nm":"Fill 1","mn":"ADBE Vector Graphic - Fill","hd":false},{"ty":"tr","p":{"a":0,"k":[0,0],"ix":2},"a":{"a":0,"k":[0,0],"ix":1},"s":{"a":0,"k":[100,100],"ix":3},"r":{"a":0,"k":0,"ix":6},"o":{"a":0,"k":100,"ix":7},"sk":{"a":0,"k":0,"ix":4},"sa":{"a":0,"k":0,"ix":5},"nm":"Transform"}],"nm":"Group 1","np":2,"cix":2,"bm":0,"ix":1,"mn":"ADBE Vector Group","hd":false}],"ip":0,"op":120,"st":0,"bm":0},{"ddd":0,"ind":10,"ty":4,"nm":"Eyeball","parent":4,"sr":1,"ks":{"o":{"a":0,"k":100,"ix":11},"r":{"a":0,"k":0,"ix":10},"p":{"a":1,"k":[{"i":{"x":0.667,"y":1},"o":{"x":0.333,"y":0},"t":38,"s":[49,171,0],"to":[0,0,0],"ti":[0,0,0]},{"i":{"x":0.667,"y":1},"o":{"x":0.333,"y":0},"t":57,"s":[49,193.781,0],"to":[0,0,0],"ti":[0,0,0]},{"t":73,"s":[49,171,0]}],"ix":2},"a":{"a":0,"k":[0,0,0],"ix":1},"s":{"a":0,"k":[100,100,100],"ix":6}},"ao":0,"shapes":[{"ty":"gr","it":[{"ind":0,"ty":"sh","ix":1,"ks":{"a":1,"k":[{"i":{"x":0.514,"y":1},"o":{"x":0.661,"y":0},"t":38,"s":[{"i":[[0,0],[4.362,-12.684]],"o":[[0,0],[0,0]],"v":[[45.652,-137.672],[42.248,-109.974]],"c":false}]},{"i":{"x":0.162,"y":1},"o":{"x":0.874,"y":0},"t":56,"s":[{"i":[[0,0],[4.753,-7.769]],"o":[[0,0],[0,0]],"v":[[44.347,-131.681],[41.204,-116.924]],"c":false}]},{"i":{"x":0.416,"y":1},"o":{"x":0.641,"y":0},"t":58,"s":[{"i":[[0,0],[4.753,-7.769]],"o":[[0,0],[0,0]],"v":[[44.347,-131.681],[41.204,-116.924]],"c":false}]},{"t":73,"s":[{"i":[[0,0],[4.362,-12.684]],"o":[[0,0],[0,0]],"v":[[45.652,-137.672],[42.248,-109.974]],"c":false}]}],"ix":2},"nm":"Path 1","mn":"ADBE Vector Shape - Group","hd":false},{"ty":"st","c":{"a":0,"k":[0,0,0,1],"ix":3},"o":{"a":0,"k":100,"ix":4},"w":{"a":0,"k":1.524,"ix":5},"lc":2,"lj":2,"bm":0,"nm":"Stroke 1","mn":"ADBE Vector Graphic - Stroke","hd":false},{"ty":"tr","p":{"a":0,"k":[0,0],"ix":2},"a":{"a":0,"k":[0,0],"ix":1},"s":{"a":0,"k":[100,100],"ix":3},"r":{"a":0,"k":0,"ix":6},"o":{"a":0,"k":100,"ix":7},"sk":{"a":0,"k":0,"ix":4},"sa":{"a":0,"k":0,"ix":5},"nm":"Transform"}],"nm":"Group 1","np":2,"cix":2,"bm":0,"ix":1,"mn":"ADBE Vector Group","hd":false},{"ty":"gr","it":[{"ind":0,"ty":"sh","ix":1,"ks":{"a":1,"k":[{"i":{"x":0.514,"y":1},"o":{"x":0.661,"y":0},"t":38,"s":[{"i":[[0,0],[-4.362,-12.684]],"o":[[0,0],[0,0]],"v":[[-38.08,-137.672],[-34.676,-109.974]],"c":false}]},{"i":{"x":0.162,"y":1},"o":{"x":0.874,"y":0},"t":56,"s":[{"i":[[0,0],[-4.362,-12.684]],"o":[[0,0],[0,0]],"v":[[-37.297,-130.723],[-34.676,-109.974]],"c":false}]},{"i":{"x":0.416,"y":1},"o":{"x":0.641,"y":0},"t":58,"s":[{"i":[[0,0],[-4.362,-12.684]],"o":[[0,0],[0,0]],"v":[[-37.297,-130.723],[-34.676,-109.974]],"c":false}]},{"t":73,"s":[{"i":[[0,0],[-4.362,-12.684]],"o":[[0,0],[0,0]],"v":[[-38.08,-137.672],[-34.676,-109.974]],"c":false}]}],"ix":2},"nm":"Path 1","mn":"ADBE Vector Shape - Group","hd":false},{"ty":"st","c":{"a":0,"k":[0,0,0,1],"ix":3},"o":{"a":0,"k":100,"ix":4},"w":{"a":0,"k":1.524,"ix":5},"lc":2,"lj":2,"bm":0,"nm":"Stroke 1","mn":"ADBE Vector Graphic - Stroke","hd":false},{"ty":"tr","p":{"a":0,"k":[0,0],"ix":2},"a":{"a":0,"k":[0,0],"ix":1},"s":{"a":0,"k":[100,100],"ix":3},"r":{"a":0,"k":0,"ix":6},"o":{"a":0,"k":100,"ix":7},"sk":{"a":0,"k":0,"ix":4},"sa":{"a":0,"k":0,"ix":5},"nm":"Transform"}],"nm":"Group 2","np":2,"cix":2,"bm":0,"ix":2,"mn":"ADBE Vector Group","hd":false},{"ty":"gr","it":[{"ind":0,"ty":"sh","ix":1,"ks":{"a":1,"k":[{"i":{"x":0.514,"y":1},"o":{"x":0.661,"y":0},"t":38,"s":[{"i":[[0,-28.172],[18.856,0],[0,28.173],[-18.856,0]],"o":[[0,28.173],[-18.856,0],[0,-28.172],[18.856,0]],"v":[[37.891,-130.841],[3.748,-79.83],[-30.394,-130.841],[3.748,-181.852]],"c":true}]},{"i":{"x":0.162,"y":1},"o":{"x":0.874,"y":0},"t":56,"s":[{"i":[[0.205,-28.172],[26.447,-2.205],[0.886,7.586],[-18.856,0]],"o":[[-0.029,3.991],[-26.519,2.211],[-3.268,-27.982],[18.856,0]],"v":[[37.891,-129.163],[3.842,-126.802],[-30.916,-122.932],[3.748,-181.852]],"c":true}]},{"i":{"x":0.416,"y":1},"o":{"x":0.641,"y":0},"t":58,"s":[{"i":[[0.205,-28.172],[26.447,-2.205],[0.886,7.586],[-18.856,0]],"o":[[-0.029,3.991],[-26.519,2.211],[-3.268,-27.982],[18.856,0]],"v":[[37.891,-129.163],[3.842,-126.802],[-30.916,-122.932],[3.748,-181.852]],"c":true}]},{"t":73,"s":[{"i":[[0,-28.172],[18.856,0],[0,28.173],[-18.856,0]],"o":[[0,28.173],[-18.856,0],[0,-28.172],[18.856,0]],"v":[[37.891,-130.841],[3.748,-79.83],[-30.394,-130.841],[3.748,-181.852]],"c":true}]}],"ix":2},"nm":"Path 1","mn":"ADBE Vector Shape - Group","hd":false},{"ty":"st","c":{"a":0,"k":[0,0,0,1],"ix":3},"o":{"a":0,"k":100,"ix":4},"w":{"a":0,"k":1.7,"ix":5},"lc":2,"lj":2,"bm":0,"nm":"Stroke 1","mn":"ADBE Vector Graphic - Stroke","hd":false},{"ty":"fl","c":{"a":0,"k":[1,1,1,1],"ix":4},"o":{"a":0,"k":100,"ix":5},"r":1,"bm":0,"nm":"Fill 1","mn":"ADBE Vector Graphic - Fill","hd":false},{"ty":"tr","p":{"a":0,"k":[0,0],"ix":2},"a":{"a":0,"k":[0,0],"ix":1},"s":{"a":0,"k":[100,100],"ix":3},"r":{"a":0,"k":0,"ix":6},"o":{"a":0,"k":100,"ix":7},"sk":{"a":0,"k":0,"ix":4},"sa":{"a":0,"k":0,"ix":5},"nm":"Transform"}],"nm":"Group 3","np":3,"cix":2,"bm":0,"ix":3,"mn":"ADBE Vector Group","hd":false}],"ip":0,"op":120,"st":0,"bm":0},{"ddd":0,"ind":11,"ty":4,"nm":"Mouth","parent":4,"sr":1,"ks":{"o":{"a":0,"k":100,"ix":11},"r":{"a":0,"k":0,"ix":10},"p":{"a":0,"k":[49,171,0],"ix":2},"a":{"a":0,"k":[0,0,0],"ix":1},"s":{"a":0,"k":[100,100,100],"ix":6}},"ao":0,"shapes":[{"ty":"gr","it":[{"ind":0,"ty":"sh","ix":1,"ks":{"a":1,"k":[{"i":{"x":0.529,"y":1},"o":{"x":0.408,"y":0},"t":4,"s":[{"i":[[9.249,9.005],[15.534,2.291],[5.181,-0.349],[6.086,-5.925],[-8.829,0.048],[-6.956,0.226],[-6.72,-0.218],[-4.83,-0.026]],"o":[[-6.086,-5.925],[-5.137,-0.758],[-11.747,0.791],[-9.249,9.006],[4.83,-0.026],[6.72,-0.218],[6.956,0.226],[8.829,0.048]],"v":[[55.751,-33.756],[25.216,-43.541],[-8.753,-43.791],[-43.751,-33.756],[-24.831,-25.373],[-4.274,-25.881],[16.274,-25.881],[36.831,-25.373]],"c":true}]},{"t":64,"s":[{"i":[[5.695,48.666],[7.823,6.046],[4.109,-3.175],[3.747,-32.02],[-5.436,0.259],[-4.283,1.222],[-4.137,-1.181],[-2.974,-0.142]],"o":[[-3.747,-32.02],[-4.109,-3.175],[-7.823,6.046],[-5.695,48.666],[2.974,-0.142],[4.137,-1.181],[4.283,1.222],[5.436,0.259]],"v":[[34.38,23.34],[10.733,-29.041],[-3.236,-29.041],[-26.884,23.34],[-15.235,68.64],[-2.578,65.896],[10.075,65.896],[22.732,68.64]],"c":true}]}],"ix":2},"nm":"Path 1","mn":"ADBE Vector Shape - Group","hd":false},{"ty":"st","c":{"a":0,"k":[0,0,0,1],"ix":3},"o":{"a":0,"k":100,"ix":4},"w":{"a":0,"k":1.524,"ix":5},"lc":1,"lj":1,"ml":10,"bm":0,"nm":"Stroke 1","mn":"ADBE Vector Graphic - Stroke","hd":false},{"ty":"tr","p":{"a":0,"k":[0,0],"ix":2},"a":{"a":0,"k":[0,0],"ix":1},"s":{"a":0,"k":[100,100],"ix":3},"r":{"a":0,"k":0,"ix":6},"o":{"a":0,"k":100,"ix":7},"sk":{"a":0,"k":0,"ix":4},"sa":{"a":0,"k":0,"ix":5},"nm":"Transform"}],"nm":"Group 1","np":2,"cix":2,"bm":0,"ix":1,"mn":"ADBE Vector Group","hd":false},{"ty":"gr","it":[{"ind":0,"ty":"sh","ix":1,"ks":{"a":1,"k":[{"i":{"x":0.529,"y":1},"o":{"x":0.408,"y":0},"t":4,"s":[{"i":[[-4.444,0.181],[-4.945,3.017],[6.623,0.036],[4.332,0.119]],"o":[[3.103,-0.126],[-1.947,3.638],[-2.803,-0.015],[4.81,0.475]],"v":[[44.144,-25.378],[57.945,-28.642],[36.837,-25.373],[25.565,-25.6]],"c":true}]},{"t":64,"s":[{"i":[[-2.736,0.977],[-3.285,-2.013],[4.078,0.194],[2.668,0.644]],"o":[[1.911,-0.682],[-1.199,19.659],[-1.726,-0.082],[2.55,-6.133]],"v":[[26.618,47.673],[35.732,50.971],[22.735,68.64],[15.795,67.41]],"c":true}]}],"ix":2},"nm":"Path 1","mn":"ADBE Vector Shape - Group","hd":false},{"ty":"st","c":{"a":0,"k":[0,0,0,1],"ix":3},"o":{"a":0,"k":100,"ix":4},"w":{"a":0,"k":1.524,"ix":5},"lc":1,"lj":1,"ml":10,"bm":0,"nm":"Stroke 1","mn":"ADBE Vector Graphic - Stroke","hd":false},{"ty":"fl","c":{"a":0,"k":[1,1,1,1],"ix":4},"o":{"a":0,"k":100,"ix":5},"r":1,"bm":0,"nm":"Fill 1","mn":"ADBE Vector Graphic - Fill","hd":false},{"ty":"tr","p":{"a":0,"k":[0,0],"ix":2},"a":{"a":0,"k":[0,0],"ix":1},"s":{"a":0,"k":[100,100],"ix":3},"r":{"a":0,"k":0,"ix":6},"o":{"a":0,"k":100,"ix":7},"sk":{"a":0,"k":0,"ix":4},"sa":{"a":0,"k":0,"ix":5},"nm":"Transform"}],"nm":"Group 2","np":3,"cix":2,"bm":0,"ix":2,"mn":"ADBE Vector Group","hd":false},{"ty":"gr","it":[{"ind":0,"ty":"sh","ix":1,"ks":{"a":1,"k":[{"i":{"x":0.529,"y":1},"o":{"x":0.408,"y":0},"t":4,"s":[{"i":[[4.444,0.181],[4.189,2.142],[-6.623,0.036],[-4.332,0.119]],"o":[[-3.103,-0.126],[1.947,3.638],[2.803,-0.015],[-6.941,0.1]],"v":[[-34.638,-25.628],[-45.939,-28.642],[-24.831,-25.373],[-13.559,-25.6]],"c":true}]},{"t":64,"s":[{"i":[[2.736,0.977],[3.285,-2.013],[-4.078,0.194],[-2.668,0.644]],"o":[[-1.911,-0.682],[1.199,19.659],[1.726,-0.082],[-2.55,-6.133]],"v":[[-19.118,47.673],[-28.231,50.971],[-15.235,68.64],[-8.294,67.41]],"c":true}]}],"ix":2},"nm":"Path 1","mn":"ADBE Vector Shape - Group","hd":false},{"ty":"st","c":{"a":0,"k":[0,0,0,1],"ix":3},"o":{"a":0,"k":100,"ix":4},"w":{"a":0,"k":1.524,"ix":5},"lc":1,"lj":1,"ml":10,"bm":0,"nm":"Stroke 1","mn":"ADBE Vector Graphic - Stroke","hd":false},{"ty":"fl","c":{"a":0,"k":[1,1,1,1],"ix":4},"o":{"a":0,"k":100,"ix":5},"r":1,"bm":0,"nm":"Fill 1","mn":"ADBE Vector Graphic - Fill","hd":false},{"ty":"tr","p":{"a":0,"k":[0,0],"ix":2},"a":{"a":0,"k":[0,0],"ix":1},"s":{"a":0,"k":[100,100],"ix":3},"r":{"a":0,"k":0,"ix":6},"o":{"a":0,"k":100,"ix":7},"sk":{"a":0,"k":0,"ix":4},"sa":{"a":0,"k":0,"ix":5},"nm":"Transform"}],"nm":"Group 3","np":3,"cix":2,"bm":0,"ix":3,"mn":"ADBE Vector Group","hd":false},{"ty":"gr","it":[{"ind":0,"ty":"sh","ix":1,"ks":{"a":1,"k":[{"i":{"x":0.529,"y":1},"o":{"x":0.408,"y":0},"t":4,"s":[{"i":[[9.249,9.005],[15.534,2.041],[5.172,-0.458],[6.086,-5.925],[-8.829,0.048],[-6.956,0.226],[-6.72,-0.218],[-4.83,-0.026]],"o":[[-6.086,-5.925],[-5.148,-0.676],[-11.747,1.041],[-9.249,9.006],[4.83,-0.026],[6.72,-0.218],[6.956,0.226],[8.829,0.048]],"v":[[55.751,-33.756],[25.216,-43.541],[-8.753,-43.791],[-43.751,-33.756],[-24.831,-25.373],[-4.274,-25.881],[16.274,-25.881],[36.831,-25.373]],"c":true}]},{"t":64,"s":[{"i":[[5.695,48.666],[7.823,6.046],[4.109,-3.175],[3.747,-32.02],[-5.436,0.259],[-4.283,1.222],[-4.137,-1.181],[-2.974,-0.142]],"o":[[-3.747,-32.02],[-4.109,-3.175],[-7.823,6.046],[-5.695,48.666],[2.974,-0.142],[4.137,-1.181],[4.283,1.222],[5.436,0.259]],"v":[[34.38,23.34],[10.733,-29.041],[-3.236,-29.041],[-26.884,23.34],[-15.235,68.64],[-2.578,65.896],[10.075,65.896],[22.732,68.64]],"c":true}]}],"ix":2},"nm":"Path 1","mn":"ADBE Vector Shape - Group","hd":false},{"ty":"fl","c":{"a":0,"k":[0,0,0,1],"ix":4},"o":{"a":0,"k":100,"ix":5},"r":1,"bm":0,"nm":"Fill 1","mn":"ADBE Vector Graphic - Fill","hd":false},{"ty":"tr","p":{"a":0,"k":[0,0],"ix":2},"a":{"a":0,"k":[0,0],"ix":1},"s":{"a":0,"k":[100,100],"ix":3},"r":{"a":0,"k":0,"ix":6},"o":{"a":0,"k":100,"ix":7},"sk":{"a":0,"k":0,"ix":4},"sa":{"a":0,"k":0,"ix":5},"nm":"Transform"}],"nm":"Group 4","np":2,"cix":2,"bm":0,"ix":4,"mn":"ADBE Vector Group","hd":false},{"ty":"gr","it":[{"ind":0,"ty":"sh","ix":1,"ks":{"a":1,"k":[{"i":{"x":0.529,"y":1},"o":{"x":0.408,"y":0},"t":4,"s":[{"i":[[0,0],[-9.223,-0.75],[-4.627,0.723],[-2.399,-0.375],[-10.472,0.176],[0,0]],"o":[[0,0],[10.439,0.849],[2.399,-0.375],[4.627,0.723],[14.858,-0.25],[0,0]],"v":[[-38.877,31.663],[-21.918,36.5],[0.615,36.386],[7.967,36.386],[31.501,37.75],[51.709,32.278]],"c":false}]},{"t":64,"s":[{"i":[[0,0],[-18.767,0],[-4.627,1.447],[-2.399,-0.75],[-10.474,0],[0,0]],"o":[[0,0],[10.474,0],[2.399,-0.75],[4.627,1.447],[16.049,0],[0,0]],"v":[[-43.968,36.535],[-23.259,78.736],[0.274,76.006],[7.626,76.006],[31.159,78.736],[51.868,35.765]],"c":false}]}],"ix":2},"nm":"Path 1","mn":"ADBE Vector Shape - Group","hd":false},{"ty":"st","c":{"a":0,"k":[0,0,0,1],"ix":3},"o":{"a":0,"k":100,"ix":4},"w":{"a":0,"k":3.049,"ix":5},"lc":2,"lj":2,"bm":0,"nm":"Stroke 1","mn":"ADBE Vector Graphic - Stroke","hd":false},{"ty":"fl","c":{"a":1,"k":[{"i":{"x":[0.667],"y":[1]},"o":{"x":[0.333],"y":[0]},"t":14,"s":[0.301960796118,0.427450984716,0.737254917622,1]},{"t":64,"s":[0.021881103516,0.491668701172,0.27197265625,1]}],"ix":4},"o":{"a":0,"k":100,"ix":5},"r":1,"bm":0,"nm":"Fill 1","mn":"ADBE Vector Graphic - Fill","hd":false},{"ty":"tr","p":{"a":0,"k":[0,0],"ix":2},"a":{"a":0,"k":[0,0],"ix":1},"s":{"a":0,"k":[100,100],"ix":3},"r":{"a":0,"k":0,"ix":6},"o":{"a":0,"k":100,"ix":7},"sk":{"a":0,"k":0,"ix":4},"sa":{"a":0,"k":0,"ix":5},"nm":"Transform"}],"nm":"Group 5","np":3,"cix":2,"bm":0,"ix":5,"mn":"ADBE Vector Group","hd":false}],"ip":0,"op":120,"st":0,"bm":0},{"ddd":0,"ind":12,"ty":4,"nm":"HEAD_Mask","parent":14,"td":1,"sr":1,"ks":{"o":{"a":0,"k":100,"ix":11},"r":{"a":0,"k":0,"ix":10},"p":{"a":0,"k":[3.748,-100.555,0],"ix":2},"a":{"a":0,"k":[3.748,-100.555,0],"ix":1},"s":{"a":0,"k":[100,100,100],"ix":6}},"ao":0,"shapes":[{"ty":"gr","it":[{"ty":"gr","it":[{"ind":0,"ty":"sh","ix":1,"ks":{"a":0,"k":{"i":[[1.525,6.443],[8.43,43.183],[2.04,9.099],[13.794,4.523],[20.191,-0.021],[8.872,-2.909],[6.638,-29.616],[3.711,-19.009],[6.043,-25.532],[0,-12.045],[-65.049,0],[0,58.017]],"o":[[-6.043,-25.532],[-3.711,-19.009],[-6.638,-29.616],[-8.872,-2.909],[-20.191,-0.021],[-13.794,4.523],[-2.04,9.099],[-8.43,43.183],[-1.525,6.443],[0,58.017],[65.049,0],[0,-12.045]],"v":[[118.578,-75.199],[92.773,-159.523],[84.139,-211.358],[51.065,-250.924],[3.748,-255.713],[-43.568,-250.924],[-76.642,-211.358],[-85.277,-159.523],[-111.081,-75.199],[-114.034,-50.447],[3.748,54.603],[121.531,-50.447]],"c":true},"ix":2},"nm":"Path 1","mn":"ADBE Vector Shape - Group","hd":false},{"ty":"st","c":{"a":0,"k":[0,0,0,1],"ix":3},"o":{"a":0,"k":100,"ix":4},"w":{"a":0,"k":4.664,"ix":5},"lc":2,"lj":2,"bm":0,"nm":"Stroke 1","mn":"ADBE Vector Graphic - Stroke","hd":false},{"ty":"tr","p":{"a":0,"k":[0,0],"ix":2},"a":{"a":0,"k":[0,0],"ix":1},"s":{"a":0,"k":[100,100],"ix":3},"r":{"a":0,"k":0,"ix":6},"o":{"a":0,"k":100,"ix":7},"sk":{"a":0,"k":0,"ix":4},"sa":{"a":0,"k":0,"ix":5},"nm":"Transform"}],"nm":"Group 1","np":2,"cix":2,"bm":0,"ix":1,"mn":"ADBE Vector Group","hd":false},{"ty":"gr","it":[{"ind":0,"ty":"sh","ix":1,"ks":{"a":0,"k":{"i":[[-0.728,43.926],[-21.64,0],[-12.662,10.398],[-34.258,-25.804],[-0.1,-0.07],[1.572,7.011],[13.794,4.523],[20.191,-0.021],[8.872,-2.909],[6.638,-29.616],[2.555,-15.483],[-0.028,0.021]],"o":[[12.665,10.327],[21.726,0],[0.735,44.039],[0.101,0.076],[-2.566,-15.531],[-6.638,-29.616],[-8.872,-2.909],[-20.191,-0.021],[-13.794,4.523],[-1.567,6.99],[0.028,-0.021],[34.227,-25.78]],"v":[[-50.034,-247.231],[3.578,-230.302],[57.339,-247.356],[90.057,-173.321],[90.352,-173.12],[84.139,-211.358],[51.065,-250.924],[3.748,-255.713],[-43.568,-250.924],[-76.642,-211.358],[-82.831,-173.266],[-82.75,-173.321]],"c":true},"ix":2},"nm":"Path 1","mn":"ADBE Vector Shape - Group","hd":false},{"ty":"fl","c":{"a":0,"k":[0,0,0,1],"ix":4},"o":{"a":0,"k":100,"ix":5},"r":1,"bm":0,"nm":"Fill 1","mn":"ADBE Vector Graphic - Fill","hd":false},{"ty":"tr","p":{"a":0,"k":[0,0],"ix":2},"a":{"a":0,"k":[0,0],"ix":1},"s":{"a":0,"k":[100,100],"ix":3},"r":{"a":0,"k":0,"ix":6},"o":{"a":0,"k":100,"ix":7},"sk":{"a":0,"k":0,"ix":4},"sa":{"a":0,"k":0,"ix":5},"nm":"Transform"}],"nm":"Group 2","np":2,"cix":2,"bm":0,"ix":2,"mn":"ADBE Vector Group","hd":false},{"ty":"gr","it":[{"ind":0,"ty":"sh","ix":1,"ks":{"a":0,"k":{"i":[[55.626,0],[12.561,47.745],[0,-5.041],[-65.049,0],[0,58.017],[0.165,2.427]],"o":[[-57.363,0],[-0.403,3.453],[0,58.017],[65.049,0],[0,-3.085],[-14.241,45.562]],"v":[[4.564,20.345],[-113.379,-62.961],[-114.034,-50.447],[3.748,54.603],[121.531,-50.447],[121.271,-58.659]],"c":true},"ix":2},"nm":"Path 1","mn":"ADBE Vector Shape - Group","hd":false},{"ty":"fl","c":{"a":0,"k":[0.301960796118,0.427450984716,0.737254917622,1],"ix":4},"o":{"a":0,"k":100,"ix":5},"r":1,"bm":0,"nm":"Fill 1","mn":"ADBE Vector Graphic - Fill","hd":false},{"ty":"tr","p":{"a":0,"k":[0,0],"ix":2},"a":{"a":0,"k":[0,0],"ix":1},"s":{"a":0,"k":[100,100],"ix":3},"r":{"a":0,"k":0,"ix":6},"o":{"a":0,"k":100,"ix":7},"sk":{"a":0,"k":0,"ix":4},"sa":{"a":0,"k":0,"ix":5},"nm":"Transform"}],"nm":"Group 3","np":2,"cix":2,"bm":0,"ix":3,"mn":"ADBE Vector Group","hd":false},{"ty":"gr","it":[{"ind":0,"ty":"sh","ix":1,"ks":{"a":0,"k":{"i":[[1.525,6.443],[8.43,43.183],[2.04,9.099],[13.794,4.523],[20.191,-0.021],[8.872,-2.909],[6.638,-29.616],[3.711,-19.009],[6.043,-25.532],[0,-12.045],[-65.049,0],[0,58.017]],"o":[[-6.043,-25.532],[-3.711,-19.009],[-6.638,-29.616],[-8.872,-2.909],[-20.191,-0.021],[-13.794,4.523],[-2.04,9.099],[-8.43,43.183],[-1.525,6.443],[0,58.017],[65.049,0],[0,-12.045]],"v":[[118.578,-75.199],[92.773,-159.523],[84.139,-211.358],[51.065,-250.924],[3.748,-255.713],[-43.568,-250.924],[-76.642,-211.358],[-85.277,-159.523],[-111.081,-75.199],[-114.034,-50.447],[3.748,54.603],[121.531,-50.447]],"c":true},"ix":2},"nm":"Path 1","mn":"ADBE Vector Shape - Group","hd":false},{"ty":"fl","c":{"a":0,"k":[0.349019616842,0.501960813999,0.847058832645,1],"ix":4},"o":{"a":0,"k":100,"ix":5},"r":1,"bm":0,"nm":"Fill 1","mn":"ADBE Vector Graphic - Fill","hd":false},{"ty":"tr","p":{"a":0,"k":[0,0],"ix":2},"a":{"a":0,"k":[0,0],"ix":1},"s":{"a":0,"k":[100,100],"ix":3},"r":{"a":0,"k":0,"ix":6},"o":{"a":0,"k":100,"ix":7},"sk":{"a":0,"k":0,"ix":4},"sa":{"a":0,"k":0,"ix":5},"nm":"Transform"}],"nm":"Group 4","np":2,"cix":2,"bm":0,"ix":4,"mn":"ADBE Vector Group","hd":false},{"ty":"tr","p":{"a":0,"k":[0,0],"ix":2},"a":{"a":0,"k":[0,0],"ix":1},"s":{"a":0,"k":[100,100],"ix":3},"r":{"a":0,"k":0,"ix":6},"o":{"a":0,"k":100,"ix":7},"sk":{"a":0,"k":0,"ix":4},"sa":{"a":0,"k":0,"ix":5},"nm":"Transform"}],"nm":"Group 5","np":4,"cix":2,"bm":0,"ix":5,"mn":"ADBE Vector Group","hd":false}],"ip":0,"op":120,"st":0,"bm":0},{"ddd":0,"ind":13,"ty":4,"nm":"HEAD_Details","parent":4,"tt":1,"sr":1,"ks":{"o":{"a":0,"k":100,"ix":11},"r":{"a":0,"k":0,"ix":10},"p":{"a":0,"k":[49,171,0],"ix":2},"a":{"a":0,"k":[0,0,0],"ix":1},"s":{"a":0,"k":[100,100,100],"ix":6}},"ao":0,"shapes":[{"ty":"gr","it":[{"ty":"gr","it":[{"ind":0,"ty":"sh","ix":1,"ks":{"a":1,"k":[{"i":{"x":0.529,"y":1},"o":{"x":0.408,"y":0},"t":4,"s":[{"i":[[0,0],[0,0]],"o":[[0,0],[0,0]],"v":[[-54.779,-60.86],[-61.065,-47.27]],"c":false}]},{"t":64,"s":[{"i":[[0,0],[0,0]],"o":[[0,0],[0,0]],"v":[[-33.279,-11.86],[-39.565,1.73]],"c":false}]}],"ix":2},"nm":"Path 1","mn":"ADBE Vector Shape - Group","hd":false},{"ty":"st","c":{"a":0,"k":[0,0,0,1],"ix":3},"o":{"a":0,"k":100,"ix":4},"w":{"a":0,"k":1.555,"ix":5},"lc":2,"lj":2,"bm":0,"nm":"Stroke 1","mn":"ADBE Vector Graphic - Stroke","hd":false},{"ty":"tr","p":{"a":0,"k":[0,0],"ix":2},"a":{"a":0,"k":[0,0],"ix":1},"s":{"a":0,"k":[100,100],"ix":3},"r":{"a":0,"k":0,"ix":6},"o":{"a":0,"k":100,"ix":7},"sk":{"a":0,"k":0,"ix":4},"sa":{"a":0,"k":0,"ix":5},"nm":"Transform"}],"nm":"Group 1","np":2,"cix":2,"bm":0,"ix":1,"mn":"ADBE Vector Group","hd":false},{"ty":"gr","it":[{"ind":0,"ty":"sh","ix":1,"ks":{"a":1,"k":[{"i":{"x":0.529,"y":1},"o":{"x":0.408,"y":0},"t":4,"s":[{"i":[[0,0],[0,0]],"o":[[0,0],[0,0]],"v":[[-48.125,-56.915],[-54.411,-43.325]],"c":false}]},{"t":64,"s":[{"i":[[0,0],[0,0]],"o":[[0,0],[0,0]],"v":[[-26.625,-7.915],[-32.911,5.675]],"c":false}]}],"ix":2},"nm":"Path 1","mn":"ADBE Vector Shape - Group","hd":false},{"ty":"st","c":{"a":0,"k":[0,0,0,1],"ix":3},"o":{"a":0,"k":100,"ix":4},"w":{"a":0,"k":1.555,"ix":5},"lc":2,"lj":2,"bm":0,"nm":"Stroke 1","mn":"ADBE Vector Graphic - Stroke","hd":false},{"ty":"tr","p":{"a":0,"k":[0,0],"ix":2},"a":{"a":0,"k":[0,0],"ix":1},"s":{"a":0,"k":[100,100],"ix":3},"r":{"a":0,"k":0,"ix":6},"o":{"a":0,"k":100,"ix":7},"sk":{"a":0,"k":0,"ix":4},"sa":{"a":0,"k":0,"ix":5},"nm":"Transform"}],"nm":"Group 2","np":2,"cix":2,"bm":0,"ix":2,"mn":"ADBE Vector Group","hd":false},{"ty":"tr","p":{"a":0,"k":[0,0],"ix":2},"a":{"a":0,"k":[0,0],"ix":1},"s":{"a":0,"k":[100,100],"ix":3},"r":{"a":0,"k":0,"ix":6},"o":{"a":0,"k":100,"ix":7},"sk":{"a":0,"k":0,"ix":4},"sa":{"a":0,"k":0,"ix":5},"nm":"Transform"}],"nm":"Group 1","np":2,"cix":2,"bm":0,"ix":1,"mn":"ADBE Vector Group","hd":false},{"ty":"gr","it":[{"ty":"gr","it":[{"ind":0,"ty":"sh","ix":1,"ks":{"a":1,"k":[{"i":{"x":0.529,"y":1},"o":{"x":0.408,"y":0},"t":4,"s":[{"i":[[0,0],[0,0]],"o":[[0,0],[0,0]],"v":[[62.136,-63.282],[72.334,-52.319]],"c":false}]},{"t":64,"s":[{"i":[[0,0],[0,0]],"o":[[0,0],[0,0]],"v":[[44.136,-22.782],[54.334,-11.819]],"c":false}]}],"ix":2},"nm":"Path 1","mn":"ADBE Vector Shape - Group","hd":false},{"ty":"st","c":{"a":0,"k":[0,0,0,1],"ix":3},"o":{"a":0,"k":100,"ix":4},"w":{"a":0,"k":1.555,"ix":5},"lc":2,"lj":2,"bm":0,"nm":"Stroke 1","mn":"ADBE Vector Graphic - Stroke","hd":false},{"ty":"tr","p":{"a":0,"k":[0,0],"ix":2},"a":{"a":0,"k":[0,0],"ix":1},"s":{"a":0,"k":[100,100],"ix":3},"r":{"a":0,"k":0,"ix":6},"o":{"a":0,"k":100,"ix":7},"sk":{"a":0,"k":0,"ix":4},"sa":{"a":0,"k":0,"ix":5},"nm":"Transform"}],"nm":"Group 1","np":2,"cix":2,"bm":0,"ix":1,"mn":"ADBE Vector Group","hd":false},{"ty":"gr","it":[{"ind":0,"ty":"sh","ix":1,"ks":{"a":1,"k":[{"i":{"x":0.529,"y":1},"o":{"x":0.408,"y":0},"t":4,"s":[{"i":[[0,0],[0,0]],"o":[[0,0],[0,0]],"v":[[57.037,-57.465],[67.235,-46.501]],"c":false}]},{"t":64,"s":[{"i":[[0,0],[0,0]],"o":[[0,0],[0,0]],"v":[[39.037,-16.965],[49.235,-6.001]],"c":false}]}],"ix":2},"nm":"Path 1","mn":"ADBE Vector Shape - Group","hd":false},{"ty":"st","c":{"a":0,"k":[0,0,0,1],"ix":3},"o":{"a":0,"k":100,"ix":4},"w":{"a":0,"k":1.555,"ix":5},"lc":2,"lj":2,"bm":0,"nm":"Stroke 1","mn":"ADBE Vector Graphic - Stroke","hd":false},{"ty":"tr","p":{"a":0,"k":[0,0],"ix":2},"a":{"a":0,"k":[0,0],"ix":1},"s":{"a":0,"k":[100,100],"ix":3},"r":{"a":0,"k":0,"ix":6},"o":{"a":0,"k":100,"ix":7},"sk":{"a":0,"k":0,"ix":4},"sa":{"a":0,"k":0,"ix":5},"nm":"Transform"}],"nm":"Group 2","np":2,"cix":2,"bm":0,"ix":2,"mn":"ADBE Vector Group","hd":false},{"ty":"tr","p":{"a":0,"k":[0,0],"ix":2},"a":{"a":0,"k":[0,0],"ix":1},"s":{"a":0,"k":[100,100],"ix":3},"r":{"a":0,"k":0,"ix":6},"o":{"a":0,"k":100,"ix":7},"sk":{"a":0,"k":0,"ix":4},"sa":{"a":0,"k":0,"ix":5},"nm":"Transform"}],"nm":"Group 2","np":2,"cix":2,"bm":0,"ix":2,"mn":"ADBE Vector Group","hd":false},{"ty":"gr","it":[{"ind":0,"ty":"sh","ix":1,"ks":{"a":0,"k":{"i":[[1.155,-27.404],[-16.037,-0.676],[-1.155,27.404],[16.037,0.676]],"o":[[-1.155,27.404],[16.037,0.676],[1.155,-27.404],[-16.037,-0.676]],"v":[[-100.547,-60.509],[-73.601,-9.666],[-42.472,-58.062],[-69.418,-108.905]],"c":true},"ix":2},"nm":"Path 1","mn":"ADBE Vector Shape - Group","hd":false},{"ty":"fl","c":{"a":1,"k":[{"i":{"x":[0.667],"y":[1]},"o":{"x":[0.333],"y":[0]},"t":14,"s":[0.301960796118,0.427450984716,0.737254917622,1]},{"t":64,"s":[0.021881103516,0.491668701172,0.27197265625,1]}],"ix":4},"o":{"a":0,"k":100,"ix":5},"r":1,"bm":0,"nm":"Fill 1","mn":"ADBE Vector Graphic - Fill","hd":false},{"ty":"tr","p":{"a":0,"k":[0,0],"ix":2},"a":{"a":0,"k":[0,0],"ix":1},"s":{"a":0,"k":[100,100],"ix":3},"r":{"a":0,"k":0,"ix":6},"o":{"a":0,"k":90,"ix":7},"sk":{"a":0,"k":0,"ix":4},"sa":{"a":0,"k":0,"ix":5},"nm":"Transform"}],"nm":"Group 3","np":2,"cix":2,"bm":0,"ix":3,"mn":"ADBE Vector Group","hd":false},{"ty":"gr","it":[{"ind":0,"ty":"sh","ix":1,"ks":{"a":0,"k":{"i":[[-1.155,-27.404],[16.037,-0.676],[1.155,27.404],[-16.037,0.676]],"o":[[1.155,27.404],[-16.037,0.676],[-1.155,-27.404],[16.037,-0.676]],"v":[[106.287,-60.509],[79.341,-9.666],[48.212,-58.062],[75.158,-108.905]],"c":true},"ix":2},"nm":"Path 1","mn":"ADBE Vector Shape - Group","hd":false},{"ty":"fl","c":{"a":1,"k":[{"i":{"x":[0.667],"y":[1]},"o":{"x":[0.333],"y":[0]},"t":14,"s":[0.301960796118,0.427450984716,0.737254917622,1]},{"t":64,"s":[0.021881103516,0.491668701172,0.27197265625,1]}],"ix":4},"o":{"a":0,"k":100,"ix":5},"r":1,"bm":0,"nm":"Fill 1","mn":"ADBE Vector Graphic - Fill","hd":false},{"ty":"tr","p":{"a":0,"k":[0,0],"ix":2},"a":{"a":0,"k":[0,0],"ix":1},"s":{"a":0,"k":[100,100],"ix":3},"r":{"a":0,"k":0,"ix":6},"o":{"a":0,"k":90,"ix":7},"sk":{"a":0,"k":0,"ix":4},"sa":{"a":0,"k":0,"ix":5},"nm":"Transform"}],"nm":"Group 4","np":2,"cix":2,"bm":0,"ix":4,"mn":"ADBE Vector Group","hd":false}],"ip":0,"op":120,"st":0,"bm":0},{"ddd":0,"ind":14,"ty":4,"nm":"HEAD","parent":22,"sr":1,"ks":{"o":{"a":0,"k":100,"ix":11},"r":{"a":0,"k":0,"ix":10},"p":{"a":1,"k":[{"i":{"x":0.609,"y":1},"o":{"x":0.574,"y":0},"t":4,"s":[3.748,-0.397,0],"to":[0,0,0],"ti":[0,0,0]},{"i":{"x":0.627,"y":1},"o":{"x":0.303,"y":0},"t":64,"s":[3.748,62.603,0],"to":[0,0,0],"ti":[0,0,0]},{"t":79,"s":[3.748,54.603,0]}],"ix":2},"a":{"a":0,"k":[3.748,54.603,0],"ix":1},"s":{"a":1,"k":[{"i":{"x":[0.575,0.575,0.575],"y":[1,1,1]},"o":{"x":[0.667,1,0.185],"y":[0,0,0]},"t":4,"s":[100,100,100]},{"i":{"x":[0.587,0.468,0.703],"y":[1,1,1]},"o":{"x":[0.341,0.341,0.341],"y":[0,0,0]},"t":34,"s":[95,105,100]},{"i":{"x":[0.794,0.627,0.833],"y":[1,1,1]},"o":{"x":[0.303,0.312,0.333],"y":[0,0,0]},"t":64,"s":[102,98,100]},{"i":{"x":[0.833,0.833,0.833],"y":[1,1,1]},"o":{"x":[0.185,0.185,0.185],"y":[0,0,0]},"t":79,"s":[98,102,100]},{"t":94,"s":[100,100,100]}],"ix":6}},"ao":0,"shapes":[{"ty":"gr","it":[{"ty":"gr","it":[{"ind":0,"ty":"sh","ix":1,"ks":{"a":1,"k":[{"i":{"x":0.525,"y":1},"o":{"x":0.53,"y":0},"t":4,"s":[{"i":[[1.525,6.443],[8.43,43.183],[2.04,9.099],[13.794,4.523],[20.191,-0.021],[8.872,-2.909],[6.638,-29.616],[3.711,-19.009],[6.043,-25.532],[0,-12.045],[-65.049,0],[0,58.017]],"o":[[-6.043,-25.532],[-3.711,-19.009],[-6.638,-29.616],[-8.872,-2.909],[-20.191,-0.021],[-13.794,4.523],[-2.04,9.099],[-8.43,43.183],[-1.525,6.443],[0,58.017],[65.049,0],[0,-12.045]],"v":[[118.578,-75.199],[92.773,-159.523],[84.139,-211.358],[51.065,-250.924],[3.748,-255.713],[-43.568,-250.924],[-76.642,-211.358],[-85.277,-159.523],[-111.081,-75.199],[-114.034,-50.447],[3.748,54.603],[121.531,-50.447]],"c":true}]},{"i":{"x":0.437,"y":1},"o":{"x":0.515,"y":0},"t":64,"s":[{"i":[[1.525,6.443],[8.43,43.183],[2.04,9.099],[13.794,4.523],[20.191,-0.021],[8.872,-2.909],[6.638,-29.616],[3.711,-19.009],[6.043,-25.532],[0,-12.045],[-65.049,0],[0,58.017]],"o":[[-6.043,-25.532],[-3.711,-19.009],[-6.638,-29.616],[-8.872,-2.909],[-20.191,-0.021],[-13.794,4.523],[-2.04,9.099],[-8.43,43.183],[-1.525,6.443],[0,58.017],[65.049,0],[0,-12.045]],"v":[[118.578,-75.199],[92.773,-159.523],[84.139,-211.358],[51.065,-250.924],[3.748,-255.713],[-43.568,-250.924],[-76.642,-211.358],[-85.277,-159.523],[-111.081,-75.199],[-114.034,-50.447],[3.748,54.603],[121.531,-50.447]],"c":true}]},{"i":{"x":0.513,"y":1},"o":{"x":0.488,"y":0},"t":79,"s":[{"i":[[1.525,6.443],[8.43,43.183],[2.04,9.099],[13.794,4.523],[20.191,-0.021],[8.872,-2.909],[6.638,-29.616],[3.711,-19.009],[6.043,-25.532],[0,-12.045],[-65.049,0],[0,58.017]],"o":[[-6.043,-25.532],[-3.711,-19.009],[-6.638,-29.616],[-8.872,-2.909],[-20.191,-0.021],[-13.794,4.523],[-2.04,9.099],[-8.43,43.183],[-1.525,6.443],[0,58.017],[65.049,0],[0,-12.045]],"v":[[118.578,-75.199],[92.773,-159.523],[84.139,-211.358],[51.065,-250.924],[3.748,-255.713],[-43.568,-250.924],[-76.642,-211.358],[-85.277,-159.523],[-111.081,-75.199],[-114.034,-50.447],[3.748,54.603],[121.531,-50.447]],"c":true}]},{"t":94,"s":[{"i":[[1.525,6.443],[8.43,43.183],[2.04,9.099],[13.794,4.523],[20.191,-0.021],[8.872,-2.909],[6.638,-29.616],[3.711,-19.009],[6.043,-25.532],[0,-12.045],[-65.049,0],[0,58.017]],"o":[[-6.043,-25.532],[-3.711,-19.009],[-6.638,-29.616],[-8.872,-2.909],[-20.191,-0.021],[-13.794,4.523],[-2.04,9.099],[-8.43,43.183],[-1.525,6.443],[0,58.017],[65.049,0],[0,-12.045]],"v":[[118.578,-75.199],[92.773,-159.523],[84.139,-211.358],[51.065,-250.924],[3.748,-255.713],[-43.568,-250.924],[-76.642,-211.358],[-85.277,-159.523],[-111.081,-75.199],[-114.034,-50.447],[3.748,54.603],[121.531,-50.447]],"c":true}]}],"ix":2},"nm":"Path 1","mn":"ADBE Vector Shape - Group","hd":false},{"ty":"st","c":{"a":0,"k":[0,0,0,1],"ix":3},"o":{"a":0,"k":100,"ix":4},"w":{"a":0,"k":4.664,"ix":5},"lc":2,"lj":2,"bm":0,"nm":"Stroke 1","mn":"ADBE Vector Graphic - Stroke","hd":false},{"ty":"tr","p":{"a":0,"k":[0,0],"ix":2},"a":{"a":0,"k":[0,0],"ix":1},"s":{"a":0,"k":[100,100],"ix":3},"r":{"a":0,"k":0,"ix":6},"o":{"a":0,"k":100,"ix":7},"sk":{"a":0,"k":0,"ix":4},"sa":{"a":0,"k":0,"ix":5},"nm":"Transform"}],"nm":"Group 1","np":2,"cix":2,"bm":0,"ix":1,"mn":"ADBE Vector Group","hd":false},{"ty":"gr","it":[{"ind":0,"ty":"sh","ix":1,"ks":{"a":1,"k":[{"i":{"x":0.525,"y":1},"o":{"x":0.53,"y":0},"t":4,"s":[{"i":[[-0.728,43.926],[-21.64,0],[-12.662,10.398],[-34.258,-25.804],[-0.1,-0.07],[1.572,7.011],[13.794,4.523],[20.191,-0.021],[8.872,-2.909],[6.638,-29.616],[2.555,-15.483],[-0.028,0.021]],"o":[[12.665,10.327],[21.726,0],[0.735,44.039],[0.101,0.076],[-2.566,-15.531],[-6.638,-29.616],[-8.872,-2.909],[-20.191,-0.021],[-13.794,4.523],[-1.567,6.99],[0.028,-0.021],[34.227,-25.78]],"v":[[-50.034,-247.231],[3.578,-230.302],[57.339,-247.356],[90.057,-173.321],[90.352,-173.12],[84.139,-211.358],[51.065,-250.924],[3.748,-255.713],[-43.568,-250.924],[-76.642,-211.358],[-82.831,-173.266],[-82.75,-173.321]],"c":true}]},{"i":{"x":0.437,"y":1},"o":{"x":0.515,"y":0},"t":64,"s":[{"i":[[1.236,28.236],[-21.64,0],[-12.662,10.398],[-34.258,-25.804],[-0.1,-0.07],[1.572,7.011],[13.794,4.523],[20.191,-0.021],[8.872,-2.909],[6.638,-29.616],[2.555,-15.483],[-0.028,0.021]],"o":[[12.665,10.327],[21.726,0],[1.995,26.799],[0.101,0.076],[-2.566,-15.531],[-6.638,-29.616],[-8.872,-2.909],[-20.191,-0.021],[-13.794,4.523],[-1.567,6.99],[0.028,-0.021],[34.227,-25.78]],"v":[[-50.038,-235.257],[3.575,-218.328],[57.335,-235.382],[90.057,-173.321],[90.352,-173.12],[84.139,-211.358],[51.065,-250.924],[3.748,-255.713],[-43.568,-250.924],[-76.642,-211.358],[-82.831,-173.266],[-82.75,-173.321]],"c":true}]},{"i":{"x":0.513,"y":1},"o":{"x":0.488,"y":0},"t":79,"s":[{"i":[[0.343,33.397],[-21.64,0],[-6.031,5.167],[-24.172,-17.686],[-0.1,-0.07],[1.572,7.011],[13.794,4.523],[20.191,-0.021],[8.872,-2.909],[6.638,-29.616],[2.555,-15.483],[-0.029,0.019]],"o":[[8.152,6.484],[21.726,0],[0.998,33.041],[0.102,0.075],[-2.566,-15.531],[-6.638,-29.616],[-8.872,-2.909],[-20.191,-0.021],[-13.794,4.523],[-1.567,6.99],[0.028,-0.021],[28.893,-19.368]],"v":[[-50.034,-247.231],[3.746,-236.55],[57.339,-247.356],[90.057,-173.321],[90.352,-173.12],[84.139,-211.358],[51.065,-250.924],[3.748,-255.713],[-43.568,-250.924],[-76.642,-211.358],[-82.831,-173.266],[-82.75,-173.321]],"c":true}]},{"t":94,"s":[{"i":[[-0.728,43.926],[-21.64,0],[-12.662,10.398],[-34.258,-25.804],[-0.1,-0.07],[1.572,7.011],[13.794,4.523],[20.191,-0.021],[8.872,-2.909],[6.638,-29.616],[2.555,-15.483],[-0.028,0.021]],"o":[[12.665,10.327],[21.726,0],[0.735,44.039],[0.101,0.076],[-2.566,-15.531],[-6.638,-29.616],[-8.872,-2.909],[-20.191,-0.021],[-13.794,4.523],[-1.567,6.99],[0.028,-0.021],[34.227,-25.78]],"v":[[-50.034,-247.231],[3.578,-230.302],[57.339,-247.356],[90.057,-173.321],[90.352,-173.12],[84.139,-211.358],[51.065,-250.924],[3.748,-255.713],[-43.568,-250.924],[-76.642,-211.358],[-82.831,-173.266],[-82.75,-173.321]],"c":true}]}],"ix":2},"nm":"Path 1","mn":"ADBE Vector Shape - Group","hd":false},{"ty":"fl","c":{"a":0,"k":[0,0,0,1],"ix":4},"o":{"a":0,"k":100,"ix":5},"r":1,"bm":0,"nm":"Fill 1","mn":"ADBE Vector Graphic - Fill","hd":false},{"ty":"tr","p":{"a":0,"k":[0,0],"ix":2},"a":{"a":0,"k":[0,0],"ix":1},"s":{"a":0,"k":[100,100],"ix":3},"r":{"a":0,"k":0,"ix":6},"o":{"a":0,"k":100,"ix":7},"sk":{"a":0,"k":0,"ix":4},"sa":{"a":0,"k":0,"ix":5},"nm":"Transform"}],"nm":"Group 2","np":2,"cix":2,"bm":0,"ix":2,"mn":"ADBE Vector Group","hd":false},{"ty":"gr","it":[{"ind":0,"ty":"sh","ix":1,"ks":{"a":1,"k":[{"i":{"x":0.525,"y":1},"o":{"x":0.53,"y":0},"t":4,"s":[{"i":[[55.626,0],[12.561,47.745],[0,-5.041],[-65.049,0],[0,58.017],[0.165,2.427]],"o":[[-57.363,0],[-0.403,3.453],[0,58.017],[65.049,0],[0,-3.085],[-14.241,45.562]],"v":[[4.564,20.345],[-113.379,-62.961],[-114.034,-50.447],[3.748,54.603],[121.531,-50.447],[121.271,-58.659]],"c":true}]},{"i":{"x":0.437,"y":1},"o":{"x":0.515,"y":0},"t":64,"s":[{"i":[[55.626,0],[12.561,47.745],[0,-5.041],[-65.049,0],[0,58.017],[0.165,2.427]],"o":[[-57.363,0],[-0.403,3.453],[0,58.017],[65.049,0],[0,-3.085],[-14.241,45.562]],"v":[[4.564,20.345],[-113.379,-62.961],[-114.034,-50.447],[3.748,54.603],[121.531,-50.447],[121.271,-58.659]],"c":true}]},{"i":{"x":0.513,"y":1},"o":{"x":0.488,"y":0},"t":79,"s":[{"i":[[55.626,0],[12.561,47.745],[0,-5.041],[-65.049,0],[0,58.017],[0.165,2.427]],"o":[[-57.363,0],[-0.403,3.453],[0,58.017],[65.049,0],[0,-3.085],[-14.241,45.562]],"v":[[4.564,20.345],[-113.379,-62.961],[-114.034,-50.447],[3.748,54.603],[121.531,-50.447],[121.271,-58.659]],"c":true}]},{"t":94,"s":[{"i":[[55.626,0],[12.561,47.745],[0,-5.041],[-65.049,0],[0,58.017],[0.165,2.427]],"o":[[-57.363,0],[-0.403,3.453],[0,58.017],[65.049,0],[0,-3.085],[-14.241,45.562]],"v":[[4.564,20.345],[-113.379,-62.961],[-114.034,-50.447],[3.748,54.603],[121.531,-50.447],[121.271,-58.659]],"c":true}]}],"ix":2},"nm":"Path 1","mn":"ADBE Vector Shape - Group","hd":false},{"ty":"fl","c":{"a":1,"k":[{"i":{"x":[0.667],"y":[1]},"o":{"x":[0.333],"y":[0]},"t":14,"s":[0.301960796118,0.427450984716,0.737254917622,1]},{"t":64,"s":[0.021881103516,0.491668701172,0.27197265625,1]}],"ix":4},"o":{"a":0,"k":100,"ix":5},"r":1,"bm":0,"nm":"Fill 1","mn":"ADBE Vector Graphic - Fill","hd":false},{"ty":"tr","p":{"a":0,"k":[0,0],"ix":2},"a":{"a":0,"k":[0,0],"ix":1},"s":{"a":0,"k":[100,100],"ix":3},"r":{"a":0,"k":0,"ix":6},"o":{"a":0,"k":100,"ix":7},"sk":{"a":0,"k":0,"ix":4},"sa":{"a":0,"k":0,"ix":5},"nm":"Transform"}],"nm":"Group 3","np":2,"cix":2,"bm":0,"ix":3,"mn":"ADBE Vector Group","hd":false},{"ty":"gr","it":[{"ind":0,"ty":"sh","ix":1,"ks":{"a":1,"k":[{"i":{"x":0.525,"y":1},"o":{"x":0.53,"y":0},"t":4,"s":[{"i":[[1.525,6.443],[8.43,43.183],[2.04,9.099],[13.794,4.523],[20.191,-0.021],[8.872,-2.909],[6.638,-29.616],[3.711,-19.009],[6.043,-25.532],[0,-12.045],[-65.049,0],[0,58.017]],"o":[[-6.043,-25.532],[-3.711,-19.009],[-6.638,-29.616],[-8.872,-2.909],[-20.191,-0.021],[-13.794,4.523],[-2.04,9.099],[-8.43,43.183],[-1.525,6.443],[0,58.017],[65.049,0],[0,-12.045]],"v":[[118.578,-75.199],[92.773,-159.523],[84.139,-211.358],[51.065,-250.924],[3.748,-255.713],[-43.568,-250.924],[-76.642,-211.358],[-85.277,-159.523],[-111.081,-75.199],[-114.034,-50.447],[3.748,54.603],[121.531,-50.447]],"c":true}]},{"i":{"x":0.437,"y":1},"o":{"x":0.515,"y":0},"t":64,"s":[{"i":[[1.525,6.443],[8.43,43.183],[2.04,9.099],[13.794,4.523],[20.191,-0.021],[8.872,-2.909],[6.638,-29.616],[3.711,-19.009],[6.043,-25.532],[0,-12.045],[-65.049,0],[0,58.017]],"o":[[-6.043,-25.532],[-3.711,-19.009],[-6.638,-29.616],[-8.872,-2.909],[-20.191,-0.021],[-13.794,4.523],[-2.04,9.099],[-8.43,43.183],[-1.525,6.443],[0,58.017],[65.049,0],[0,-12.045]],"v":[[118.578,-75.199],[92.773,-159.523],[84.139,-211.358],[51.065,-250.924],[3.748,-255.713],[-43.568,-250.924],[-76.642,-211.358],[-85.277,-159.523],[-111.081,-75.199],[-114.034,-50.447],[3.748,54.603],[121.531,-50.447]],"c":true}]},{"i":{"x":0.513,"y":1},"o":{"x":0.488,"y":0},"t":79,"s":[{"i":[[1.525,6.443],[8.43,43.183],[2.04,9.099],[13.794,4.523],[20.191,-0.021],[8.872,-2.909],[6.638,-29.616],[3.711,-19.009],[6.043,-25.532],[0,-12.045],[-65.049,0],[0,58.017]],"o":[[-6.043,-25.532],[-3.711,-19.009],[-6.638,-29.616],[-8.872,-2.909],[-20.191,-0.021],[-13.794,4.523],[-2.04,9.099],[-8.43,43.183],[-1.525,6.443],[0,58.017],[65.049,0],[0,-12.045]],"v":[[118.578,-75.199],[92.773,-159.523],[84.139,-211.358],[51.065,-250.924],[3.748,-255.713],[-43.568,-250.924],[-76.642,-211.358],[-85.277,-159.523],[-111.081,-75.199],[-114.034,-50.447],[3.748,54.603],[121.531,-50.447]],"c":true}]},{"t":94,"s":[{"i":[[1.525,6.443],[8.43,43.183],[2.04,9.099],[13.794,4.523],[20.191,-0.021],[8.872,-2.909],[6.638,-29.616],[3.711,-19.009],[6.043,-25.532],[0,-12.045],[-65.049,0],[0,58.017]],"o":[[-6.043,-25.532],[-3.711,-19.009],[-6.638,-29.616],[-8.872,-2.909],[-20.191,-0.021],[-13.794,4.523],[-2.04,9.099],[-8.43,43.183],[-1.525,6.443],[0,58.017],[65.049,0],[0,-12.045]],"v":[[118.578,-75.199],[92.773,-159.523],[84.139,-211.358],[51.065,-250.924],[3.748,-255.713],[-43.568,-250.924],[-76.642,-211.358],[-85.277,-159.523],[-111.081,-75.199],[-114.034,-50.447],[3.748,54.603],[121.531,-50.447]],"c":true}]}],"ix":2},"nm":"Path 1","mn":"ADBE Vector Shape - Group","hd":false},{"ty":"fl","c":{"a":1,"k":[{"i":{"x":[0.667],"y":[1]},"o":{"x":[0.333],"y":[0]},"t":14,"s":[0.349019616842,0.501960813999,0.847058832645,1]},{"t":64,"s":[0.172973632813,0.671020507813,0.438110351563,1]}],"ix":4},"o":{"a":0,"k":100,"ix":5},"r":1,"bm":0,"nm":"Fill 1","mn":"ADBE Vector Graphic - Fill","hd":false},{"ty":"tr","p":{"a":0,"k":[0,0],"ix":2},"a":{"a":0,"k":[0,0],"ix":1},"s":{"a":0,"k":[100,100],"ix":3},"r":{"a":0,"k":0,"ix":6},"o":{"a":0,"k":100,"ix":7},"sk":{"a":0,"k":0,"ix":4},"sa":{"a":0,"k":0,"ix":5},"nm":"Transform"}],"nm":"Group 4","np":2,"cix":2,"bm":0,"ix":4,"mn":"ADBE Vector Group","hd":false},{"ty":"tr","p":{"a":0,"k":[0,0],"ix":2},"a":{"a":0,"k":[0,0],"ix":1},"s":{"a":0,"k":[100,100],"ix":3},"r":{"a":0,"k":0,"ix":6},"o":{"a":0,"k":100,"ix":7},"sk":{"a":0,"k":0,"ix":4},"sa":{"a":0,"k":0,"ix":5},"nm":"Transform"}],"nm":"Group 5","np":4,"cix":2,"bm":0,"ix":1,"mn":"ADBE Vector Group","hd":false}],"ip":0,"op":120,"st":0,"bm":0},{"ddd":0,"ind":15,"ty":4,"nm":"Hair","parent":14,"sr":1,"ks":{"o":{"a":0,"k":100,"ix":11},"r":{"a":0,"k":0,"ix":10},"p":{"a":0,"k":[0,0,0],"ix":2},"a":{"a":0,"k":[0,0,0],"ix":1},"s":{"a":0,"k":[100,100,100],"ix":6}},"ao":0,"shapes":[{"ty":"gr","it":[{"ind":0,"ty":"sh","ix":1,"ks":{"a":0,"k":{"i":[[13.266,-21.617],[21.617,13.266],[-13.266,21.617],[-21.617,-13.266]],"o":[[-13.266,21.617],[-21.617,-13.266],[13.266,-21.617],[21.617,13.266]],"v":[[104.448,-254.525],[41.286,-239.403],[26.164,-302.565],[89.326,-317.687]],"c":true},"ix":2},"nm":"Path 1","mn":"ADBE Vector Shape - Group","hd":false},{"ty":"fl","c":{"a":0,"k":[0,0,0,1],"ix":4},"o":{"a":0,"k":100,"ix":5},"r":1,"bm":0,"nm":"Fill 1","mn":"ADBE Vector Graphic - Fill","hd":false},{"ty":"tr","p":{"a":0,"k":[0,0],"ix":2},"a":{"a":0,"k":[0,0],"ix":1},"s":{"a":0,"k":[100,100],"ix":3},"r":{"a":0,"k":0,"ix":6},"o":{"a":0,"k":100,"ix":7},"sk":{"a":0,"k":0,"ix":4},"sa":{"a":0,"k":0,"ix":5},"nm":"Transform"}],"nm":"Group 1","np":2,"cix":2,"bm":0,"ix":1,"mn":"ADBE Vector Group","hd":false},{"ty":"gr","it":[{"ind":0,"ty":"sh","ix":1,"ks":{"a":0,"k":{"i":[[0,0],[15.45,-14.954],[38.312,14.496]],"o":[[0,0],[-15.45,14.954],[0,0]],"v":[[149.494,-266.447],[123.952,-263.34],[61.826,-239.525]],"c":false},"ix":2},"nm":"Path 1","mn":"ADBE Vector Shape - Group","hd":false},{"ty":"st","c":{"a":0,"k":[0,0,0,1],"ix":3},"o":{"a":0,"k":100,"ix":4},"w":{"a":0,"k":5,"ix":5},"lc":2,"lj":2,"bm":0,"nm":"Stroke 1","mn":"ADBE Vector Graphic - Stroke","hd":false},{"ty":"tr","p":{"a":0,"k":[0,0],"ix":2},"a":{"a":0,"k":[0,0],"ix":1},"s":{"a":0,"k":[100,100],"ix":3},"r":{"a":0,"k":0,"ix":6},"o":{"a":0,"k":100,"ix":7},"sk":{"a":0,"k":0,"ix":4},"sa":{"a":0,"k":0,"ix":5},"nm":"Transform"}],"nm":"Group 2","np":2,"cix":2,"bm":0,"ix":2,"mn":"ADBE Vector Group","hd":false},{"ty":"gr","it":[{"ind":0,"ty":"sh","ix":1,"ks":{"a":0,"k":{"i":[[0,0],[-2.358,23.298],[-7.938,2.761],[-0.518,9.146],[-11.39,-2.761],[11.263,1.586],[0,0]],"o":[[0,0],[1.807,-17.859],[7.938,-2.761],[0.581,-10.273],[11.68,2.832],[-11.489,-1.617],[0,0]],"v":[[27.219,-255.713],[14.495,-298.167],[28.685,-318.185],[41.136,-337.341],[60.439,-355.462],[57.632,-332.024],[50.085,-342.001]],"c":false},"ix":2},"nm":"Path 1","mn":"ADBE Vector Shape - Group","hd":false},{"ty":"st","c":{"a":0,"k":[0,0,0,1],"ix":3},"o":{"a":0,"k":100,"ix":4},"w":{"a":0,"k":4,"ix":5},"lc":2,"lj":2,"bm":0,"nm":"Stroke 1","mn":"ADBE Vector Graphic - Stroke","hd":false},{"ty":"tr","p":{"a":0,"k":[0,0],"ix":2},"a":{"a":0,"k":[0,0],"ix":1},"s":{"a":0,"k":[100,100],"ix":3},"r":{"a":0,"k":0,"ix":6},"o":{"a":0,"k":100,"ix":7},"sk":{"a":0,"k":0,"ix":4},"sa":{"a":0,"k":0,"ix":5},"nm":"Transform"}],"nm":"Group 3","np":2,"cix":2,"bm":0,"ix":3,"mn":"ADBE Vector Group","hd":false},{"ty":"gr","it":[{"ind":0,"ty":"sh","ix":1,"ks":{"a":0,"k":{"i":[[0,0],[35.896,-38.657],[0,0],[-18.881,6.558]],"o":[[0,0],[0,0],[0,0],[0,0]],"v":[[35.505,-276.077],[-22.397,-243.633],[19.712,-243.633],[42.248,-261.581]],"c":true},"ix":2},"nm":"Path 1","mn":"ADBE Vector Shape - Group","hd":false},{"ty":"st","c":{"a":0,"k":[0,0,0,1],"ix":3},"o":{"a":0,"k":100,"ix":4},"w":{"a":0,"k":2.287,"ix":5},"lc":2,"lj":2,"bm":0,"nm":"Stroke 1","mn":"ADBE Vector Graphic - Stroke","hd":false},{"ty":"fl","c":{"a":0,"k":[0.768627464771,0.278431385756,0.466666668653,1],"ix":4},"o":{"a":0,"k":100,"ix":5},"r":1,"bm":0,"nm":"Fill 1","mn":"ADBE Vector Graphic - Fill","hd":false},{"ty":"tr","p":{"a":0,"k":[0,0],"ix":2},"a":{"a":0,"k":[0,0],"ix":1},"s":{"a":0,"k":[100,100],"ix":3},"r":{"a":0,"k":0,"ix":6},"o":{"a":0,"k":100,"ix":7},"sk":{"a":0,"k":0,"ix":4},"sa":{"a":0,"k":0,"ix":5},"nm":"Transform"}],"nm":"Group 4","np":3,"cix":2,"bm":0,"ix":4,"mn":"ADBE Vector Group","hd":false}],"ip":0,"op":120,"st":0,"bm":0},{"ddd":0,"ind":16,"ty":4,"nm":"R_Ear","parent":14,"sr":1,"ks":{"o":{"a":0,"k":100,"ix":11},"r":{"a":1,"k":[{"i":{"x":[0.667],"y":[1]},"o":{"x":[0.562],"y":[0]},"t":8,"s":[14]},{"i":{"x":[0.833],"y":[1]},"o":{"x":[0.333],"y":[0]},"t":68,"s":[0]},{"i":{"x":[0.667],"y":[1]},"o":{"x":[0.167],"y":[0]},"t":83,"s":[6]},{"t":98,"s":[0]}],"ix":10},"p":{"a":0,"k":[-57.416,-148.356,0],"ix":2},"a":{"a":0,"k":[-57.416,-148.356,0],"ix":1},"s":{"a":0,"k":[100,100,100],"ix":6}},"ao":0,"shapes":[{"ty":"gr","it":[{"ind":0,"ty":"sh","ix":1,"ks":{"a":0,"k":{"i":[[3.854,0.7],[0,0],[-0.7,3.854],[0,0],[-3.854,-0.7],[0,0],[0.7,-3.854],[0,0]],"o":[[0,0],[-3.854,-0.7],[0,0],[0.7,-3.854],[0,0],[3.854,0.7],[0,0],[-0.7,3.854]],"v":[[-113.835,-75.367],[-113.835,-75.367],[-119.569,-83.647],[-116.124,-102.607],[-107.844,-108.341],[-107.844,-108.341],[-102.11,-100.061],[-105.555,-81.101]],"c":true},"ix":2},"nm":"Path 1","mn":"ADBE Vector Shape - Group","hd":false},{"ty":"st","c":{"a":0,"k":[0,0,0,1],"ix":3},"o":{"a":0,"k":100,"ix":4},"w":{"a":0,"k":1.524,"ix":5},"lc":2,"lj":2,"bm":0,"nm":"Stroke 1","mn":"ADBE Vector Graphic - Stroke","hd":false},{"ty":"fl","c":{"a":0,"k":[1,0.86274510622,0.290196090937,1],"ix":4},"o":{"a":0,"k":100,"ix":5},"r":1,"bm":0,"nm":"Fill 1","mn":"ADBE Vector Graphic - Fill","hd":false},{"ty":"tr","p":{"a":0,"k":[0,0],"ix":2},"a":{"a":0,"k":[0,0],"ix":1},"s":{"a":0,"k":[100,100],"ix":3},"r":{"a":0,"k":0,"ix":6},"o":{"a":0,"k":100,"ix":7},"sk":{"a":0,"k":0,"ix":4},"sa":{"a":0,"k":0,"ix":5},"nm":"Transform"}],"nm":"Group 1","np":3,"cix":2,"bm":0,"ix":1,"mn":"ADBE Vector Group","hd":false},{"ty":"gr","it":[{"ty":"gr","it":[{"ind":0,"ty":"sh","ix":1,"ks":{"a":0,"k":{"i":[[0,0],[0,0]],"o":[[0,0],[0,0]],"v":[[-57.063,-149.12],[-149.881,-100.042]],"c":false},"ix":2},"nm":"Path 1","mn":"ADBE Vector Shape - Group","hd":false},{"ty":"st","c":{"a":0,"k":[0,0,0,1],"ix":3},"o":{"a":0,"k":100,"ix":4},"w":{"a":0,"k":1.524,"ix":5},"lc":2,"lj":2,"bm":0,"nm":"Stroke 1","mn":"ADBE Vector Graphic - Stroke","hd":false},{"ty":"tr","p":{"a":0,"k":[0,0],"ix":2},"a":{"a":0,"k":[0,0],"ix":1},"s":{"a":0,"k":[100,100],"ix":3},"r":{"a":0,"k":0,"ix":6},"o":{"a":0,"k":100,"ix":7},"sk":{"a":0,"k":0,"ix":4},"sa":{"a":0,"k":0,"ix":5},"nm":"Transform"}],"nm":"Group 1","np":2,"cix":2,"bm":0,"ix":1,"mn":"ADBE Vector Group","hd":false},{"ty":"gr","it":[{"ind":0,"ty":"sh","ix":1,"ks":{"a":0,"k":{"i":[[9.242,-4.033],[25.994,3.68],[-1.846,3.792],[-14.953,9.493],[-11.188,-0.184],[-4.415,-8.305],[5.636,-8.656]],"o":[[-16.233,7.084],[-4.176,-0.591],[11.489,-23.606],[8.513,-5.405],[10.328,0.17],[4.415,8.305],[-6.106,9.377]],"v":[[-88.623,-101.688],[-158.766,-89.8],[-163.124,-97.997],[-114.034,-149.491],[-81.068,-161.889],[-57.063,-149.12],[-59.906,-122.08]],"c":true},"ix":2},"nm":"Path 1","mn":"ADBE Vector Shape - Group","hd":false},{"ty":"st","c":{"a":0,"k":[0,0,0,1],"ix":3},"o":{"a":0,"k":100,"ix":4},"w":{"a":0,"k":4.573,"ix":5},"lc":2,"lj":2,"bm":0,"nm":"Stroke 1","mn":"ADBE Vector Graphic - Stroke","hd":false},{"ty":"fl","c":{"a":1,"k":[{"i":{"x":[0.667],"y":[1]},"o":{"x":[0.333],"y":[0]},"t":18,"s":[0.349019616842,0.501960813999,0.847058832645,1]},{"t":68,"s":[0.172973632813,0.671020507813,0.438110351563,1]}],"ix":4},"o":{"a":0,"k":100,"ix":5},"r":1,"bm":0,"nm":"Fill 1","mn":"ADBE Vector Graphic - Fill","hd":false},{"ty":"tr","p":{"a":0,"k":[0,0],"ix":2},"a":{"a":0,"k":[0,0],"ix":1},"s":{"a":0,"k":[100,100],"ix":3},"r":{"a":0,"k":0,"ix":6},"o":{"a":0,"k":100,"ix":7},"sk":{"a":0,"k":0,"ix":4},"sa":{"a":0,"k":0,"ix":5},"nm":"Transform"}],"nm":"Group 2","np":3,"cix":2,"bm":0,"ix":2,"mn":"ADBE Vector Group","hd":false},{"ty":"tr","p":{"a":0,"k":[0,0],"ix":2},"a":{"a":0,"k":[0,0],"ix":1},"s":{"a":0,"k":[100,100],"ix":3},"r":{"a":0,"k":0,"ix":6},"o":{"a":0,"k":100,"ix":7},"sk":{"a":0,"k":0,"ix":4},"sa":{"a":0,"k":0,"ix":5},"nm":"Transform"}],"nm":"Group 2","np":2,"cix":2,"bm":0,"ix":2,"mn":"ADBE Vector Group","hd":false}],"ip":0,"op":120,"st":0,"bm":0},{"ddd":0,"ind":17,"ty":4,"nm":"L_Ear","parent":14,"sr":1,"ks":{"o":{"a":0,"k":100,"ix":11},"r":{"a":1,"k":[{"i":{"x":[0.667],"y":[1]},"o":{"x":[0.562],"y":[0]},"t":8,"s":[-14]},{"i":{"x":[0.833],"y":[1]},"o":{"x":[0.333],"y":[0]},"t":68,"s":[0]},{"i":{"x":[0.667],"y":[1]},"o":{"x":[0.167],"y":[0]},"t":83,"s":[-8]},{"t":98,"s":[0]}],"ix":10},"p":{"a":0,"k":[71.413,-154.604,0],"ix":2},"a":{"a":0,"k":[71.413,-154.604,0],"ix":1},"s":{"a":0,"k":[100,100,100],"ix":6}},"ao":0,"shapes":[{"ty":"gr","it":[{"ind":0,"ty":"sh","ix":1,"ks":{"a":0,"k":{"i":[[0,0],[0,0]],"o":[[0,0],[0,0]],"v":[[70.426,-155.406],[144.362,-80.859]],"c":false},"ix":2},"nm":"Path 1","mn":"ADBE Vector Shape - Group","hd":false},{"ty":"st","c":{"a":0,"k":[0,0,0,1],"ix":3},"o":{"a":0,"k":100,"ix":4},"w":{"a":0,"k":1.524,"ix":5},"lc":2,"lj":2,"bm":0,"nm":"Stroke 1","mn":"ADBE Vector Graphic - Stroke","hd":false},{"ty":"tr","p":{"a":0,"k":[0,0],"ix":2},"a":{"a":0,"k":[0,0],"ix":1},"s":{"a":0,"k":[100,100],"ix":3},"r":{"a":0,"k":0,"ix":6},"o":{"a":0,"k":100,"ix":7},"sk":{"a":0,"k":0,"ix":4},"sa":{"a":0,"k":0,"ix":5},"nm":"Transform"}],"nm":"Group 1","np":2,"cix":2,"bm":0,"ix":1,"mn":"ADBE Vector Group","hd":false},{"ty":"gr","it":[{"ind":0,"ty":"sh","ix":1,"ks":{"a":0,"k":{"i":[[-7.617,-6.608],[-25.907,-4.246],[0.63,4.17],[11.437,13.524],[10.733,3.164],[6.692,-6.609],[-2.795,-9.944]],"o":[[13.378,11.607],[4.162,0.682],[-3.919,-25.959],[-6.512,-7.7],[-9.908,-2.921],[-6.692,6.609],[3.028,10.772]],"v":[[86.389,-100.716],[149.786,-68.433],[156.391,-74.955],[124.911,-138.755],[97.148,-160.427],[70.426,-155.406],[65.068,-128.75]],"c":true},"ix":2},"nm":"Path 1","mn":"ADBE Vector Shape - Group","hd":false},{"ty":"st","c":{"a":0,"k":[0,0,0,1],"ix":3},"o":{"a":0,"k":100,"ix":4},"w":{"a":0,"k":4.573,"ix":5},"lc":2,"lj":2,"bm":0,"nm":"Stroke 1","mn":"ADBE Vector Graphic - Stroke","hd":false},{"ty":"fl","c":{"a":1,"k":[{"i":{"x":[0.667],"y":[1]},"o":{"x":[0.333],"y":[0]},"t":18,"s":[0.349019616842,0.501960813999,0.847058832645,1]},{"t":68,"s":[0.172973632813,0.671020507813,0.438110351563,1]}],"ix":4},"o":{"a":0,"k":100,"ix":5},"r":1,"bm":0,"nm":"Fill 1","mn":"ADBE Vector Graphic - Fill","hd":false},{"ty":"tr","p":{"a":0,"k":[0,0],"ix":2},"a":{"a":0,"k":[0,0],"ix":1},"s":{"a":0,"k":[100,100],"ix":3},"r":{"a":0,"k":0,"ix":6},"o":{"a":0,"k":100,"ix":7},"sk":{"a":0,"k":0,"ix":4},"sa":{"a":0,"k":0,"ix":5},"nm":"Transform"}],"nm":"Group 2","np":3,"cix":2,"bm":0,"ix":2,"mn":"ADBE Vector Group","hd":false}],"ip":0,"op":120,"st":0,"bm":0},{"ddd":0,"ind":18,"ty":4,"nm":"L_Index","parent":5,"sr":1,"ks":{"o":{"a":0,"k":100,"ix":11},"r":{"a":0,"k":0,"ix":10},"p":{"a":0,"k":[0,0,0],"ix":2},"a":{"a":0,"k":[0,0,0],"ix":1},"s":{"a":0,"k":[100,100,100],"ix":6}},"ao":0,"shapes":[{"ty":"gr","it":[{"ind":0,"ty":"sh","ix":1,"ks":{"a":1,"k":[{"i":{"x":0.529,"y":1},"o":{"x":0.408,"y":0},"t":2,"s":[{"i":[[0,0],[-2.317,9.696],[0.437,11.533],[8.622,3.788],[-0.247,-17.403],[4.463,-25.919],[-8.691,-1.213]],"o":[[8.79,1.227],[3.753,-15.703],[-0.717,-18.915],[-8.622,-3.788],[0.201,14.14],[-1.665,9.672],[0,0]],"v":[[109.92,61.879],[129.83,46.673],[137.868,-2.933],[126.618,-45.728],[98.755,-26.968],[97.098,42.289],[109.52,61.823]],"c":true}]},{"t":62,"s":[{"i":[[0,0],[-2.234,9.716],[0.537,11.529],[8.654,3.713],[-0.397,-17.401],[4.239,-25.956],[-8.701,-1.138]],"o":[[8.8,1.151],[3.617,-15.735],[-0.881,-18.908],[-8.654,-3.713],[0.323,14.138],[-1.582,9.686],[0,0]],"v":[[117.967,61.691],[137.745,46.313],[145.355,-3.36],[133.735,-46.056],[106.036,-27.056],[104.976,42.213],[117.567,61.639]],"c":true}]}],"ix":2},"nm":"Path 1","mn":"ADBE Vector Shape - Group","hd":false},{"ty":"st","c":{"a":0,"k":[0,0,0,1],"ix":3},"o":{"a":0,"k":100,"ix":4},"w":{"a":0,"k":4.573,"ix":5},"lc":2,"lj":2,"bm":0,"nm":"Stroke 1","mn":"ADBE Vector Graphic - Stroke","hd":false},{"ty":"fl","c":{"a":0,"k":[0.54509806633,0.290196090937,0.243137255311,1],"ix":4},"o":{"a":0,"k":100,"ix":5},"r":1,"bm":0,"nm":"Fill 1","mn":"ADBE Vector Graphic - Fill","hd":false},{"ty":"tr","p":{"a":0,"k":[0,0],"ix":2},"a":{"a":0,"k":[0,0],"ix":1},"s":{"a":0,"k":[100,100],"ix":3},"r":{"a":0,"k":0,"ix":6},"o":{"a":0,"k":100,"ix":7},"sk":{"a":0,"k":0,"ix":4},"sa":{"a":0,"k":0,"ix":5},"nm":"Transform"}],"nm":"Group 1","np":3,"cix":2,"bm":0,"ix":1,"mn":"ADBE Vector Group","hd":false}],"ip":0,"op":120,"st":0,"bm":0},{"ddd":0,"ind":19,"ty":4,"nm":"R_Index","parent":6,"sr":1,"ks":{"o":{"a":0,"k":100,"ix":11},"r":{"a":0,"k":0,"ix":10},"p":{"a":0,"k":[0,0,0],"ix":2},"a":{"a":0,"k":[0,0,0],"ix":1},"s":{"a":0,"k":[100,100,100],"ix":6}},"ao":0,"shapes":[{"ty":"gr","it":[{"ind":0,"ty":"sh","ix":1,"ks":{"a":1,"k":[{"i":{"x":0.529,"y":1},"o":{"x":0.408,"y":0},"t":2,"s":[{"i":[[0,0],[2.369,9.683],[-0.34,11.533],[-8.495,3.83],[0.105,-17.401],[-4.62,-25.891],[8.585,-1.257]],"o":[[-8.682,1.271],[-3.837,-15.681],[0.558,-18.915],[8.495,-3.83],[-0.085,14.138],[1.724,9.661],[0,0]],"v":[[-105.321,5.501],[-125.13,-9.601],[-133.475,-59.155],[-122.693,-101.998],[-94.991,-83.383],[-92.798,-14.148],[-104.926,5.443]],"c":true}]},{"t":62,"s":[{"i":[[0,0],[2.369,9.683],[-0.34,11.533],[-8.495,3.83],[0.105,-17.401],[-4.62,-25.891],[8.585,-1.257]],"o":[[-8.682,1.271],[-3.837,-15.681],[0.558,-18.915],[8.495,-3.83],[-0.085,14.138],[1.724,9.661],[0,0]],"v":[[-116.321,6.001],[-136.13,-9.101],[-144.475,-58.655],[-133.693,-101.498],[-105.991,-82.883],[-103.798,-13.648],[-115.926,5.943]],"c":true}]}],"ix":2},"nm":"Path 1","mn":"ADBE Vector Shape - Group","hd":false},{"ty":"st","c":{"a":0,"k":[0,0,0,1],"ix":3},"o":{"a":0,"k":100,"ix":4},"w":{"a":0,"k":4.573,"ix":5},"lc":2,"lj":2,"bm":0,"nm":"Stroke 1","mn":"ADBE Vector Graphic - Stroke","hd":false},{"ty":"fl","c":{"a":0,"k":[0.54509806633,0.290196090937,0.243137255311,1],"ix":4},"o":{"a":0,"k":100,"ix":5},"r":1,"bm":0,"nm":"Fill 1","mn":"ADBE Vector Graphic - Fill","hd":false},{"ty":"tr","p":{"a":0,"k":[0,0],"ix":2},"a":{"a":0,"k":[0,0],"ix":1},"s":{"a":0,"k":[100,100],"ix":3},"r":{"a":0,"k":0,"ix":6},"o":{"a":0,"k":100,"ix":7},"sk":{"a":0,"k":0,"ix":4},"sa":{"a":0,"k":0,"ix":5},"nm":"Transform"}],"nm":"Group 1","np":3,"cix":2,"bm":0,"ix":1,"mn":"ADBE Vector Group","hd":false}],"ip":0,"op":120,"st":0,"bm":0},{"ddd":0,"ind":20,"ty":4,"nm":"Bandana","parent":22,"sr":1,"ks":{"o":{"a":0,"k":100,"ix":11},"r":{"a":0,"k":0,"ix":10},"p":{"a":0,"k":[0,0,0],"ix":2},"a":{"a":0,"k":[0,0,0],"ix":1},"s":{"a":0,"k":[100,100,100],"ix":6}},"ao":0,"shapes":[{"ty":"gr","it":[{"ind":0,"ty":"sh","ix":1,"ks":{"a":1,"k":[{"i":{"x":0.667,"y":1},"o":{"x":0.167,"y":0},"t":0,"s":[{"i":[[0,0],[166.899,0]],"o":[[28.769,35.213],[0,0]],"v":[[65.306,-188.409],[-20.478,64.692]],"c":false}]},{"t":60,"s":[{"i":[[0,0],[166.899,0]],"o":[[28.769,35.213],[0,0]],"v":[[65.306,-188.409],[-20.743,96.692]],"c":false}]}],"ix":2},"nm":"Path 1","mn":"ADBE Vector Shape - Group","hd":false},{"ty":"st","c":{"a":0,"k":[0,0,0,1],"ix":3},"o":{"a":0,"k":100,"ix":4},"w":{"a":0,"k":1.524,"ix":5},"lc":2,"lj":2,"bm":0,"nm":"Stroke 1","mn":"ADBE Vector Graphic - Stroke","hd":false},{"ty":"fl","c":{"a":0,"k":[0.878431379795,0.298039227724,0.643137276173,1],"ix":4},"o":{"a":0,"k":100,"ix":5},"r":1,"bm":0,"nm":"Fill 1","mn":"ADBE Vector Graphic - Fill","hd":false},{"ty":"tr","p":{"a":0,"k":[0,0],"ix":2},"a":{"a":0,"k":[0,0],"ix":1},"s":{"a":0,"k":[100,100],"ix":3},"r":{"a":0,"k":0,"ix":6},"o":{"a":0,"k":100,"ix":7},"sk":{"a":0,"k":0,"ix":4},"sa":{"a":0,"k":0,"ix":5},"nm":"Transform"}],"nm":"Group 1","np":3,"cix":2,"bm":0,"ix":1,"mn":"ADBE Vector Group","hd":false},{"ty":"gr","it":[{"ind":0,"ty":"sh","ix":1,"ks":{"a":1,"k":[{"i":{"x":0.667,"y":1},"o":{"x":0.167,"y":0},"t":0,"s":[{"i":[[104.908,-63.462],[9.294,6.664],[12.783,84.422],[-109.786,18.293],[1.704,-28.15]],"o":[[-9.785,5.919],[-32.067,-22.994],[-21.909,-144.696],[109.786,-18.293],[-3.67,60.606]],"v":[[12.53,135.239],[-18.934,133.923],[-140.783,-31.422],[4.151,-243.633],[144.362,-80.859]],"c":true}]},{"t":60,"s":[{"i":[[104.908,-63.462],[9.294,6.664],[17.558,111.424],[-109.786,18.293],[1.704,-28.15]],"o":[[-9.785,5.919],[-32.067,-22.994],[-22.78,-144.562],[109.786,-18.293],[-3.67,60.606]],"v":[[12.265,167.239],[-19.199,165.923],[-140.783,-31.422],[4.151,-243.633],[144.362,-80.859]],"c":true}]}],"ix":2},"nm":"Path 1","mn":"ADBE Vector Shape - Group","hd":false},{"ty":"st","c":{"a":0,"k":[0,0,0,1],"ix":3},"o":{"a":0,"k":100,"ix":4},"w":{"a":0,"k":4.573,"ix":5},"lc":2,"lj":2,"bm":0,"nm":"Stroke 1","mn":"ADBE Vector Graphic - Stroke","hd":false},{"ty":"fl","c":{"a":0,"k":[0.878431379795,0.298039227724,0.643137276173,1],"ix":4},"o":{"a":0,"k":100,"ix":5},"r":1,"bm":0,"nm":"Fill 1","mn":"ADBE Vector Graphic - Fill","hd":false},{"ty":"tr","p":{"a":0,"k":[0,0],"ix":2},"a":{"a":0,"k":[0,0],"ix":1},"s":{"a":0,"k":[100,100],"ix":3},"r":{"a":0,"k":0,"ix":6},"o":{"a":0,"k":100,"ix":7},"sk":{"a":0,"k":0,"ix":4},"sa":{"a":0,"k":0,"ix":5},"nm":"Transform"}],"nm":"Group 2","np":3,"cix":2,"bm":0,"ix":2,"mn":"ADBE Vector Group","hd":false}],"ip":0,"op":120,"st":0,"bm":0},{"ddd":0,"ind":21,"ty":4,"nm":"Bag","parent":22,"sr":1,"ks":{"o":{"a":0,"k":100,"ix":11},"r":{"a":0,"k":0,"ix":10},"p":{"a":0,"k":[0,0,0],"ix":2},"a":{"a":0,"k":[0,0,0],"ix":1},"s":{"a":0,"k":[100,100,100],"ix":6}},"ao":0,"shapes":[{"ty":"gr","it":[{"ind":0,"ty":"sh","ix":1,"ks":{"a":0,"k":{"i":[[0,-6.958],[3.526,0],[0,6.958],[-3.526,0]],"o":[[0,6.958],[-3.526,0],[0,-6.958],[3.526,0]],"v":[[152.939,233.903],[146.554,246.501],[140.169,233.903],[146.554,221.305]],"c":true},"ix":2},"nm":"Path 1","mn":"ADBE Vector Shape - Group","hd":false},{"ty":"st","c":{"a":0,"k":[0,0,0,1],"ix":3},"o":{"a":0,"k":100,"ix":4},"w":{"a":0,"k":1.524,"ix":5},"lc":2,"lj":2,"bm":0,"nm":"Stroke 1","mn":"ADBE Vector Graphic - Stroke","hd":false},{"ty":"fl","c":{"a":0,"k":[1,0.86274510622,0.290196090937,1],"ix":4},"o":{"a":0,"k":100,"ix":5},"r":1,"bm":0,"nm":"Fill 1","mn":"ADBE Vector Graphic - Fill","hd":false},{"ty":"tr","p":{"a":0,"k":[0,0],"ix":2},"a":{"a":0,"k":[0,0],"ix":1},"s":{"a":0,"k":[100,100],"ix":3},"r":{"a":0,"k":0,"ix":6},"o":{"a":0,"k":100,"ix":7},"sk":{"a":0,"k":0,"ix":4},"sa":{"a":0,"k":0,"ix":5},"nm":"Transform"}],"nm":"Group 1","np":3,"cix":2,"bm":0,"ix":1,"mn":"ADBE Vector Group","hd":false},{"ty":"gr","it":[{"ind":0,"ty":"sh","ix":1,"ks":{"a":0,"k":{"i":[[0,0],[0,0]],"o":[[0,0],[0,0]],"v":[[115.49,253.059],[175.014,253.059]],"c":false},"ix":2},"nm":"Path 1","mn":"ADBE Vector Shape - Group","hd":false},{"ty":"st","c":{"a":0,"k":[0,0,0,1],"ix":3},"o":{"a":0,"k":100,"ix":4},"w":{"a":0,"k":2.287,"ix":5},"lc":2,"lj":2,"bm":0,"nm":"Stroke 1","mn":"ADBE Vector Graphic - Stroke","hd":false},{"ty":"tr","p":{"a":0,"k":[0,0],"ix":2},"a":{"a":0,"k":[0,0],"ix":1},"s":{"a":0,"k":[100,100],"ix":3},"r":{"a":0,"k":0,"ix":6},"o":{"a":0,"k":100,"ix":7},"sk":{"a":0,"k":0,"ix":4},"sa":{"a":0,"k":0,"ix":5},"nm":"Transform"}],"nm":"Group 2","np":2,"cix":2,"bm":0,"ix":2,"mn":"ADBE Vector Group","hd":false},{"ty":"gr","it":[{"ind":0,"ty":"sh","ix":1,"ks":{"a":0,"k":{"i":[[8.484,0],[0,0],[0,8.484],[0,0],[-8.484,0],[0,0],[0,-8.484],[0,0]],"o":[[0,0],[-8.484,0],[0,0],[0,-8.484],[0,0],[8.484,0],[0,0],[0,8.484]],"v":[[100.129,328.774],[98.235,328.774],[82.874,313.412],[82.874,207.502],[98.235,192.14],[100.129,192.14],[115.49,207.502],[115.49,313.412]],"c":true},"ix":2},"nm":"Path 1","mn":"ADBE Vector Shape - Group","hd":false},{"ty":"st","c":{"a":0,"k":[0,0,0,1],"ix":3},"o":{"a":0,"k":100,"ix":4},"w":{"a":0,"k":2.287,"ix":5},"lc":2,"lj":2,"bm":0,"nm":"Stroke 1","mn":"ADBE Vector Graphic - Stroke","hd":false},{"ty":"fl","c":{"a":0,"k":[0.388235300779,0.188235297799,0.172549024224,1],"ix":4},"o":{"a":0,"k":100,"ix":5},"r":1,"bm":0,"nm":"Fill 1","mn":"ADBE Vector Graphic - Fill","hd":false},{"ty":"tr","p":{"a":0,"k":[0,0],"ix":2},"a":{"a":0,"k":[0,0],"ix":1},"s":{"a":0,"k":[100,100],"ix":3},"r":{"a":0,"k":0,"ix":6},"o":{"a":0,"k":100,"ix":7},"sk":{"a":0,"k":0,"ix":4},"sa":{"a":0,"k":0,"ix":5},"nm":"Transform"}],"nm":"Group 3","np":3,"cix":2,"bm":0,"ix":3,"mn":"ADBE Vector Group","hd":false},{"ty":"gr","it":[{"ind":0,"ty":"sh","ix":1,"ks":{"a":0,"k":{"i":[[8.484,0],[0,0],[0,8.484],[0,0],[-8.484,0],[0,0],[0,-8.484],[0,0]],"o":[[0,0],[-8.484,0],[0,0],[0,-8.484],[0,0],[8.484,0],[0,0],[0,8.484]],"v":[[159.653,328.774],[98.307,328.774],[82.946,313.412],[82.946,207.502],[98.307,192.14],[159.653,192.14],[175.014,207.502],[175.014,313.412]],"c":true},"ix":2},"nm":"Path 1","mn":"ADBE Vector Shape - Group","hd":false},{"ty":"st","c":{"a":0,"k":[0,0,0,1],"ix":3},"o":{"a":0,"k":100,"ix":4},"w":{"a":0,"k":4.573,"ix":5},"lc":2,"lj":2,"bm":0,"nm":"Stroke 1","mn":"ADBE Vector Graphic - Stroke","hd":false},{"ty":"fl","c":{"a":0,"k":[0.54509806633,0.290196090937,0.243137255311,1],"ix":4},"o":{"a":0,"k":100,"ix":5},"r":1,"bm":0,"nm":"Fill 1","mn":"ADBE Vector Graphic - Fill","hd":false},{"ty":"tr","p":{"a":0,"k":[0,0],"ix":2},"a":{"a":0,"k":[0,0],"ix":1},"s":{"a":0,"k":[100,100],"ix":3},"r":{"a":0,"k":0,"ix":6},"o":{"a":0,"k":100,"ix":7},"sk":{"a":0,"k":0,"ix":4},"sa":{"a":0,"k":0,"ix":5},"nm":"Transform"}],"nm":"Group 4","np":3,"cix":2,"bm":0,"ix":4,"mn":"ADBE Vector Group","hd":false}],"ip":0,"op":120,"st":0,"bm":0},{"ddd":0,"ind":22,"ty":4,"nm":"TORSO","parent":3,"sr":1,"ks":{"o":{"a":0,"k":100,"ix":11},"r":{"a":0,"k":0,"ix":10},"p":{"a":0,"k":[-17.486,220.634,0],"ix":2},"a":{"a":0,"k":[-17.486,220.634,0],"ix":1},"s":{"a":1,"k":[{"i":{"x":[0.508,0.379,0.703],"y":[1,1,1]},"o":{"x":[0.667,1,0.185],"y":[0,0,0]},"t":0,"s":[100,100,100]},{"i":{"x":[0.794,0.627,0.833],"y":[1,1,1]},"o":{"x":[0.303,0.312,0.333],"y":[0,0,0]},"t":60,"s":[102,98,100]},{"i":{"x":[0.833,0.833,0.833],"y":[1,1,1]},"o":{"x":[0.185,0.185,0.185],"y":[0,0,0]},"t":75,"s":[98,102,100]},{"t":90,"s":[100,100,100]}],"ix":6}},"ao":0,"shapes":[{"ty":"gr","it":[{"ind":0,"ty":"sh","ix":1,"ks":{"a":1,"k":[{"i":{"x":0.667,"y":1},"o":{"x":0.167,"y":0},"t":0,"s":[{"i":[[104.908,-63.461],[9.294,6.664],[17.558,111.424],[-109.786,18.293],[1.704,-28.15]],"o":[[-9.785,5.919],[-32.067,-22.994],[-22.78,-144.562],[109.786,-18.293],[-3.67,60.606]],"v":[[10.74,157.849],[-20.723,156.533],[-142.614,-29.812],[2.627,-224.023],[142.838,-61.249]],"c":true}]},{"t":60,"s":[{"i":[[104.908,-63.462],[9.294,6.664],[17.558,111.424],[-109.786,18.293],[1.704,-28.15]],"o":[[-9.785,5.919],[-32.067,-22.994],[-22.78,-144.562],[109.786,-18.293],[-3.67,60.606]],"v":[[10.74,186.849],[-20.723,185.533],[-142.307,-11.812],[2.627,-224.023],[142.838,-61.249]],"c":true}]}],"ix":2},"nm":"Path 1","mn":"ADBE Vector Shape - Group","hd":false},{"ty":"fl","c":{"a":0,"k":[0.647058844566,0.635294139385,0.517647087574,1],"ix":4},"o":{"a":0,"k":100,"ix":5},"r":1,"bm":0,"nm":"Fill 1","mn":"ADBE Vector Graphic - Fill","hd":false},{"ty":"tr","p":{"a":0,"k":[0,0],"ix":2},"a":{"a":0,"k":[0,0],"ix":1},"s":{"a":0,"k":[100,100],"ix":3},"r":{"a":0,"k":0,"ix":6},"o":{"a":0,"k":100,"ix":7},"sk":{"a":0,"k":0,"ix":4},"sa":{"a":0,"k":0,"ix":5},"nm":"Transform"}],"nm":"Group 1","np":2,"cix":2,"bm":0,"ix":1,"mn":"ADBE Vector Group","hd":false},{"ty":"gr","it":[{"ind":0,"ty":"sh","ix":1,"ks":{"a":1,"k":[{"i":{"x":0.529,"y":1},"o":{"x":0.408,"y":0},"t":0,"s":[{"i":[[0,0],[0,0],[-20.45,-3.804],[-72.945,20.649],[2.081,68.285],[0,0]],"o":[[0,0],[16.248,73.974],[22.995,4.278],[22.754,-6.441],[0,0],[0,0]],"v":[[-148.69,-3.252],[-161.248,125.026],[-66.488,215.418],[89.628,207.424],[157.919,105.715],[144.426,-91.854]],"c":false}]},{"t":60,"s":[{"i":[[0,0],[0,0],[-21.577,-4.67],[-80.592,19.843],[-2.424,23.523],[0,0]],"o":[[0,0],[4.479,21.617],[29.098,6.298],[22.962,-5.654],[0,0],[0,0]],"v":[[-176.69,-75.252],[-125.248,173.026],[-82.488,216.418],[76.628,204.424],[118.919,155.714],[144.426,-91.854]],"c":false}]}],"ix":2},"nm":"Path 1","mn":"ADBE Vector Shape - Group","hd":false},{"ty":"st","c":{"a":0,"k":[0,0,0,1],"ix":3},"o":{"a":0,"k":100,"ix":4},"w":{"a":0,"k":4.573,"ix":5},"lc":2,"lj":2,"bm":0,"nm":"Stroke 1","mn":"ADBE Vector Graphic - Stroke","hd":false},{"ty":"tr","p":{"a":0,"k":[0,0],"ix":2},"a":{"a":0,"k":[0,0],"ix":1},"s":{"a":0,"k":[100,100],"ix":3},"r":{"a":0,"k":0,"ix":6},"o":{"a":0,"k":100,"ix":7},"sk":{"a":0,"k":0,"ix":4},"sa":{"a":0,"k":0,"ix":5},"nm":"Transform"}],"nm":"Group 2","np":2,"cix":2,"bm":0,"ix":2,"mn":"ADBE Vector Group","hd":false},{"ty":"gr","it":[{"ind":0,"ty":"sh","ix":1,"ks":{"a":1,"k":[{"i":{"x":0.529,"y":1},"o":{"x":0.408,"y":0},"t":0,"s":[{"i":[[0,0],[0,0],[-21.577,-4.67],[-80.592,19.843],[2.019,68.286],[0,0],[145.013,-4.603]],"o":[[0,0],[15.248,72.974],[29.098,6.298],[22.962,-5.654],[0,0],[0,0],[-214.703,6.816]],"v":[[-148.69,-3.252],[-161.248,125.026],[-66.488,215.418],[89.628,207.424],[157.919,105.714],[144.426,-91.854],[-0.632,-214.417]],"c":true}]},{"t":60,"s":[{"i":[[0,0],[0,0],[-21.577,-4.67],[-80.592,19.843],[-2.424,23.523],[0,0],[145.013,-4.603]],"o":[[0,0],[4.479,21.617],[29.098,6.298],[22.962,-5.654],[0,0],[0,0],[-214.703,6.816]],"v":[[-176.69,-75.252],[-125.248,173.026],[-82.488,216.418],[76.628,204.424],[118.919,155.714],[144.426,-91.854],[-0.632,-214.417]],"c":true}]}],"ix":2},"nm":"Path 1","mn":"ADBE Vector Shape - Group","hd":false},{"ty":"fl","c":{"a":0,"k":[0.847058832645,0.823529422283,0.662745118141,1],"ix":4},"o":{"a":0,"k":100,"ix":5},"r":1,"bm":0,"nm":"Fill 1","mn":"ADBE Vector Graphic - Fill","hd":false},{"ty":"tr","p":{"a":0,"k":[0,0],"ix":2},"a":{"a":0,"k":[0,0],"ix":1},"s":{"a":0,"k":[100,100],"ix":3},"r":{"a":0,"k":0,"ix":6},"o":{"a":0,"k":100,"ix":7},"sk":{"a":0,"k":0,"ix":4},"sa":{"a":0,"k":0,"ix":5},"nm":"Transform"}],"nm":"Group 3","np":2,"cix":2,"bm":0,"ix":3,"mn":"ADBE Vector Group","hd":false}],"ip":0,"op":120,"st":0,"bm":0},{"ddd":0,"ind":23,"ty":4,"nm":"Weist","parent":3,"sr":1,"ks":{"o":{"a":0,"k":100,"ix":11},"r":{"a":0,"k":0,"ix":10},"p":{"a":0,"k":[0,0,0],"ix":2},"a":{"a":0,"k":[0,0,0],"ix":1},"s":{"a":0,"k":[100,100,100],"ix":6}},"ao":0,"shapes":[{"ty":"gr","it":[{"ind":0,"ty":"sh","ix":1,"ks":{"a":0,"k":{"i":[[0,0],[0,0],[-11.139,0],[0,0],[0,-14.868],[0,0]],"o":[[0,0],[0,-14.868],[0,0],[11.139,0],[0,0],[0,0]],"v":[[-110.064,265.453],[-110.064,190.227],[-89.896,163.306],[84.536,163.306],[104.704,190.227],[104.704,265.453]],"c":false},"ix":2},"nm":"Path 1","mn":"ADBE Vector Shape - Group","hd":false},{"ty":"st","c":{"a":0,"k":[0,0,0,1],"ix":3},"o":{"a":0,"k":100,"ix":4},"w":{"a":0,"k":4.573,"ix":5},"lc":2,"lj":2,"bm":0,"nm":"Stroke 1","mn":"ADBE Vector Graphic - Stroke","hd":false},{"ty":"tr","p":{"a":0,"k":[0,0],"ix":2},"a":{"a":0,"k":[0,0],"ix":1},"s":{"a":0,"k":[100,100],"ix":3},"r":{"a":0,"k":0,"ix":6},"o":{"a":0,"k":100,"ix":7},"sk":{"a":0,"k":0,"ix":4},"sa":{"a":0,"k":0,"ix":5},"nm":"Transform"}],"nm":"Group 1","np":2,"cix":2,"bm":0,"ix":1,"mn":"ADBE Vector Group","hd":false},{"ty":"gr","it":[{"ind":0,"ty":"sh","ix":1,"ks":{"a":0,"k":{"i":[[0,0],[0,0],[0,0],[-12.869,0],[0,0],[0,-12.869]],"o":[[0,0],[0,0],[0,-12.869],[0,0],[12.869,0],[0,0]],"v":[[104.704,265.453],[-110.064,265.453],[-110.064,186.607],[-86.763,163.306],[81.403,163.306],[104.704,186.607]],"c":true},"ix":2},"nm":"Path 1","mn":"ADBE Vector Shape - Group","hd":false},{"ty":"fl","c":{"a":0,"k":[0.329411774874,0.411764711142,0.498039215803,1],"ix":4},"o":{"a":0,"k":100,"ix":5},"r":1,"bm":0,"nm":"Fill 1","mn":"ADBE Vector Graphic - Fill","hd":false},{"ty":"tr","p":{"a":0,"k":[0,0],"ix":2},"a":{"a":0,"k":[0,0],"ix":1},"s":{"a":0,"k":[100,100],"ix":3},"r":{"a":0,"k":0,"ix":6},"o":{"a":0,"k":100,"ix":7},"sk":{"a":0,"k":0,"ix":4},"sa":{"a":0,"k":0,"ix":5},"nm":"Transform"}],"nm":"Group 2","np":2,"cix":2,"bm":0,"ix":2,"mn":"ADBE Vector Group","hd":false}],"ip":0,"op":120,"st":0,"bm":0},{"ddd":0,"ind":24,"ty":4,"nm":"L_Arm_Back","parent":22,"sr":1,"ks":{"o":{"a":0,"k":100,"ix":11},"r":{"a":0,"k":0,"ix":10},"p":{"a":0,"k":[0,0,0],"ix":2},"a":{"a":0,"k":[0,0,0],"ix":1},"s":{"a":0,"k":[100,100,100],"ix":6}},"ao":0,"shapes":[{"ty":"gr","it":[{"ind":0,"ty":"sh","ix":1,"ks":{"a":1,"k":[{"i":{"x":0.529,"y":1},"o":{"x":0.408,"y":0},"t":2,"s":[{"i":[[0,0],[186.275,-1.959],[0,0],[0,0]],"o":[[0,0],[0,0],[0,0],[-1.353,-5.397]],"v":[[231.863,-54.461],[18.725,-204.041],[62.861,-82.302],[234.288,-45.84]],"c":true}]},{"t":62,"s":[{"i":[[0,0],[177.402,14.576],[0,0],[0,0]],"o":[[0,0],[0,0],[0,0],[-1.321,-9.254]],"v":[[208.998,-9.82],[18.36,-203.711],[61.318,4.96],[211.364,4.96]],"c":true}]}],"ix":2},"nm":"Path 1","mn":"ADBE Vector Shape - Group","hd":false},{"ty":"st","c":{"a":0,"k":[0,0,0,1],"ix":3},"o":{"a":0,"k":100,"ix":4},"w":{"a":0,"k":4.573,"ix":5},"lc":2,"lj":2,"bm":0,"nm":"Stroke 1","mn":"ADBE Vector Graphic - Stroke","hd":false},{"ty":"fl","c":{"a":0,"k":[0.847058832645,0.823529422283,0.662745118141,1],"ix":4},"o":{"a":0,"k":100,"ix":5},"r":1,"bm":0,"nm":"Fill 1","mn":"ADBE Vector Graphic - Fill","hd":false},{"ty":"tr","p":{"a":0,"k":[0,0],"ix":2},"a":{"a":0,"k":[0,0],"ix":1},"s":{"a":0,"k":[100,100],"ix":3},"r":{"a":0,"k":0,"ix":6},"o":{"a":0,"k":100,"ix":7},"sk":{"a":0,"k":0,"ix":4},"sa":{"a":0,"k":0,"ix":5},"nm":"Transform"}],"nm":"Group 1","np":3,"cix":2,"bm":0,"ix":1,"mn":"ADBE Vector Group","hd":false},{"ty":"gr","it":[{"ind":0,"ty":"sh","ix":1,"ks":{"a":1,"k":[{"i":{"x":0.529,"y":1},"o":{"x":0.408,"y":0},"t":2,"s":[{"i":[[0,0],[188.275,0.041],[0,0],[-67.482,0.006]],"o":[[0,0],[0,0],[0,0],[94.566,-0.008]],"v":[[231.863,-54.461],[18.725,-204.041],[63.891,-79.461],[159.434,98.008]],"c":true}]},{"t":62,"s":[{"i":[[0,0],[177.402,14.576],[0,0],[-64.961,8.703]],"o":[[0,0],[0,0],[0,0],[95.779,-12.832]],"v":[[208.998,-9.82],[18.36,-203.711],[62.32,9.831],[151.99,207.496]],"c":true}]}],"ix":2},"nm":"Path 1","mn":"ADBE Vector Shape - Group","hd":false},{"ty":"st","c":{"a":0,"k":[0,0,0,1],"ix":3},"o":{"a":0,"k":100,"ix":4},"w":{"a":0,"k":4.573,"ix":5},"lc":2,"lj":2,"bm":0,"nm":"Stroke 1","mn":"ADBE Vector Graphic - Stroke","hd":false},{"ty":"fl","c":{"a":0,"k":[0.349019616842,0.501960813999,0.847058832645,1],"ix":4},"o":{"a":0,"k":100,"ix":5},"r":1,"bm":0,"nm":"Fill 1","mn":"ADBE Vector Graphic - Fill","hd":false},{"ty":"tr","p":{"a":0,"k":[0,0],"ix":2},"a":{"a":0,"k":[0,0],"ix":1},"s":{"a":0,"k":[100,100],"ix":3},"r":{"a":0,"k":0,"ix":6},"o":{"a":0,"k":100,"ix":7},"sk":{"a":0,"k":0,"ix":4},"sa":{"a":0,"k":0,"ix":5},"nm":"Transform"}],"nm":"Group 2","np":3,"cix":2,"bm":0,"ix":2,"mn":"ADBE Vector Group","hd":false}],"ip":0,"op":120,"st":0,"bm":0},{"ddd":0,"ind":25,"ty":4,"nm":"R_Arm_Back","parent":22,"sr":1,"ks":{"o":{"a":0,"k":100,"ix":11},"r":{"a":0,"k":0,"ix":10},"p":{"a":0,"k":[0,0,0],"ix":2},"a":{"a":0,"k":[0,0,0],"ix":1},"s":{"a":0,"k":[100,100,100],"ix":6}},"ao":0,"shapes":[{"ty":"gr","it":[{"ind":0,"ty":"sh","ix":1,"ks":{"a":1,"k":[{"i":{"x":0.529,"y":1},"o":{"x":0.408,"y":0},"t":2,"s":[{"i":[[0,0],[-110.979,2],[0,0]],"o":[[0,0],[68.061,-1.227],[0,0]],"v":[[-251.33,-42.56],[-162.021,122],[-85.628,-75.56]],"c":true}]},{"t":62,"s":[{"i":[[0,0],[-95.561,0],[0,0]],"o":[[0,0],[64.813,0],[0,0]],"v":[[-232.247,6.6],[-147.214,214.38],[-85.904,6.6]],"c":true}]}],"ix":2},"nm":"Path 1","mn":"ADBE Vector Shape - Group","hd":false},{"ty":"st","c":{"a":0,"k":[0,0,0,1],"ix":3},"o":{"a":0,"k":100,"ix":4},"w":{"a":0,"k":4.573,"ix":5},"lc":2,"lj":2,"bm":0,"nm":"Stroke 1","mn":"ADBE Vector Graphic - Stroke","hd":false},{"ty":"fl","c":{"a":0,"k":[0.349019616842,0.501960813999,0.847058832645,1],"ix":4},"o":{"a":0,"k":100,"ix":5},"r":1,"bm":0,"nm":"Fill 1","mn":"ADBE Vector Graphic - Fill","hd":false},{"ty":"tr","p":{"a":0,"k":[0,0],"ix":2},"a":{"a":0,"k":[0,0],"ix":1},"s":{"a":0,"k":[100,100],"ix":3},"r":{"a":0,"k":0,"ix":6},"o":{"a":0,"k":100,"ix":7},"sk":{"a":0,"k":0,"ix":4},"sa":{"a":0,"k":0,"ix":5},"nm":"Transform"}],"nm":"Group 1","np":3,"cix":2,"bm":0,"ix":1,"mn":"ADBE Vector Group","hd":false},{"ty":"gr","it":[{"ind":0,"ty":"sh","ix":1,"ks":{"a":1,"k":[{"i":{"x":0.529,"y":1},"o":{"x":0.408,"y":0},"t":2,"s":[{"i":[[0,0],[0,0],[-159.49,24.844]],"o":[[0,0],[0,0],[0,0]],"v":[[-85.628,-75.56],[-251.33,-42.56],[-71.51,-210.844]],"c":true}]},{"t":62,"s":[{"i":[[0,0],[0,0],[-171.848,37.997]],"o":[[0,0],[0,0],[0,0]],"v":[[-85.904,6.6],[-232.247,6.6],[-71.51,-210.844]],"c":true}]}],"ix":2},"nm":"Path 1","mn":"ADBE Vector Shape - Group","hd":false},{"ty":"st","c":{"a":0,"k":[0,0,0,1],"ix":3},"o":{"a":0,"k":100,"ix":4},"w":{"a":0,"k":4.573,"ix":5},"lc":2,"lj":2,"bm":0,"nm":"Stroke 1","mn":"ADBE Vector Graphic - Stroke","hd":false},{"ty":"fl","c":{"a":0,"k":[0.847058832645,0.823529422283,0.662745118141,1],"ix":4},"o":{"a":0,"k":100,"ix":5},"r":1,"bm":0,"nm":"Fill 1","mn":"ADBE Vector Graphic - Fill","hd":false},{"ty":"tr","p":{"a":0,"k":[0,0],"ix":2},"a":{"a":0,"k":[0,0],"ix":1},"s":{"a":0,"k":[100,100],"ix":3},"r":{"a":0,"k":0,"ix":6},"o":{"a":0,"k":100,"ix":7},"sk":{"a":0,"k":0,"ix":4},"sa":{"a":0,"k":0,"ix":5},"nm":"Transform"}],"nm":"Group 2","np":3,"cix":2,"bm":0,"ix":2,"mn":"ADBE Vector Group","hd":false}],"ip":0,"op":120,"st":0,"bm":0}]}],"layers":[{"ddd":0,"ind":1,"ty":0,"nm":"13_Graggle_Sick","refId":"comp_0","sr":1,"ks":{"o":{"a":0,"k":100,"ix":11},"r":{"a":0,"k":0,"ix":10},"p":{"a":0,"k":[160,160,0],"ix":2},"a":{"a":0,"k":[400,400,0],"ix":1},"s":{"a":0,"k":[40,40,100],"ix":6}},"ao":0,"w":800,"h":800,"ip":0,"op":15,"st":-105,"bm":0},{"ddd":0,"ind":2,"ty":0,"nm":"13_Graggle_Sick","refId":"comp_0","sr":1,"ks":{"o":{"a":0,"k":100,"ix":11},"r":{"a":0,"k":0,"ix":10},"p":{"a":0,"k":[160,160,0],"ix":2},"a":{"a":0,"k":[400,400,0],"ix":1},"s":{"a":0,"k":[40,40,100],"ix":6}},"ao":0,"w":800,"h":800,"ip":15,"op":120,"st":15,"bm":0}],"markers":[]}