{"v":"5.6.2","fr":60,"ip":0,"op":120,"w":320,"h":320,"nm":"22_Graggle_What","ddd":0,"assets":[{"id":"comp_0","layers":[{"ddd":0,"ind":2,"ty":3,"nm":"Overall_Ctrl","sr":1,"ks":{"o":{"a":0,"k":0,"ix":11},"r":{"a":0,"k":0,"ix":10},"p":{"a":0,"k":[400,464,0],"ix":2},"a":{"a":0,"k":[0,0,0],"ix":1},"s":{"a":0,"k":[155,155,100],"ix":6}},"ao":0,"ip":0,"op":120,"st":0,"bm":0},{"ddd":0,"ind":8,"ty":3,"nm":"Face_Ctrl","parent":18,"sr":1,"ks":{"o":{"a":0,"k":0,"ix":11},"r":{"a":0,"k":0,"ix":10},"p":{"a":1,"k":[{"i":{"x":0.399,"y":0.985},"o":{"x":0.333,"y":0},"t":4,"s":[-41,-109,0],"to":[0,0,0],"ti":[0,0,0]},{"t":19,"s":[-41,-99.233,0]}],"ix":2},"a":{"a":0,"k":[50,50,0],"ix":1},"s":{"a":0,"k":[50,50,100],"ix":6}},"ao":0,"ip":0,"op":120,"st":0,"bm":0},{"ddd":0,"ind":9,"ty":4,"nm":"1_Eyebrow","parent":17,"sr":1,"ks":{"o":{"a":0,"k":100,"ix":11},"r":{"a":0,"k":0,"ix":10},"p":{"a":0,"k":[0,0,0],"ix":2},"a":{"a":0,"k":[0,0,0],"ix":1},"s":{"a":0,"k":[100,100,100],"ix":6}},"ao":0,"shapes":[{"ty":"gr","it":[{"ind":0,"ty":"sh","ix":1,"ks":{"a":1,"k":[{"i":{"x":0.5,"y":0},"o":{"x":0.333,"y":0},"t":9,"s":[{"i":[[0,0],[0,0]],"o":[[0,0],[0,0]],"v":[[-61.623,-119.955],[-12.501,-119.955]],"c":false}]},{"i":{"x":0.833,"y":1},"o":{"x":0.5,"y":1},"t":19,"s":[{"i":[[0,0],[0,0]],"o":[[0,0],[0,0]],"v":[[-60.283,-125.11],[-11.162,-125.11]],"c":false}]},{"i":{"x":0.833,"y":1},"o":{"x":0.167,"y":0},"t":27,"s":[{"i":[[0,0],[-25.391,11.35]],"o":[[0,0],[0,0]],"v":[[-62.536,-121.794],[-12.365,-119.342]],"c":false}]},{"i":{"x":0.833,"y":1},"o":{"x":0.167,"y":0},"t":34,"s":[{"i":[[0,0],[-15.69,-12.809]],"o":[[0,0],[0,0]],"v":[[-53.519,-158.037],[-23.348,-157.783]],"c":false}]},{"i":{"x":0.833,"y":1},"o":{"x":0.167,"y":0},"t":44,"s":[{"i":[[0,0],[-15.69,-12.809]],"o":[[0,0],[0,0]],"v":[[-52.039,-156.353],[-21.869,-156.099]],"c":false}]},{"i":{"x":0.467,"y":1},"o":{"x":0.57,"y":0},"t":65,"s":[{"i":[[0,0],[-15.69,-12.809]],"o":[[0,0],[0,0]],"v":[[-52.039,-156.353],[-21.869,-156.099]],"c":false}]},{"i":{"x":0.427,"y":1},"o":{"x":0.53,"y":0},"t":75,"s":[{"i":[[0,0],[-15.69,-12.809]],"o":[[0,0],[0,0]],"v":[[-52.106,-147.809],[-21.935,-147.555]],"c":false}]},{"t":85,"s":[{"i":[[0,0],[-15.69,-12.809]],"o":[[0,0],[0,0]],"v":[[-52.039,-156.353],[-21.869,-156.099]],"c":false}]}],"ix":2},"nm":"Path 1","mn":"ADBE Vector Shape - Group","hd":false},{"ty":"st","c":{"a":0,"k":[0,0,0,1],"ix":3},"o":{"a":0,"k":100,"ix":4},"w":{"a":0,"k":10,"ix":5},"lc":2,"lj":2,"bm":0,"nm":"Stroke 1","mn":"ADBE Vector Graphic - Stroke","hd":false},{"ty":"tr","p":{"a":0,"k":[0,0],"ix":2},"a":{"a":0,"k":[0,0],"ix":1},"s":{"a":0,"k":[100,100],"ix":3},"r":{"a":0,"k":0,"ix":6},"o":{"a":0,"k":100,"ix":7},"sk":{"a":0,"k":0,"ix":4},"sa":{"a":0,"k":0,"ix":5},"nm":"Transform"}],"nm":"Group 1","np":2,"cix":2,"bm":0,"ix":1,"mn":"ADBE Vector Group","hd":false}],"ip":0,"op":120,"st":0,"bm":0},{"ddd":0,"ind":10,"ty":4,"nm":"1_Eyeball 2","parent":17,"td":1,"sr":1,"ks":{"o":{"a":0,"k":100,"ix":11},"r":{"a":0,"k":0,"ix":10},"p":{"a":0,"k":[0,0,0],"ix":2},"a":{"a":0,"k":[0,0,0],"ix":1},"s":{"a":0,"k":[100,100,100],"ix":6}},"ao":0,"shapes":[{"ty":"gr","it":[{"ind":0,"ty":"sh","ix":1,"ks":{"a":1,"k":[{"i":{"x":0.266,"y":0.266},"o":{"x":0.333,"y":0},"t":9,"s":[{"i":[[0,-13.738],[10.977,0],[0,13.738],[-10.977,0]],"o":[[0,13.738],[-10.977,0],[0,-13.738],[10.977,0]],"v":[[-18.296,-111.022],[-38.172,-86.146],[-58.048,-111.022],[-38.172,-135.897]],"c":true}]},{"i":{"x":0.833,"y":1},"o":{"x":1,"y":1},"t":19,"s":[{"i":[[0,-6.293],[11.282,0],[6.759,-2.035],[-11.282,0]],"o":[[-5.663,-1.221],[-11.282,0],[0.287,-2.306],[11.282,0]],"v":[[-17.193,-103.111],[-37.274,-105.281],[-58.048,-103.111],[-35.193,-113.285]],"c":true}]},{"i":{"x":0.667,"y":1},"o":{"x":0.167,"y":0},"t":27,"s":[{"i":[[0,-6.293],[17.572,0],[10.528,-2.035],[-17.572,0]],"o":[[-8.821,-1.221],[-17.572,0],[0.447,-2.306],[17.572,0]],"v":[[-4.74,-103.111],[-36.017,-105.281],[-68.374,-103.111],[-32.776,-113.285]],"c":true}]},{"i":{"x":0.833,"y":1},"o":{"x":0.333,"y":0},"t":34,"s":[{"i":[[0,-20.259],[14.724,0],[0,20.259],[-14.724,0]],"o":[[0,20.259],[-14.724,0],[0,-20.259],[14.724,0]],"v":[[-9.866,-111.371],[-36.526,-74.689],[-63.186,-111.371],[-36.526,-148.053]],"c":true}]},{"i":{"x":0.833,"y":1},"o":{"x":0.167,"y":0},"t":44,"s":[{"i":[[0,-19.02],[13.824,0],[0,19.02],[-13.824,0]],"o":[[0,19.02],[-13.824,0],[0,-19.02],[13.824,0]],"v":[[-10.777,-112.473],[-35.807,-78.034],[-60.837,-112.473],[-35.807,-146.912]],"c":true}]},{"i":{"x":0.467,"y":1},"o":{"x":0.57,"y":0},"t":65,"s":[{"i":[[0,-19.02],[13.824,0],[0,19.02],[-13.824,0]],"o":[[0,19.02],[-13.824,0],[0,-19.02],[13.824,0]],"v":[[-10.777,-112.473],[-35.807,-78.034],[-60.837,-112.473],[-35.807,-146.912]],"c":true}]},{"i":{"x":0.427,"y":1},"o":{"x":0.53,"y":0},"t":75,"s":[{"i":[[-8.368,-6.369],[17.572,0.026],[10.528,-2.035],[-17.567,-0.417]],"o":[[-8.527,-1.945],[-11.367,-0.017],[0.447,-2.306],[15.233,0.361]],"v":[[-8.039,-104.109],[-36.875,-106.883],[-62.819,-104.326],[-36.106,-114.027]],"c":true}]},{"t":85,"s":[{"i":[[0,-19.02],[13.824,0],[0,19.02],[-13.824,0]],"o":[[0,19.02],[-13.824,0],[0,-19.02],[13.824,0]],"v":[[-10.777,-112.473],[-35.807,-78.034],[-60.837,-112.473],[-35.807,-146.912]],"c":true}]}],"ix":2},"nm":"Path 1","mn":"ADBE Vector Shape - Group","hd":false},{"ty":"st","c":{"a":0,"k":[0,0,0,1],"ix":3},"o":{"a":0,"k":100,"ix":4},"w":{"a":0,"k":1.038,"ix":5},"lc":2,"lj":2,"bm":0,"nm":"Stroke 1","mn":"ADBE Vector Graphic - Stroke","hd":false},{"ty":"fl","c":{"a":1,"k":[{"i":{"x":[0.833],"y":[0.833]},"o":{"x":[0.167],"y":[0.167]},"t":17,"s":[1,1,1,1]},{"i":{"x":[0.833],"y":[0.833]},"o":{"x":[0.167],"y":[0.167]},"t":19,"s":[0,0,0,1]},{"i":{"x":[0.833],"y":[0.833]},"o":{"x":[0.167],"y":[0.167]},"t":27,"s":[0,0,0,1]},{"t":29,"s":[1,1,1,1]}],"ix":4},"o":{"a":0,"k":100,"ix":5},"r":1,"bm":0,"nm":"Fill 1","mn":"ADBE Vector Graphic - Fill","hd":false},{"ty":"tr","p":{"a":0,"k":[0,0],"ix":2},"a":{"a":0,"k":[0,0],"ix":1},"s":{"a":0,"k":[100,100],"ix":3},"r":{"a":0,"k":0,"ix":6},"o":{"a":0,"k":100,"ix":7},"sk":{"a":0,"k":0,"ix":4},"sa":{"a":0,"k":0,"ix":5},"nm":"Transform"}],"nm":"Group 2","np":3,"cix":2,"bm":0,"ix":2,"mn":"ADBE Vector Group","hd":false}],"ip":0,"op":120,"st":0,"bm":0},{"ddd":0,"ind":11,"ty":4,"nm":"1_Eye","parent":12,"tt":1,"sr":1,"ks":{"o":{"a":0,"k":100,"ix":11},"r":{"a":0,"k":0,"ix":10},"p":{"a":1,"k":[{"i":{"x":0.833,"y":0.833},"o":{"x":0.167,"y":0.167},"t":19,"s":[-39.202,-113.463,0],"to":[0,0,0],"ti":[0,0,0]},{"t":27,"s":[-36.202,-113.463,0]}],"ix":2},"a":{"a":0,"k":[-39.202,-113.463,0],"ix":1},"s":{"a":0,"k":[100,100,100],"ix":6}},"ao":0,"shapes":[{"ty":"gr","it":[{"ind":0,"ty":"sh","ix":1,"ks":{"a":1,"k":[{"i":{"x":0.833,"y":0.833},"o":{"x":0.167,"y":0.167},"t":4,"s":[{"i":[[0,-7.716],[3.755,0],[0,7.716],[-3.755,0]],"o":[[0,7.716],[-3.755,0],[0,-7.716],[3.755,0]],"v":[[-32.403,-113.463],[-39.202,-99.492],[-46.001,-113.463],[-39.155,-122.684]],"c":true}]},{"i":{"x":0.833,"y":0.833},"o":{"x":0.167,"y":0.167},"t":18,"s":[{"i":[[0,-7.716],[3.755,0],[0,7.716],[-3.755,0]],"o":[[0,7.716],[-3.755,0],[0,-7.716],[3.755,0]],"v":[[-32.403,-113.463],[-39.202,-99.492],[-46.001,-113.463],[-39.155,-122.684]],"c":true}]},{"t":19,"s":[{"i":[[0,-7.716],[3.755,0],[0,7.716],[-3.755,0]],"o":[[0,7.716],[-3.755,0],[0,-7.716],[3.755,0]],"v":[[-32.403,-113.463],[-39.202,-99.492],[-46.001,-113.463],[-39.202,-127.434]],"c":true}]}],"ix":2},"nm":"Path 1","mn":"ADBE Vector Shape - Group","hd":false},{"ty":"fl","c":{"a":0,"k":[0,0,0,1],"ix":4},"o":{"a":0,"k":100,"ix":5},"r":1,"bm":0,"nm":"Fill 1","mn":"ADBE Vector Graphic - Fill","hd":false},{"ty":"tr","p":{"a":0,"k":[0,0],"ix":2},"a":{"a":0,"k":[0,0],"ix":1},"s":{"a":0,"k":[100,100],"ix":3},"r":{"a":0,"k":0,"ix":6},"o":{"a":0,"k":100,"ix":7},"sk":{"a":0,"k":0,"ix":4},"sa":{"a":0,"k":0,"ix":5},"nm":"Transform"}],"nm":"Group 2","np":2,"cix":2,"bm":0,"ix":2,"mn":"ADBE Vector Group","hd":false}],"ip":0,"op":120,"st":0,"bm":0},{"ddd":0,"ind":12,"ty":4,"nm":"1_Eyeball","parent":17,"sr":1,"ks":{"o":{"a":0,"k":100,"ix":11},"r":{"a":0,"k":0,"ix":10},"p":{"a":0,"k":[0,0,0],"ix":2},"a":{"a":0,"k":[0,0,0],"ix":1},"s":{"a":0,"k":[100,100,100],"ix":6}},"ao":0,"shapes":[{"ty":"gr","it":[{"ind":0,"ty":"sh","ix":1,"ks":{"a":1,"k":[{"i":{"x":0.833,"y":1},"o":{"x":0.167,"y":0},"t":27,"s":[{"i":[[0,0],[0,0],[0,0],[0,0]],"o":[[0,0],[0,0],[0,0],[0,0]],"v":[[-16.604,-138.155],[-60.01,-138.155],[-60.01,-117.739],[-16.604,-117.739]],"c":true}]},{"i":{"x":0.833,"y":1},"o":{"x":0.167,"y":0},"t":34,"s":[{"i":[[0,0],[0,0],[0,0],[0,0]],"o":[[0,0],[0,0],[0,0],[0,0]],"v":[[-7.596,-151.381],[-65.818,-151.381],[-65.352,-152.346],[-7.549,-151.029]],"c":true}]},{"i":{"x":0.833,"y":1},"o":{"x":0.167,"y":0},"t":44,"s":[{"i":[[0,0],[0,0],[0,0],[0,0]],"o":[[0,0],[0,0],[0,0],[0,0]],"v":[[-8.646,-150.037],[-63.308,-150.037],[-62.87,-150.943],[-8.601,-149.707]],"c":true}]},{"i":{"x":0.467,"y":1},"o":{"x":0.57,"y":0},"t":65,"s":[{"i":[[0,0],[0,0],[0,0],[0,0]],"o":[[0,0],[0,0],[0,0],[0,0]],"v":[[-8.646,-150.037],[-63.308,-150.037],[-62.87,-150.943],[-8.601,-149.707]],"c":true}]},{"i":{"x":0.427,"y":1},"o":{"x":0.53,"y":0},"t":75,"s":[{"i":[[0,0],[0,0],[0,0],[0,0]],"o":[[0,0],[0,0],[0,0],[0,0]],"v":[[-16.604,-138.155],[-60.01,-138.155],[-60.01,-117.739],[-16.604,-117.739]],"c":true}]},{"t":85,"s":[{"i":[[0,0],[0,0],[0,0],[0,0]],"o":[[0,0],[0,0],[0,0],[0,0]],"v":[[-8.646,-150.037],[-63.308,-150.037],[-62.87,-150.943],[-8.601,-149.707]],"c":true}]}],"ix":2},"nm":"Path 1","mn":"ADBE Vector Shape - Group","hd":false},{"ty":"fl","c":{"a":0,"k":[0.349019616842,0.501960813999,0.847058832645,1],"ix":4},"o":{"a":0,"k":100,"ix":5},"r":1,"bm":0,"nm":"Fill 1","mn":"ADBE Vector Graphic - Fill","hd":false},{"ty":"tr","p":{"a":0,"k":[0,0],"ix":2},"a":{"a":0,"k":[0,0],"ix":1},"s":{"a":0,"k":[100,100],"ix":3},"r":{"a":0,"k":0,"ix":6},"o":{"a":0,"k":100,"ix":7},"sk":{"a":0,"k":0,"ix":4},"sa":{"a":0,"k":0,"ix":5},"nm":"Transform"}],"nm":"Group 1","np":2,"cix":2,"bm":0,"ix":1,"mn":"ADBE Vector Group","hd":false},{"ty":"gr","it":[{"ind":0,"ty":"sh","ix":1,"ks":{"a":1,"k":[{"i":{"x":0.266,"y":0.266},"o":{"x":0.333,"y":0},"t":9,"s":[{"i":[[0,-13.738],[10.977,0],[0,13.738],[-10.977,0]],"o":[[0,13.738],[-10.977,0],[0,-13.738],[10.977,0]],"v":[[-18.296,-111.022],[-38.172,-86.146],[-58.048,-111.022],[-38.172,-135.897]],"c":true}]},{"i":{"x":0.833,"y":1},"o":{"x":1,"y":1},"t":19,"s":[{"i":[[0,-6.293],[11.282,0],[6.759,-2.035],[-11.282,0]],"o":[[-5.663,-1.221],[-11.282,0],[0.287,-2.306],[11.282,0]],"v":[[-17.193,-103.111],[-37.274,-105.281],[-58.048,-103.111],[-35.193,-113.285]],"c":true}]},{"i":{"x":0.667,"y":1},"o":{"x":0.167,"y":0},"t":27,"s":[{"i":[[0,-6.293],[17.572,0],[10.528,-2.035],[-17.572,0]],"o":[[-8.821,-1.221],[-17.572,0],[0.447,-2.306],[17.572,0]],"v":[[-4.74,-103.111],[-36.017,-105.281],[-68.374,-103.111],[-32.776,-113.285]],"c":true}]},{"i":{"x":0.833,"y":1},"o":{"x":0.333,"y":0},"t":34,"s":[{"i":[[0,-20.259],[14.724,0],[0,20.259],[-14.724,0]],"o":[[0,20.259],[-14.724,0],[0,-20.259],[14.724,0]],"v":[[-9.866,-111.371],[-36.526,-74.689],[-63.186,-111.371],[-36.526,-148.053]],"c":true}]},{"i":{"x":0.833,"y":1},"o":{"x":0.167,"y":0},"t":44,"s":[{"i":[[0,-19.02],[13.824,0],[0,19.02],[-13.824,0]],"o":[[0,19.02],[-13.824,0],[0,-19.02],[13.824,0]],"v":[[-10.777,-112.473],[-35.807,-78.034],[-60.837,-112.473],[-35.807,-146.912]],"c":true}]},{"i":{"x":0.467,"y":1},"o":{"x":0.57,"y":0},"t":65,"s":[{"i":[[0,-19.02],[13.824,0],[0,19.02],[-13.824,0]],"o":[[0,19.02],[-13.824,0],[0,-19.02],[13.824,0]],"v":[[-10.777,-112.473],[-35.807,-78.034],[-60.837,-112.473],[-35.807,-146.912]],"c":true}]},{"i":{"x":0.427,"y":1},"o":{"x":0.53,"y":0},"t":75,"s":[{"i":[[-8.368,-6.369],[17.572,0.026],[10.528,-2.035],[-17.567,-0.417]],"o":[[-8.527,-1.945],[-11.367,-0.017],[0.447,-2.306],[15.233,0.361]],"v":[[-8.039,-104.109],[-36.875,-106.883],[-62.819,-104.326],[-36.106,-114.027]],"c":true}]},{"t":85,"s":[{"i":[[0,-19.02],[13.824,0],[0,19.02],[-13.824,0]],"o":[[0,19.02],[-13.824,0],[0,-19.02],[13.824,0]],"v":[[-10.777,-112.473],[-35.807,-78.034],[-60.837,-112.473],[-35.807,-146.912]],"c":true}]}],"ix":2},"nm":"Path 1","mn":"ADBE Vector Shape - Group","hd":false},{"ty":"st","c":{"a":0,"k":[0,0,0,1],"ix":3},"o":{"a":0,"k":100,"ix":4},"w":{"a":0,"k":1.038,"ix":5},"lc":2,"lj":2,"bm":0,"nm":"Stroke 1","mn":"ADBE Vector Graphic - Stroke","hd":false},{"ty":"fl","c":{"a":1,"k":[{"i":{"x":[0.833],"y":[0.833]},"o":{"x":[0.167],"y":[0.167]},"t":17,"s":[1,1,1,1]},{"i":{"x":[0.833],"y":[0.833]},"o":{"x":[0.167],"y":[0.167]},"t":19,"s":[0,0,0,1]},{"i":{"x":[0.833],"y":[0.833]},"o":{"x":[0.167],"y":[0.167]},"t":27,"s":[0,0,0,1]},{"i":{"x":[0.833],"y":[0.833]},"o":{"x":[0.167],"y":[0.167]},"t":29,"s":[1,1,1,1]},{"i":{"x":[0.833],"y":[0.833]},"o":{"x":[0.167],"y":[0.167]},"t":73,"s":[1,1,1,1]},{"i":{"x":[0.833],"y":[0.833]},"o":{"x":[0.167],"y":[0.167]},"t":75,"s":[0,0,0,1]},{"t":77,"s":[1,1,1,1]}],"ix":4},"o":{"a":0,"k":100,"ix":5},"r":1,"bm":0,"nm":"Fill 1","mn":"ADBE Vector Graphic - Fill","hd":false},{"ty":"tr","p":{"a":0,"k":[0,0],"ix":2},"a":{"a":0,"k":[0,0],"ix":1},"s":{"a":0,"k":[100,100],"ix":3},"r":{"a":0,"k":0,"ix":6},"o":{"a":0,"k":100,"ix":7},"sk":{"a":0,"k":0,"ix":4},"sa":{"a":0,"k":0,"ix":5},"nm":"Transform"}],"nm":"Group 2","np":3,"cix":2,"bm":0,"ix":2,"mn":"ADBE Vector Group","hd":false}],"ip":0,"op":120,"st":0,"bm":0},{"ddd":0,"ind":13,"ty":4,"nm":"2_Mouth","parent":8,"sr":1,"ks":{"o":{"a":0,"k":100,"ix":11},"r":{"a":0,"k":21,"ix":10},"p":{"a":0,"k":[79.881,265.956,0],"ix":2},"a":{"a":0,"k":[0,0,0],"ix":1},"s":{"a":0,"k":[200,200,100],"ix":6}},"ao":0,"shapes":[{"ty":"gr","it":[{"ind":0,"ty":"sh","ix":1,"ks":{"a":1,"k":[{"i":{"x":0.833,"y":1},"o":{"x":0.333,"y":0},"t":24,"s":[{"i":[[4.799,-1.933],[0,0],[6.944,-3.336],[4.24,-2.06]],"o":[[0,0],[0,0],[-4.249,2.041],[-6.961,3.381]],"v":[[-48.99,-52.905],[5.444,-79.236],[-15.387,-69.226],[-28.135,-63.103]],"c":true}]},{"i":{"x":0.383,"y":1},"o":{"x":0.926,"y":0},"t":27,"s":[{"i":[[4.058,-2.023],[0,0],[6.795,-1.902],[3.959,-2.43]],"o":[[0,0],[0,0],[-4.313,1.281],[-5.954,3.289]],"v":[[-34.917,-44.461],[9.445,-65.904],[-8.203,-60.533],[-20.521,-54.224]],"c":true}]},{"t":34,"s":[{"i":[[1.369,-2.352],[0,0],[4.385,1.428],[2.935,-3.773]],"o":[[0,0],[0,0],[-4.546,-1.48],[-2.299,2.955]],"v":[[-3.026,-6.934],[23.966,-17.514],[15.66,-20.508],[3.198,-16.682]],"c":true}]}],"ix":2},"nm":"Path 1","mn":"ADBE Vector Shape - Group","hd":false},{"ty":"fl","c":{"a":0,"k":[0,0,0,1],"ix":4},"o":{"a":0,"k":100,"ix":5},"r":1,"bm":0,"nm":"Fill 1","mn":"ADBE Vector Graphic - Fill","hd":false},{"ty":"tr","p":{"a":0,"k":[0,0],"ix":2},"a":{"a":0,"k":[0,0],"ix":1},"s":{"a":0,"k":[100,100],"ix":3},"r":{"a":0,"k":0,"ix":6},"o":{"a":0,"k":100,"ix":7},"sk":{"a":0,"k":0,"ix":4},"sa":{"a":0,"k":0,"ix":5},"nm":"Transform"}],"nm":"Group 1","np":2,"cix":2,"bm":0,"ix":1,"mn":"ADBE Vector Group","hd":false}],"ip":27,"op":120,"st":0,"bm":0},{"ddd":0,"ind":14,"ty":4,"nm":"1_Mouth","parent":8,"sr":1,"ks":{"o":{"a":0,"k":100,"ix":11},"r":{"a":0,"k":0,"ix":10},"p":{"a":0,"k":[132,268,0],"ix":2},"a":{"a":0,"k":[0,0,0],"ix":1},"s":{"a":0,"k":[200,200,100],"ix":6}},"ao":0,"shapes":[{"ty":"gr","it":[{"ind":0,"ty":"sh","ix":1,"ks":{"a":1,"k":[{"i":{"x":0.399,"y":0.399},"o":{"x":0.589,"y":0},"t":4,"s":[{"i":[[0,0],[0,0]],"o":[[0,0],[0,0]],"v":[[-42.863,-20.384],[-29.35,-20.384]],"c":false}]},{"i":{"x":0.833,"y":1},"o":{"x":1,"y":1},"t":19,"s":[{"i":[[0,0],[0,0]],"o":[[0,0],[0,0]],"v":[[-43.441,-66.369],[-30.737,-65.691]],"c":false}]},{"i":{"x":0.833,"y":1},"o":{"x":1,"y":0},"t":24,"s":[{"i":[[0,0],[0,0]],"o":[[0,0],[0,0]],"v":[[-52.104,-68.106],[0.521,-72.501]],"c":false}]},{"t":27,"s":[{"i":[[0,0],[0,0]],"o":[[0,0],[0,0]],"v":[[-40.154,-55.554],[6.217,-59.904]],"c":false}]}],"ix":2},"nm":"Path 1","mn":"ADBE Vector Shape - Group","hd":false},{"ty":"st","c":{"a":0,"k":[0,0,0,1],"ix":3},"o":{"a":0,"k":100,"ix":4},"w":{"a":0,"k":1,"ix":5},"lc":2,"lj":2,"bm":0,"nm":"Stroke 1","mn":"ADBE Vector Graphic - Stroke","hd":false},{"ty":"tr","p":{"a":0,"k":[0,0],"ix":2},"a":{"a":0,"k":[0,0],"ix":1},"s":{"a":0,"k":[100,100],"ix":3},"r":{"a":0,"k":0,"ix":6},"o":{"a":0,"k":100,"ix":7},"sk":{"a":0,"k":0,"ix":4},"sa":{"a":0,"k":0,"ix":5},"nm":"Transform"}],"nm":"Group 1","np":2,"cix":2,"bm":0,"ix":1,"mn":"ADBE Vector Group","hd":false}],"ip":0,"op":27,"st":0,"bm":0},{"ddd":0,"ind":15,"ty":4,"nm":"1_L_Ear","parent":18,"sr":1,"ks":{"o":{"a":1,"k":[{"i":{"x":[0.833],"y":[0.833]},"o":{"x":[0.167],"y":[0.167]},"t":30,"s":[100]},{"t":31,"s":[0]}],"ix":11},"r":{"a":0,"k":0,"ix":10},"p":{"a":1,"k":[{"i":{"x":0.399,"y":0.908},"o":{"x":0.333,"y":0},"t":6,"s":[29.005,-83.667,0],"to":[0,0,0],"ti":[0,0,0]},{"i":{"x":0.667,"y":1},"o":{"x":0.913,"y":0.013},"t":21,"s":[29.005,-85.295,0],"to":[0,0,0],"ti":[0,0,0]},{"i":{"x":0.667,"y":1},"o":{"x":0.333,"y":0},"t":31,"s":[38.718,-91.345,0],"to":[0,0,0],"ti":[0,0,0]},{"i":{"x":0.667,"y":1},"o":{"x":0.333,"y":0},"t":36,"s":[29.005,-88.295,0],"to":[0,0,0],"ti":[0,0,0]},{"t":46,"s":[29.005,-85.295,0]}],"ix":2},"a":{"a":0,"k":[29.005,-83.667,0],"ix":1},"s":{"a":0,"k":[100,100,100],"ix":6}},"ao":0,"shapes":[{"ty":"gr","it":[{"ind":0,"ty":"sh","ix":1,"ks":{"a":0,"k":{"i":[[0,0],[-4.309,5.165],[-2.497,17.332],[2.773,-0.474],[8.871,-7.803],[2.356,-2.705]],"o":[[7.145,-2.159],[7.567,-9.072],[0.401,-2.785],[-17.261,2.95],[-2.175,1.913],[0,0]],"v":[[51.401,-84.689],[69.821,-99.271],[90.529,-141.968],[86.094,-146.289],[43.954,-124.468],[36.875,-117.435]],"c":false},"ix":2},"nm":"Path 1","mn":"ADBE Vector Shape - Group","hd":false},{"ty":"st","c":{"a":0,"k":[0,0,0,1],"ix":3},"o":{"a":0,"k":100,"ix":4},"w":{"a":0,"k":3.008,"ix":5},"lc":2,"lj":2,"bm":0,"nm":"Stroke 1","mn":"ADBE Vector Graphic - Stroke","hd":false},{"ty":"tr","p":{"a":0,"k":[0,0],"ix":2},"a":{"a":0,"k":[0,0],"ix":1},"s":{"a":0,"k":[100,100],"ix":3},"r":{"a":0,"k":0,"ix":6},"o":{"a":0,"k":100,"ix":7},"sk":{"a":0,"k":0,"ix":4},"sa":{"a":0,"k":0,"ix":5},"nm":"Transform"}],"nm":"Group 1","np":2,"cix":2,"bm":0,"ix":1,"mn":"ADBE Vector Group","hd":false},{"ty":"gr","it":[{"ind":0,"ty":"sh","ix":1,"ks":{"a":0,"k":{"i":[[0,0],[0,0]],"o":[[0,0],[0,0]],"v":[[41.333,-96.113],[82.312,-138.19]],"c":false},"ix":2},"nm":"Path 1","mn":"ADBE Vector Shape - Group","hd":false},{"ty":"st","c":{"a":0,"k":[0,0,0,1],"ix":3},"o":{"a":0,"k":100,"ix":4},"w":{"a":0,"k":1.017,"ix":5},"lc":2,"lj":2,"bm":0,"nm":"Stroke 1","mn":"ADBE Vector Graphic - Stroke","hd":false},{"ty":"tr","p":{"a":0,"k":[0,0],"ix":2},"a":{"a":0,"k":[0,0],"ix":1},"s":{"a":0,"k":[100,100],"ix":3},"r":{"a":0,"k":0,"ix":6},"o":{"a":0,"k":100,"ix":7},"sk":{"a":0,"k":0,"ix":4},"sa":{"a":0,"k":0,"ix":5},"nm":"Transform"}],"nm":"Group 2","np":2,"cix":2,"bm":0,"ix":2,"mn":"ADBE Vector Group","hd":false},{"ty":"gr","it":[{"ind":0,"ty":"sh","ix":1,"ks":{"a":0,"k":{"i":[[-4.309,5.165],[-2.497,17.332],[2.773,-0.474],[8.871,-7.803],[1.971,-7.199],[-4.494,-4.378],[-6.595,1.993]],"o":[[7.567,-9.072],[0.401,-2.785],[-17.261,2.95],[-5.051,4.442],[-1.819,6.645],[4.494,4.378],[7.145,-2.159]],"v":[[69.821,-99.271],[90.529,-141.968],[86.094,-146.289],[43.954,-124.468],[29.86,-105.673],[33.555,-87.917],[51.401,-84.689]],"c":true},"ix":2},"nm":"Path 1","mn":"ADBE Vector Shape - Group","hd":false},{"ty":"fl","c":{"a":0,"k":[0.349019616842,0.501960813999,0.847058832645,1],"ix":4},"o":{"a":0,"k":100,"ix":5},"r":1,"bm":0,"nm":"Fill 1","mn":"ADBE Vector Graphic - Fill","hd":false},{"ty":"tr","p":{"a":0,"k":[0,0],"ix":2},"a":{"a":0,"k":[0,0],"ix":1},"s":{"a":0,"k":[100,100],"ix":3},"r":{"a":0,"k":0,"ix":6},"o":{"a":0,"k":100,"ix":7},"sk":{"a":0,"k":0,"ix":4},"sa":{"a":0,"k":0,"ix":5},"nm":"Transform"}],"nm":"Group 3","np":2,"cix":2,"bm":0,"ix":3,"mn":"ADBE Vector Group","hd":false}],"ip":0,"op":120,"st":0,"bm":0},{"ddd":0,"ind":16,"ty":4,"nm":"1_Head_Mask","parent":18,"td":1,"sr":1,"ks":{"o":{"a":0,"k":100,"ix":11},"r":{"a":0,"k":0,"ix":10},"p":{"a":0,"k":[-15.631,-89.841,0],"ix":2},"a":{"a":0,"k":[-15.631,-89.841,0],"ix":1},"s":{"a":0,"k":[96,96,100],"ix":6}},"ao":0,"shapes":[{"ty":"gr","it":[{"ind":0,"ty":"sh","ix":1,"ks":{"a":0,"k":{"i":[[1.045,4.023],[5.775,26.965],[1.397,5.682],[9.45,2.824],[13.832,-0.013],[6.078,-1.816],[4.548,-18.493],[2.542,-11.87],[4.139,-15.943],[0,-7.521],[-44.561,0],[0,36.228]],"o":[[-4.14,-15.943],[-2.542,-11.87],[-4.548,-18.493],[-6.078,-1.816],[-13.832,-0.013],[-9.449,2.824],[-1.397,5.682],[-5.775,26.965],[-1.045,4.023],[0,36.228],[44.561,0],[0,-7.521]],"v":[[63.031,-74.008],[45.354,-126.662],[39.44,-159.03],[16.783,-183.736],[-15.631,-186.726],[-48.045,-183.736],[-70.702,-159.03],[-76.617,-126.662],[-94.294,-74.008],[-96.316,-58.552],[-15.631,7.044],[65.054,-58.552]],"c":true},"ix":2},"nm":"Path 1","mn":"ADBE Vector Shape - Group","hd":false},{"ty":"st","c":{"a":0,"k":[0,0,0,1],"ix":3},"o":{"a":0,"k":100,"ix":4},"w":{"a":0,"k":3.05,"ix":5},"lc":2,"lj":2,"bm":0,"nm":"Stroke 1","mn":"ADBE Vector Graphic - Stroke","hd":false},{"ty":"tr","p":{"a":0,"k":[0,0],"ix":2},"a":{"a":0,"k":[0,0],"ix":1},"s":{"a":0,"k":[100,100],"ix":3},"r":{"a":0,"k":0,"ix":6},"o":{"a":0,"k":100,"ix":7},"sk":{"a":0,"k":0,"ix":4},"sa":{"a":0,"k":0,"ix":5},"nm":"Transform"}],"nm":"Group 5","np":2,"cix":2,"bm":0,"ix":5,"mn":"ADBE Vector Group","hd":false},{"ty":"gr","it":[{"ind":0,"ty":"sh","ix":1,"ks":{"a":0,"k":{"i":[[1.002,2.726],[41.23,9.295],[-17.533,0],[0,36.228],[1.045,4.023]],"o":[[-9.811,67.507],[13.234,7.722],[44.561,0],[0,-7.521],[-0.782,-3.01]],"v":[[60.336,-82.534],[-62.623,-5.226],[-15.631,7.044],[65.054,-58.552],[63.031,-74.008]],"c":true},"ix":2},"nm":"Path 1","mn":"ADBE Vector Shape - Group","hd":false},{"ty":"fl","c":{"a":0,"k":[0.286274522543,0.396078437567,0.768627464771,1],"ix":4},"o":{"a":0,"k":100,"ix":5},"r":1,"bm":0,"nm":"Fill 1","mn":"ADBE Vector Graphic - Fill","hd":false},{"ty":"tr","p":{"a":0,"k":[0,0],"ix":2},"a":{"a":0,"k":[0,0],"ix":1},"s":{"a":0,"k":[100,100],"ix":3},"r":{"a":0,"k":0,"ix":6},"o":{"a":0,"k":100,"ix":7},"sk":{"a":0,"k":0,"ix":4},"sa":{"a":0,"k":0,"ix":5},"nm":"Transform"}],"nm":"Group 7","np":2,"cix":2,"bm":0,"ix":7,"mn":"ADBE Vector Group","hd":false},{"ty":"gr","it":[{"ind":0,"ty":"sh","ix":1,"ks":{"a":0,"k":{"i":[[2.106,9.832],[1.397,5.682],[9.45,2.824],[13.832,-0.013],[6.078,-1.816],[4.548,-18.493],[1.941,-10.363],[-3.071,13.034],[-0.626,6.12],[-55.199,27.669],[-0.278,-5.701],[-9.038,-9.316],[-8.764,-7.558]],"o":[[-2.542,-11.87],[-4.547,-18.493],[-6.078,-1.816],[-13.832,-0.013],[-9.45,2.824],[-1.156,4.7],[4.076,-2.58],[2.095,-8.893],[0,0],[0,0],[0.278,5.701],[5.35,5.515],[-2.362,-6.389]],"v":[[45.354,-126.662],[39.44,-159.03],[16.783,-183.736],[-15.631,-186.726],[-48.045,-183.736],[-70.702,-159.03],[-75.351,-133.017],[-62.623,-154.444],[-58.751,-177.231],[16.097,-182.4],[18.043,-149.725],[26.247,-126.366],[52.192,-102.905]],"c":true},"ix":2},"nm":"Path 1","mn":"ADBE Vector Shape - Group","hd":false},{"ty":"fl","c":{"a":0,"k":[0,0,0,1],"ix":4},"o":{"a":0,"k":100,"ix":5},"r":1,"bm":0,"nm":"Fill 1","mn":"ADBE Vector Graphic - Fill","hd":false},{"ty":"tr","p":{"a":0,"k":[0,0],"ix":2},"a":{"a":0,"k":[0,0],"ix":1},"s":{"a":0,"k":[100,100],"ix":3},"r":{"a":0,"k":0,"ix":6},"o":{"a":0,"k":100,"ix":7},"sk":{"a":0,"k":0,"ix":4},"sa":{"a":0,"k":0,"ix":5},"nm":"Transform"}],"nm":"Group 9","np":2,"cix":2,"bm":0,"ix":9,"mn":"ADBE Vector Group","hd":false},{"ty":"gr","it":[{"ind":0,"ty":"sh","ix":1,"ks":{"a":0,"k":{"i":[[1.045,4.023],[5.775,26.965],[1.397,5.682],[9.45,2.824],[13.832,-0.013],[6.078,-1.816],[4.548,-18.493],[2.542,-11.87],[4.139,-15.943],[0,-7.521],[-44.561,0],[0,36.228]],"o":[[-4.14,-15.943],[-2.542,-11.87],[-4.548,-18.493],[-6.078,-1.816],[-13.832,-0.013],[-9.449,2.824],[-1.397,5.682],[-5.775,26.965],[-1.045,4.023],[0,36.228],[44.561,0],[0,-7.521]],"v":[[63.031,-74.008],[45.354,-126.662],[39.44,-159.03],[16.783,-183.736],[-15.631,-186.726],[-48.045,-183.736],[-70.702,-159.03],[-76.617,-126.662],[-94.294,-74.008],[-96.316,-58.552],[-15.631,7.044],[65.054,-58.552]],"c":true},"ix":2},"nm":"Path 1","mn":"ADBE Vector Shape - Group","hd":false},{"ty":"fl","c":{"a":0,"k":[0.349019616842,0.501960813999,0.847058832645,1],"ix":4},"o":{"a":0,"k":100,"ix":5},"r":1,"bm":0,"nm":"Fill 1","mn":"ADBE Vector Graphic - Fill","hd":false},{"ty":"tr","p":{"a":0,"k":[0,0],"ix":2},"a":{"a":0,"k":[0,0],"ix":1},"s":{"a":0,"k":[100,100],"ix":3},"r":{"a":0,"k":0,"ix":6},"o":{"a":0,"k":100,"ix":7},"sk":{"a":0,"k":0,"ix":4},"sa":{"a":0,"k":0,"ix":5},"nm":"Transform"}],"nm":"Group 10","np":2,"cix":2,"bm":0,"ix":10,"mn":"ADBE Vector Group","hd":false}],"ip":0,"op":120,"st":0,"bm":0},{"ddd":0,"ind":17,"ty":4,"nm":"1_Head_Details","parent":8,"tt":1,"sr":1,"ks":{"o":{"a":0,"k":100,"ix":11},"r":{"a":0,"k":0,"ix":10},"p":{"a":1,"k":[{"i":{"x":0.667,"y":1},"o":{"x":0.72,"y":0.004},"t":19,"s":[132,268,0],"to":[0,0,0],"ti":[0,0,0]},{"i":{"x":0.667,"y":0.667},"o":{"x":0.167,"y":0.167},"t":34,"s":[177,268,0],"to":[0,0,0],"ti":[0,0,0]},{"i":{"x":0.364,"y":1},"o":{"x":0.589,"y":0.02},"t":65,"s":[177,268,0],"to":[0,0,0],"ti":[0,0,0]},{"i":{"x":0.429,"y":1},"o":{"x":0.64,"y":0.021},"t":75,"s":[177,273,0],"to":[0,0,0],"ti":[0,0,0]},{"t":85,"s":[177,268,0]}],"ix":2},"a":{"a":0,"k":[0,0,0],"ix":1},"s":{"a":0,"k":[200,200,100],"ix":6}},"ao":0,"shapes":[{"ty":"gr","it":[{"ind":0,"ty":"sh","ix":1,"ks":{"a":1,"k":[{"i":{"x":0.397,"y":1},"o":{"x":0.648,"y":0},"t":4,"s":[{"i":[[0,0],[0,0]],"o":[[0,0],[0,0]],"v":[[-18.296,-32.856],[-10.543,-25.539]],"c":false}]},{"i":{"x":0.833,"y":1},"o":{"x":0.908,"y":0},"t":19,"s":[{"i":[[0,0],[0,0]],"o":[[0,0],[0,0]],"v":[[-18.643,-77.077],[-10.89,-69.76]],"c":false}]},{"i":{"x":0.319,"y":1},"o":{"x":1,"y":0},"t":24,"s":[{"i":[[0,0],[0,0]],"o":[[0,0],[0,0]],"v":[[9.975,-88.497],[15.619,-86.561]],"c":false}]},{"t":34,"s":[{"i":[[0,0],[0,0]],"o":[[0,0],[0,0]],"v":[[-15.361,-23.316],[-7.608,-15.999]],"c":false}]}],"ix":2},"nm":"Path 1","mn":"ADBE Vector Shape - Group","hd":false},{"ty":"st","c":{"a":0,"k":[0,0,0,1],"ix":3},"o":{"a":0,"k":100,"ix":4},"w":{"a":0,"k":1,"ix":5},"lc":2,"lj":2,"bm":0,"nm":"Stroke 1","mn":"ADBE Vector Graphic - Stroke","hd":false},{"ty":"tr","p":{"a":0,"k":[0,0],"ix":2},"a":{"a":0,"k":[0,0],"ix":1},"s":{"a":0,"k":[100,100],"ix":3},"r":{"a":0,"k":0,"ix":6},"o":{"a":0,"k":100,"ix":7},"sk":{"a":0,"k":0,"ix":4},"sa":{"a":0,"k":0,"ix":5},"nm":"Transform"}],"nm":"Group 1","np":2,"cix":2,"bm":0,"ix":1,"mn":"ADBE Vector Group","hd":false},{"ty":"gr","it":[{"ind":0,"ty":"sh","ix":1,"ks":{"a":1,"k":[{"i":{"x":0.397,"y":1},"o":{"x":0.648,"y":0},"t":4,"s":[{"i":[[0,0],[0,0]],"o":[[0,0],[0,0]],"v":[[-21.548,-29.439],[-14.304,-21.638]],"c":false}]},{"i":{"x":0.833,"y":1},"o":{"x":0.908,"y":0},"t":19,"s":[{"i":[[0,0],[0,0]],"o":[[0,0],[0,0]],"v":[[-21.895,-73.661],[-14.651,-65.859]],"c":false}]},{"i":{"x":0.319,"y":1},"o":{"x":1,"y":0},"t":24,"s":[{"i":[[0,0],[0,0]],"o":[[0,0],[0,0]],"v":[[6.722,-85.08],[10.202,-81.044]],"c":false}]},{"t":34,"s":[{"i":[[0,0],[0,0]],"o":[[0,0],[0,0]],"v":[[-18.614,-19.9],[-11.37,-12.099]],"c":false}]}],"ix":2},"nm":"Path 1","mn":"ADBE Vector Shape - Group","hd":false},{"ty":"st","c":{"a":0,"k":[0,0,0,1],"ix":3},"o":{"a":0,"k":100,"ix":4},"w":{"a":0,"k":1,"ix":5},"lc":2,"lj":2,"bm":0,"nm":"Stroke 1","mn":"ADBE Vector Graphic - Stroke","hd":false},{"ty":"tr","p":{"a":0,"k":[0,0],"ix":2},"a":{"a":0,"k":[0,0],"ix":1},"s":{"a":0,"k":[100,100],"ix":3},"r":{"a":0,"k":0,"ix":6},"o":{"a":0,"k":100,"ix":7},"sk":{"a":0,"k":0,"ix":4},"sa":{"a":0,"k":0,"ix":5},"nm":"Transform"}],"nm":"Group 2","np":2,"cix":2,"bm":0,"ix":2,"mn":"ADBE Vector Group","hd":false},{"ty":"gr","it":[{"ind":0,"ty":"sh","ix":1,"ks":{"a":1,"k":[{"i":{"x":0.397,"y":1},"o":{"x":0.648,"y":0},"t":4,"s":[{"i":[[0,0],[0,0]],"o":[[0,0],[0,0]],"v":[[-59.145,-20.384],[-52.197,-27.603]],"c":false}]},{"i":{"x":0.833,"y":1},"o":{"x":0.908,"y":0},"t":19,"s":[{"i":[[0,0],[0,0]],"o":[[0,0],[0,0]],"v":[[-59.491,-64.606],[-52.543,-71.824]],"c":false}]},{"i":{"x":0.319,"y":1},"o":{"x":1,"y":0},"t":24,"s":[{"i":[[0,0],[0,0]],"o":[[0,0],[0,0]],"v":[[-66.252,-71.99],[-59.92,-80.306]],"c":false}]},{"t":34,"s":[{"i":[[0,0],[0,0]],"o":[[0,0],[0,0]],"v":[[-56.21,-10.845],[-49.262,-18.064]],"c":false}]}],"ix":2},"nm":"Path 1","mn":"ADBE Vector Shape - Group","hd":false},{"ty":"st","c":{"a":0,"k":[0,0,0,1],"ix":3},"o":{"a":0,"k":100,"ix":4},"w":{"a":0,"k":1,"ix":5},"lc":2,"lj":2,"bm":0,"nm":"Stroke 1","mn":"ADBE Vector Graphic - Stroke","hd":false},{"ty":"tr","p":{"a":0,"k":[0,0],"ix":2},"a":{"a":0,"k":[0,0],"ix":1},"s":{"a":0,"k":[100,100],"ix":3},"r":{"a":0,"k":0,"ix":6},"o":{"a":0,"k":100,"ix":7},"sk":{"a":0,"k":0,"ix":4},"sa":{"a":0,"k":0,"ix":5},"nm":"Transform"}],"nm":"Group 3","np":2,"cix":2,"bm":0,"ix":3,"mn":"ADBE Vector Group","hd":false},{"ty":"gr","it":[{"ind":0,"ty":"sh","ix":1,"ks":{"a":1,"k":[{"i":{"x":0.397,"y":1},"o":{"x":0.648,"y":0},"t":4,"s":[{"i":[[0,0],[0,0]],"o":[[0,0],[0,0]],"v":[[-62.623,-24.128],[-55.666,-31.078]],"c":false}]},{"i":{"x":0.833,"y":1},"o":{"x":0.908,"y":0},"t":19,"s":[{"i":[[0,0],[0,0]],"o":[[0,0],[0,0]],"v":[[-62.97,-68.349],[-56.013,-75.299]],"c":false}]},{"i":{"x":0.319,"y":1},"o":{"x":1,"y":0},"t":24,"s":[{"i":[[0,0],[0,0]],"o":[[0,0],[0,0]],"v":[[-71.907,-78.292],[-66.306,-84.106]],"c":false}]},{"t":34,"s":[{"i":[[0,0],[0,0]],"o":[[0,0],[0,0]],"v":[[-59.688,-14.588],[-52.732,-21.539]],"c":false}]}],"ix":2},"nm":"Path 1","mn":"ADBE Vector Shape - Group","hd":false},{"ty":"st","c":{"a":0,"k":[0,0,0,1],"ix":3},"o":{"a":0,"k":100,"ix":4},"w":{"a":0,"k":1,"ix":5},"lc":2,"lj":2,"bm":0,"nm":"Stroke 1","mn":"ADBE Vector Graphic - Stroke","hd":false},{"ty":"tr","p":{"a":0,"k":[0,0],"ix":2},"a":{"a":0,"k":[0,0],"ix":1},"s":{"a":0,"k":[100,100],"ix":3},"r":{"a":0,"k":0,"ix":6},"o":{"a":0,"k":100,"ix":7},"sk":{"a":0,"k":0,"ix":4},"sa":{"a":0,"k":0,"ix":5},"nm":"Transform"}],"nm":"Group 4","np":2,"cix":2,"bm":0,"ix":4,"mn":"ADBE Vector Group","hd":false},{"ty":"gr","it":[{"ind":0,"ty":"sh","ix":1,"ks":{"a":1,"k":[{"i":{"x":0.397,"y":1},"o":{"x":0.648,"y":0},"t":4,"s":[{"i":[[0,-10.996],[10.996,0],[0,10.996],[-10.996,0]],"o":[[0,10.996],[-10.996,0],[0,-10.996],[10.996,0]],"v":[[29.245,-92.061],[9.336,-72.152],[-10.574,-92.061],[9.336,-111.97]],"c":true}]},{"i":{"x":0.49,"y":1},"o":{"x":0.689,"y":0},"t":19,"s":[{"i":[[0,-10.996],[10.996,0],[0,10.996],[-10.996,0]],"o":[[0,10.996],[-10.996,0],[0,-10.996],[10.996,0]],"v":[[29.245,-92.061],[9.336,-72.152],[-10.574,-92.061],[9.336,-111.97]],"c":true}]},{"i":{"x":0.833,"y":1},"o":{"x":0.167,"y":0},"t":34,"s":[{"i":[[0,-13.329],[10.996,0],[0,13.329],[-10.996,0]],"o":[[0,13.329],[-10.996,0],[0,-13.329],[10.996,0]],"v":[[29.245,-94.514],[9.07,-66.975],[-10.574,-94.514],[9.783,-122.49]],"c":true}]},{"t":44,"s":[{"i":[[0,-13.329],[10.996,0],[0,13.329],[-10.996,0]],"o":[[0,13.329],[-10.996,0],[0,-13.329],[10.996,0]],"v":[[29.245,-94.514],[9.336,-70.38],[-10.574,-94.514],[9.336,-118.648]],"c":true}]}],"ix":2},"nm":"Path 1","mn":"ADBE Vector Shape - Group","hd":false},{"ty":"fl","c":{"a":0,"k":[0.23137255013,0.298039227724,0.698039233685,1],"ix":4},"o":{"a":0,"k":100,"ix":5},"r":1,"bm":0,"nm":"Fill 1","mn":"ADBE Vector Graphic - Fill","hd":false},{"ty":"tr","p":{"a":0,"k":[-91.59,0],"ix":2},"a":{"a":0,"k":[0,0],"ix":1},"s":{"a":0,"k":[100,100],"ix":3},"r":{"a":0,"k":0,"ix":6},"o":{"a":0,"k":100,"ix":7},"sk":{"a":0,"k":0,"ix":4},"sa":{"a":0,"k":0,"ix":5},"nm":"Transform"}],"nm":"Group 9","np":2,"cix":2,"bm":0,"ix":5,"mn":"ADBE Vector Group","hd":false},{"ty":"gr","it":[{"ind":0,"ty":"sh","ix":1,"ks":{"a":1,"k":[{"i":{"x":0.397,"y":1},"o":{"x":0.648,"y":0},"t":4,"s":[{"i":[[0,-10.996],[10.996,0],[0,10.996],[-10.996,0]],"o":[[0,10.996],[-10.996,0],[0,-10.996],[10.996,0]],"v":[[29.245,-92.061],[9.336,-72.152],[-10.574,-92.061],[9.336,-111.97]],"c":true}]},{"i":{"x":0.49,"y":1},"o":{"x":0.689,"y":0},"t":19,"s":[{"i":[[0,-10.996],[10.996,0],[0,10.996],[-10.996,0]],"o":[[0,10.996],[-10.996,0],[0,-10.996],[10.996,0]],"v":[[29.245,-92.061],[9.336,-72.152],[-10.574,-92.061],[9.336,-111.97]],"c":true}]},{"i":{"x":0.833,"y":1},"o":{"x":0.167,"y":0},"t":34,"s":[{"i":[[0,-13.494],[10.996,0],[0,13.494],[-10.996,0]],"o":[[0,13.494],[-10.996,0],[0,-13.494],[10.996,0]],"v":[[29.245,-93.589],[10.072,-65.395],[-10.574,-93.589],[8.599,-121.782]],"c":true}]},{"t":44,"s":[{"i":[[0,-13.494],[10.996,0],[0,13.494],[-10.996,0]],"o":[[0,13.494],[-10.996,0],[0,-13.494],[10.996,0]],"v":[[29.245,-93.589],[9.336,-69.156],[-10.574,-93.589],[9.336,-118.021]],"c":true}]}],"ix":2},"nm":"Path 1","mn":"ADBE Vector Shape - Group","hd":false},{"ty":"fl","c":{"a":0,"k":[0.23137255013,0.298039227724,0.698039233685,1],"ix":4},"o":{"a":0,"k":100,"ix":5},"r":1,"bm":0,"nm":"Fill 1","mn":"ADBE Vector Graphic - Fill","hd":false},{"ty":"tr","p":{"a":0,"k":[0,0],"ix":2},"a":{"a":0,"k":[0,0],"ix":1},"s":{"a":0,"k":[100,100],"ix":3},"r":{"a":0,"k":0,"ix":6},"o":{"a":0,"k":100,"ix":7},"sk":{"a":0,"k":0,"ix":4},"sa":{"a":0,"k":0,"ix":5},"nm":"Transform"}],"nm":"Group 6","np":2,"cix":2,"bm":0,"ix":6,"mn":"ADBE Vector Group","hd":false}],"ip":0,"op":120,"st":0,"bm":0},{"ddd":0,"ind":18,"ty":4,"nm":"1_HEAD","parent":26,"sr":1,"ks":{"o":{"a":0,"k":100,"ix":11},"r":{"a":1,"k":[{"i":{"x":[0.833],"y":[1]},"o":{"x":[0.553],"y":[-0.007]},"t":17,"s":[0]},{"t":32,"s":[-21]}],"ix":10},"p":{"a":1,"k":[{"i":{"x":0.399,"y":0.964},"o":{"x":0.333,"y":0},"t":2,"s":[-15.631,7.044,0],"to":[0,0,0],"ti":[0,0,0]},{"i":{"x":0.667,"y":1},"o":{"x":0.72,"y":0.006},"t":17,"s":[-15.631,11.255,0],"to":[0,0,0],"ti":[0,0,0]},{"t":32,"s":[9.127,-5.325,0]}],"ix":2},"a":{"a":0,"k":[-15.631,7.044,0],"ix":1},"s":{"a":1,"k":[{"i":{"x":[0.566,0.652,0.833],"y":[0.964,1,1]},"o":{"x":[0.333,0.333,0.333],"y":[0,0,0]},"t":2,"s":[100,100,100]},{"i":{"x":[0.667,0.667,0.667],"y":[1,1,1]},"o":{"x":[0.553,0.619,0.167],"y":[-0.017,0,0]},"t":17,"s":[103,97,100]},{"i":{"x":[0.833,0.833,0.833],"y":[1,1,1]},"o":{"x":[0.333,0.333,0.333],"y":[0,0,0]},"t":32,"s":[95,105,100]},{"i":{"x":[0.833,0.833,0.833],"y":[1,1,1]},"o":{"x":[0.167,0.167,0.167],"y":[0,0,0]},"t":42,"s":[102,98,100]},{"i":{"x":[0.833,0.833,0.833],"y":[1,1,1]},"o":{"x":[0.167,0.167,0.167],"y":[0,0,0]},"t":52,"s":[98,102,100]},{"i":{"x":[0.833,0.833,0.833],"y":[1,1,1]},"o":{"x":[0.167,0.167,0.167],"y":[0,0,0]},"t":60,"s":[100,100,100]},{"i":{"x":[0.833,0.833,0.833],"y":[1,1,1]},"o":{"x":[0.167,0.167,0.167],"y":[0,0,0]},"t":65,"s":[100,100,100]},{"i":{"x":[0.833,0.833,0.833],"y":[1,1,1]},"o":{"x":[0.167,0.167,0.167],"y":[0,0,0]},"t":75,"s":[102,98,100]},{"t":85,"s":[100,100,100]}],"ix":6}},"ao":0,"shapes":[{"ty":"gr","it":[{"ind":0,"ty":"sh","ix":1,"ks":{"a":1,"k":[{"i":{"x":0.74,"y":1},"o":{"x":0.313,"y":0},"t":17,"s":[{"i":[[1.045,4.023],[5.775,26.965],[1.397,5.682],[9.45,2.824],[13.832,-0.013],[6.078,-1.816],[4.548,-18.493],[2.542,-11.87],[4.139,-15.943],[0,-7.521],[-44.561,0],[0,36.228]],"o":[[-4.14,-15.943],[-2.542,-11.87],[-4.548,-18.493],[-6.078,-1.816],[-13.832,-0.013],[-9.449,2.824],[-1.397,5.682],[-5.775,26.965],[-1.045,4.023],[0,36.228],[44.561,0],[0,-7.521]],"v":[[63.031,-74.008],[45.354,-126.662],[39.44,-159.03],[16.783,-183.736],[-15.631,-186.726],[-48.045,-183.736],[-70.702,-159.03],[-76.617,-126.662],[-94.294,-74.008],[-96.316,-58.552],[-15.631,7.044],[65.054,-58.552]],"c":true}]},{"i":{"x":0.506,"y":1},"o":{"x":0.468,"y":0},"t":32,"s":[{"i":[[1.045,4.023],[5.775,26.965],[1.397,5.682],[9.45,2.824],[13.832,-0.013],[6.078,-1.816],[4.548,-18.493],[2.542,-11.87],[4.139,-15.943],[0,-7.521],[-44.561,0],[0,36.228]],"o":[[-4.14,-15.943],[-2.542,-11.87],[-4.548,-18.493],[-6.078,-1.816],[-13.832,-0.013],[-9.449,2.824],[-1.397,5.682],[-5.775,26.965],[-1.045,4.023],[0,36.228],[44.561,0],[0,-7.521]],"v":[[63.031,-74.008],[45.354,-126.662],[39.44,-159.03],[16.783,-183.736],[-15.631,-186.726],[-48.045,-183.736],[-70.702,-159.03],[-76.617,-126.662],[-94.294,-74.008],[-96.316,-58.552],[-15.631,7.044],[65.054,-58.552]],"c":true}]},{"i":{"x":0.531,"y":1},"o":{"x":0.416,"y":0},"t":42,"s":[{"i":[[1.045,4.023],[5.775,26.965],[1.397,5.682],[9.45,2.824],[13.832,-0.013],[6.078,-1.816],[4.548,-18.493],[2.542,-11.87],[4.139,-15.943],[0,-7.521],[-44.561,0],[0,36.228]],"o":[[-4.14,-15.943],[-2.542,-11.87],[-4.548,-18.493],[-6.078,-1.816],[-13.832,-0.013],[-9.449,2.824],[-1.397,5.682],[-5.775,26.965],[-1.045,4.023],[0,36.228],[44.561,0],[0,-7.521]],"v":[[63.031,-74.008],[45.354,-126.662],[39.44,-159.03],[16.783,-183.736],[-15.631,-186.726],[-48.045,-183.736],[-70.702,-159.03],[-76.617,-126.662],[-94.294,-74.008],[-96.316,-58.552],[-12.479,11.31],[65.054,-58.552]],"c":true}]},{"t":52,"s":[{"i":[[1.045,4.023],[5.775,26.965],[1.397,5.682],[9.45,2.824],[13.832,-0.013],[6.078,-1.816],[4.548,-18.493],[2.542,-11.87],[4.139,-15.943],[0,-7.521],[-44.561,0],[0,36.228]],"o":[[-4.14,-15.943],[-2.542,-11.87],[-4.548,-18.493],[-6.078,-1.816],[-13.832,-0.013],[-9.449,2.824],[-1.397,5.682],[-5.775,26.965],[-1.045,4.023],[0,36.228],[44.561,0],[0,-7.521]],"v":[[63.031,-74.008],[45.354,-126.662],[39.44,-159.03],[16.783,-183.736],[-15.631,-186.726],[-48.045,-183.736],[-70.702,-159.03],[-76.617,-126.662],[-94.294,-74.008],[-96.316,-58.552],[-15.631,7.044],[65.054,-58.552]],"c":true}]}],"ix":2},"nm":"Path 1","mn":"ADBE Vector Shape - Group","hd":false},{"ty":"st","c":{"a":0,"k":[0,0,0,1],"ix":3},"o":{"a":0,"k":100,"ix":4},"w":{"a":0,"k":3.05,"ix":5},"lc":2,"lj":2,"bm":0,"nm":"Stroke 1","mn":"ADBE Vector Graphic - Stroke","hd":false},{"ty":"tr","p":{"a":0,"k":[0,0],"ix":2},"a":{"a":0,"k":[0,0],"ix":1},"s":{"a":0,"k":[100,100],"ix":3},"r":{"a":0,"k":0,"ix":6},"o":{"a":0,"k":100,"ix":7},"sk":{"a":0,"k":0,"ix":4},"sa":{"a":0,"k":0,"ix":5},"nm":"Transform"}],"nm":"Group 5","np":2,"cix":2,"bm":0,"ix":1,"mn":"ADBE Vector Group","hd":false},{"ty":"gr","it":[{"ind":0,"ty":"sh","ix":1,"ks":{"a":1,"k":[{"i":{"x":0.74,"y":1},"o":{"x":0.72,"y":0.72},"t":17,"s":[{"i":[[1.002,2.726],[41.23,9.295],[-17.533,0],[0,36.228],[1.045,4.023]],"o":[[-9.811,67.507],[13.234,7.722],[44.561,0],[0,-7.521],[-0.782,-3.01]],"v":[[60.336,-82.534],[-62.623,-5.226],[-15.631,7.044],[65.054,-58.552],[63.031,-74.008]],"c":true}]},{"i":{"x":0.506,"y":1},"o":{"x":0.468,"y":0},"t":32,"s":[{"i":[[1.002,2.726],[34.038,64.327],[-17.533,0],[0,36.228],[1.045,4.023]],"o":[[-28.714,70.848],[2.611,61.066],[44.561,0],[0,-7.521],[-0.782,-3.01]],"v":[[64.542,-64.295],[-96.922,-63.127],[-15.631,7.044],[65.054,-58.552],[63.031,-74.008]],"c":true}]},{"i":{"x":0.531,"y":1},"o":{"x":0.416,"y":0},"t":42,"s":[{"i":[[1.002,2.726],[34.038,64.327],[-17.533,0],[0,36.228],[1.045,4.023]],"o":[[-28.714,70.848],[2.611,61.066],[44.561,0],[0,-7.521],[-0.782,-3.01]],"v":[[64.542,-64.295],[-96.922,-63.127],[-12.479,11.31],[65.054,-58.552],[63.031,-74.008]],"c":true}]},{"t":52,"s":[{"i":[[1.002,2.726],[34.038,64.327],[-17.533,0],[0,36.228],[1.045,4.023]],"o":[[-28.714,70.848],[2.611,61.066],[44.561,0],[0,-7.521],[-0.782,-3.01]],"v":[[64.542,-64.295],[-96.922,-63.127],[-15.631,7.044],[65.054,-58.552],[63.031,-74.008]],"c":true}]}],"ix":2},"nm":"Path 1","mn":"ADBE Vector Shape - Group","hd":false},{"ty":"fl","c":{"a":0,"k":[0.286274522543,0.396078437567,0.768627464771,1],"ix":4},"o":{"a":0,"k":100,"ix":5},"r":1,"bm":0,"nm":"Fill 1","mn":"ADBE Vector Graphic - Fill","hd":false},{"ty":"tr","p":{"a":0,"k":[0,0],"ix":2},"a":{"a":0,"k":[0,0],"ix":1},"s":{"a":0,"k":[100,100],"ix":3},"r":{"a":0,"k":0,"ix":6},"o":{"a":0,"k":100,"ix":7},"sk":{"a":0,"k":0,"ix":4},"sa":{"a":0,"k":0,"ix":5},"nm":"Transform"}],"nm":"Group 7","np":2,"cix":2,"bm":0,"ix":3,"mn":"ADBE Vector Group","hd":false},{"ty":"gr","it":[{"ind":0,"ty":"sh","ix":1,"ks":{"a":1,"k":[{"i":{"x":0.74,"y":1},"o":{"x":0.72,"y":0.72},"t":17,"s":[{"i":[[2.106,9.832],[1.397,5.682],[9.45,2.824],[13.832,-0.013],[6.078,-1.816],[4.548,-18.493],[1.941,-10.363],[-3.071,13.034],[-0.626,6.12],[-55.199,27.669],[-0.278,-5.701],[-9.038,-9.316],[-8.764,-7.558]],"o":[[-2.542,-11.87],[-4.547,-18.493],[-6.078,-1.816],[-13.832,-0.013],[-9.45,2.824],[-1.156,4.7],[4.076,-2.58],[2.095,-8.893],[0,0],[0,0],[0.278,5.701],[5.35,5.515],[-2.362,-6.389]],"v":[[45.354,-126.662],[39.44,-159.03],[16.783,-183.736],[-15.631,-186.726],[-48.045,-183.736],[-70.702,-159.03],[-75.351,-133.017],[-62.623,-154.444],[-58.751,-177.231],[16.097,-182.4],[18.043,-149.725],[26.247,-126.366],[52.192,-102.905]],"c":true}]},{"i":{"x":0.682,"y":1},"o":{"x":0.317,"y":0},"t":32,"s":[{"i":[[2.106,9.832],[1.397,5.682],[9.45,2.824],[13.832,-0.013],[6.078,-1.816],[4.548,-18.493],[1.941,-10.363],[-3.071,13.034],[-0.626,6.12],[-30.047,25.822],[-0.278,-5.701],[-3.911,-6.919],[-11.151,-8.188]],"o":[[-2.542,-11.87],[-4.547,-18.493],[-6.078,-1.816],[-13.832,-0.013],[-9.45,2.824],[-1.156,4.7],[4.076,-2.58],[2.095,-8.893],[0,0],[0,0],[0.278,5.701],[3.733,6.604],[-1.222,-7.17]],"v":[[45.354,-126.662],[39.44,-159.03],[16.783,-183.736],[-15.631,-186.726],[-48.045,-183.736],[-70.702,-159.03],[-75.351,-133.017],[-54.72,-153.394],[-50.849,-176.181],[20.587,-180.059],[19.971,-164.041],[25.891,-143.491],[45.356,-126.576]],"c":true}]},{"t":52,"s":[{"i":[[2.106,9.832],[1.397,5.682],[9.45,2.824],[13.832,-0.013],[6.078,-1.816],[4.548,-18.493],[1.941,-10.363],[-3.071,13.034],[-0.626,6.12],[-30.047,25.822],[-0.278,-5.701],[-3.911,-6.919],[-11.151,-8.188]],"o":[[-2.542,-11.87],[-4.547,-18.493],[-6.078,-1.816],[-13.832,-0.013],[-9.45,2.824],[-1.156,4.7],[4.076,-2.58],[2.095,-8.893],[0,0],[0,0],[0.278,5.701],[3.733,6.604],[-1.222,-7.17]],"v":[[45.354,-126.662],[39.44,-159.03],[16.783,-183.736],[-15.631,-186.726],[-48.045,-183.736],[-70.702,-159.03],[-75.351,-133.017],[-54.72,-153.394],[-50.849,-176.181],[20.587,-180.059],[19.971,-164.041],[25.891,-143.491],[45.356,-126.576]],"c":true}]}],"ix":2},"nm":"Path 1","mn":"ADBE Vector Shape - Group","hd":false},{"ty":"fl","c":{"a":0,"k":[0,0,0,1],"ix":4},"o":{"a":0,"k":100,"ix":5},"r":1,"bm":0,"nm":"Fill 1","mn":"ADBE Vector Graphic - Fill","hd":false},{"ty":"tr","p":{"a":0,"k":[0,0],"ix":2},"a":{"a":0,"k":[0,0],"ix":1},"s":{"a":0,"k":[100,100],"ix":3},"r":{"a":0,"k":0,"ix":6},"o":{"a":0,"k":100,"ix":7},"sk":{"a":0,"k":0,"ix":4},"sa":{"a":0,"k":0,"ix":5},"nm":"Transform"}],"nm":"Group 9","np":2,"cix":2,"bm":0,"ix":5,"mn":"ADBE Vector Group","hd":false},{"ty":"gr","it":[{"ind":0,"ty":"sh","ix":1,"ks":{"a":1,"k":[{"i":{"x":0.74,"y":1},"o":{"x":0.313,"y":0},"t":17,"s":[{"i":[[1.045,4.023],[5.775,26.965],[1.397,5.682],[9.45,2.824],[13.832,-0.013],[6.078,-1.816],[4.548,-18.493],[2.542,-11.87],[4.139,-15.943],[0,-7.521],[-44.561,0],[0,36.228]],"o":[[-4.14,-15.943],[-2.542,-11.87],[-4.548,-18.493],[-6.078,-1.816],[-13.832,-0.013],[-9.449,2.824],[-1.397,5.682],[-5.775,26.965],[-1.045,4.023],[0,36.228],[44.561,0],[0,-7.521]],"v":[[63.031,-74.008],[45.354,-126.662],[39.44,-159.03],[16.783,-183.736],[-15.631,-186.726],[-48.045,-183.736],[-70.702,-159.03],[-76.617,-126.662],[-94.294,-74.008],[-96.316,-58.552],[-15.631,7.044],[65.054,-58.552]],"c":true}]},{"i":{"x":0.506,"y":1},"o":{"x":0.468,"y":0},"t":32,"s":[{"i":[[1.045,4.023],[5.775,26.965],[1.397,5.682],[9.45,2.824],[13.832,-0.013],[6.078,-1.816],[4.548,-18.493],[2.542,-11.87],[4.139,-15.943],[0,-7.521],[-44.561,0],[0,36.228]],"o":[[-4.14,-15.943],[-2.542,-11.87],[-4.548,-18.493],[-6.078,-1.816],[-13.832,-0.013],[-9.449,2.824],[-1.397,5.682],[-5.775,26.965],[-1.045,4.023],[0,36.228],[44.561,0],[0,-7.521]],"v":[[63.031,-74.008],[45.354,-126.662],[39.44,-159.03],[16.783,-183.736],[-15.631,-186.726],[-48.045,-183.736],[-70.702,-159.03],[-76.617,-126.662],[-94.294,-74.008],[-96.316,-58.552],[-15.631,7.044],[65.054,-58.552]],"c":true}]},{"i":{"x":0.531,"y":1},"o":{"x":0.416,"y":0},"t":42,"s":[{"i":[[1.045,4.023],[5.775,26.965],[1.397,5.682],[9.45,2.824],[13.832,-0.013],[6.078,-1.816],[4.548,-18.493],[2.542,-11.87],[4.139,-15.943],[0,-7.521],[-44.561,0],[0,36.228]],"o":[[-4.14,-15.943],[-2.542,-11.87],[-4.548,-18.493],[-6.078,-1.816],[-13.832,-0.013],[-9.449,2.824],[-1.397,5.682],[-5.775,26.965],[-1.045,4.023],[0,36.228],[44.561,0],[0,-7.521]],"v":[[63.031,-74.008],[45.354,-126.662],[39.44,-159.03],[16.783,-183.736],[-15.631,-186.726],[-48.045,-183.736],[-70.702,-159.03],[-76.617,-126.662],[-94.294,-74.008],[-96.316,-58.552],[-12.479,11.31],[65.054,-58.552]],"c":true}]},{"t":52,"s":[{"i":[[1.045,4.023],[5.775,26.965],[1.397,5.682],[9.45,2.824],[13.832,-0.013],[6.078,-1.816],[4.548,-18.493],[2.542,-11.87],[4.139,-15.943],[0,-7.521],[-44.561,0],[0,36.228]],"o":[[-4.14,-15.943],[-2.542,-11.87],[-4.548,-18.493],[-6.078,-1.816],[-13.832,-0.013],[-9.449,2.824],[-1.397,5.682],[-5.775,26.965],[-1.045,4.023],[0,36.228],[44.561,0],[0,-7.521]],"v":[[63.031,-74.008],[45.354,-126.662],[39.44,-159.03],[16.783,-183.736],[-15.631,-186.726],[-48.045,-183.736],[-70.702,-159.03],[-76.617,-126.662],[-94.294,-74.008],[-96.316,-58.552],[-15.631,7.044],[65.054,-58.552]],"c":true}]}],"ix":2},"nm":"Path 1","mn":"ADBE Vector Shape - Group","hd":false},{"ty":"fl","c":{"a":0,"k":[0.349019616842,0.501960813999,0.847058832645,1],"ix":4},"o":{"a":0,"k":100,"ix":5},"r":1,"bm":0,"nm":"Fill 1","mn":"ADBE Vector Graphic - Fill","hd":false},{"ty":"tr","p":{"a":0,"k":[0,0],"ix":2},"a":{"a":0,"k":[0,0],"ix":1},"s":{"a":0,"k":[100,100],"ix":3},"r":{"a":0,"k":0,"ix":6},"o":{"a":0,"k":100,"ix":7},"sk":{"a":0,"k":0,"ix":4},"sa":{"a":0,"k":0,"ix":5},"nm":"Transform"}],"nm":"Group 10","np":2,"cix":2,"bm":0,"ix":6,"mn":"ADBE Vector Group","hd":false}],"ip":0,"op":120,"st":0,"bm":0},{"ddd":0,"ind":19,"ty":4,"nm":"2_L_Ear","parent":15,"sr":1,"ks":{"o":{"a":0,"k":100,"ix":11},"r":{"a":0,"k":21,"ix":10},"p":{"a":0,"k":[-18.009,6.226,0],"ix":2},"a":{"a":0,"k":[0,0,0],"ix":1},"s":{"a":0,"k":[100,100,100],"ix":6}},"ao":0,"shapes":[{"ty":"gr","it":[{"ind":0,"ty":"sh","ix":1,"ks":{"a":0,"k":{"i":[[0,0],[0,0]],"o":[[0,0],[0,0]],"v":[[13.678,-106.729],[41.607,-169.688]],"c":false},"ix":2},"nm":"Path 1","mn":"ADBE Vector Shape - Group","hd":false},{"ty":"st","c":{"a":0,"k":[0,0,0,1],"ix":3},"o":{"a":0,"k":100,"ix":4},"w":{"a":0,"k":1,"ix":5},"lc":2,"lj":2,"bm":0,"nm":"Stroke 1","mn":"ADBE Vector Graphic - Stroke","hd":false},{"ty":"tr","p":{"a":0,"k":[0,0],"ix":2},"a":{"a":0,"k":[0,0],"ix":1},"s":{"a":0,"k":[100,100],"ix":3},"r":{"a":0,"k":0,"ix":6},"o":{"a":0,"k":100,"ix":7},"sk":{"a":0,"k":0,"ix":4},"sa":{"a":0,"k":0,"ix":5},"nm":"Transform"}],"nm":"Group 1","np":2,"cix":2,"bm":0,"ix":1,"mn":"ADBE Vector Group","hd":false},{"ty":"gr","it":[{"ind":0,"ty":"sh","ix":1,"ks":{"a":0,"k":{"i":[[-2.222,6.231],[3.582,16.845],[2.398,-1.379],[5.537,-10.214],[-0.626,-7.314],[-5.634,-2.514],[-5.41,4.079]],"o":[[3.903,-10.943],[-0.575,-2.706],[-14.93,8.585],[-3.153,5.815],[0.577,6.751],[5.634,2.514],[5.861,-4.419]],"v":[[43.295,-129.524],[47.908,-175.966],[42.347,-178.447],[10.863,-143.996],[4.238,-121.862],[13.678,-106.729],[31.246,-109.811]],"c":true},"ix":2},"nm":"Path 1","mn":"ADBE Vector Shape - Group","hd":false},{"ty":"st","c":{"a":0,"k":[0,0,0,1],"ix":3},"o":{"a":0,"k":100,"ix":4},"w":{"a":0,"k":3,"ix":5},"lc":2,"lj":2,"bm":0,"nm":"Stroke 1","mn":"ADBE Vector Graphic - Stroke","hd":false},{"ty":"fl","c":{"a":0,"k":[0.301960796118,0.423529416323,0.764705896378,1],"ix":4},"o":{"a":0,"k":100,"ix":5},"r":1,"bm":0,"nm":"Fill 1","mn":"ADBE Vector Graphic - Fill","hd":false},{"ty":"tr","p":{"a":0,"k":[0,0],"ix":2},"a":{"a":0,"k":[0,0],"ix":1},"s":{"a":0,"k":[100,100],"ix":3},"r":{"a":0,"k":0,"ix":6},"o":{"a":0,"k":100,"ix":7},"sk":{"a":0,"k":0,"ix":4},"sa":{"a":0,"k":0,"ix":5},"nm":"Transform"}],"nm":"Group 2","np":3,"cix":2,"bm":0,"ix":2,"mn":"ADBE Vector Group","hd":false}],"ip":0,"op":120,"st":0,"bm":0},{"ddd":0,"ind":20,"ty":4,"nm":"1_Hair","parent":18,"sr":1,"ks":{"o":{"a":0,"k":100,"ix":11},"r":{"a":1,"k":[{"i":{"x":[0.578],"y":[1.227]},"o":{"x":[0.912],"y":[0.011]},"t":23,"s":[0]},{"i":{"x":[0.835],"y":[1]},"o":{"x":[0.411],"y":[0.104]},"t":30.801,"s":[10.4]},{"i":{"x":[0.833],"y":[1]},"o":{"x":[0.167],"y":[0]},"t":38,"s":[-10]},{"i":{"x":[0.833],"y":[1]},"o":{"x":[0.167],"y":[0]},"t":48,"s":[10]},{"t":58,"s":[0]}],"ix":10},"p":{"a":1,"k":[{"i":{"x":0.399,"y":0.981},"o":{"x":0.333,"y":0},"t":8,"s":[11.415,-170.848,0],"to":[0,0,0],"ti":[0,0,0]},{"i":{"x":0.667,"y":1},"o":{"x":0.72,"y":0.007},"t":23,"s":[11.415,-178.848,0],"to":[0,0,0],"ti":[0,0,0]},{"i":{"x":0.667,"y":1},"o":{"x":0.333,"y":0},"t":38,"s":[-13.585,-170.848,0],"to":[0,0,0],"ti":[0,0,0]},{"i":{"x":0.667,"y":1},"o":{"x":0.167,"y":0},"t":48,"s":[-13.585,-180.848,0],"to":[0,0,0],"ti":[0,0,0]},{"t":58,"s":[-13.585,-176.848,0]}],"ix":2},"a":{"a":0,"k":[11.415,-170.848,0],"ix":1},"s":{"a":0,"k":[100,100,100],"ix":6}},"ao":0,"shapes":[{"ty":"gr","it":[{"ind":0,"ty":"sh","ix":1,"ks":{"a":0,"k":{"i":[[0,-16.918],[16.918,0],[0,16.918],[-16.918,0]],"o":[[0,16.918],[-16.918,0],[0,-16.918],[16.918,0]],"v":[[42.047,-219.911],[11.415,-189.279],[-19.218,-219.911],[11.415,-250.544]],"c":true},"ix":2},"nm":"Path 1","mn":"ADBE Vector Shape - Group","hd":false},{"ty":"fl","c":{"a":0,"k":[0,0,0,1],"ix":4},"o":{"a":0,"k":100,"ix":5},"r":1,"bm":0,"nm":"Fill 1","mn":"ADBE Vector Graphic - Fill","hd":false},{"ty":"tr","p":{"a":0,"k":[0,0],"ix":2},"a":{"a":0,"k":[0,0],"ix":1},"s":{"a":0,"k":[100,100],"ix":3},"r":{"a":0,"k":0,"ix":6},"o":{"a":0,"k":100,"ix":7},"sk":{"a":0,"k":0,"ix":4},"sa":{"a":0,"k":0,"ix":5},"nm":"Transform"}],"nm":"Group 1","np":2,"cix":2,"bm":0,"ix":1,"mn":"ADBE Vector Group","hd":false},{"ty":"gr","it":[{"ind":0,"ty":"sh","ix":1,"ks":{"a":0,"k":{"i":[[0,0],[0,0],[0,0],[0,0]],"o":[[0,0],[0,0],[0,0],[0,0]],"v":[[20.147,-170.848],[3.102,-170.848],[3.102,-191.805],[20.147,-191.805]],"c":true},"ix":2},"nm":"Path 1","mn":"ADBE Vector Shape - Group","hd":false},{"ty":"st","c":{"a":0,"k":[0,0,0,1],"ix":3},"o":{"a":0,"k":100,"ix":4},"w":{"a":0,"k":1.525,"ix":5},"lc":2,"lj":2,"bm":0,"nm":"Stroke 1","mn":"ADBE Vector Graphic - Stroke","hd":false},{"ty":"fl","c":{"a":0,"k":[0.768627464771,0.278431385756,0.466666668653,1],"ix":4},"o":{"a":0,"k":100,"ix":5},"r":1,"bm":0,"nm":"Fill 1","mn":"ADBE Vector Graphic - Fill","hd":false},{"ty":"tr","p":{"a":0,"k":[0,0],"ix":2},"a":{"a":0,"k":[0,0],"ix":1},"s":{"a":0,"k":[100,100],"ix":3},"r":{"a":0,"k":0,"ix":6},"o":{"a":0,"k":100,"ix":7},"sk":{"a":0,"k":0,"ix":4},"sa":{"a":0,"k":0,"ix":5},"nm":"Transform"}],"nm":"Group 2","np":3,"cix":2,"bm":0,"ix":2,"mn":"ADBE Vector Group","hd":false}],"ip":0,"op":120,"st":0,"bm":0},{"ddd":0,"ind":22,"ty":4,"nm":"1_R_Ear","parent":18,"sr":1,"ks":{"o":{"a":0,"k":100,"ix":11},"r":{"a":0,"k":0,"ix":10},"p":{"a":1,"k":[{"i":{"x":0.399,"y":0.908},"o":{"x":0.333,"y":0},"t":6,"s":[-38.282,-83.667,0],"to":[0,0,0],"ti":[0,0,0]},{"i":{"x":0.667,"y":1},"o":{"x":0.72,"y":0.013},"t":21,"s":[-38.282,-85.295,0],"to":[0,0,0],"ti":[0,0,0]},{"i":{"x":0.667,"y":1},"o":{"x":0.333,"y":0},"t":36,"s":[-52.282,-85.295,0],"to":[0,0,0],"ti":[0,0,0]},{"t":46,"s":[-52.282,-81.295,0]}],"ix":2},"a":{"a":0,"k":[-38.282,-83.667,0],"ix":1},"s":{"a":0,"k":[100,100,100],"ix":6}},"ao":0,"shapes":[{"ty":"gr","it":[{"ind":0,"ty":"sh","ix":1,"ks":{"a":0,"k":{"i":[[2.012,1.667],[0,0],[-1.667,2.012],[0,0],[-2.012,-1.667],[0,0],[1.667,-2.012],[0,0]],"o":[[0,0],[-2.012,-1.667],[0,0],[1.667,-2.012],[0,0],[2.012,1.667],[0,0],[-1.667,2.012]],"v":[[-90.006,-92.885],[-90.006,-92.886],[-90.633,-99.574],[-82.431,-109.471],[-75.743,-110.098],[-75.743,-110.098],[-75.116,-103.409],[-83.317,-93.512]],"c":true},"ix":2},"nm":"Path 1","mn":"ADBE Vector Shape - Group","hd":false},{"ty":"st","c":{"a":0,"k":[0,0,0,1],"ix":3},"o":{"a":0,"k":100,"ix":4},"w":{"a":0,"k":1.017,"ix":5},"lc":2,"lj":2,"bm":0,"nm":"Stroke 1","mn":"ADBE Vector Graphic - Stroke","hd":false},{"ty":"fl","c":{"a":0,"k":[1,0.86274510622,0.290196090937,1],"ix":4},"o":{"a":0,"k":100,"ix":5},"r":1,"bm":0,"nm":"Fill 1","mn":"ADBE Vector Graphic - Fill","hd":false},{"ty":"tr","p":{"a":0,"k":[0,0],"ix":2},"a":{"a":0,"k":[0,0],"ix":1},"s":{"a":0,"k":[100,100],"ix":3},"r":{"a":0,"k":0,"ix":6},"o":{"a":0,"k":100,"ix":7},"sk":{"a":0,"k":0,"ix":4},"sa":{"a":0,"k":0,"ix":5},"nm":"Transform"}],"nm":"Group 1","np":3,"cix":2,"bm":0,"ix":1,"mn":"ADBE Vector Group","hd":false},{"ty":"gr","it":[{"ty":"gr","it":[{"ind":0,"ty":"sh","ix":1,"ks":{"a":0,"k":{"i":[[0,0],[0,0]],"o":[[0,0],[0,0]],"v":[[-42.831,-87.917],[-91.588,-138.19]],"c":false},"ix":2},"nm":"Path 1","mn":"ADBE Vector Shape - Group","hd":false},{"ty":"st","c":{"a":0,"k":[0,0,0,1],"ix":3},"o":{"a":0,"k":100,"ix":4},"w":{"a":0,"k":1.017,"ix":5},"lc":2,"lj":2,"bm":0,"nm":"Stroke 1","mn":"ADBE Vector Graphic - Stroke","hd":false},{"ty":"tr","p":{"a":0,"k":[0,0],"ix":2},"a":{"a":0,"k":[0,0],"ix":1},"s":{"a":0,"k":[100,100],"ix":3},"r":{"a":0,"k":0,"ix":6},"o":{"a":0,"k":100,"ix":7},"sk":{"a":0,"k":0,"ix":4},"sa":{"a":0,"k":0,"ix":5},"nm":"Transform"}],"nm":"Group 1","np":2,"cix":2,"bm":0,"ix":1,"mn":"ADBE Vector Group","hd":false},{"ty":"gr","it":[{"ind":0,"ty":"sh","ix":1,"ks":{"a":0,"k":{"i":[[4.309,5.165],[2.496,17.332],[-2.773,-0.474],[-8.871,-7.803],[-1.971,-7.199],[4.494,-4.378],[6.595,1.993]],"o":[[-7.567,-9.072],[-0.401,-2.785],[17.261,2.95],[5.051,4.442],[1.819,6.645],[-4.494,4.378],[-7.145,-2.159]],"v":[[-79.097,-99.271],[-99.805,-141.968],[-95.37,-146.289],[-53.23,-124.468],[-39.136,-105.673],[-42.831,-87.917],[-60.677,-84.689]],"c":true},"ix":2},"nm":"Path 1","mn":"ADBE Vector Shape - Group","hd":false},{"ty":"st","c":{"a":0,"k":[0,0,0,1],"ix":3},"o":{"a":0,"k":100,"ix":4},"w":{"a":0,"k":3.05,"ix":5},"lc":2,"lj":2,"bm":0,"nm":"Stroke 1","mn":"ADBE Vector Graphic - Stroke","hd":false},{"ty":"fl","c":{"a":0,"k":[0.301960796118,0.423529416323,0.764705896378,1],"ix":4},"o":{"a":0,"k":100,"ix":5},"r":1,"bm":0,"nm":"Fill 1","mn":"ADBE Vector Graphic - Fill","hd":false},{"ty":"tr","p":{"a":0,"k":[0,0],"ix":2},"a":{"a":0,"k":[0,0],"ix":1},"s":{"a":0,"k":[100,100],"ix":3},"r":{"a":0,"k":0,"ix":6},"o":{"a":0,"k":100,"ix":7},"sk":{"a":0,"k":0,"ix":4},"sa":{"a":0,"k":0,"ix":5},"nm":"Transform"}],"nm":"Group 2","np":3,"cix":2,"bm":0,"ix":2,"mn":"ADBE Vector Group","hd":false},{"ty":"tr","p":{"a":0,"k":[0,0],"ix":2},"a":{"a":0,"k":[0,0],"ix":1},"s":{"a":0,"k":[100,100],"ix":3},"r":{"a":0,"k":0,"ix":6},"o":{"a":0,"k":100,"ix":7},"sk":{"a":0,"k":0,"ix":4},"sa":{"a":0,"k":0,"ix":5},"nm":"Transform"}],"nm":"Group 2","np":2,"cix":2,"bm":0,"ix":2,"mn":"ADBE Vector Group","hd":false}],"ip":0,"op":120,"st":0,"bm":0},{"ddd":0,"ind":23,"ty":4,"nm":"1_Bandana","parent":26,"sr":1,"ks":{"o":{"a":0,"k":100,"ix":11},"r":{"a":0,"k":0,"ix":10},"p":{"a":0,"k":[0,0,0],"ix":2},"a":{"a":0,"k":[0,0,0],"ix":1},"s":{"a":0,"k":[100,100,100],"ix":6}},"ao":0,"shapes":[{"ty":"gr","it":[{"ind":0,"ty":"sh","ix":1,"ks":{"a":0,"k":{"i":[[0,0],[-56.797,92.959]],"o":[[0,0],[0,0]],"v":[[-86.074,26.002],[51.953,-27.603]],"c":false},"ix":2},"nm":"Path 1","mn":"ADBE Vector Shape - Group","hd":false},{"ty":"st","c":{"a":0,"k":[0,0,0,1],"ix":3},"o":{"a":0,"k":100,"ix":4},"w":{"a":0,"k":1,"ix":5},"lc":2,"lj":2,"bm":0,"nm":"Stroke 1","mn":"ADBE Vector Graphic - Stroke","hd":false},{"ty":"tr","p":{"a":0,"k":[0,0],"ix":2},"a":{"a":0,"k":[0,0],"ix":1},"s":{"a":0,"k":[100,100],"ix":3},"r":{"a":0,"k":0,"ix":6},"o":{"a":0,"k":100,"ix":7},"sk":{"a":0,"k":0,"ix":4},"sa":{"a":0,"k":0,"ix":5},"nm":"Transform"}],"nm":"Group 1","np":2,"cix":2,"bm":0,"ix":1,"mn":"ADBE Vector Group","hd":false},{"ty":"gr","it":[{"ind":0,"ty":"sh","ix":1,"ks":{"a":0,"k":{"i":[[0,0],[-55.191,44.959],[0,0]],"o":[[0,0],[55.191,-44.959],[0,0]],"v":[[-93.443,44.288],[9.251,32.56],[52.192,-49.54]],"c":false},"ix":2},"nm":"Path 1","mn":"ADBE Vector Shape - Group","hd":false},{"ty":"st","c":{"a":0,"k":[0,0,0,1],"ix":3},"o":{"a":0,"k":100,"ix":4},"w":{"a":0,"k":1,"ix":5},"lc":2,"lj":2,"bm":0,"nm":"Stroke 1","mn":"ADBE Vector Graphic - Stroke","hd":false},{"ty":"tr","p":{"a":0,"k":[0,0],"ix":2},"a":{"a":0,"k":[0,0],"ix":1},"s":{"a":0,"k":[100,100],"ix":3},"r":{"a":0,"k":0,"ix":6},"o":{"a":0,"k":100,"ix":7},"sk":{"a":0,"k":0,"ix":4},"sa":{"a":0,"k":0,"ix":5},"nm":"Transform"}],"nm":"Group 2","np":2,"cix":2,"bm":0,"ix":2,"mn":"ADBE Vector Group","hd":false},{"ty":"gr","it":[{"ind":0,"ty":"sh","ix":1,"ks":{"a":0,"k":{"i":[[0,0],[0,0]],"o":[[0,0],[0,0]],"v":[[-107.576,-37.745],[-107.576,-27.603]],"c":false},"ix":2},"nm":"Path 1","mn":"ADBE Vector Shape - Group","hd":false},{"ty":"st","c":{"a":0,"k":[0,0,0,1],"ix":3},"o":{"a":0,"k":100,"ix":4},"w":{"a":0,"k":3,"ix":5},"lc":2,"lj":2,"bm":0,"nm":"Stroke 1","mn":"ADBE Vector Graphic - Stroke","hd":false},{"ty":"tr","p":{"a":0,"k":[0,0],"ix":2},"a":{"a":0,"k":[0,0],"ix":1},"s":{"a":0,"k":[100,100],"ix":3},"r":{"a":0,"k":0,"ix":6},"o":{"a":0,"k":100,"ix":7},"sk":{"a":0,"k":0,"ix":4},"sa":{"a":0,"k":0,"ix":5},"nm":"Transform"}],"nm":"Group 3","np":2,"cix":2,"bm":0,"ix":3,"mn":"ADBE Vector Group","hd":false},{"ty":"gr","it":[{"ind":0,"ty":"sh","ix":1,"ks":{"a":0,"k":{"i":[[0,-11.749],[0,0],[-3.276,-32.836],[-56.452,-39.077],[-4.3,1.333],[5.315,133.753],[3.154,10.242],[2.566,2.484],[32.748,-0.415],[0,0]],"o":[[0,0],[0,0],[4.046,40.558],[3.701,2.562],[27.942,-8.661],[-0.563,-14.174],[-1.051,-3.414],[-10.876,-10.527],[0,0],[-10.111,5.985]],"v":[[-107.576,-44.593],[-107.576,-37.745],[-119.304,-0.019],[-48.713,136.755],[-36.041,138.735],[90.579,-44.979],[82.154,-81.168],[76.604,-90.136],[1.216,-127.947],[-91.264,-73.204]],"c":true},"ix":2},"nm":"Path 1","mn":"ADBE Vector Shape - Group","hd":false},{"ty":"st","c":{"a":0,"k":[0,0,0,1],"ix":3},"o":{"a":0,"k":100,"ix":4},"w":{"a":0,"k":3,"ix":5},"lc":2,"lj":2,"bm":0,"nm":"Stroke 1","mn":"ADBE Vector Graphic - Stroke","hd":false},{"ty":"fl","c":{"a":0,"k":[0.878431379795,0.298039227724,0.643137276173,1],"ix":4},"o":{"a":0,"k":100,"ix":5},"r":1,"bm":0,"nm":"Fill 1","mn":"ADBE Vector Graphic - Fill","hd":false},{"ty":"tr","p":{"a":0,"k":[0,0],"ix":2},"a":{"a":0,"k":[0,0],"ix":1},"s":{"a":0,"k":[100,100],"ix":3},"r":{"a":0,"k":0,"ix":6},"o":{"a":0,"k":100,"ix":7},"sk":{"a":0,"k":0,"ix":4},"sa":{"a":0,"k":0,"ix":5},"nm":"Transform"}],"nm":"Group 4","np":3,"cix":2,"bm":0,"ix":4,"mn":"ADBE Vector Group","hd":false},{"ty":"gr","it":[{"ind":0,"ty":"sh","ix":1,"ks":{"a":0,"k":{"i":[[0,-11.749],[0,0],[-3.276,-32.836],[-56.452,-39.077],[-4.3,1.333],[5.315,133.753],[3.154,10.242],[2.566,2.484],[32.748,-0.415],[0,0]],"o":[[0,0],[0,0],[4.046,40.558],[3.701,2.562],[27.942,-8.661],[-0.563,-14.174],[-1.051,-3.414],[-10.876,-10.527],[0,0],[-10.111,5.985]],"v":[[-110.576,-24.592],[-110.576,-17.744],[-122.304,19.982],[-51.713,156.756],[-39.042,158.736],[87.579,-24.977],[79.154,-61.167],[73.604,-70.135],[-1.785,-107.945],[-94.264,-53.203]],"c":true},"ix":2},"nm":"Path 1","mn":"ADBE Vector Shape - Group","hd":false},{"ty":"fl","c":{"a":0,"k":[0.647058844566,0.635294139385,0.517647087574,1],"ix":4},"o":{"a":0,"k":100,"ix":5},"r":1,"bm":0,"nm":"Fill 1","mn":"ADBE Vector Graphic - Fill","hd":false},{"ty":"tr","p":{"a":0,"k":[0,0],"ix":2},"a":{"a":0,"k":[0,0],"ix":1},"s":{"a":0,"k":[100,100],"ix":3},"r":{"a":0,"k":0,"ix":6},"o":{"a":0,"k":100,"ix":7},"sk":{"a":0,"k":0,"ix":4},"sa":{"a":0,"k":0,"ix":5},"nm":"Transform"}],"nm":"Group 5","np":2,"cix":2,"bm":0,"ix":5,"mn":"ADBE Vector Group","hd":false}],"ip":0,"op":120,"st":0,"bm":0},{"ddd":0,"ind":24,"ty":4,"nm":"1_L_Arm","parent":26,"sr":1,"ks":{"o":{"a":0,"k":100,"ix":11},"r":{"a":0,"k":0,"ix":10},"p":{"a":1,"k":[{"i":{"x":0.435,"y":1},"o":{"x":0.461,"y":0},"t":0,"s":[102.502,-24.493,0],"to":[0,0,0],"ti":[0,0,0]},{"i":{"x":0.511,"y":1},"o":{"x":0.554,"y":0},"t":15,"s":[102.502,-32.914,0],"to":[0,0,0],"ti":[0,0,0]},{"i":{"x":0.406,"y":1},"o":{"x":0.497,"y":0},"t":30,"s":[102.502,-18.667,0],"to":[0,0,0],"ti":[0,0,0]},{"t":40,"s":[102.502,-24.493,0]}],"ix":2},"a":{"a":0,"k":[102.502,-24.493,0],"ix":1},"s":{"a":0,"k":[100,100,100],"ix":6}},"ao":0,"shapes":[{"ty":"gr","it":[{"ind":0,"ty":"sh","ix":1,"ks":{"a":0,"k":{"i":[[0,0],[-13.683,-138.47],[-0.571,-7.45],[0,0],[0,0]],"o":[[0,0],[0.762,7.707],[0,0],[0,0],[0,0]],"v":[[44.624,-99.492],[189.546,73.643],[191.54,96.385],[87.775,96.385],[87.775,56.112]],"c":false},"ix":2},"nm":"Path 1","mn":"ADBE Vector Shape - Group","hd":false},{"ty":"st","c":{"a":0,"k":[0,0,0,1],"ix":3},"o":{"a":0,"k":100,"ix":4},"w":{"a":0,"k":3,"ix":5},"lc":2,"lj":2,"bm":0,"nm":"Stroke 1","mn":"ADBE Vector Graphic - Stroke","hd":false},{"ty":"tr","p":{"a":0,"k":[0,0],"ix":2},"a":{"a":0,"k":[0,0],"ix":1},"s":{"a":0,"k":[100,100],"ix":3},"r":{"a":0,"k":0,"ix":6},"o":{"a":0,"k":100,"ix":7},"sk":{"a":0,"k":0,"ix":4},"sa":{"a":0,"k":0,"ix":5},"nm":"Transform"}],"nm":"Group 1","np":2,"cix":2,"bm":0,"ix":1,"mn":"ADBE Vector Group","hd":false},{"ty":"gr","it":[{"ind":0,"ty":"sh","ix":1,"ks":{"a":0,"k":{"i":[[0,0],[-13.683,-138.47],[-0.571,-7.45],[0,0]],"o":[[0,0],[0.762,7.707],[0,0],[0,0]],"v":[[44.624,-99.492],[189.546,73.643],[191.54,96.385],[44.624,96.385]],"c":true},"ix":2},"nm":"Path 1","mn":"ADBE Vector Shape - Group","hd":false},{"ty":"fl","c":{"a":0,"k":[0.847058832645,0.823529422283,0.662745118141,1],"ix":4},"o":{"a":0,"k":100,"ix":5},"r":1,"bm":0,"nm":"Fill 1","mn":"ADBE Vector Graphic - Fill","hd":false},{"ty":"tr","p":{"a":0,"k":[0,0],"ix":2},"a":{"a":0,"k":[0,0],"ix":1},"s":{"a":0,"k":[100,100],"ix":3},"r":{"a":0,"k":0,"ix":6},"o":{"a":0,"k":100,"ix":7},"sk":{"a":0,"k":0,"ix":4},"sa":{"a":0,"k":0,"ix":5},"nm":"Transform"}],"nm":"Group 2","np":2,"cix":2,"bm":0,"ix":2,"mn":"ADBE Vector Group","hd":false},{"ty":"gr","it":[{"ind":0,"ty":"sh","ix":1,"ks":{"a":0,"k":{"i":[[0,0]],"o":[[0,0]],"v":[[10.428,-94.061]],"c":false},"ix":2},"nm":"Path 1","mn":"ADBE Vector Shape - Group","hd":false},{"ty":"st","c":{"a":0,"k":[0,0,0,1],"ix":3},"o":{"a":0,"k":100,"ix":4},"w":{"a":0,"k":3,"ix":5},"lc":2,"lj":2,"bm":0,"nm":"Stroke 1","mn":"ADBE Vector Graphic - Stroke","hd":false},{"ty":"fl","c":{"a":0,"k":[0.847058832645,0.823529422283,0.662745118141,1],"ix":4},"o":{"a":0,"k":100,"ix":5},"r":1,"bm":0,"nm":"Fill 1","mn":"ADBE Vector Graphic - Fill","hd":false},{"ty":"tr","p":{"a":0,"k":[0,0],"ix":2},"a":{"a":0,"k":[0,0],"ix":1},"s":{"a":0,"k":[100,100],"ix":3},"r":{"a":0,"k":0,"ix":6},"o":{"a":0,"k":100,"ix":7},"sk":{"a":0,"k":0,"ix":4},"sa":{"a":0,"k":0,"ix":5},"nm":"Transform"}],"nm":"Group 3","np":3,"cix":2,"bm":0,"ix":3,"mn":"ADBE Vector Group","hd":false},{"ty":"gr","it":[{"ind":0,"ty":"sh","ix":1,"ks":{"a":0,"k":{"i":[[0,0],[0,0],[0,0],[5.238,60.103]],"o":[[0,0],[0,0],[2.391,-38.855],[0,0]],"v":[[87.775,85.906],[87.775,246.506],[192.735,246.506],[190.651,85.535]],"c":true},"ix":2},"nm":"Path 1","mn":"ADBE Vector Shape - Group","hd":false},{"ty":"st","c":{"a":0,"k":[0,0,0,1],"ix":3},"o":{"a":0,"k":100,"ix":4},"w":{"a":0,"k":3,"ix":5},"lc":2,"lj":2,"bm":0,"nm":"Stroke 1","mn":"ADBE Vector Graphic - Stroke","hd":false},{"ty":"fl","c":{"a":0,"k":[0.349019616842,0.501960813999,0.847058832645,1],"ix":4},"o":{"a":0,"k":100,"ix":5},"r":1,"bm":0,"nm":"Fill 1","mn":"ADBE Vector Graphic - Fill","hd":false},{"ty":"tr","p":{"a":0,"k":[0,0],"ix":2},"a":{"a":0,"k":[0,0],"ix":1},"s":{"a":0,"k":[100,100],"ix":3},"r":{"a":0,"k":0,"ix":6},"o":{"a":0,"k":100,"ix":7},"sk":{"a":0,"k":0,"ix":4},"sa":{"a":0,"k":0,"ix":5},"nm":"Transform"}],"nm":"Group 4","np":3,"cix":2,"bm":0,"ix":4,"mn":"ADBE Vector Group","hd":false}],"ip":0,"op":120,"st":0,"bm":0},{"ddd":0,"ind":25,"ty":4,"nm":"1_Bag","parent":26,"sr":1,"ks":{"o":{"a":0,"k":100,"ix":11},"r":{"a":0,"k":0,"ix":10},"p":{"a":0,"k":[0,0,0],"ix":2},"a":{"a":0,"k":[0,0,0],"ix":1},"s":{"a":0,"k":[100,100,100],"ix":6}},"ao":0,"shapes":[{"ty":"gr","it":[{"ind":0,"ty":"sh","ix":1,"ks":{"a":0,"k":{"i":[[0,0],[0,0]],"o":[[0,0],[0,0]],"v":[[52.526,199.148],[100.605,199.148]],"c":false},"ix":2},"nm":"Path 1","mn":"ADBE Vector Shape - Group","hd":false},{"ty":"st","c":{"a":0,"k":[0,0,0,1],"ix":3},"o":{"a":0,"k":100,"ix":4},"w":{"a":0,"k":1.5,"ix":5},"lc":2,"lj":2,"bm":0,"nm":"Stroke 1","mn":"ADBE Vector Graphic - Stroke","hd":false},{"ty":"tr","p":{"a":0,"k":[0,0],"ix":2},"a":{"a":0,"k":[0,0],"ix":1},"s":{"a":0,"k":[100,100],"ix":3},"r":{"a":0,"k":0,"ix":6},"o":{"a":0,"k":100,"ix":7},"sk":{"a":0,"k":0,"ix":4},"sa":{"a":0,"k":0,"ix":5},"nm":"Transform"}],"nm":"Group 1","np":2,"cix":2,"bm":0,"ix":1,"mn":"ADBE Vector Group","hd":false},{"ty":"gr","it":[{"ind":0,"ty":"sh","ix":1,"ks":{"a":0,"k":{"i":[[0,-4.558],[3.239,0],[0,4.558],[-3.239,0]],"o":[[0,4.558],[-3.239,0],[0,-4.558],[3.239,0]],"v":[[82.469,186.116],[76.605,194.369],[70.741,186.116],[76.605,177.863]],"c":true},"ix":2},"nm":"Path 1","mn":"ADBE Vector Shape - Group","hd":false},{"ty":"st","c":{"a":0,"k":[0,0,0,1],"ix":3},"o":{"a":0,"k":100,"ix":4},"w":{"a":0,"k":1,"ix":5},"lc":2,"lj":2,"bm":0,"nm":"Stroke 1","mn":"ADBE Vector Graphic - Stroke","hd":false},{"ty":"fl","c":{"a":0,"k":[1,0.86274510622,0.290196090937,1],"ix":4},"o":{"a":0,"k":100,"ix":5},"r":1,"bm":0,"nm":"Fill 1","mn":"ADBE Vector Graphic - Fill","hd":false},{"ty":"tr","p":{"a":0,"k":[0,0],"ix":2},"a":{"a":0,"k":[0,0],"ix":1},"s":{"a":0,"k":[100,100],"ix":3},"r":{"a":0,"k":0,"ix":6},"o":{"a":0,"k":100,"ix":7},"sk":{"a":0,"k":0,"ix":4},"sa":{"a":0,"k":0,"ix":5},"nm":"Transform"}],"nm":"Group 2","np":3,"cix":2,"bm":0,"ix":2,"mn":"ADBE Vector Group","hd":false},{"ty":"gr","it":[{"ind":0,"ty":"sh","ix":1,"ks":{"a":0,"k":{"i":[[6.208,0],[0,0],[0,-6.782],[0,0],[-6.782,0],[0,0],[0,6.208],[0,0]],"o":[[0,0],[-6.782,0],[0,0],[0,6.782],[0,0],[6.208,0],[0,0],[0,-6.208]],"v":[[41.286,161.02],[41.286,161.02],[29.005,173.301],[29.005,233.998],[41.286,246.279],[41.286,246.279],[52.526,235.039],[52.526,172.261]],"c":true},"ix":2},"nm":"Path 1","mn":"ADBE Vector Shape - Group","hd":false},{"ty":"st","c":{"a":0,"k":[0,0,0,1],"ix":3},"o":{"a":0,"k":100,"ix":4},"w":{"a":0,"k":1.5,"ix":5},"lc":2,"lj":2,"bm":0,"nm":"Stroke 1","mn":"ADBE Vector Graphic - Stroke","hd":false},{"ty":"fl","c":{"a":0,"k":[0.388235300779,0.188235297799,0.172549024224,1],"ix":4},"o":{"a":0,"k":100,"ix":5},"r":1,"bm":0,"nm":"Fill 1","mn":"ADBE Vector Graphic - Fill","hd":false},{"ty":"tr","p":{"a":0,"k":[0,0],"ix":2},"a":{"a":0,"k":[0,0],"ix":1},"s":{"a":0,"k":[100,100],"ix":3},"r":{"a":0,"k":0,"ix":6},"o":{"a":0,"k":100,"ix":7},"sk":{"a":0,"k":0,"ix":4},"sa":{"a":0,"k":0,"ix":5},"nm":"Transform"}],"nm":"Group 3","np":3,"cix":2,"bm":0,"ix":3,"mn":"ADBE Vector Group","hd":false},{"ty":"gr","it":[{"ind":0,"ty":"sh","ix":1,"ks":{"a":0,"k":{"i":[[0,6.782],[0,0],[-6.782,0],[0,0],[0,-6.782],[0,0],[6.782,0],[0,0]],"o":[[0,0],[0,-6.782],[0,0],[6.782,0],[0,0],[0,6.782],[0,0],[-6.782,0]],"v":[[29.005,233.998],[29.005,173.301],[41.286,161.02],[88.324,161.02],[100.605,173.301],[100.605,233.998],[88.324,246.279],[41.286,246.279]],"c":true},"ix":2},"nm":"Path 1","mn":"ADBE Vector Shape - Group","hd":false},{"ty":"st","c":{"a":0,"k":[0,0,0,1],"ix":3},"o":{"a":0,"k":100,"ix":4},"w":{"a":0,"k":3,"ix":5},"lc":2,"lj":2,"bm":0,"nm":"Stroke 1","mn":"ADBE Vector Graphic - Stroke","hd":false},{"ty":"fl","c":{"a":0,"k":[0.54509806633,0.290196090937,0.243137255311,1],"ix":4},"o":{"a":0,"k":100,"ix":5},"r":1,"bm":0,"nm":"Fill 1","mn":"ADBE Vector Graphic - Fill","hd":false},{"ty":"tr","p":{"a":0,"k":[0,0],"ix":2},"a":{"a":0,"k":[0,0],"ix":1},"s":{"a":0,"k":[100,100],"ix":3},"r":{"a":0,"k":0,"ix":6},"o":{"a":0,"k":100,"ix":7},"sk":{"a":0,"k":0,"ix":4},"sa":{"a":0,"k":0,"ix":5},"nm":"Transform"}],"nm":"Group 4","np":3,"cix":2,"bm":0,"ix":4,"mn":"ADBE Vector Group","hd":false}],"ip":0,"op":120,"st":0,"bm":0},{"ddd":0,"ind":26,"ty":4,"nm":"1_TORSO","parent":27,"sr":1,"ks":{"o":{"a":0,"k":100,"ix":11},"r":{"a":0,"k":0,"ix":10},"p":{"a":0,"k":[-22.033,201.32,0],"ix":2},"a":{"a":0,"k":[-22.033,201.32,0],"ix":1},"s":{"a":1,"k":[{"i":{"x":[0.566,0.652,0.833],"y":[0.978,1,1]},"o":{"x":[0.333,0.333,0.333],"y":[0,0,0]},"t":0,"s":[100,100,100]},{"i":{"x":[0.667,0.667,0.667],"y":[1,1,1]},"o":{"x":[0.553,0.619,0.167],"y":[-0.017,0,0]},"t":15,"s":[105,95,100]},{"i":{"x":[0.833,0.833,0.833],"y":[1,1,1]},"o":{"x":[0.333,0.333,0.333],"y":[0,0,0]},"t":30,"s":[97,103,100]},{"t":40,"s":[100,100,100]}],"ix":6}},"ao":0,"shapes":[{"ty":"gr","it":[{"ind":0,"ty":"sh","ix":1,"ks":{"a":0,"k":{"i":[[0,0],[0,0],[11.371,0],[0,0],[-8.882,16.306],[0,0],[0,0]],"o":[[0,0],[0,11.371],[0,0],[-18.568,0],[0,0],[0,0],[0,0]],"v":[[104.514,65.694],[104.514,180.73],[83.924,201.32],[-115.25,201.32],[-136.738,173.145],[-120.772,135.836],[-148.58,42.008]],"c":false},"ix":2},"nm":"Path 1","mn":"ADBE Vector Shape - Group","hd":false},{"ty":"st","c":{"a":0,"k":[0,0,0,1],"ix":3},"o":{"a":0,"k":100,"ix":4},"w":{"a":0,"k":3,"ix":5},"lc":2,"lj":2,"bm":0,"nm":"Stroke 1","mn":"ADBE Vector Graphic - Stroke","hd":false},{"ty":"tr","p":{"a":0,"k":[0,0],"ix":2},"a":{"a":0,"k":[0,0],"ix":1},"s":{"a":0,"k":[100,100],"ix":3},"r":{"a":0,"k":0,"ix":6},"o":{"a":0,"k":100,"ix":7},"sk":{"a":0,"k":0,"ix":4},"sa":{"a":0,"k":0,"ix":5},"nm":"Transform"}],"nm":"Group 1","np":2,"cix":2,"bm":0,"ix":1,"mn":"ADBE Vector Group","hd":false},{"ty":"gr","it":[{"ind":0,"ty":"sh","ix":1,"ks":{"a":0,"k":{"i":[[0,0],[0,0],[11.371,0],[0,0],[-8.882,16.306],[0,0],[0,0],[0,0],[-67.049,-44.648]],"o":[[0,0],[0,11.371],[0,0],[-18.568,0],[0,0],[0,0],[0,0],[64.621,-48.095],[0,0]],"v":[[104.514,34.275],[104.514,180.73],[83.924,201.32],[-115.25,201.32],[-136.738,173.145],[-120.772,135.836],[-148.58,42.008],[-131.328,29.168],[88.215,23.421]],"c":true},"ix":2},"nm":"Path 1","mn":"ADBE Vector Shape - Group","hd":false},{"ty":"fl","c":{"a":0,"k":[0.847058832645,0.823529422283,0.662745118141,1],"ix":4},"o":{"a":0,"k":100,"ix":5},"r":1,"bm":0,"nm":"Fill 1","mn":"ADBE Vector Graphic - Fill","hd":false},{"ty":"tr","p":{"a":0,"k":[0,0],"ix":2},"a":{"a":0,"k":[0,0],"ix":1},"s":{"a":0,"k":[100,100],"ix":3},"r":{"a":0,"k":0,"ix":6},"o":{"a":0,"k":100,"ix":7},"sk":{"a":0,"k":0,"ix":4},"sa":{"a":0,"k":0,"ix":5},"nm":"Transform"}],"nm":"Group 2","np":2,"cix":2,"bm":0,"ix":2,"mn":"ADBE Vector Group","hd":false}],"ip":0,"op":120,"st":0,"bm":0},{"ddd":0,"ind":27,"ty":4,"nm":"1_Weist","parent":2,"sr":1,"ks":{"o":{"a":0,"k":100,"ix":11},"r":{"a":0,"k":0,"ix":10},"p":{"a":0,"k":[-17.106,237.574,0],"ix":2},"a":{"a":0,"k":[-17.106,237.574,0],"ix":1},"s":{"a":0,"k":[100,100,100],"ix":6}},"ao":0,"shapes":[{"ty":"gr","it":[{"ind":0,"ty":"sh","ix":1,"ks":{"a":0,"k":{"i":[[0,0],[0,0],[-10.879,0],[0,0],[0,-10.534],[0,0]],"o":[[0,0],[0,-10.534],[0,0],[10.879,0],[0,0],[0,0]],"v":[[-121.988,237.574],[-121.988,184.275],[-102.29,165.201],[68.077,165.201],[87.775,184.275],[87.775,237.574]],"c":false},"ix":2},"nm":"Path 1","mn":"ADBE Vector Shape - Group","hd":false},{"ty":"st","c":{"a":0,"k":[0,0,0,1],"ix":3},"o":{"a":0,"k":100,"ix":4},"w":{"a":0,"k":3,"ix":5},"lc":2,"lj":2,"bm":0,"nm":"Stroke 1","mn":"ADBE Vector Graphic - Stroke","hd":false},{"ty":"tr","p":{"a":0,"k":[0,0],"ix":2},"a":{"a":0,"k":[0,0],"ix":1},"s":{"a":0,"k":[100,100],"ix":3},"r":{"a":0,"k":0,"ix":6},"o":{"a":0,"k":100,"ix":7},"sk":{"a":0,"k":0,"ix":4},"sa":{"a":0,"k":0,"ix":5},"nm":"Transform"}],"nm":"Group 1","np":2,"cix":2,"bm":0,"ix":1,"mn":"ADBE Vector Group","hd":false},{"ty":"gr","it":[{"ind":0,"ty":"sh","ix":1,"ks":{"a":0,"k":{"i":[[0,0],[0,0],[0,0],[-10.705,0],[0,0],[0,-10.705]],"o":[[0,0],[0,0],[0,-10.705],[0,0],[10.705,0],[0,0]],"v":[[87.775,237.574],[-121.988,237.574],[-121.988,184.585],[-102.605,165.201],[68.392,165.201],[87.775,184.585]],"c":true},"ix":2},"nm":"Path 1","mn":"ADBE Vector Shape - Group","hd":false},{"ty":"fl","c":{"a":0,"k":[0.329411774874,0.411764711142,0.498039215803,1],"ix":4},"o":{"a":0,"k":100,"ix":5},"r":1,"bm":0,"nm":"Fill 1","mn":"ADBE Vector Graphic - Fill","hd":false},{"ty":"tr","p":{"a":0,"k":[0,0],"ix":2},"a":{"a":0,"k":[0,0],"ix":1},"s":{"a":0,"k":[100,100],"ix":3},"r":{"a":0,"k":0,"ix":6},"o":{"a":0,"k":100,"ix":7},"sk":{"a":0,"k":0,"ix":4},"sa":{"a":0,"k":0,"ix":5},"nm":"Transform"}],"nm":"Group 2","np":2,"cix":2,"bm":0,"ix":2,"mn":"ADBE Vector Group","hd":false}],"ip":0,"op":120,"st":0,"bm":0},{"ddd":0,"ind":28,"ty":4,"nm":"1_R_Arm","parent":26,"sr":1,"ks":{"o":{"a":0,"k":100,"ix":11},"r":{"a":0,"k":0,"ix":10},"p":{"a":1,"k":[{"i":{"x":0.435,"y":1},"o":{"x":0.461,"y":0},"t":0,"s":[-121,-18,0],"to":[0,0,0],"ti":[0,0,0]},{"i":{"x":0.511,"y":1},"o":{"x":0.554,"y":0},"t":15,"s":[-121,-26.421,0],"to":[0,0,0],"ti":[0,0,0]},{"i":{"x":0.406,"y":1},"o":{"x":0.497,"y":0},"t":30,"s":[-121,-12.175,0],"to":[0,0,0],"ti":[0,0,0]},{"t":40,"s":[-121,-18,0]}],"ix":2},"a":{"a":0,"k":[-121,-18,0],"ix":1},"s":{"a":0,"k":[100,100,100],"ix":6}},"ao":0,"shapes":[{"ty":"gr","it":[{"ind":0,"ty":"sh","ix":1,"ks":{"a":0,"k":{"i":[[0,0],[-1.573,13.362],[0,0],[0,0]],"o":[[0.66,-12.295],[14.335,-121.751],[0,0],[0,0]],"v":[[-179.296,94.621],[-175.992,56.112],[-42.863,-65.829],[-42.863,94.575]],"c":true},"ix":2},"nm":"Path 1","mn":"ADBE Vector Shape - Group","hd":false},{"ty":"st","c":{"a":0,"k":[0,0,0,1],"ix":3},"o":{"a":0,"k":100,"ix":4},"w":{"a":0,"k":3,"ix":5},"lc":2,"lj":2,"bm":0,"nm":"Stroke 1","mn":"ADBE Vector Graphic - Stroke","hd":false},{"ty":"fl","c":{"a":0,"k":[0.847058832645,0.823529422283,0.662745118141,1],"ix":4},"o":{"a":0,"k":100,"ix":5},"r":1,"bm":0,"nm":"Fill 1","mn":"ADBE Vector Graphic - Fill","hd":false},{"ty":"tr","p":{"a":0,"k":[0,0],"ix":2},"a":{"a":0,"k":[0,0],"ix":1},"s":{"a":0,"k":[100,100],"ix":3},"r":{"a":0,"k":0,"ix":6},"o":{"a":0,"k":100,"ix":7},"sk":{"a":0,"k":0,"ix":4},"sa":{"a":0,"k":0,"ix":5},"nm":"Transform"}],"nm":"Group 1","np":3,"cix":2,"bm":0,"ix":1,"mn":"ADBE Vector Group","hd":false},{"ty":"gr","it":[{"ind":0,"ty":"sh","ix":1,"ks":{"a":0,"k":{"i":[[0,0],[-6.411,75.169],[0,0],[0,0]],"o":[[-6.579,-28.744],[0,0],[0,0],[0,0]],"v":[[-168.575,236.505],[-177.981,75.701],[-101.61,75.701],[-101.61,236.505]],"c":true},"ix":2},"nm":"Path 1","mn":"ADBE Vector Shape - Group","hd":false},{"ty":"st","c":{"a":0,"k":[0,0,0,1],"ix":3},"o":{"a":0,"k":100,"ix":4},"w":{"a":0,"k":3,"ix":5},"lc":2,"lj":2,"bm":0,"nm":"Stroke 1","mn":"ADBE Vector Graphic - Stroke","hd":false},{"ty":"fl","c":{"a":0,"k":[0.349019616842,0.501960813999,0.847058832645,1],"ix":4},"o":{"a":0,"k":100,"ix":5},"r":1,"bm":0,"nm":"Fill 1","mn":"ADBE Vector Graphic - Fill","hd":false},{"ty":"tr","p":{"a":0,"k":[0,0],"ix":2},"a":{"a":0,"k":[0,0],"ix":1},"s":{"a":0,"k":[100,100],"ix":3},"r":{"a":0,"k":0,"ix":6},"o":{"a":0,"k":100,"ix":7},"sk":{"a":0,"k":0,"ix":4},"sa":{"a":0,"k":0,"ix":5},"nm":"Transform"}],"nm":"Group 2","np":3,"cix":2,"bm":0,"ix":2,"mn":"ADBE Vector Group","hd":false}],"ip":0,"op":120,"st":0,"bm":0}]}],"layers":[{"ddd":0,"ind":1,"ty":0,"nm":"22_Graggle_What","refId":"comp_0","sr":1,"ks":{"o":{"a":0,"k":100,"ix":11},"r":{"a":0,"k":0,"ix":10},"p":{"a":0,"k":[160,160,0],"ix":2},"a":{"a":0,"k":[400,400,0],"ix":1},"s":{"a":0,"k":[40,40,100],"ix":6}},"ao":0,"w":800,"h":800,"ip":0,"op":10,"st":-110,"bm":0},{"ddd":0,"ind":2,"ty":0,"nm":"22_Graggle_What","refId":"comp_0","sr":1,"ks":{"o":{"a":0,"k":100,"ix":11},"r":{"a":0,"k":0,"ix":10},"p":{"a":0,"k":[160,160,0],"ix":2},"a":{"a":0,"k":[400,400,0],"ix":1},"s":{"a":0,"k":[40,40,100],"ix":6}},"ao":0,"w":800,"h":800,"ip":10,"op":120,"st":10,"bm":0}],"markers":[]}