{"v":"5.6.2","fr":60,"ip":0,"op":120,"w":320,"h":320,"nm":"19_Graggle_Wink","ddd":0,"assets":[{"id":"comp_0","layers":[{"ddd":0,"ind":1,"ty":3,"nm":"Null 2","sr":1,"ks":{"o":{"a":0,"k":0,"ix":11},"r":{"a":0,"k":0,"ix":10},"p":{"a":0,"k":[389.529,667.016,0],"ix":2},"a":{"a":0,"k":[0,0,0],"ix":1},"s":{"a":0,"k":[131,131,100],"ix":6}},"ao":0,"ip":0,"op":132,"st":12,"bm":0},{"ddd":0,"ind":2,"ty":4,"nm":"Extra_Elements 6","parent":1,"sr":1,"ks":{"o":{"a":0,"k":100,"ix":11},"r":{"a":0,"k":0,"ix":10},"p":{"a":0,"k":[101.52,-323.473,0],"ix":2},"a":{"a":0,"k":[94.19,-208.29,0],"ix":1},"s":{"a":0,"k":[100,100,100],"ix":6}},"ao":0,"shapes":[{"ty":"gr","it":[{"ind":0,"ty":"sh","ix":1,"ks":{"a":1,"k":[{"i":{"x":0.26,"y":1},"o":{"x":0.74,"y":0},"t":79,"s":[{"i":[[-0.071,0.436],[0.002,5.403],[0.057,0],[-0.005,-4.435]],"o":[[0,0],[0,0],[0,0],[0,0]],"v":[[94.25,-208.295],[94.19,-213],[94.13,-208.265],[94.19,-203.58]],"c":true}]},{"i":{"x":0.26,"y":1},"o":{"x":0.74,"y":0},"t":94,"s":[{"i":[[16.799,2.1],[-0.42,26.038],[-13.487,0],[1.236,-21.376]],"o":[[0,0],[0,0],[0,0],[0,0]],"v":[[79.935,-208.311],[94.214,-230.989],[108.445,-208.17],[94.19,-185.591]],"c":true}]},{"t":109,"s":[{"i":[[-0.071,0.436],[0.002,5.403],[0.057,0],[-0.005,-4.435]],"o":[[0,0],[0,0],[0,0],[0,0]],"v":[[94.25,-208.295],[94.19,-213],[94.13,-208.265],[94.19,-203.58]],"c":true}]}],"ix":2},"nm":"Path 1","mn":"ADBE Vector Shape - Group","hd":false},{"ty":"fl","c":{"a":0,"k":[1,0.86274510622,0.290196090937,1],"ix":4},"o":{"a":0,"k":100,"ix":5},"r":1,"bm":0,"nm":"Fill 1","mn":"ADBE Vector Graphic - Fill","hd":false},{"ty":"tr","p":{"a":0,"k":[0,0],"ix":2},"a":{"a":0,"k":[0,0],"ix":1},"s":{"a":0,"k":[100,100],"ix":3},"r":{"a":0,"k":0,"ix":6},"o":{"a":0,"k":100,"ix":7},"sk":{"a":0,"k":0,"ix":4},"sa":{"a":0,"k":0,"ix":5},"nm":"Transform"}],"nm":"Group 1","np":2,"cix":2,"bm":0,"ix":1,"mn":"ADBE Vector Group","hd":false}],"ip":67,"op":109,"st":79,"bm":0},{"ddd":0,"ind":3,"ty":4,"nm":"Extra_Elements 5","parent":1,"sr":1,"ks":{"o":{"a":0,"k":100,"ix":11},"r":{"a":0,"k":0,"ix":10},"p":{"a":0,"k":[-10.522,-385.254,0],"ix":2},"a":{"a":0,"k":[94.19,-208.29,0],"ix":1},"s":{"a":0,"k":[100,100,100],"ix":6}},"ao":0,"shapes":[{"ty":"gr","it":[{"ind":0,"ty":"sh","ix":1,"ks":{"a":1,"k":[{"i":{"x":0.26,"y":1},"o":{"x":0.74,"y":0},"t":62,"s":[{"i":[[-0.071,0.436],[0.002,5.403],[0.057,0],[-0.005,-4.435]],"o":[[0,0],[0,0],[0,0],[0,0]],"v":[[94.25,-208.295],[94.19,-213],[94.13,-208.265],[94.19,-203.58]],"c":true}]},{"i":{"x":0.26,"y":1},"o":{"x":0.74,"y":0},"t":77,"s":[{"i":[[16.799,2.1],[-0.42,26.038],[-13.487,0],[1.236,-21.376]],"o":[[0,0],[0,0],[0,0],[0,0]],"v":[[79.935,-208.311],[94.214,-230.989],[108.445,-208.17],[94.19,-185.591]],"c":true}]},{"t":92,"s":[{"i":[[-0.071,0.436],[0.002,5.403],[0.057,0],[-0.005,-4.435]],"o":[[0,0],[0,0],[0,0],[0,0]],"v":[[94.25,-208.295],[94.19,-213],[94.13,-208.265],[94.19,-203.58]],"c":true}]}],"ix":2},"nm":"Path 1","mn":"ADBE Vector Shape - Group","hd":false},{"ty":"fl","c":{"a":0,"k":[1,0.86274510622,0.290196090937,1],"ix":4},"o":{"a":0,"k":100,"ix":5},"r":1,"bm":0,"nm":"Fill 1","mn":"ADBE Vector Graphic - Fill","hd":false},{"ty":"tr","p":{"a":0,"k":[0,0],"ix":2},"a":{"a":0,"k":[0,0],"ix":1},"s":{"a":0,"k":[100,100],"ix":3},"r":{"a":0,"k":0,"ix":6},"o":{"a":0,"k":100,"ix":7},"sk":{"a":0,"k":0,"ix":4},"sa":{"a":0,"k":0,"ix":5},"nm":"Transform"}],"nm":"Group 1","np":2,"cix":2,"bm":0,"ix":1,"mn":"ADBE Vector Group","hd":false}],"ip":50,"op":92,"st":62,"bm":0},{"ddd":0,"ind":4,"ty":4,"nm":"Extra_Elements 4","parent":1,"sr":1,"ks":{"o":{"a":0,"k":100,"ix":11},"r":{"a":0,"k":0,"ix":10},"p":{"a":0,"k":[171.677,-291.013,0],"ix":2},"a":{"a":0,"k":[94.19,-208.29,0],"ix":1},"s":{"a":0,"k":[100,100,100],"ix":6}},"ao":0,"shapes":[{"ty":"gr","it":[{"ind":0,"ty":"sh","ix":1,"ks":{"a":1,"k":[{"i":{"x":0.26,"y":1},"o":{"x":0.74,"y":0},"t":53,"s":[{"i":[[-0.071,0.436],[0.002,5.403],[0.057,0],[-0.005,-4.435]],"o":[[0,0],[0,0],[0,0],[0,0]],"v":[[94.25,-208.295],[94.19,-213],[94.13,-208.265],[94.19,-203.58]],"c":true}]},{"i":{"x":0.26,"y":1},"o":{"x":0.74,"y":0},"t":68,"s":[{"i":[[16.799,2.1],[-0.42,26.038],[-13.487,0],[1.236,-21.376]],"o":[[0,0],[0,0],[0,0],[0,0]],"v":[[79.935,-208.311],[94.214,-230.989],[108.445,-208.17],[94.19,-185.591]],"c":true}]},{"t":83,"s":[{"i":[[-0.071,0.436],[0.002,5.403],[0.057,0],[-0.005,-4.435]],"o":[[0,0],[0,0],[0,0],[0,0]],"v":[[94.25,-208.295],[94.19,-213],[94.13,-208.265],[94.19,-203.58]],"c":true}]}],"ix":2},"nm":"Path 1","mn":"ADBE Vector Shape - Group","hd":false},{"ty":"fl","c":{"a":0,"k":[1,0.86274510622,0.290196090937,1],"ix":4},"o":{"a":0,"k":100,"ix":5},"r":1,"bm":0,"nm":"Fill 1","mn":"ADBE Vector Graphic - Fill","hd":false},{"ty":"tr","p":{"a":0,"k":[0,0],"ix":2},"a":{"a":0,"k":[0,0],"ix":1},"s":{"a":0,"k":[100,100],"ix":3},"r":{"a":0,"k":0,"ix":6},"o":{"a":0,"k":100,"ix":7},"sk":{"a":0,"k":0,"ix":4},"sa":{"a":0,"k":0,"ix":5},"nm":"Transform"}],"nm":"Group 1","np":2,"cix":2,"bm":0,"ix":1,"mn":"ADBE Vector Group","hd":false}],"ip":41,"op":83,"st":53,"bm":0},{"ddd":0,"ind":5,"ty":4,"nm":"Extra_Elements 3","parent":1,"sr":1,"ks":{"o":{"a":0,"k":100,"ix":11},"r":{"a":0,"k":0,"ix":10},"p":{"a":0,"k":[10.42,-422.95,0],"ix":2},"a":{"a":0,"k":[94.19,-208.29,0],"ix":1},"s":{"a":0,"k":[100,100,100],"ix":6}},"ao":0,"shapes":[{"ty":"gr","it":[{"ind":0,"ty":"sh","ix":1,"ks":{"a":1,"k":[{"i":{"x":0.26,"y":1},"o":{"x":0.74,"y":0},"t":44,"s":[{"i":[[-0.071,0.436],[0.002,5.403],[0.057,0],[-0.005,-4.435]],"o":[[0,0],[0,0],[0,0],[0,0]],"v":[[94.25,-208.295],[94.19,-213],[94.13,-208.265],[94.19,-203.58]],"c":true}]},{"i":{"x":0.26,"y":1},"o":{"x":0.74,"y":0},"t":59,"s":[{"i":[[16.799,2.1],[-0.42,26.038],[-13.487,0],[1.236,-21.376]],"o":[[0,0],[0,0],[0,0],[0,0]],"v":[[79.935,-208.311],[94.214,-230.989],[108.445,-208.17],[94.19,-185.591]],"c":true}]},{"t":74,"s":[{"i":[[-0.071,0.436],[0.002,5.403],[0.057,0],[-0.005,-4.435]],"o":[[0,0],[0,0],[0,0],[0,0]],"v":[[94.25,-208.295],[94.19,-213],[94.13,-208.265],[94.19,-203.58]],"c":true}]}],"ix":2},"nm":"Path 1","mn":"ADBE Vector Shape - Group","hd":false},{"ty":"fl","c":{"a":0,"k":[1,0.86274510622,0.290196090937,1],"ix":4},"o":{"a":0,"k":100,"ix":5},"r":1,"bm":0,"nm":"Fill 1","mn":"ADBE Vector Graphic - Fill","hd":false},{"ty":"tr","p":{"a":0,"k":[0,0],"ix":2},"a":{"a":0,"k":[0,0],"ix":1},"s":{"a":0,"k":[100,100],"ix":3},"r":{"a":0,"k":0,"ix":6},"o":{"a":0,"k":100,"ix":7},"sk":{"a":0,"k":0,"ix":4},"sa":{"a":0,"k":0,"ix":5},"nm":"Transform"}],"nm":"Group 1","np":2,"cix":2,"bm":0,"ix":1,"mn":"ADBE Vector Group","hd":false}],"ip":32,"op":74,"st":44,"bm":0},{"ddd":0,"ind":6,"ty":4,"nm":"Extra_Elements 2","parent":1,"sr":1,"ks":{"o":{"a":0,"k":100,"ix":11},"r":{"a":0,"k":0,"ix":10},"p":{"a":0,"k":[121.415,-378.971,0],"ix":2},"a":{"a":0,"k":[94.19,-208.29,0],"ix":1},"s":{"a":0,"k":[100,100,100],"ix":6}},"ao":0,"shapes":[{"ty":"gr","it":[{"ind":0,"ty":"sh","ix":1,"ks":{"a":1,"k":[{"i":{"x":0.26,"y":1},"o":{"x":0.74,"y":0},"t":36,"s":[{"i":[[-0.071,0.436],[0.002,5.403],[0.057,0],[-0.005,-4.435]],"o":[[0,0],[0,0],[0,0],[0,0]],"v":[[94.25,-208.295],[94.19,-213],[94.13,-208.265],[94.19,-203.58]],"c":true}]},{"i":{"x":0.26,"y":1},"o":{"x":0.74,"y":0},"t":51,"s":[{"i":[[16.799,2.1],[-0.42,26.038],[-13.487,0],[1.236,-21.376]],"o":[[0,0],[0,0],[0,0],[0,0]],"v":[[79.935,-208.311],[94.214,-230.989],[108.445,-208.17],[94.19,-185.591]],"c":true}]},{"t":66,"s":[{"i":[[-0.071,0.436],[0.002,5.403],[0.057,0],[-0.005,-4.435]],"o":[[0,0],[0,0],[0,0],[0,0]],"v":[[94.25,-208.295],[94.19,-213],[94.13,-208.265],[94.19,-203.58]],"c":true}]}],"ix":2},"nm":"Path 1","mn":"ADBE Vector Shape - Group","hd":false},{"ty":"fl","c":{"a":0,"k":[1,0.86274510622,0.290196090937,1],"ix":4},"o":{"a":0,"k":100,"ix":5},"r":1,"bm":0,"nm":"Fill 1","mn":"ADBE Vector Graphic - Fill","hd":false},{"ty":"tr","p":{"a":0,"k":[0,0],"ix":2},"a":{"a":0,"k":[0,0],"ix":1},"s":{"a":0,"k":[100,100],"ix":3},"r":{"a":0,"k":0,"ix":6},"o":{"a":0,"k":100,"ix":7},"sk":{"a":0,"k":0,"ix":4},"sa":{"a":0,"k":0,"ix":5},"nm":"Transform"}],"nm":"Group 1","np":2,"cix":2,"bm":0,"ix":1,"mn":"ADBE Vector Group","hd":false}],"ip":24,"op":66,"st":36,"bm":0},{"ddd":0,"ind":7,"ty":4,"nm":"Extra_Elements","parent":1,"sr":1,"ks":{"o":{"a":0,"k":100,"ix":11},"r":{"a":0,"k":0,"ix":10},"p":{"a":0,"k":[-44.03,-372.688,0],"ix":2},"a":{"a":0,"k":[94.19,-208.29,0],"ix":1},"s":{"a":0,"k":[100,100,100],"ix":6}},"ao":0,"shapes":[{"ty":"gr","it":[{"ind":0,"ty":"sh","ix":1,"ks":{"a":1,"k":[{"i":{"x":0.26,"y":1},"o":{"x":0.74,"y":0},"t":28,"s":[{"i":[[-0.071,0.436],[0.002,5.403],[0.057,0],[-0.005,-4.435]],"o":[[0,0],[0,0],[0,0],[0,0]],"v":[[94.25,-208.295],[94.19,-213],[94.13,-208.265],[94.19,-203.58]],"c":true}]},{"i":{"x":0.26,"y":1},"o":{"x":0.74,"y":0},"t":43,"s":[{"i":[[16.799,2.1],[-0.42,26.038],[-13.487,0],[1.236,-21.376]],"o":[[0,0],[0,0],[0,0],[0,0]],"v":[[79.935,-208.311],[94.214,-230.989],[108.445,-208.17],[94.19,-185.591]],"c":true}]},{"t":58,"s":[{"i":[[-0.071,0.436],[0.002,5.403],[0.057,0],[-0.005,-4.435]],"o":[[0,0],[0,0],[0,0],[0,0]],"v":[[94.25,-208.295],[94.19,-213],[94.13,-208.265],[94.19,-203.58]],"c":true}]}],"ix":2},"nm":"Path 1","mn":"ADBE Vector Shape - Group","hd":false},{"ty":"fl","c":{"a":0,"k":[1,0.86274510622,0.290196090937,1],"ix":4},"o":{"a":0,"k":100,"ix":5},"r":1,"bm":0,"nm":"Fill 1","mn":"ADBE Vector Graphic - Fill","hd":false},{"ty":"tr","p":{"a":0,"k":[0,0],"ix":2},"a":{"a":0,"k":[0,0],"ix":1},"s":{"a":0,"k":[100,100],"ix":3},"r":{"a":0,"k":0,"ix":6},"o":{"a":0,"k":100,"ix":7},"sk":{"a":0,"k":0,"ix":4},"sa":{"a":0,"k":0,"ix":5},"nm":"Transform"}],"nm":"Group 1","np":2,"cix":2,"bm":0,"ix":1,"mn":"ADBE Vector Group","hd":false}],"ip":16,"op":58,"st":28,"bm":0},{"ddd":0,"ind":8,"ty":4,"nm":"R_Arm_Front 2","parent":9,"sr":1,"ks":{"o":{"a":0,"k":100,"ix":11},"r":{"a":1,"k":[{"i":{"x":[0.735],"y":[1]},"o":{"x":[0.741],"y":[0]},"t":1,"s":[0]},{"i":{"x":[0.37],"y":[1]},"o":{"x":[0.133],"y":[0]},"t":7,"s":[4]},{"i":{"x":[0.833],"y":[1]},"o":{"x":[0.52],"y":[0]},"t":16,"s":[0]},{"i":{"x":[0.22],"y":[1]},"o":{"x":[0.48],"y":[0]},"t":25,"s":[-17]},{"i":{"x":[0.17],"y":[1]},"o":{"x":[0.333],"y":[0]},"t":36,"s":[5]},{"t":58,"s":[0]}],"ix":10},"p":{"a":0,"k":[-154.568,-149.736,0],"ix":2},"a":{"a":0,"k":[-154.568,-149.736,0],"ix":1},"s":{"a":0,"k":[100,100,100],"ix":6}},"ao":0,"shapes":[{"ty":"gr","it":[{"ind":0,"ty":"sh","ix":1,"ks":{"a":0,"k":{"i":[[-0.994,0],[0,0],[-2.494,1.512],[0,0],[-1.273,3.599],[-0.839,3.228],[2.52,4.206]],"o":[[0,0],[2.917,0],[0,0],[3.264,-1.979],[0.952,-2.691],[1.233,-4.745],[0,0]],"v":[[-140.402,-117.42],[-126.361,-117.42],[-113.713,-120.107],[-98.737,-129.184],[-91.711,-137.801],[-88.826,-147.05],[-90.911,-161.047]],"c":false},"ix":2},"nm":"Path 1","mn":"ADBE Vector Shape - Group","hd":false},{"ty":"st","c":{"a":0,"k":[0,0,0,1],"ix":3},"o":{"a":0,"k":100,"ix":4},"w":{"a":0,"k":3,"ix":5},"lc":2,"lj":2,"bm":0,"nm":"Stroke 1","mn":"ADBE Vector Graphic - Stroke","hd":false},{"ty":"tr","p":{"a":0,"k":[0,0],"ix":2},"a":{"a":0,"k":[0,0],"ix":1},"s":{"a":0,"k":[100,100],"ix":3},"r":{"a":0,"k":0,"ix":6},"o":{"a":0,"k":100,"ix":7},"sk":{"a":0,"k":0,"ix":4},"sa":{"a":0,"k":0,"ix":5},"nm":"Transform"}],"nm":"Group 1","np":2,"cix":2,"bm":0,"ix":1,"mn":"ADBE Vector Group","hd":false},{"ty":"gr","it":[{"ind":0,"ty":"sh","ix":1,"ks":{"a":0,"k":{"i":[[8.307,-4.936],[2.456,-1.589],[0,-11.801]],"o":[[-7.478,4.443],[-4.918,3.182],[0,0]],"v":[[-144.088,-203.777],[-162.106,-192.908],[-174.545,-174.615]],"c":false},"ix":2},"nm":"Path 1","mn":"ADBE Vector Shape - Group","hd":false},{"ty":"st","c":{"a":0,"k":[0,0,0,1],"ix":3},"o":{"a":0,"k":100,"ix":4},"w":{"a":0,"k":3,"ix":5},"lc":2,"lj":2,"bm":0,"nm":"Stroke 1","mn":"ADBE Vector Graphic - Stroke","hd":false},{"ty":"tr","p":{"a":0,"k":[0,0],"ix":2},"a":{"a":0,"k":[0,0],"ix":1},"s":{"a":0,"k":[100,100],"ix":3},"r":{"a":0,"k":0,"ix":6},"o":{"a":0,"k":100,"ix":7},"sk":{"a":0,"k":0,"ix":4},"sa":{"a":0,"k":0,"ix":5},"nm":"Transform"}],"nm":"Group 2","np":2,"cix":2,"bm":0,"ix":2,"mn":"ADBE Vector Group","hd":false},{"ty":"gr","it":[{"ind":0,"ty":"sh","ix":1,"ks":{"a":0,"k":{"i":[[-4.638,-4.85],[0,0],[-4.397,2.17],[-3.579,2.41],[3.204,5.1],[0.198,0.311],[5.497,-3.04],[3.338,-2.539]],"o":[[0,0],[3.389,3.544],[3.207,-1.583],[4.996,-3.364],[-0.191,-0.304],[-3.373,-5.299],[-3.117,1.724],[-5.341,4.063]],"v":[[-140.536,-194.446],[-139.798,-193.674],[-126.72,-191.361],[-116.12,-197.422],[-112.87,-212.604],[-113.454,-213.527],[-129.236,-217.587],[-139.202,-211.162]],"c":true},"ix":2},"nm":"Path 1","mn":"ADBE Vector Shape - Group","hd":false},{"ty":"st","c":{"a":0,"k":[0,0,0,1],"ix":3},"o":{"a":0,"k":100,"ix":4},"w":{"a":0,"k":3,"ix":5},"lc":2,"lj":2,"bm":0,"nm":"Stroke 1","mn":"ADBE Vector Graphic - Stroke","hd":false},{"ty":"fl","c":{"a":0,"k":[0.54509806633,0.290196090937,0.243137255311,1],"ix":4},"o":{"a":0,"k":100,"ix":5},"r":1,"bm":0,"nm":"Fill 1","mn":"ADBE Vector Graphic - Fill","hd":false},{"ty":"tr","p":{"a":0,"k":[0,0],"ix":2},"a":{"a":0,"k":[0,0],"ix":1},"s":{"a":0,"k":[100,100],"ix":3},"r":{"a":0,"k":0,"ix":6},"o":{"a":0,"k":100,"ix":7},"sk":{"a":0,"k":0,"ix":4},"sa":{"a":0,"k":0,"ix":5},"nm":"Transform"}],"nm":"Group 3","np":3,"cix":2,"bm":0,"ix":3,"mn":"ADBE Vector Group","hd":false},{"ty":"gr","it":[{"ind":0,"ty":"sh","ix":1,"ks":{"a":0,"k":{"i":[[0,0],[0,0]],"o":[[0,0],[0,0]],"v":[[-123.163,-159.282],[-121.67,-150.423]],"c":false},"ix":2},"nm":"Path 1","mn":"ADBE Vector Shape - Group","hd":false},{"ty":"st","c":{"a":0,"k":[0,0,0,1],"ix":3},"o":{"a":0,"k":100,"ix":4},"w":{"a":0,"k":1.5,"ix":5},"lc":2,"lj":2,"bm":0,"nm":"Stroke 1","mn":"ADBE Vector Graphic - Stroke","hd":false},{"ty":"tr","p":{"a":0,"k":[0,0],"ix":2},"a":{"a":0,"k":[0,0],"ix":1},"s":{"a":0,"k":[100,100],"ix":3},"r":{"a":0,"k":0,"ix":6},"o":{"a":0,"k":100,"ix":7},"sk":{"a":0,"k":0,"ix":4},"sa":{"a":0,"k":0,"ix":5},"nm":"Transform"}],"nm":"Group 4","np":2,"cix":2,"bm":0,"ix":4,"mn":"ADBE Vector Group","hd":false},{"ty":"gr","it":[{"ind":0,"ty":"sh","ix":1,"ks":{"a":0,"k":{"i":[[0,0],[-1.273,3.599],[-0.835,3.192],[2.54,4.241],[0,0],[1.972,0.475],[5.837,1.364],[2.486,-5.416],[0.041,-0.091],[-6.744,-2.593],[-1.893,-0.632],[-0.971,-1.39],[-0.692,-1.729]],"o":[[3.264,-1.979],[0.94,-2.659],[1.251,-4.783],[0,0],[-1.043,-1.74],[-4.004,-0.964],[-5.803,-1.356],[-0.042,0.091],[-2.975,6.584],[2.748,1.057],[1.609,0.537],[1.024,1.465],[0,0]],"v":[[-98.737,-129.184],[-91.711,-137.801],[-88.856,-146.936],[-90.911,-161.047],[-101.408,-178.571],[-106.115,-182.033],[-123.13,-186.081],[-137.436,-179.168],[-137.56,-178.895],[-130.529,-161.987],[-123.163,-159.282],[-119.188,-156.328],[-116.243,-151.197]],"c":false},"ix":2},"nm":"Path 1","mn":"ADBE Vector Shape - Group","hd":false},{"ty":"st","c":{"a":0,"k":[0,0,0,1],"ix":3},"o":{"a":0,"k":100,"ix":4},"w":{"a":0,"k":3,"ix":5},"lc":2,"lj":2,"bm":0,"nm":"Stroke 1","mn":"ADBE Vector Graphic - Stroke","hd":false},{"ty":"fl","c":{"a":0,"k":[0.54509806633,0.290196090937,0.243137255311,1],"ix":4},"o":{"a":0,"k":100,"ix":5},"r":1,"bm":0,"nm":"Fill 1","mn":"ADBE Vector Graphic - Fill","hd":false},{"ty":"tr","p":{"a":0,"k":[0,0],"ix":2},"a":{"a":0,"k":[0,0],"ix":1},"s":{"a":0,"k":[100,100],"ix":3},"r":{"a":0,"k":0,"ix":6},"o":{"a":0,"k":100,"ix":7},"sk":{"a":0,"k":0,"ix":4},"sa":{"a":0,"k":0,"ix":5},"nm":"Transform"}],"nm":"Group 5","np":3,"cix":2,"bm":0,"ix":5,"mn":"ADBE Vector Group","hd":false},{"ty":"gr","it":[{"ind":0,"ty":"sh","ix":1,"ks":{"a":0,"k":{"i":[[8.077,-0.738],[-0.173,7.612],[-3.739,3.569],[-4.066,1.795],[-3.925,-5.171],[0,0],[4.141,-3.2]],"o":[[-7.583,0.693],[0.081,-3.545],[3.854,-3.679],[5.939,-2.621],[0,0],[3.164,4.169],[-5.625,4.347]],"v":[[-117.306,-171.651],[-130.696,-183.913],[-125.675,-195.03],[-113.191,-203.106],[-96.373,-198.804],[-93.647,-195.212],[-95.383,-181.891]],"c":true},"ix":2},"nm":"Path 1","mn":"ADBE Vector Shape - Group","hd":false},{"ty":"st","c":{"a":0,"k":[0,0,0,1],"ix":3},"o":{"a":0,"k":100,"ix":4},"w":{"a":0,"k":3,"ix":5},"lc":2,"lj":2,"bm":0,"nm":"Stroke 1","mn":"ADBE Vector Graphic - Stroke","hd":false},{"ty":"fl","c":{"a":0,"k":[0.54509806633,0.290196090937,0.243137255311,1],"ix":4},"o":{"a":0,"k":100,"ix":5},"r":1,"bm":0,"nm":"Fill 1","mn":"ADBE Vector Graphic - Fill","hd":false},{"ty":"tr","p":{"a":0,"k":[0,0],"ix":2},"a":{"a":0,"k":[0,0],"ix":1},"s":{"a":0,"k":[100,100],"ix":3},"r":{"a":0,"k":0,"ix":6},"o":{"a":0,"k":100,"ix":7},"sk":{"a":0,"k":0,"ix":4},"sa":{"a":0,"k":0,"ix":5},"nm":"Transform"}],"nm":"Group 6","np":3,"cix":2,"bm":0,"ix":6,"mn":"ADBE Vector Group","hd":false},{"ty":"gr","it":[{"ind":0,"ty":"sh","ix":1,"ks":{"a":0,"k":{"i":[[0,0],[-25.428,-5.811]],"o":[[0,0],[0,0]],"v":[[-152.903,-146.728],[-123.163,-159.282]],"c":false},"ix":2},"nm":"Path 1","mn":"ADBE Vector Shape - Group","hd":false},{"ty":"st","c":{"a":0,"k":[0,0,0,1],"ix":3},"o":{"a":0,"k":100,"ix":4},"w":{"a":0,"k":3,"ix":5},"lc":2,"lj":2,"bm":0,"nm":"Stroke 1","mn":"ADBE Vector Graphic - Stroke","hd":false},{"ty":"fl","c":{"a":0,"k":[0.54509806633,0.290196090937,0.243137255311,1],"ix":4},"o":{"a":0,"k":100,"ix":5},"r":1,"bm":0,"nm":"Fill 1","mn":"ADBE Vector Graphic - Fill","hd":false},{"ty":"tr","p":{"a":0,"k":[0,0],"ix":2},"a":{"a":0,"k":[0,0],"ix":1},"s":{"a":0,"k":[100,100],"ix":3},"r":{"a":0,"k":0,"ix":6},"o":{"a":0,"k":100,"ix":7},"sk":{"a":0,"k":0,"ix":4},"sa":{"a":0,"k":0,"ix":5},"nm":"Transform"}],"nm":"Group 7","np":3,"cix":2,"bm":0,"ix":7,"mn":"ADBE Vector Group","hd":false},{"ty":"gr","it":[{"ind":0,"ty":"sh","ix":1,"ks":{"a":0,"k":{"i":[[-0.994,0],[0,0],[-2.494,1.512],[0,0],[-1.273,3.599],[-0.839,3.228],[2.52,4.206],[0,0],[0,0],[8.307,-4.936],[2.456,-1.589],[0.868,-6.364]],"o":[[0,0],[2.917,0],[0,0],[3.264,-1.979],[0.952,-2.691],[1.233,-4.745],[0,0],[0,0],[-6.301,-7.325],[-7.478,4.443],[-4.918,3.182],[0,0]],"v":[[-135.038,-117.295],[-121.986,-117.795],[-113.713,-120.107],[-98.737,-129.184],[-91.711,-137.801],[-88.826,-147.05],[-90.911,-161.047],[-103.037,-181.29],[-118.829,-199.648],[-144.088,-203.777],[-162.106,-192.908],[-174.545,-178.733]],"c":false},"ix":2},"nm":"Path 1","mn":"ADBE Vector Shape - Group","hd":false},{"ty":"st","c":{"a":0,"k":[0,0,0,1],"ix":3},"o":{"a":0,"k":100,"ix":4},"w":{"a":0,"k":3,"ix":5},"lc":2,"lj":2,"bm":0,"nm":"Stroke 1","mn":"ADBE Vector Graphic - Stroke","hd":false},{"ty":"fl","c":{"a":0,"k":[0.54509806633,0.290196090937,0.243137255311,1],"ix":4},"o":{"a":0,"k":100,"ix":5},"r":1,"bm":0,"nm":"Fill 1","mn":"ADBE Vector Graphic - Fill","hd":false},{"ty":"tr","p":{"a":0,"k":[0,0],"ix":2},"a":{"a":0,"k":[0,0],"ix":1},"s":{"a":0,"k":[100,100],"ix":3},"r":{"a":0,"k":0,"ix":6},"o":{"a":0,"k":100,"ix":7},"sk":{"a":0,"k":0,"ix":4},"sa":{"a":0,"k":0,"ix":5},"nm":"Transform"}],"nm":"Group 8","np":3,"cix":2,"bm":0,"ix":8,"mn":"ADBE Vector Group","hd":false},{"ty":"gr","it":[{"ind":0,"ty":"sh","ix":1,"ks":{"a":0,"k":{"i":[[0,0],[0,0],[-3.995,-5.611],[0,0],[5.894,-4.063],[0,0],[0,0],[-1.06,-7.477],[0,0],[7.449,-0.782],[15.937,2.145]],"o":[[0,0],[5.762,-3.775],[0,0],[4.152,5.831],[0,0],[0,0],[7.417,-1.422],[0,0],[1.052,7.415],[-19.969,2.097],[0,0]],"v":[[-113.466,-174.053],[-60.73,-208.6],[-43.259,-205.312],[-43.258,-205.312],[-46.426,-187.316],[-85.449,-160.418],[-42.782,-168.596],[-27.206,-157.47],[-27.206,-157.47],[-38.91,-142.468],[-111.401,-139.232]],"c":true},"ix":2},"nm":"Path 1","mn":"ADBE Vector Shape - Group","hd":false},{"ty":"st","c":{"a":0,"k":[0,0,0,1],"ix":3},"o":{"a":0,"k":100,"ix":4},"w":{"a":0,"k":3,"ix":5},"lc":2,"lj":2,"bm":0,"nm":"Stroke 1","mn":"ADBE Vector Graphic - Stroke","hd":false},{"ty":"fl","c":{"a":0,"k":[0.54509806633,0.290196090937,0.243137255311,1],"ix":4},"o":{"a":0,"k":100,"ix":5},"r":1,"bm":0,"nm":"Fill 1","mn":"ADBE Vector Graphic - Fill","hd":false},{"ty":"tr","p":{"a":0,"k":[0,0],"ix":2},"a":{"a":0,"k":[0,0],"ix":1},"s":{"a":0,"k":[100,100],"ix":3},"r":{"a":0,"k":0,"ix":6},"o":{"a":0,"k":100,"ix":7},"sk":{"a":0,"k":0,"ix":4},"sa":{"a":0,"k":0,"ix":5},"nm":"Transform"}],"nm":"Group 9","np":3,"cix":2,"bm":0,"ix":9,"mn":"ADBE Vector Group","hd":false}],"ip":0,"op":132,"st":12,"bm":0},{"ddd":0,"ind":9,"ty":4,"nm":"R_Arm_Front 3","parent":25,"sr":1,"ks":{"o":{"a":0,"k":100,"ix":11},"r":{"a":1,"k":[{"i":{"x":[0.12],"y":[1]},"o":{"x":[0.52],"y":[0]},"t":0,"s":[0]},{"i":{"x":[0.22],"y":[1]},"o":{"x":[0.52],"y":[0]},"t":16,"s":[-35]},{"i":{"x":[0.667],"y":[1]},"o":{"x":[0.333],"y":[0]},"t":34,"s":[5]},{"t":47,"s":[0]}],"ix":10},"p":{"a":0,"k":[-262.5,-79,0],"ix":2},"a":{"a":0,"k":[-262,-79,0],"ix":1},"s":{"a":0,"k":[100,100,100],"ix":6}},"ao":0,"shapes":[{"ty":"gr","it":[{"ind":0,"ty":"sh","ix":1,"ks":{"a":1,"k":[{"i":{"x":0.12,"y":1},"o":{"x":0.52,"y":0},"t":0,"s":[{"i":[[0.868,-6.364],[0,0],[0,0],[0,0]],"o":[[0,0],[0,0],[0,0],[0.791,-0.602]],"v":[[-171.609,-179.63],[-270.364,-138.95],[-214.98,-54.039],[-126.479,-120.045]],"c":false}]},{"i":{"x":0.22,"y":1},"o":{"x":0.52,"y":0},"t":16,"s":[{"i":[[0.868,-6.364],[0,0],[0,0],[0,0]],"o":[[0,0],[0,0],[0,0],[0.791,-0.602]],"v":[[-171.609,-179.63],[-270.364,-138.95],[-214.98,-54.039],[-126.479,-120.045]],"c":false}]},{"i":{"x":0.667,"y":1},"o":{"x":0.333,"y":0},"t":34,"s":[{"i":[[0.868,-6.364],[0,0],[0,0],[0,0]],"o":[[0,0],[0,0],[0,0],[0.791,-0.602]],"v":[[-171.609,-179.63],[-270.364,-138.95],[-214.98,-54.039],[-126.479,-120.045]],"c":false}]},{"t":47,"s":[{"i":[[0.868,-6.364],[0,0],[0,0],[0,0]],"o":[[0,0],[0,0],[0,0],[0.791,-0.602]],"v":[[-171.609,-179.63],[-270.364,-138.95],[-214.98,-54.039],[-126.479,-120.045]],"c":false}]}],"ix":2},"nm":"Path 1","mn":"ADBE Vector Shape - Group","hd":false},{"ty":"st","c":{"a":0,"k":[0,0,0,1],"ix":3},"o":{"a":0,"k":100,"ix":4},"w":{"a":0,"k":3,"ix":5},"lc":2,"lj":2,"bm":0,"nm":"Stroke 1","mn":"ADBE Vector Graphic - Stroke","hd":false},{"ty":"fl","c":{"a":0,"k":[0.54509806633,0.290196090937,0.243137255311,1],"ix":4},"o":{"a":0,"k":100,"ix":5},"r":1,"bm":0,"nm":"Fill 1","mn":"ADBE Vector Graphic - Fill","hd":false},{"ty":"tr","p":{"a":0,"k":[0,0],"ix":2},"a":{"a":0,"k":[0,0],"ix":1},"s":{"a":0,"k":[100,100],"ix":3},"r":{"a":0,"k":0,"ix":6},"o":{"a":0,"k":100,"ix":7},"sk":{"a":0,"k":0,"ix":4},"sa":{"a":0,"k":0,"ix":5},"nm":"Transform"}],"nm":"Group 1","np":3,"cix":2,"bm":0,"ix":1,"mn":"ADBE Vector Group","hd":false},{"ty":"gr","it":[{"ind":0,"ty":"sh","ix":1,"ks":{"a":1,"k":[{"i":{"x":0.12,"y":1},"o":{"x":0.52,"y":0},"t":0,"s":[{"i":[[0,0],[0,0],[0,0],[12.526,-7.053],[-17.586,-26.723]],"o":[[0,0],[0,0],[0,0],[-27.875,15.696],[0,0]],"v":[[-241.438,-41.455],[-196.066,-73.473],[-243.344,-140.95],[-266.163,-128.9],[-285.514,-50.398]],"c":false}]},{"i":{"x":0.22,"y":1},"o":{"x":0.52,"y":0},"t":16,"s":[{"i":[[0,0],[0,0],[0,0],[12.526,-7.053],[-5.405,-25.657]],"o":[[0,0],[0,0],[0,0],[-27.875,15.696],[0,0]],"v":[[-241.438,-41.455],[-196.066,-73.473],[-243.344,-140.95],[-266.163,-128.9],[-297.064,-56.349]],"c":false}]},{"i":{"x":0.667,"y":1},"o":{"x":0.333,"y":0},"t":34,"s":[{"i":[[0,0],[0,0],[0,0],[12.526,-7.053],[-17.586,-26.723]],"o":[[0,0],[0,0],[0,0],[-27.875,15.696],[0,0]],"v":[[-241.438,-41.455],[-196.066,-73.473],[-243.344,-140.95],[-266.163,-128.9],[-283.998,-50.279]],"c":false}]},{"t":47,"s":[{"i":[[0,0],[0,0],[0,0],[12.526,-7.053],[-17.586,-26.723]],"o":[[0,0],[0,0],[0,0],[-27.875,15.696],[0,0]],"v":[[-241.438,-41.455],[-196.066,-73.473],[-243.344,-140.95],[-266.163,-128.9],[-285.514,-50.398]],"c":false}]}],"ix":2},"nm":"Path 1","mn":"ADBE Vector Shape - Group","hd":false},{"ty":"st","c":{"a":0,"k":[0,0,0,1],"ix":3},"o":{"a":0,"k":100,"ix":4},"w":{"a":0,"k":3,"ix":5},"lc":2,"lj":2,"bm":0,"nm":"Stroke 1","mn":"ADBE Vector Graphic - Stroke","hd":false},{"ty":"tr","p":{"a":0,"k":[0,0],"ix":2},"a":{"a":0,"k":[0,0],"ix":1},"s":{"a":0,"k":[100,100],"ix":3},"r":{"a":0,"k":0,"ix":6},"o":{"a":0,"k":100,"ix":7},"sk":{"a":0,"k":0,"ix":4},"sa":{"a":0,"k":0,"ix":5},"nm":"Transform"}],"nm":"Group 2","np":2,"cix":2,"bm":0,"ix":2,"mn":"ADBE Vector Group","hd":false},{"ty":"gr","it":[{"ind":0,"ty":"sh","ix":1,"ks":{"a":1,"k":[{"i":{"x":0.12,"y":1},"o":{"x":0.52,"y":0},"t":0,"s":[{"i":[[-7.418,5.235],[0,0],[0,0],[12.526,-7.053],[-17.586,-26.723],[-8.617,-3.387]],"o":[[0,0],[0,0],[0,0],[-27.875,15.696],[0.098,0.149],[9.473,3.723]],"v":[[-241.438,-41.455],[-196.066,-73.473],[-243.344,-140.95],[-266.163,-128.9],[-285.514,-50.398],[-262.124,-57.629]],"c":true}]},{"i":{"x":0.22,"y":1},"o":{"x":0.52,"y":0},"t":16,"s":[{"i":[[-7.418,5.235],[0,0],[0,0],[12.526,-7.053],[-5.221,-24.613],[-8.617,-3.387]],"o":[[0,0],[0,0],[0,0],[-27.875,15.696],[0.037,0.174],[9.473,3.723]],"v":[[-241.438,-41.455],[-196.066,-73.473],[-243.344,-140.95],[-266.163,-128.9],[-297.064,-56.349],[-262.124,-57.629]],"c":true}]},{"i":{"x":0.667,"y":1},"o":{"x":0.333,"y":0},"t":34,"s":[{"i":[[-7.418,5.235],[0,0],[0,0],[12.526,-7.053],[-17.586,-26.723],[-8.617,-3.387]],"o":[[0,0],[0,0],[0,0],[-27.875,15.696],[0.098,0.149],[9.473,3.723]],"v":[[-241.438,-41.455],[-196.066,-73.473],[-243.344,-140.95],[-266.163,-128.9],[-283.998,-50.279],[-262.124,-57.629]],"c":true}]},{"t":47,"s":[{"i":[[-7.418,5.235],[0,0],[0,0],[12.526,-7.053],[-17.586,-26.723],[-8.617,-3.387]],"o":[[0,0],[0,0],[0,0],[-27.875,15.696],[0.098,0.149],[9.473,3.723]],"v":[[-241.438,-41.455],[-196.066,-73.473],[-243.344,-140.95],[-266.163,-128.9],[-285.514,-50.398],[-262.124,-57.629]],"c":true}]}],"ix":2},"nm":"Path 1","mn":"ADBE Vector Shape - Group","hd":false},{"ty":"fl","c":{"a":0,"k":[0.349019616842,0.501960813999,0.847058832645,1],"ix":4},"o":{"a":0,"k":100,"ix":5},"r":1,"bm":0,"nm":"Fill 1","mn":"ADBE Vector Graphic - Fill","hd":false},{"ty":"tr","p":{"a":0,"k":[0,0],"ix":2},"a":{"a":0,"k":[0,0],"ix":1},"s":{"a":0,"k":[100,100],"ix":3},"r":{"a":0,"k":0,"ix":6},"o":{"a":0,"k":100,"ix":7},"sk":{"a":0,"k":0,"ix":4},"sa":{"a":0,"k":0,"ix":5},"nm":"Transform"}],"nm":"Group 3","np":2,"cix":2,"bm":0,"ix":3,"mn":"ADBE Vector Group","hd":false}],"ip":0,"op":132,"st":12,"bm":0},{"ddd":0,"ind":10,"ty":3,"nm":"Null 1","parent":19,"sr":1,"ks":{"o":{"a":0,"k":0,"ix":11},"r":{"a":0,"k":0,"ix":10},"p":{"a":1,"k":[{"i":{"x":0.667,"y":0.667},"o":{"x":0.333,"y":0.333},"t":3,"s":[-3.186,-145.658,0],"to":[0,0,0],"ti":[0,0,0]},{"i":{"x":0.667,"y":1},"o":{"x":0.333,"y":0},"t":17,"s":[-3.186,-145.658,0],"to":[0,-1.5,0],"ti":[0,0,0]},{"i":{"x":0.17,"y":1},"o":{"x":0.333,"y":0},"t":26,"s":[-3.186,-154.658,0],"to":[0,0,0],"ti":[0,-1.5,0]},{"i":{"x":0.667,"y":0.667},"o":{"x":0.418,"y":0.418},"t":43,"s":[-3.186,-145.658,0],"to":[0,0,0],"ti":[0,0,0]},{"i":{"x":0.667,"y":1},"o":{"x":0.333,"y":0},"t":88,"s":[-3.186,-145.658,0],"to":[0,-1.5,0],"ti":[0,0,0]},{"i":{"x":0.17,"y":1},"o":{"x":0.333,"y":0},"t":97,"s":[-3.186,-154.658,0],"to":[0,0,0],"ti":[0,-1.5,0]},{"t":114,"s":[-3.186,-145.658,0]}],"ix":2},"a":{"a":0,"k":[50,50,0],"ix":1},"s":{"a":0,"k":[100,100,100],"ix":6}},"ao":0,"ip":0,"op":132,"st":12,"bm":0},{"ddd":0,"ind":11,"ty":4,"nm":"Eyebrow","parent":10,"sr":1,"ks":{"o":{"a":0,"k":100,"ix":11},"r":{"a":0,"k":0,"ix":10},"p":{"a":1,"k":[{"i":{"x":0.24,"y":1},"o":{"x":0.76,"y":0},"t":18,"s":[51.905,12.833,0],"to":[0,2.667,0],"ti":[0,0,0]},{"i":{"x":0.24,"y":1},"o":{"x":0.76,"y":0},"t":29,"s":[51.905,28.833,0],"to":[0,0,0],"ti":[0,2.667,0]},{"i":{"x":0.833,"y":1},"o":{"x":0.2,"y":0},"t":41,"s":[51.905,12.833,0],"to":[0,0,0],"ti":[0,0,0]},{"i":{"x":0.24,"y":1},"o":{"x":0.76,"y":0},"t":90,"s":[51.905,12.833,0],"to":[0,2.667,0],"ti":[0,0,0]},{"i":{"x":0.24,"y":1},"o":{"x":0.76,"y":0},"t":101,"s":[51.905,28.833,0],"to":[0,0,0],"ti":[0,2.667,0]},{"t":113,"s":[51.905,12.833,0]}],"ix":2},"a":{"a":0,"k":[-1.281,-182.825,0],"ix":1},"s":{"a":0,"k":[100,100,100],"ix":6}},"ao":0,"shapes":[{"ty":"gr","it":[{"ind":0,"ty":"sh","ix":1,"ks":{"a":0,"k":{"i":[[0.812,0.008],[0.839,1.377],[-2.122,1.294],[-9.995,-8.381],[1.596,-1.904],[1.904,1.596],[2.51,-1.53]],"o":[[-1.503,-0.014],[-1.294,-2.122],[3.253,-1.984],[1.905,1.597],[-1.597,1.905],[-5.251,-4.403],[-0.745,0.454]],"v":[[-11.02,-176.837],[-14.824,-178.995],[-13.324,-185.18],[11.311,-184.6],[11.867,-178.261],[5.528,-177.704],[-8.639,-177.496]],"c":true},"ix":2},"nm":"Path 1","mn":"ADBE Vector Shape - Group","hd":false},{"ty":"fl","c":{"a":0,"k":[0,0,0,1],"ix":4},"o":{"a":0,"k":100,"ix":5},"r":1,"bm":0,"nm":"Fill 1","mn":"ADBE Vector Graphic - Fill","hd":false},{"ty":"tr","p":{"a":0,"k":[0,0],"ix":2},"a":{"a":0,"k":[0,0],"ix":1},"s":{"a":0,"k":[100,100],"ix":3},"r":{"a":0,"k":0,"ix":6},"o":{"a":0,"k":100,"ix":7},"sk":{"a":0,"k":0,"ix":4},"sa":{"a":0,"k":0,"ix":5},"nm":"Transform"}],"nm":"Group 1","np":2,"cix":2,"bm":0,"ix":1,"mn":"ADBE Vector Group","hd":false}],"ip":0,"op":132,"st":12,"bm":0},{"ddd":0,"ind":12,"ty":4,"nm":"Closed_Eyes","parent":10,"sr":1,"ks":{"o":{"a":1,"k":[{"t":22,"s":[0],"h":1},{"t":23,"s":[100],"h":1},{"t":32,"s":[100],"h":1},{"t":33,"s":[0],"h":1},{"t":94,"s":[0],"h":1},{"t":95,"s":[100],"h":1},{"t":104,"s":[100],"h":1},{"t":105,"s":[0],"h":1}],"ix":11},"r":{"a":0,"k":0,"ix":10},"p":{"a":0,"k":[49.311,54.852,0],"ix":2},"a":{"a":0,"k":[-1.875,-49.806,0],"ix":1},"s":{"a":0,"k":[100,100,100],"ix":6}},"ao":0,"shapes":[{"ty":"gr","it":[{"ind":0,"ty":"sh","ix":1,"ks":{"a":0,"k":{"i":[[0,0],[-28.25,-16]],"o":[[0,0],[28.25,16]],"v":[[-26.25,-46.25],[22.5,-46.25]],"c":false},"ix":2},"nm":"Path 1","mn":"ADBE Vector Shape - Group","hd":false},{"ty":"st","c":{"a":0,"k":[0,0,0,1],"ix":3},"o":{"a":0,"k":100,"ix":4},"w":{"a":0,"k":13,"ix":5},"lc":2,"lj":1,"ml":4,"bm":0,"nm":"Stroke 1","mn":"ADBE Vector Graphic - Stroke","hd":false},{"ty":"tr","p":{"a":0,"k":[0,0],"ix":2},"a":{"a":0,"k":[0,0],"ix":1},"s":{"a":0,"k":[100,100],"ix":3},"r":{"a":0,"k":0,"ix":6},"o":{"a":0,"k":100,"ix":7},"sk":{"a":0,"k":0,"ix":4},"sa":{"a":0,"k":0,"ix":5},"nm":"Transform"}],"nm":"Shape 1","np":3,"cix":2,"bm":0,"ix":1,"mn":"ADBE Vector Group","hd":false}],"ip":0,"op":132,"st":12,"bm":0},{"ddd":0,"ind":13,"ty":4,"nm":"Eyelid","parent":10,"sr":1,"ks":{"o":{"a":1,"k":[{"t":22,"s":[100],"h":1},{"t":23,"s":[0],"h":1},{"t":32,"s":[0],"h":1},{"t":33,"s":[100],"h":1},{"t":94,"s":[100],"h":1},{"t":95,"s":[0],"h":1},{"t":104,"s":[0],"h":1},{"t":105,"s":[100],"h":1}],"ix":11},"r":{"a":0,"k":0,"ix":10},"p":{"a":0,"k":[49.081,71.59,0],"ix":2},"a":{"a":0,"k":[-4.105,-124.068,0],"ix":1},"s":{"a":0,"k":[100,100,100],"ix":6}},"ao":0,"shapes":[{"ty":"gr","it":[{"ind":0,"ty":"sh","ix":1,"ks":{"a":1,"k":[{"i":{"x":0.09,"y":1},"o":{"x":0.91,"y":0},"t":16,"s":[{"i":[[-3.451,10.155],[7.767,-4.271],[-9.099,-0.087]],"o":[[-16.535,-10.514],[3.412,9.787],[9.35,0.089]],"v":[[16.47,-129.837],[-24.68,-129.418],[-4.408,-112.674]],"c":true}]},{"i":{"x":0.09,"y":1},"o":{"x":0.91,"y":0},"t":27,"s":[{"i":[[-3.451,3.535],[7.767,-1.487],[-9.099,-0.03]],"o":[[-16.535,-3.66],[3.412,3.407],[9.35,0.031]],"v":[[16.47,-139.09],[-24.68,-138.944],[-4.408,-133.116]],"c":true}]},{"i":{"x":0.833,"y":1},"o":{"x":0.167,"y":0},"t":39,"s":[{"i":[[-3.451,10.155],[7.767,-4.271],[-9.099,-0.087]],"o":[[-16.535,-10.514],[3.412,9.787],[9.35,0.089]],"v":[[16.47,-129.837],[-24.68,-129.418],[-4.408,-112.674]],"c":true}]},{"i":{"x":0.09,"y":1},"o":{"x":0.91,"y":0},"t":88,"s":[{"i":[[-3.451,10.155],[7.767,-4.271],[-9.099,-0.087]],"o":[[-16.535,-10.514],[3.412,9.787],[9.35,0.089]],"v":[[16.47,-129.837],[-24.68,-129.418],[-4.408,-112.674]],"c":true}]},{"i":{"x":0.09,"y":1},"o":{"x":0.91,"y":0},"t":99,"s":[{"i":[[-3.451,3.535],[7.767,-1.487],[-9.099,-0.03]],"o":[[-16.535,-3.66],[3.412,3.407],[9.35,0.031]],"v":[[16.47,-139.09],[-24.68,-138.944],[-4.408,-133.116]],"c":true}]},{"t":111,"s":[{"i":[[-3.451,10.155],[7.767,-4.271],[-9.099,-0.087]],"o":[[-16.535,-10.514],[3.412,9.787],[9.35,0.089]],"v":[[16.47,-129.837],[-24.68,-129.418],[-4.408,-112.674]],"c":true}]}],"ix":2},"nm":"Path 1","mn":"ADBE Vector Shape - Group","hd":false},{"ty":"st","c":{"a":0,"k":[0,0,0,1],"ix":3},"o":{"a":0,"k":100,"ix":4},"w":{"a":0,"k":1.021,"ix":5},"lc":2,"lj":2,"bm":0,"nm":"Stroke 1","mn":"ADBE Vector Graphic - Stroke","hd":false},{"ty":"fl","c":{"a":0,"k":[0.219607844949,0.278431385756,0.686274528503,1],"ix":4},"o":{"a":0,"k":100,"ix":5},"r":1,"bm":0,"nm":"Fill 1","mn":"ADBE Vector Graphic - Fill","hd":false},{"ty":"tr","p":{"a":0,"k":[0,0],"ix":2},"a":{"a":0,"k":[0,0],"ix":1},"s":{"a":0,"k":[100,100],"ix":3},"r":{"a":0,"k":0,"ix":6},"o":{"a":0,"k":100,"ix":7},"sk":{"a":0,"k":0,"ix":4},"sa":{"a":0,"k":0,"ix":5},"nm":"Transform"}],"nm":"Group 1","np":3,"cix":2,"bm":0,"ix":1,"mn":"ADBE Vector Group","hd":false}],"ip":0,"op":132,"st":12,"bm":0},{"ddd":0,"ind":14,"ty":4,"nm":"Eyeball 2","parent":10,"td":1,"sr":1,"ks":{"o":{"a":1,"k":[{"t":22,"s":[100],"h":1},{"t":23,"s":[0],"h":1},{"t":32,"s":[0],"h":1},{"t":33,"s":[100],"h":1},{"t":94,"s":[100],"h":1},{"t":95,"s":[0],"h":1},{"t":104,"s":[0],"h":1},{"t":105,"s":[100],"h":1}],"ix":11},"r":{"a":0,"k":0,"ix":10},"p":{"a":0,"k":[49.046,54.955,0],"ix":2},"a":{"a":0,"k":[-4.14,-140.703,0],"ix":1},"s":{"a":0,"k":[100,100,100],"ix":6}},"ao":0,"shapes":[{"ty":"gr","it":[{"ind":0,"ty":"sh","ix":1,"ks":{"a":1,"k":[{"i":{"x":0.09,"y":1},"o":{"x":0.91,"y":0},"t":16,"s":[{"i":[[0.148,-15.48],[12.369,0.118],[-0.148,15.48],[-12.369,-0.118]],"o":[[-0.148,15.48],[-12.369,-0.118],[0.148,-15.48],[12.369,0.118]],"v":[[18.255,-140.489],[-4.408,-112.674],[-26.536,-140.917],[-3.873,-168.732]],"c":true}]},{"i":{"x":0.09,"y":1},"o":{"x":0.91,"y":0},"t":27,"s":[{"i":[[0.148,-5.525],[12.369,0.042],[-0.148,5.525],[-12.369,-0.042]],"o":[[-0.148,5.525],[-12.369,-0.042],[0.148,-5.525],[12.369,0.042]],"v":[[18.255,-143.377],[-4.408,-133.448],[-26.536,-143.529],[-3.873,-153.458]],"c":true}]},{"i":{"x":0.833,"y":1},"o":{"x":0.167,"y":0},"t":39,"s":[{"i":[[0.148,-15.48],[12.369,0.118],[-0.148,15.48],[-12.369,-0.118]],"o":[[-0.148,15.48],[-12.369,-0.118],[0.148,-15.48],[12.369,0.118]],"v":[[18.255,-140.489],[-4.408,-112.674],[-26.536,-140.917],[-3.873,-168.732]],"c":true}]},{"i":{"x":0.09,"y":1},"o":{"x":0.91,"y":0},"t":88,"s":[{"i":[[0.148,-15.48],[12.369,0.118],[-0.148,15.48],[-12.369,-0.118]],"o":[[-0.148,15.48],[-12.369,-0.118],[0.148,-15.48],[12.369,0.118]],"v":[[18.255,-140.489],[-4.408,-112.674],[-26.536,-140.917],[-3.873,-168.732]],"c":true}]},{"i":{"x":0.09,"y":1},"o":{"x":0.91,"y":0},"t":99,"s":[{"i":[[0.148,-5.525],[12.369,0.042],[-0.148,5.525],[-12.369,-0.042]],"o":[[-0.148,5.525],[-12.369,-0.042],[0.148,-5.525],[12.369,0.042]],"v":[[18.255,-143.377],[-4.408,-133.448],[-26.536,-143.529],[-3.873,-153.458]],"c":true}]},{"t":111,"s":[{"i":[[0.148,-15.48],[12.369,0.118],[-0.148,15.48],[-12.369,-0.118]],"o":[[-0.148,15.48],[-12.369,-0.118],[0.148,-15.48],[12.369,0.118]],"v":[[18.255,-140.489],[-4.408,-112.674],[-26.536,-140.917],[-3.873,-168.732]],"c":true}]}],"ix":2},"nm":"Path 1","mn":"ADBE Vector Shape - Group","hd":false},{"ty":"st","c":{"a":0,"k":[0,0,0,1],"ix":3},"o":{"a":0,"k":100,"ix":4},"w":{"a":0,"k":1,"ix":5},"lc":2,"lj":2,"bm":0,"nm":"Stroke 1","mn":"ADBE Vector Graphic - Stroke","hd":false},{"ty":"fl","c":{"a":0,"k":[1,1,1,1],"ix":4},"o":{"a":0,"k":100,"ix":5},"r":1,"bm":0,"nm":"Fill 1","mn":"ADBE Vector Graphic - Fill","hd":false},{"ty":"tr","p":{"a":0,"k":[0,0],"ix":2},"a":{"a":0,"k":[0,0],"ix":1},"s":{"a":0,"k":[100,100],"ix":3},"r":{"a":0,"k":0,"ix":6},"o":{"a":0,"k":100,"ix":7},"sk":{"a":0,"k":0,"ix":4},"sa":{"a":0,"k":0,"ix":5},"nm":"Transform"}],"nm":"Group 1","np":3,"cix":2,"bm":0,"ix":1,"mn":"ADBE Vector Group","hd":false}],"ip":0,"op":132,"st":12,"bm":0},{"ddd":0,"ind":15,"ty":4,"nm":"Eye","parent":10,"tt":1,"sr":1,"ks":{"o":{"a":1,"k":[{"t":22,"s":[100],"h":1},{"t":23,"s":[0],"h":1},{"t":32,"s":[0],"h":1},{"t":33,"s":[100],"h":1},{"t":94,"s":[100],"h":1},{"t":95,"s":[0],"h":1},{"t":104,"s":[0],"h":1},{"t":105,"s":[100],"h":1}],"ix":11},"r":{"a":0,"k":0,"ix":10},"p":{"a":0,"k":[48.766,55.502,0],"ix":2},"a":{"a":0,"k":[-4.42,-140.156,0],"ix":1},"s":{"a":0,"k":[100,100,100],"ix":6}},"ao":0,"shapes":[{"ty":"gr","it":[{"ind":0,"ty":"sh","ix":1,"ks":{"a":0,"k":{"i":[[0.073,-7.588],[4.325,0.041],[-0.073,7.588],[-4.325,-0.041]],"o":[[-0.073,7.588],[-4.325,-0.041],[0.073,-7.588],[4.325,0.041]],"v":[[3.411,-140.081],[-4.552,-126.416],[-12.252,-140.231],[-4.289,-153.896]],"c":true},"ix":2},"nm":"Path 1","mn":"ADBE Vector Shape - Group","hd":false},{"ty":"fl","c":{"a":0,"k":[0,0,0,1],"ix":4},"o":{"a":0,"k":100,"ix":5},"r":1,"bm":0,"nm":"Fill 1","mn":"ADBE Vector Graphic - Fill","hd":false},{"ty":"tr","p":{"a":0,"k":[0,0],"ix":2},"a":{"a":0,"k":[0,0],"ix":1},"s":{"a":0,"k":[100,100],"ix":3},"r":{"a":0,"k":0,"ix":6},"o":{"a":0,"k":100,"ix":7},"sk":{"a":0,"k":0,"ix":4},"sa":{"a":0,"k":0,"ix":5},"nm":"Transform"}],"nm":"Group 1","np":2,"cix":2,"bm":0,"ix":1,"mn":"ADBE Vector Group","hd":false}],"ip":0,"op":132,"st":12,"bm":0},{"ddd":0,"ind":16,"ty":4,"nm":"Eyeball","parent":10,"sr":1,"ks":{"o":{"a":1,"k":[{"t":22,"s":[100],"h":1},{"t":23,"s":[0],"h":1},{"t":32,"s":[0],"h":1},{"t":33,"s":[100],"h":1},{"t":94,"s":[100],"h":1},{"t":95,"s":[0],"h":1},{"t":104,"s":[0],"h":1},{"t":105,"s":[100],"h":1}],"ix":11},"r":{"a":0,"k":0,"ix":10},"p":{"a":0,"k":[49.046,54.955,0],"ix":2},"a":{"a":0,"k":[-4.14,-140.703,0],"ix":1},"s":{"a":0,"k":[100,100,100],"ix":6}},"ao":0,"shapes":[{"ty":"gr","it":[{"ind":0,"ty":"sh","ix":1,"ks":{"a":1,"k":[{"i":{"x":0.09,"y":1},"o":{"x":0.91,"y":0},"t":16,"s":[{"i":[[0.148,-15.48],[12.369,0.118],[-0.148,15.48],[-12.369,-0.118]],"o":[[-0.148,15.48],[-12.369,-0.118],[0.148,-15.48],[12.369,0.118]],"v":[[18.255,-140.489],[-4.408,-112.674],[-26.536,-140.917],[-3.873,-168.732]],"c":true}]},{"i":{"x":0.09,"y":1},"o":{"x":0.91,"y":0},"t":27,"s":[{"i":[[0.148,-5.525],[12.369,0.042],[-0.148,5.525],[-12.369,-0.042]],"o":[[-0.148,5.525],[-12.369,-0.042],[0.148,-5.525],[12.369,0.042]],"v":[[18.255,-143.377],[-4.408,-133.448],[-26.536,-143.529],[-3.873,-153.458]],"c":true}]},{"i":{"x":0.833,"y":1},"o":{"x":0.167,"y":0},"t":39,"s":[{"i":[[0.148,-15.48],[12.369,0.118],[-0.148,15.48],[-12.369,-0.118]],"o":[[-0.148,15.48],[-12.369,-0.118],[0.148,-15.48],[12.369,0.118]],"v":[[18.255,-140.489],[-4.408,-112.674],[-26.536,-140.917],[-3.873,-168.732]],"c":true}]},{"i":{"x":0.09,"y":1},"o":{"x":0.91,"y":0},"t":88,"s":[{"i":[[0.148,-15.48],[12.369,0.118],[-0.148,15.48],[-12.369,-0.118]],"o":[[-0.148,15.48],[-12.369,-0.118],[0.148,-15.48],[12.369,0.118]],"v":[[18.255,-140.489],[-4.408,-112.674],[-26.536,-140.917],[-3.873,-168.732]],"c":true}]},{"i":{"x":0.09,"y":1},"o":{"x":0.91,"y":0},"t":99,"s":[{"i":[[0.148,-5.525],[12.369,0.042],[-0.148,5.525],[-12.369,-0.042]],"o":[[-0.148,5.525],[-12.369,-0.042],[0.148,-5.525],[12.369,0.042]],"v":[[18.255,-143.377],[-4.408,-133.448],[-26.536,-143.529],[-3.873,-153.458]],"c":true}]},{"t":111,"s":[{"i":[[0.148,-15.48],[12.369,0.118],[-0.148,15.48],[-12.369,-0.118]],"o":[[-0.148,15.48],[-12.369,-0.118],[0.148,-15.48],[12.369,0.118]],"v":[[18.255,-140.489],[-4.408,-112.674],[-26.536,-140.917],[-3.873,-168.732]],"c":true}]}],"ix":2},"nm":"Path 1","mn":"ADBE Vector Shape - Group","hd":false},{"ty":"st","c":{"a":0,"k":[0,0,0,1],"ix":3},"o":{"a":0,"k":100,"ix":4},"w":{"a":0,"k":1,"ix":5},"lc":2,"lj":2,"bm":0,"nm":"Stroke 1","mn":"ADBE Vector Graphic - Stroke","hd":false},{"ty":"fl","c":{"a":0,"k":[1,1,1,1],"ix":4},"o":{"a":0,"k":100,"ix":5},"r":1,"bm":0,"nm":"Fill 1","mn":"ADBE Vector Graphic - Fill","hd":false},{"ty":"tr","p":{"a":0,"k":[0,0],"ix":2},"a":{"a":0,"k":[0,0],"ix":1},"s":{"a":0,"k":[100,100],"ix":3},"r":{"a":0,"k":0,"ix":6},"o":{"a":0,"k":100,"ix":7},"sk":{"a":0,"k":0,"ix":4},"sa":{"a":0,"k":0,"ix":5},"nm":"Transform"}],"nm":"Group 1","np":3,"cix":2,"bm":0,"ix":1,"mn":"ADBE Vector Group","hd":false}],"ip":0,"op":132,"st":12,"bm":0},{"ddd":0,"ind":17,"ty":4,"nm":"Mouth","parent":10,"sr":1,"ks":{"o":{"a":0,"k":100,"ix":11},"r":{"a":0,"k":0,"ix":10},"p":{"a":0,"k":[48.095,87.167,0],"ix":2},"a":{"a":0,"k":[-5.091,-108.491,0],"ix":1},"s":{"a":0,"k":[100,100,100],"ix":6}},"ao":0,"shapes":[{"ty":"gr","it":[{"ind":0,"ty":"sh","ix":1,"ks":{"a":0,"k":{"i":[[0,0],[-37.527,7.853],[-5.076,7.875]],"o":[[0,0],[11.296,-2.364],[0,0]],"v":[[-43.216,-120.676],[9.083,-97.582],[33.034,-114.281]],"c":false},"ix":2},"nm":"Path 1","mn":"ADBE Vector Shape - Group","hd":false},{"ty":"st","c":{"a":0,"k":[0,0,0,1],"ix":3},"o":{"a":0,"k":100,"ix":4},"w":{"a":0,"k":1,"ix":5},"lc":2,"lj":2,"bm":0,"nm":"Stroke 1","mn":"ADBE Vector Graphic - Stroke","hd":false},{"ty":"tr","p":{"a":0,"k":[0,0],"ix":2},"a":{"a":0,"k":[0,0],"ix":1},"s":{"a":0,"k":[100,100],"ix":3},"r":{"a":0,"k":0,"ix":6},"o":{"a":0,"k":100,"ix":7},"sk":{"a":0,"k":0,"ix":4},"sa":{"a":0,"k":0,"ix":5},"nm":"Transform"}],"nm":"Group 1","np":2,"cix":2,"bm":0,"ix":1,"mn":"ADBE Vector Group","hd":false},{"ty":"gr","it":[{"ind":0,"ty":"sh","ix":1,"ks":{"a":0,"k":{"i":[[-0.627,-4.04],[-0.368,-3.696],[-3.484,4.45],[2.958,1.375]],"o":[[0.653,4.208],[5.67,-2.581],[-1.975,-3.763],[-3.708,-1.723]],"v":[[15.552,-113.023],[17.118,-100.197],[30.716,-111.031],[22.741,-118.446]],"c":true},"ix":2},"nm":"Path 1","mn":"ADBE Vector Shape - Group","hd":false},{"ty":"st","c":{"a":0,"k":[0,0,0,1],"ix":3},"o":{"a":0,"k":100,"ix":4},"w":{"a":0,"k":1,"ix":5},"lc":2,"lj":2,"bm":0,"nm":"Stroke 1","mn":"ADBE Vector Graphic - Stroke","hd":false},{"ty":"fl","c":{"a":0,"k":[1,1,1,1],"ix":4},"o":{"a":0,"k":100,"ix":5},"r":1,"bm":0,"nm":"Fill 1","mn":"ADBE Vector Graphic - Fill","hd":false},{"ty":"tr","p":{"a":0,"k":[0,0],"ix":2},"a":{"a":0,"k":[0,0],"ix":1},"s":{"a":0,"k":[100,100],"ix":3},"r":{"a":0,"k":0,"ix":6},"o":{"a":0,"k":100,"ix":7},"sk":{"a":0,"k":0,"ix":4},"sa":{"a":0,"k":0,"ix":5},"nm":"Transform"}],"nm":"Group 2","np":3,"cix":2,"bm":0,"ix":2,"mn":"ADBE Vector Group","hd":false}],"ip":0,"op":132,"st":12,"bm":0},{"ddd":0,"ind":18,"ty":4,"nm":"Head 2","parent":17,"sr":1,"ks":{"o":{"a":0,"k":100,"ix":11},"r":{"a":0,"k":0,"ix":10},"p":{"a":0,"k":[-3.876,-20.681,0],"ix":2},"a":{"a":0,"k":[-3.876,-20.681,0],"ix":1},"s":{"a":0,"k":[100,100,100],"ix":6}},"ao":0,"shapes":[{"ty":"gr","it":[{"ty":"gr","it":[{"ind":0,"ty":"sh","ix":1,"ks":{"a":0,"k":{"i":[[0,0],[0,0]],"o":[[0,0],[0,0]],"v":[[28.672,-127.77],[35.477,-120.972]],"c":false},"ix":2},"nm":"Path 1","mn":"ADBE Vector Shape - Group","hd":false},{"ty":"st","c":{"a":0,"k":[0,0,0,1],"ix":3},"o":{"a":0,"k":100,"ix":4},"w":{"a":0,"k":1,"ix":5},"lc":2,"lj":2,"bm":0,"nm":"Stroke 1","mn":"ADBE Vector Graphic - Stroke","hd":false},{"ty":"tr","p":{"a":0,"k":[0,0],"ix":2},"a":{"a":0,"k":[0,0],"ix":1},"s":{"a":0,"k":[100,100],"ix":3},"r":{"a":0,"k":0,"ix":6},"o":{"a":0,"k":100,"ix":7},"sk":{"a":0,"k":0,"ix":4},"sa":{"a":0,"k":0,"ix":5},"nm":"Transform"}],"nm":"Group 1","np":2,"cix":2,"bm":0,"ix":1,"mn":"ADBE Vector Group","hd":false},{"ty":"gr","it":[{"ind":0,"ty":"sh","ix":1,"ks":{"a":0,"k":{"i":[[0,0],[0,0]],"o":[[0,0],[0,0]],"v":[[25.203,-124.231],[32.008,-117.433]],"c":false},"ix":2},"nm":"Path 1","mn":"ADBE Vector Shape - Group","hd":false},{"ty":"st","c":{"a":0,"k":[0,0,0,1],"ix":3},"o":{"a":0,"k":100,"ix":4},"w":{"a":0,"k":1,"ix":5},"lc":2,"lj":2,"bm":0,"nm":"Stroke 1","mn":"ADBE Vector Graphic - Stroke","hd":false},{"ty":"tr","p":{"a":0,"k":[0,0],"ix":2},"a":{"a":0,"k":[0,0],"ix":1},"s":{"a":0,"k":[100,100],"ix":3},"r":{"a":0,"k":0,"ix":6},"o":{"a":0,"k":100,"ix":7},"sk":{"a":0,"k":0,"ix":4},"sa":{"a":0,"k":0,"ix":5},"nm":"Transform"}],"nm":"Group 2","np":2,"cix":2,"bm":0,"ix":2,"mn":"ADBE Vector Group","hd":false},{"ty":"tr","p":{"a":0,"k":[0,0],"ix":2},"a":{"a":0,"k":[0,0],"ix":1},"s":{"a":0,"k":[100,100],"ix":3},"r":{"a":0,"k":0,"ix":6},"o":{"a":0,"k":100,"ix":7},"sk":{"a":0,"k":0,"ix":4},"sa":{"a":0,"k":0,"ix":5},"nm":"Transform"}],"nm":"Group 1","np":2,"cix":2,"bm":0,"ix":1,"mn":"ADBE Vector Group","hd":false},{"ty":"gr","it":[{"ind":0,"ty":"sh","ix":1,"ks":{"a":0,"k":{"i":[[0.103,-10.813],[10.813,0.103],[-0.103,10.813],[-10.813,-0.103]],"o":[[-0.103,10.813],[-10.813,-0.103],[0.103,-10.813],[10.813,0.103]],"v":[[62.481,-117.079],[42.714,-97.687],[23.322,-117.454],[43.089,-136.846]],"c":true},"ix":2},"nm":"Path 1","mn":"ADBE Vector Shape - Group","hd":false},{"ty":"fl","c":{"a":0,"k":[0.219607844949,0.278431385756,0.686274528503,1],"ix":4},"o":{"a":0,"k":100,"ix":5},"r":1,"bm":0,"nm":"Fill 1","mn":"ADBE Vector Graphic - Fill","hd":false},{"ty":"tr","p":{"a":0,"k":[0,0],"ix":2},"a":{"a":0,"k":[0,0],"ix":1},"s":{"a":0,"k":[100,100],"ix":3},"r":{"a":0,"k":0,"ix":6},"o":{"a":0,"k":90,"ix":7},"sk":{"a":0,"k":0,"ix":4},"sa":{"a":0,"k":0,"ix":5},"nm":"Transform"}],"nm":"Group 2","np":2,"cix":2,"bm":0,"ix":2,"mn":"ADBE Vector Group","hd":false},{"ty":"gr","it":[{"ty":"gr","it":[{"ind":0,"ty":"sh","ix":1,"ks":{"a":0,"k":{"i":[[0,0],[0,0]],"o":[[0,0],[0,0]],"v":[[-41.209,-124.078],[-34.041,-130.492]],"c":false},"ix":2},"nm":"Path 1","mn":"ADBE Vector Shape - Group","hd":false},{"ty":"st","c":{"a":0,"k":[0,0,0,1],"ix":3},"o":{"a":0,"k":100,"ix":4},"w":{"a":0,"k":1,"ix":5},"lc":2,"lj":2,"bm":0,"nm":"Stroke 1","mn":"ADBE Vector Graphic - Stroke","hd":false},{"ty":"tr","p":{"a":0,"k":[0,0],"ix":2},"a":{"a":0,"k":[0,0],"ix":1},"s":{"a":0,"k":[100,100],"ix":3},"r":{"a":0,"k":0,"ix":6},"o":{"a":0,"k":100,"ix":7},"sk":{"a":0,"k":0,"ix":4},"sa":{"a":0,"k":0,"ix":5},"nm":"Transform"}],"nm":"Group 1","np":2,"cix":2,"bm":0,"ix":1,"mn":"ADBE Vector Group","hd":false},{"ty":"gr","it":[{"ind":0,"ty":"sh","ix":1,"ks":{"a":0,"k":{"i":[[0,0],[0,0]],"o":[[0,0],[0,0]],"v":[[-37.869,-120.416],[-30.701,-126.831]],"c":false},"ix":2},"nm":"Path 1","mn":"ADBE Vector Shape - Group","hd":false},{"ty":"st","c":{"a":0,"k":[0,0,0,1],"ix":3},"o":{"a":0,"k":100,"ix":4},"w":{"a":0,"k":1,"ix":5},"lc":2,"lj":2,"bm":0,"nm":"Stroke 1","mn":"ADBE Vector Graphic - Stroke","hd":false},{"ty":"tr","p":{"a":0,"k":[0,0],"ix":2},"a":{"a":0,"k":[0,0],"ix":1},"s":{"a":0,"k":[100,100],"ix":3},"r":{"a":0,"k":0,"ix":6},"o":{"a":0,"k":100,"ix":7},"sk":{"a":0,"k":0,"ix":4},"sa":{"a":0,"k":0,"ix":5},"nm":"Transform"}],"nm":"Group 2","np":2,"cix":2,"bm":0,"ix":2,"mn":"ADBE Vector Group","hd":false},{"ty":"tr","p":{"a":0,"k":[0,0],"ix":2},"a":{"a":0,"k":[0,0],"ix":1},"s":{"a":0,"k":[100,100],"ix":3},"r":{"a":0,"k":0,"ix":6},"o":{"a":0,"k":100,"ix":7},"sk":{"a":0,"k":0,"ix":4},"sa":{"a":0,"k":0,"ix":5},"nm":"Transform"}],"nm":"Group 3","np":2,"cix":2,"bm":0,"ix":3,"mn":"ADBE Vector Group","hd":false},{"ty":"gr","it":[{"ind":0,"ty":"sh","ix":1,"ks":{"a":0,"k":{"i":[[0.103,-10.813],[-10.813,-0.103],[-0.103,10.813],[10.813,0.103]],"o":[[-0.103,10.813],[10.813,0.103],[0.103,-10.813],[-10.813,-0.103]],"v":[[-69.837,-118.344],[-50.445,-98.578],[-30.679,-117.97],[-50.071,-137.736]],"c":true},"ix":2},"nm":"Path 1","mn":"ADBE Vector Shape - Group","hd":false},{"ty":"fl","c":{"a":0,"k":[0.219607844949,0.278431385756,0.686274528503,1],"ix":4},"o":{"a":0,"k":100,"ix":5},"r":1,"bm":0,"nm":"Fill 1","mn":"ADBE Vector Graphic - Fill","hd":false},{"ty":"tr","p":{"a":0,"k":[0,0],"ix":2},"a":{"a":0,"k":[0,0],"ix":1},"s":{"a":0,"k":[100,100],"ix":3},"r":{"a":0,"k":0,"ix":6},"o":{"a":0,"k":90,"ix":7},"sk":{"a":0,"k":0,"ix":4},"sa":{"a":0,"k":0,"ix":5},"nm":"Transform"}],"nm":"Group 4","np":2,"cix":2,"bm":0,"ix":4,"mn":"ADBE Vector Group","hd":false}],"ip":0,"op":132,"st":12,"bm":0},{"ddd":0,"ind":19,"ty":4,"nm":"Head","parent":24,"sr":1,"ks":{"o":{"a":0,"k":100,"ix":11},"r":{"a":1,"k":[{"i":{"x":[0.19],"y":[1]},"o":{"x":[0.47],"y":[0]},"t":1,"s":[13]},{"i":{"x":[0.17],"y":[1]},"o":{"x":[0.47],"y":[0]},"t":18,"s":[-4]},{"t":42,"s":[13]}],"ix":10},"p":{"a":1,"k":[{"i":{"x":0.17,"y":1},"o":{"x":0.34,"y":0},"t":3,"s":[-15.876,-23.681,0],"to":[1.5,0,0],"ti":[0,0,0]},{"i":{"x":0.17,"y":1},"o":{"x":0.34,"y":0},"t":17,"s":[-6.876,-23.681,0],"to":[0,0,0],"ti":[1.5,0,0]},{"t":42,"s":[-15.876,-23.681,0]}],"ix":2},"a":{"a":0,"k":[-3.876,-20.681,0],"ix":1},"s":{"a":1,"k":[{"i":{"x":[0.833,0.833,0.833],"y":[1,1,1]},"o":{"x":[0.167,0.167,0.167],"y":[0,0,0]},"t":1,"s":[100,100,100]},{"i":{"x":[0.667,0.667,0.667],"y":[1,1,1]},"o":{"x":[0.333,0.333,0.333],"y":[0,0,0]},"t":13,"s":[100,100,100]},{"i":{"x":[0.667,0.667,0.667],"y":[1,1,1]},"o":{"x":[0.333,0.333,0.333],"y":[0,0,0]},"t":21,"s":[92,108,100]},{"i":{"x":[0.667,0.667,0.667],"y":[1,1,1]},"o":{"x":[0.333,0.333,0.333],"y":[0,0,0]},"t":33,"s":[102,98,100]},{"i":{"x":[0.833,0.833,0.833],"y":[1,1,1]},"o":{"x":[0.167,0.167,0.167],"y":[0,0,0]},"t":50,"s":[100,100,100]},{"i":{"x":[0.833,0.833,0.833],"y":[1,1,1]},"o":{"x":[0.167,0.167,0.167],"y":[0,0,0]},"t":90,"s":[100,100,100]},{"i":{"x":[0.833,0.833,0.833],"y":[1,1,1]},"o":{"x":[0.167,0.167,0.167],"y":[0,0,0]},"t":99,"s":[102,98,100]},{"t":114,"s":[100,100,100]}],"ix":6}},"ao":0,"shapes":[{"ty":"gr","it":[{"ty":"gr","it":[{"ind":0,"ty":"sh","ix":1,"ks":{"a":0,"k":{"i":[[0.99,3.966],[5.426,26.572],[1.321,5.601],[9.266,2.866],[13.603,0.117],[5.994,-1.729],[4.646,-18.144],[2.612,-11.649],[4.221,-15.64],[0.071,-7.397],[-43.822,-0.419],[-0.341,35.627]],"o":[[-3.921,-15.717],[-2.388,-11.697],[-4.298,-18.23],[-5.96,-1.843],[-13.602,-0.143],[-9.32,2.688],[-1.427,5.574],[-5.933,26.464],[-1.065,3.947],[-0.34,35.627],[43.822,0.419],[0.071,-7.397]],"v":[[73.627,-99.655],[56.738,-151.603],[51.225,-183.489],[29.176,-207.998],[-2.672,-211.244],[-34.577,-208.608],[-57.09,-184.524],[-63.211,-152.749],[-81.09,-101.134],[-83.225,-85.953],[-4.494,-20.686],[75.471,-84.436]],"c":true},"ix":2},"nm":"Path 1","mn":"ADBE Vector Shape - Group","hd":false},{"ty":"st","c":{"a":0,"k":[0,0,0,1],"ix":3},"o":{"a":0,"k":100,"ix":4},"w":{"a":0,"k":3,"ix":5},"lc":2,"lj":2,"bm":0,"nm":"Stroke 1","mn":"ADBE Vector Graphic - Stroke","hd":false},{"ty":"tr","p":{"a":0,"k":[0,0],"ix":2},"a":{"a":0,"k":[0,0],"ix":1},"s":{"a":0,"k":[100,100],"ix":3},"r":{"a":0,"k":0,"ix":6},"o":{"a":0,"k":100,"ix":7},"sk":{"a":0,"k":0,"ix":4},"sa":{"a":0,"k":0,"ix":5},"nm":"Transform"}],"nm":"Group 1","np":2,"cix":2,"bm":0,"ix":1,"mn":"ADBE Vector Group","hd":false},{"ty":"gr","it":[{"ind":0,"ty":"sh","ix":1,"ks":{"a":0,"k":{"i":[[-0.749,26.969],[-14.578,-0.139],[-8.591,6.303],[-22.928,-16.066],[-0.067,-0.044],[1.018,4.316],[9.266,2.866],[13.603,0.117],[5.994,-1.729],[4.646,-18.144],[1.812,-9.492],[-0.019,0.013]],"o":[[8.471,6.423],[14.636,0.14],[0.236,27.048],[0.068,0.047],[-1.638,-9.554],[-4.298,-18.23],[-5.96,-1.843],[-13.602,-0.143],[-9.32,2.688],[-1.096,4.282],[0.019,-0.013],[23.209,-15.61]],"v":[[-38.954,-206.382],[-2.936,-195.641],[33.382,-205.767],[54.988,-160.093],[55.186,-159.968],[51.225,-183.489],[29.176,-207.998],[-2.672,-211.244],[-34.577,-208.608],[-57.09,-184.524],[-61.483,-161.172],[-61.428,-161.206]],"c":true},"ix":2},"nm":"Path 1","mn":"ADBE Vector Shape - Group","hd":false},{"ty":"fl","c":{"a":0,"k":[0,0,0,1],"ix":4},"o":{"a":0,"k":100,"ix":5},"r":1,"bm":0,"nm":"Fill 1","mn":"ADBE Vector Graphic - Fill","hd":false},{"ty":"tr","p":{"a":0,"k":[0,0],"ix":2},"a":{"a":0,"k":[0,0],"ix":1},"s":{"a":0,"k":[100,100],"ix":3},"r":{"a":0,"k":0,"ix":6},"o":{"a":0,"k":100,"ix":7},"sk":{"a":0,"k":0,"ix":4},"sa":{"a":0,"k":0,"ix":5},"nm":"Transform"}],"nm":"Group 2","np":2,"cix":2,"bm":0,"ix":2,"mn":"ADBE Vector Group","hd":false},{"ty":"gr","it":[{"ind":0,"ty":"sh","ix":1,"ks":{"a":0,"k":{"i":[[37.474,0.358],[8.182,29.4],[0.03,-3.096],[-43.822,-0.419],[-0.341,35.627],[0.097,1.491]],"o":[[-38.645,-0.369],[-0.291,2.118],[-0.34,35.627],[43.822,0.419],[0.018,-1.894],[-9.861,27.887]],"v":[[-3.743,-41.718],[-82.71,-93.634],[-83.225,-85.953],[-4.494,-20.686],[75.471,-84.436],[75.344,-89.481]],"c":true},"ix":2},"nm":"Path 1","mn":"ADBE Vector Shape - Group","hd":false},{"ty":"fl","c":{"a":0,"k":[0.219607844949,0.278431385756,0.686274528503,1],"ix":4},"o":{"a":0,"k":100,"ix":5},"r":1,"bm":0,"nm":"Fill 1","mn":"ADBE Vector Graphic - Fill","hd":false},{"ty":"tr","p":{"a":0,"k":[0,0],"ix":2},"a":{"a":0,"k":[0,0],"ix":1},"s":{"a":0,"k":[100,100],"ix":3},"r":{"a":0,"k":0,"ix":6},"o":{"a":0,"k":47,"ix":7},"sk":{"a":0,"k":0,"ix":4},"sa":{"a":0,"k":0,"ix":5},"nm":"Transform"}],"nm":"Group 3","np":2,"cix":2,"bm":0,"ix":3,"mn":"ADBE Vector Group","hd":false},{"ty":"gr","it":[{"ind":0,"ty":"sh","ix":1,"ks":{"a":0,"k":{"i":[[0.99,3.966],[5.426,26.572],[1.321,5.601],[9.266,2.866],[13.603,0.117],[5.994,-1.729],[4.646,-18.144],[2.612,-11.649],[4.221,-15.64],[0.071,-7.397],[-43.822,-0.419],[-0.341,35.627]],"o":[[-3.921,-15.717],[-2.388,-11.697],[-4.298,-18.23],[-5.96,-1.843],[-13.602,-0.143],[-9.32,2.688],[-1.427,5.574],[-5.933,26.464],[-1.065,3.947],[-0.34,35.627],[43.822,0.419],[0.071,-7.397]],"v":[[73.627,-99.655],[56.738,-151.603],[51.225,-183.489],[29.176,-207.998],[-2.672,-211.244],[-34.577,-208.608],[-57.09,-184.524],[-63.211,-152.749],[-81.09,-101.134],[-83.225,-85.953],[-4.494,-20.686],[75.471,-84.436]],"c":true},"ix":2},"nm":"Path 1","mn":"ADBE Vector Shape - Group","hd":false},{"ty":"fl","c":{"a":0,"k":[0.349019616842,0.501960813999,0.847058832645,1],"ix":4},"o":{"a":0,"k":100,"ix":5},"r":1,"bm":0,"nm":"Fill 1","mn":"ADBE Vector Graphic - Fill","hd":false},{"ty":"tr","p":{"a":0,"k":[0,0],"ix":2},"a":{"a":0,"k":[0,0],"ix":1},"s":{"a":0,"k":[100,100],"ix":3},"r":{"a":0,"k":0,"ix":6},"o":{"a":0,"k":100,"ix":7},"sk":{"a":0,"k":0,"ix":4},"sa":{"a":0,"k":0,"ix":5},"nm":"Transform"}],"nm":"Group 4","np":2,"cix":2,"bm":0,"ix":4,"mn":"ADBE Vector Group","hd":false},{"ty":"tr","p":{"a":0,"k":[0,0],"ix":2},"a":{"a":0,"k":[0,0],"ix":1},"s":{"a":0,"k":[100,100],"ix":3},"r":{"a":0,"k":0,"ix":6},"o":{"a":0,"k":100,"ix":7},"sk":{"a":0,"k":0,"ix":4},"sa":{"a":0,"k":0,"ix":5},"nm":"Transform"}],"nm":"Group 5","np":4,"cix":2,"bm":0,"ix":1,"mn":"ADBE Vector Group","hd":false}],"ip":0,"op":132,"st":12,"bm":0},{"ddd":0,"ind":20,"ty":4,"nm":"Hair","parent":19,"sr":1,"ks":{"o":{"a":0,"k":100,"ix":11},"r":{"a":0,"k":0,"ix":10},"p":{"a":0,"k":[-3.317,-200.055,0],"ix":2},"a":{"a":0,"k":[-3.317,-200.055,0],"ix":1},"s":{"a":1,"k":[{"i":{"x":[0.667,0.667,0.667],"y":[1,1,1]},"o":{"x":[0.333,0.333,0.333],"y":[0,0,0]},"t":16,"s":[100,100,100]},{"i":{"x":[0.667,0.667,0.667],"y":[1,1,1]},"o":{"x":[0.333,0.333,0.333],"y":[0,0,0]},"t":24,"s":[98,102,100]},{"i":{"x":[0.667,0.667,0.667],"y":[1,1,1]},"o":{"x":[0.333,0.333,0.333],"y":[0,0,0]},"t":36,"s":[101,99,100]},{"t":53,"s":[100,100,100]}],"ix":6}},"ao":0,"shapes":[{"ty":"gr","it":[{"ind":0,"ty":"sh","ix":1,"ks":{"a":0,"k":{"i":[[0.159,-16.637],[16.637,0.159],[-0.159,16.637],[-16.637,-0.159]],"o":[[-0.159,16.637],[-16.637,-0.159],[0.159,-16.637],[16.637,0.159]],"v":[[26.807,-248.099],[-3.605,-218.263],[-33.442,-248.675],[-3.029,-278.512]],"c":true},"ix":2},"nm":"Path 1","mn":"ADBE Vector Shape - Group","hd":false},{"ty":"fl","c":{"a":0,"k":[0,0,0,1],"ix":4},"o":{"a":0,"k":100,"ix":5},"r":1,"bm":0,"nm":"Fill 1","mn":"ADBE Vector Graphic - Fill","hd":false},{"ty":"tr","p":{"a":0,"k":[0,0],"ix":2},"a":{"a":0,"k":[0,0],"ix":1},"s":{"a":0,"k":[100,100],"ix":3},"r":{"a":0,"k":0,"ix":6},"o":{"a":0,"k":100,"ix":7},"sk":{"a":0,"k":0,"ix":4},"sa":{"a":0,"k":0,"ix":5},"nm":"Transform"}],"nm":"Group 1","np":2,"cix":2,"bm":0,"ix":1,"mn":"ADBE Vector Group","hd":false},{"ty":"gr","it":[{"ind":0,"ty":"sh","ix":1,"ks":{"a":0,"k":{"i":[[0,0],[0,0],[0,0],[0,0]],"o":[[0,0],[0,0],[0,0],[0,0]],"v":[[4.809,-200.055],[-11.954,-200.216],[-11.757,-220.825],[5.006,-220.665]],"c":true},"ix":2},"nm":"Path 1","mn":"ADBE Vector Shape - Group","hd":false},{"ty":"st","c":{"a":0,"k":[0,0,0,1],"ix":3},"o":{"a":0,"k":100,"ix":4},"w":{"a":0,"k":1.5,"ix":5},"lc":2,"lj":2,"bm":0,"nm":"Stroke 1","mn":"ADBE Vector Graphic - Stroke","hd":false},{"ty":"fl","c":{"a":0,"k":[0.768627464771,0.278431385756,0.466666668653,1],"ix":4},"o":{"a":0,"k":100,"ix":5},"r":1,"bm":0,"nm":"Fill 1","mn":"ADBE Vector Graphic - Fill","hd":false},{"ty":"tr","p":{"a":0,"k":[0,0],"ix":2},"a":{"a":0,"k":[0,0],"ix":1},"s":{"a":0,"k":[100,100],"ix":3},"r":{"a":0,"k":0,"ix":6},"o":{"a":0,"k":100,"ix":7},"sk":{"a":0,"k":0,"ix":4},"sa":{"a":0,"k":0,"ix":5},"nm":"Transform"}],"nm":"Group 2","np":3,"cix":2,"bm":0,"ix":2,"mn":"ADBE Vector Group","hd":false}],"ip":0,"op":132,"st":12,"bm":0},{"ddd":0,"ind":21,"ty":4,"nm":"R_Ear","parent":19,"sr":1,"ks":{"o":{"a":0,"k":100,"ix":11},"r":{"a":1,"k":[{"i":{"x":[0.563],"y":[1]},"o":{"x":[0.185],"y":[0]},"t":0,"s":[0]},{"i":{"x":[0.842],"y":[1]},"o":{"x":[0.373],"y":[0]},"t":6,"s":[8]},{"i":{"x":[0.667],"y":[1]},"o":{"x":[0.333],"y":[0]},"t":16,"s":[0]},{"i":{"x":[0.667],"y":[1]},"o":{"x":[0.333],"y":[0]},"t":24,"s":[9]},{"i":{"x":[0.667],"y":[1]},"o":{"x":[0.333],"y":[0]},"t":36,"s":[-3]},{"t":53,"s":[0]}],"ix":10},"p":{"a":0,"k":[-41.373,-108.605,0],"ix":2},"a":{"a":0,"k":[-41.373,-108.605,0],"ix":1},"s":{"a":0,"k":[100,100,100],"ix":6}},"ao":0,"shapes":[{"ty":"gr","it":[{"ind":0,"ty":"sh","ix":1,"ks":{"a":0,"k":{"i":[[1.963,1.658],[0,0],[-1.658,1.963],[0,0],[-1.963,-1.658],[0,0],[1.658,-1.963],[0,0]],"o":[[0,0],[-1.963,-1.658],[0,0],[1.658,-1.963],[0,0],[1.963,1.658],[0,0],[-1.658,1.963]],"v":[[-92.304,-118.009],[-92.304,-118.009],[-92.857,-124.592],[-84.699,-134.249],[-78.115,-134.802],[-78.115,-134.802],[-77.561,-128.218],[-85.72,-118.562]],"c":true},"ix":2},"nm":"Path 1","mn":"ADBE Vector Shape - Group","hd":false},{"ty":"st","c":{"a":0,"k":[0,0,0,1],"ix":3},"o":{"a":0,"k":100,"ix":4},"w":{"a":0,"k":1,"ix":5},"lc":2,"lj":2,"bm":0,"nm":"Stroke 1","mn":"ADBE Vector Graphic - Stroke","hd":false},{"ty":"fl","c":{"a":0,"k":[1,0.86274510622,0.290196090937,1],"ix":4},"o":{"a":0,"k":100,"ix":5},"r":1,"bm":0,"nm":"Fill 1","mn":"ADBE Vector Graphic - Fill","hd":false},{"ty":"tr","p":{"a":0,"k":[0,0],"ix":2},"a":{"a":0,"k":[0,0],"ix":1},"s":{"a":0,"k":[100,100],"ix":3},"r":{"a":0,"k":0,"ix":6},"o":{"a":0,"k":100,"ix":7},"sk":{"a":0,"k":0,"ix":4},"sa":{"a":0,"k":0,"ix":5},"nm":"Transform"}],"nm":"Group 1","np":3,"cix":2,"bm":0,"ix":1,"mn":"ADBE Vector Group","hd":false},{"ty":"gr","it":[{"ty":"gr","it":[{"ind":0,"ty":"sh","ix":1,"ks":{"a":0,"k":{"i":[[0,0],[0,0]],"o":[[0,0],[0,0]],"v":[[-45.957,-112.679],[-93.434,-162.577]],"c":false},"ix":2},"nm":"Path 1","mn":"ADBE Vector Shape - Group","hd":false},{"ty":"st","c":{"a":0,"k":[0,0,0,1],"ix":3},"o":{"a":0,"k":100,"ix":4},"w":{"a":0,"k":1,"ix":5},"lc":2,"lj":2,"bm":0,"nm":"Stroke 1","mn":"ADBE Vector Graphic - Stroke","hd":false},{"ty":"tr","p":{"a":0,"k":[0,0],"ix":2},"a":{"a":0,"k":[0,0],"ix":1},"s":{"a":0,"k":[100,100],"ix":3},"r":{"a":0,"k":0,"ix":6},"o":{"a":0,"k":100,"ix":7},"sk":{"a":0,"k":0,"ix":4},"sa":{"a":0,"k":0,"ix":5},"nm":"Transform"}],"nm":"Group 1","np":2,"cix":2,"bm":0,"ix":1,"mn":"ADBE Vector Group","hd":false},{"ty":"gr","it":[{"ind":0,"ty":"sh","ix":1,"ks":{"a":0,"k":{"i":[[4.188,5.12],[2.292,17.068],[-2.723,-0.492],[-8.65,-7.757],[-1.871,-7.098],[4.461,-4.263],[6.467,2.022]],"o":[[-7.357,-8.993],[-0.368,-2.742],[16.947,3.063],[4.925,4.416],[1.727,6.552],[-4.46,4.263],[-7.006,-2.19]],"v":[[-81.515,-124.186],[-101.479,-166.37],[-97.077,-170.577],[-55.84,-148.722],[-42.157,-130.106],[-45.957,-112.679],[-63.538,-109.673]],"c":true},"ix":2},"nm":"Path 1","mn":"ADBE Vector Shape - Group","hd":false},{"ty":"st","c":{"a":0,"k":[0,0,0,1],"ix":3},"o":{"a":0,"k":100,"ix":4},"w":{"a":0,"k":3,"ix":5},"lc":2,"lj":2,"bm":0,"nm":"Stroke 1","mn":"ADBE Vector Graphic - Stroke","hd":false},{"ty":"fl","c":{"a":0,"k":[0.301960796118,0.423529416323,0.764705896378,1],"ix":4},"o":{"a":0,"k":100,"ix":5},"r":1,"bm":0,"nm":"Fill 1","mn":"ADBE Vector Graphic - Fill","hd":false},{"ty":"tr","p":{"a":0,"k":[0,0],"ix":2},"a":{"a":0,"k":[0,0],"ix":1},"s":{"a":0,"k":[100,100],"ix":3},"r":{"a":0,"k":0,"ix":6},"o":{"a":0,"k":100,"ix":7},"sk":{"a":0,"k":0,"ix":4},"sa":{"a":0,"k":0,"ix":5},"nm":"Transform"}],"nm":"Group 2","np":3,"cix":2,"bm":0,"ix":2,"mn":"ADBE Vector Group","hd":false},{"ty":"tr","p":{"a":0,"k":[0,0],"ix":2},"a":{"a":0,"k":[0,0],"ix":1},"s":{"a":0,"k":[100,100],"ix":3},"r":{"a":0,"k":0,"ix":6},"o":{"a":0,"k":100,"ix":7},"sk":{"a":0,"k":0,"ix":4},"sa":{"a":0,"k":0,"ix":5},"nm":"Transform"}],"nm":"Group 2","np":2,"cix":2,"bm":0,"ix":2,"mn":"ADBE Vector Group","hd":false}],"ip":0,"op":132,"st":12,"bm":0},{"ddd":0,"ind":22,"ty":4,"nm":"L_Ear","parent":19,"sr":1,"ks":{"o":{"a":0,"k":100,"ix":11},"r":{"a":1,"k":[{"i":{"x":[0.563],"y":[1]},"o":{"x":[0.185],"y":[0]},"t":0,"s":[0]},{"i":{"x":[0.842],"y":[1]},"o":{"x":[0.373],"y":[0]},"t":6,"s":[8]},{"i":{"x":[0.667],"y":[1]},"o":{"x":[0.333],"y":[0]},"t":16,"s":[0]},{"i":{"x":[0.667],"y":[1]},"o":{"x":[0.333],"y":[0]},"t":24,"s":[-9]},{"i":{"x":[0.667],"y":[1]},"o":{"x":[0.333],"y":[0]},"t":36,"s":[3]},{"t":53,"s":[0]}],"ix":10},"p":{"a":0,"k":[32.688,-109.561,0],"ix":2},"a":{"a":0,"k":[32.688,-109.561,0],"ix":1},"s":{"a":0,"k":[100,100,100],"ix":6}},"ao":0,"shapes":[{"ty":"gr","it":[{"ind":0,"ty":"sh","ix":1,"ks":{"a":0,"k":{"i":[[0,0],[0,0]],"o":[[0,0],[0,0]],"v":[[37.053,-113.846],[85.475,-162.828]],"c":false},"ix":2},"nm":"Path 1","mn":"ADBE Vector Shape - Group","hd":false},{"ty":"st","c":{"a":0,"k":[0,0,0,1],"ix":3},"o":{"a":0,"k":100,"ix":4},"w":{"a":0,"k":1,"ix":5},"lc":2,"lj":2,"bm":0,"nm":"Stroke 1","mn":"ADBE Vector Graphic - Stroke","hd":false},{"ty":"tr","p":{"a":0,"k":[0,0],"ix":2},"a":{"a":0,"k":[0,0],"ix":1},"s":{"a":0,"k":[100,100],"ix":3},"r":{"a":0,"k":0,"ix":6},"o":{"a":0,"k":100,"ix":7},"sk":{"a":0,"k":0,"ix":4},"sa":{"a":0,"k":0,"ix":5},"nm":"Transform"}],"nm":"Group 1","np":2,"cix":2,"bm":0,"ix":1,"mn":"ADBE Vector Group","hd":false},{"ty":"gr","it":[{"ind":0,"ty":"sh","ix":1,"ks":{"a":0,"k":{"i":[[-4.286,5.039],[-2.618,17.022],[2.732,-0.44],[8.797,-7.59],[2.006,-7.061],[-4.378,-4.347],[-6.505,1.898]],"o":[[7.527,-8.851],[0.421,-2.735],[-17.003,2.739],[-5.009,4.321],[-1.852,6.518],[4.378,4.347],[7.047,-2.056]],"v":[[72.825,-124.671],[93.591,-166.466],[89.27,-170.756],[47.624,-149.694],[33.587,-131.343],[37.053,-113.846],[54.574,-110.504]],"c":true},"ix":2},"nm":"Path 1","mn":"ADBE Vector Shape - Group","hd":false},{"ty":"st","c":{"a":0,"k":[0,0,0,1],"ix":3},"o":{"a":0,"k":100,"ix":4},"w":{"a":0,"k":3,"ix":5},"lc":2,"lj":2,"bm":0,"nm":"Stroke 1","mn":"ADBE Vector Graphic - Stroke","hd":false},{"ty":"fl","c":{"a":0,"k":[0.301960796118,0.423529416323,0.764705896378,1],"ix":4},"o":{"a":0,"k":100,"ix":5},"r":1,"bm":0,"nm":"Fill 1","mn":"ADBE Vector Graphic - Fill","hd":false},{"ty":"tr","p":{"a":0,"k":[0,0],"ix":2},"a":{"a":0,"k":[0,0],"ix":1},"s":{"a":0,"k":[100,100],"ix":3},"r":{"a":0,"k":0,"ix":6},"o":{"a":0,"k":100,"ix":7},"sk":{"a":0,"k":0,"ix":4},"sa":{"a":0,"k":0,"ix":5},"nm":"Transform"}],"nm":"Group 2","np":3,"cix":2,"bm":0,"ix":2,"mn":"ADBE Vector Group","hd":false}],"ip":0,"op":132,"st":12,"bm":0},{"ddd":0,"ind":23,"ty":4,"nm":"Bandana","parent":24,"sr":1,"ks":{"o":{"a":0,"k":100,"ix":11},"r":{"a":0,"k":0,"ix":10},"p":{"a":0,"k":[0,0,0],"ix":2},"a":{"a":0,"k":[0,0,0],"ix":1},"s":{"a":0,"k":[100,100,100],"ix":6}},"ao":0,"shapes":[{"ty":"gr","it":[{"ind":0,"ty":"sh","ix":1,"ks":{"a":1,"k":[{"i":{"x":0.667,"y":1},"o":{"x":0.333,"y":0},"t":15,"s":[{"i":[[0,0],[0,0]],"o":[[59.274,32.995],[0,0]],"v":[[-53.99,-0.706],[59.704,0.674]],"c":false}]},{"i":{"x":0.667,"y":1},"o":{"x":0.333,"y":0},"t":23,"s":[{"i":[[0,0],[0,0]],"o":[[59.274,32.995],[0,0]],"v":[[-58.313,-15.211],[54.364,-6.21]],"c":false}]},{"i":{"x":0.17,"y":1},"o":{"x":0.333,"y":0},"t":35,"s":[{"i":[[0,0],[0,0]],"o":[[59.274,32.995],[0,0]],"v":[[-54.982,11.388],[59.704,6.721]],"c":false}]},{"t":56,"s":[{"i":[[0,0],[0,0]],"o":[[59.274,32.995],[0,0]],"v":[[-53.99,-0.706],[59.704,0.674]],"c":false}]}],"ix":2},"nm":"Path 1","mn":"ADBE Vector Shape - Group","hd":false},{"ty":"st","c":{"a":0,"k":[0,0,0,1],"ix":3},"o":{"a":0,"k":100,"ix":4},"w":{"a":0,"k":1,"ix":5},"lc":2,"lj":2,"bm":0,"nm":"Stroke 1","mn":"ADBE Vector Graphic - Stroke","hd":false},{"ty":"tr","p":{"a":0,"k":[0,0],"ix":2},"a":{"a":0,"k":[0,0],"ix":1},"s":{"a":0,"k":[100,100],"ix":3},"r":{"a":0,"k":0,"ix":6},"o":{"a":0,"k":100,"ix":7},"sk":{"a":0,"k":0,"ix":4},"sa":{"a":0,"k":0,"ix":5},"nm":"Transform"}],"nm":"Group 1","np":2,"cix":2,"bm":0,"ix":1,"mn":"ADBE Vector Group","hd":false},{"ty":"gr","it":[{"ind":0,"ty":"sh","ix":1,"ks":{"a":1,"k":[{"i":{"x":0.667,"y":1},"o":{"x":0.333,"y":0},"t":15,"s":[{"i":[[0,0],[38.183,-8.444],[20.515,23.143]],"o":[[-10.795,28.933],[-33.725,7.458],[0,0]],"v":[[93.184,-44.734],[13.031,24.256],[-83.953,-2.179]],"c":false}]},{"i":{"x":0.667,"y":1},"o":{"x":0.333,"y":0},"t":23,"s":[{"i":[[0,0],[38.183,-8.444],[14.844,30.434]],"o":[[-10.795,28.933],[-33.725,7.458],[0,0]],"v":[[93.184,-44.734],[12.777,17.127],[-87.768,-19.635]],"c":false}]},{"i":{"x":0.17,"y":1},"o":{"x":0.333,"y":0},"t":35,"s":[{"i":[[0,0],[38.183,-8.444],[20.515,23.143]],"o":[[-10.795,28.933],[-33.725,7.458],[0,0]],"v":[[93.184,-38.687],[13.031,30.303],[-83.953,3.868]],"c":false}]},{"t":56,"s":[{"i":[[0,0],[38.183,-8.444],[20.515,23.143]],"o":[[-10.795,28.933],[-33.725,7.458],[0,0]],"v":[[93.184,-44.734],[13.031,24.256],[-83.953,-2.179]],"c":false}]}],"ix":2},"nm":"Path 1","mn":"ADBE Vector Shape - Group","hd":false},{"ty":"st","c":{"a":0,"k":[0,0,0,1],"ix":3},"o":{"a":0,"k":100,"ix":4},"w":{"a":0,"k":1,"ix":5},"lc":2,"lj":2,"bm":0,"nm":"Stroke 1","mn":"ADBE Vector Graphic - Stroke","hd":false},{"ty":"tr","p":{"a":0,"k":[0,0],"ix":2},"a":{"a":0,"k":[0,0],"ix":1},"s":{"a":0,"k":[100,100],"ix":3},"r":{"a":0,"k":0,"ix":6},"o":{"a":0,"k":100,"ix":7},"sk":{"a":0,"k":0,"ix":4},"sa":{"a":0,"k":0,"ix":5},"nm":"Transform"}],"nm":"Group 2","np":2,"cix":2,"bm":0,"ix":2,"mn":"ADBE Vector Group","hd":false},{"ty":"gr","it":[{"ind":0,"ty":"sh","ix":1,"ks":{"a":1,"k":[{"i":{"x":0.667,"y":1},"o":{"x":0.333,"y":0},"t":15,"s":[{"i":[[2.197,-4.177],[0,0],[0,0],[1.915,-3.803],[-52.401,-35.212],[-2.563,0.922],[5.962,58.841],[6.829,7.805],[5.941,6.607],[8.222,5.024],[30.243,1.655],[23.025,-0.972]],"o":[[0,0],[0,0],[-4.056,1.294],[-43.29,85.953],[2.261,1.519],[51.692,-18.602],[-0.667,-6.585],[-2.562,-2.929],[-0.982,-10.879],[-10.394,-6.351],[0,0],[-4.715,0.199]],"v":[[-80.868,-114.555],[-84.555,-107.543],[-97.875,-103.293],[-107.219,-95.324],[-24.538,113.686],[-16.865,114.66],[107.786,-37.13],[97.943,-54],[88.274,-64.589],[79.658,-82.62],[4.235,-119.295],[-69.712,-121.643]],"c":true}]},{"i":{"x":0.667,"y":1},"o":{"x":0.333,"y":0},"t":23,"s":[{"i":[[2.197,-4.177],[0,0],[0,0],[1.915,-3.803],[-52.401,-35.212],[-2.563,0.922],[5.962,58.841],[6.829,7.805],[5.941,6.607],[8.222,5.024],[30.243,1.655],[23.025,-0.972]],"o":[[0,0],[0,0],[-4.056,1.294],[-43.29,85.953],[2.261,1.519],[51.692,-18.602],[-0.667,-6.585],[-2.562,-2.929],[-0.982,-10.879],[-10.394,-6.351],[0,0],[-4.715,0.199]],"v":[[-80.868,-114.555],[-84.555,-107.543],[-97.875,-103.293],[-107.219,-95.324],[-23.012,96.968],[-15.339,97.942],[107.786,-37.13],[97.943,-54],[88.274,-64.589],[79.658,-82.62],[4.235,-119.295],[-69.712,-121.643]],"c":true}]},{"i":{"x":0.17,"y":1},"o":{"x":0.333,"y":0},"t":35,"s":[{"i":[[2.197,-4.177],[0,0],[0,0],[1.755,-3.879],[-52.401,-35.212],[-2.563,0.922],[3.324,71.019],[6.829,7.805],[5.941,6.607],[8.222,5.024],[30.243,1.655],[23.025,-0.972]],"o":[[0,0],[0,0],[-4.056,1.294],[-43.634,96.458],[2.261,1.519],[51.692,-18.602],[-0.309,-6.611],[-2.562,-2.929],[-0.982,-10.879],[-10.394,-6.351],[0,0],[-4.715,0.199]],"v":[[-80.868,-114.555],[-84.555,-107.543],[-97.875,-103.293],[-107.219,-95.324],[-24.508,120.741],[-16.835,121.715],[107.786,-37.13],[97.943,-54],[88.274,-64.589],[79.658,-82.62],[4.235,-119.295],[-69.712,-121.643]],"c":true}]},{"t":56,"s":[{"i":[[2.197,-4.177],[0,0],[0,0],[1.915,-3.803],[-52.401,-35.212],[-2.563,0.922],[5.962,58.841],[6.829,7.805],[5.941,6.607],[8.222,5.024],[30.243,1.655],[23.025,-0.972]],"o":[[0,0],[0,0],[-4.056,1.294],[-43.29,85.953],[2.261,1.519],[51.692,-18.602],[-0.667,-6.585],[-2.562,-2.929],[-0.982,-10.879],[-10.394,-6.351],[0,0],[-4.715,0.199]],"v":[[-80.868,-114.555],[-84.555,-107.543],[-97.875,-103.293],[-107.219,-95.324],[-24.538,113.686],[-16.865,114.66],[107.786,-37.13],[97.943,-54],[88.274,-64.589],[79.658,-82.62],[4.235,-119.295],[-69.712,-121.643]],"c":true}]}],"ix":2},"nm":"Path 1","mn":"ADBE Vector Shape - Group","hd":false},{"ty":"st","c":{"a":0,"k":[0,0,0,1],"ix":3},"o":{"a":0,"k":100,"ix":4},"w":{"a":0,"k":3,"ix":5},"lc":2,"lj":2,"bm":0,"nm":"Stroke 1","mn":"ADBE Vector Graphic - Stroke","hd":false},{"ty":"fl","c":{"a":0,"k":[0.878431379795,0.298039227724,0.643137276173,1],"ix":4},"o":{"a":0,"k":100,"ix":5},"r":1,"bm":0,"nm":"Fill 1","mn":"ADBE Vector Graphic - Fill","hd":false},{"ty":"tr","p":{"a":0,"k":[0,0],"ix":2},"a":{"a":0,"k":[0,0],"ix":1},"s":{"a":0,"k":[100,100],"ix":3},"r":{"a":0,"k":0,"ix":6},"o":{"a":0,"k":100,"ix":7},"sk":{"a":0,"k":0,"ix":4},"sa":{"a":0,"k":0,"ix":5},"nm":"Transform"}],"nm":"Group 3","np":3,"cix":2,"bm":0,"ix":3,"mn":"ADBE Vector Group","hd":false},{"ty":"gr","it":[{"ind":0,"ty":"sh","ix":1,"ks":{"a":1,"k":[{"i":{"x":0.667,"y":1},"o":{"x":0.333,"y":0},"t":15,"s":[{"i":[[2.197,-4.177],[0,0],[0,0],[1.915,-3.803],[-52.401,-35.212],[-2.563,0.922],[5.962,58.841],[6.829,7.805],[5.941,6.607],[8.222,5.024],[30.243,1.655],[23.025,-0.972]],"o":[[0,0],[0,0],[-4.056,1.294],[-43.29,85.953],[2.261,1.519],[51.692,-18.602],[-0.667,-6.585],[-2.562,-2.929],[-0.982,-10.879],[-10.394,-6.351],[0,0],[-4.715,0.199]],"v":[[-82.868,-94.554],[-86.556,-87.542],[-99.875,-83.291],[-109.219,-75.323],[-26.538,133.687],[-18.865,134.661],[105.785,-17.129],[95.943,-33.999],[86.274,-44.587],[77.658,-62.619],[2.235,-99.293],[-71.712,-101.642]],"c":true}]},{"i":{"x":0.667,"y":1},"o":{"x":0.333,"y":0},"t":23,"s":[{"i":[[2.197,-4.177],[0,0],[0,0],[1.915,-3.803],[-52.401,-35.212],[-2.563,0.922],[5.962,58.841],[6.829,7.805],[5.941,6.607],[8.222,5.024],[30.243,1.655],[23.025,-0.972]],"o":[[0,0],[0,0],[-4.056,1.294],[-43.29,85.953],[2.261,1.519],[51.693,-18.602],[-0.667,-6.585],[-2.562,-2.929],[-0.982,-10.879],[-10.394,-6.351],[0,0],[-4.715,0.199]],"v":[[-82.868,-94.554],[-86.556,-87.542],[-99.875,-83.291],[-109.219,-75.323],[-23.995,121.886],[-16.322,122.861],[105.785,-17.129],[95.943,-33.999],[86.274,-44.587],[77.658,-62.619],[2.235,-99.293],[-71.712,-101.642]],"c":true}]},{"i":{"x":0.17,"y":1},"o":{"x":0.333,"y":0},"t":35,"s":[{"i":[[2.197,-4.177],[0,0],[0,0],[1.915,-3.803],[-52.401,-35.212],[-2.563,0.922],[5.962,58.841],[6.829,7.805],[5.941,6.607],[8.222,5.024],[30.243,1.655],[23.025,-0.972]],"o":[[0,0],[0,0],[-4.056,1.294],[-43.29,85.953],[2.261,1.519],[51.692,-18.602],[-0.667,-6.585],[-2.562,-2.929],[-0.982,-10.879],[-10.394,-6.351],[0,0],[-4.715,0.199]],"v":[[-82.868,-94.554],[-86.556,-87.542],[-99.875,-83.291],[-109.219,-75.323],[-26.538,133.687],[-18.865,134.661],[105.785,-17.129],[95.943,-33.999],[86.274,-44.587],[77.658,-62.619],[2.235,-99.293],[-71.712,-101.642]],"c":true}]},{"t":56,"s":[{"i":[[2.197,-4.177],[0,0],[0,0],[1.915,-3.803],[-52.401,-35.212],[-2.563,0.922],[5.962,58.841],[6.829,7.805],[5.941,6.607],[8.222,5.024],[30.243,1.655],[23.025,-0.972]],"o":[[0,0],[0,0],[-4.056,1.294],[-43.29,85.953],[2.261,1.519],[51.692,-18.602],[-0.667,-6.585],[-2.562,-2.929],[-0.982,-10.879],[-10.394,-6.351],[0,0],[-4.715,0.199]],"v":[[-82.868,-94.554],[-86.556,-87.542],[-99.875,-83.291],[-109.219,-75.323],[-26.538,133.687],[-18.865,134.661],[105.785,-17.129],[95.943,-33.999],[86.274,-44.587],[77.658,-62.619],[2.235,-99.293],[-71.712,-101.642]],"c":true}]}],"ix":2},"nm":"Path 1","mn":"ADBE Vector Shape - Group","hd":false},{"ty":"fl","c":{"a":0,"k":[0.647058844566,0.635294139385,0.517647087574,1],"ix":4},"o":{"a":0,"k":100,"ix":5},"r":1,"bm":0,"nm":"Fill 1","mn":"ADBE Vector Graphic - Fill","hd":false},{"ty":"tr","p":{"a":0,"k":[0,0],"ix":2},"a":{"a":0,"k":[0,0],"ix":1},"s":{"a":0,"k":[100,100],"ix":3},"r":{"a":0,"k":0,"ix":6},"o":{"a":0,"k":100,"ix":7},"sk":{"a":0,"k":0,"ix":4},"sa":{"a":0,"k":0,"ix":5},"nm":"Transform"}],"nm":"Group 4","np":2,"cix":2,"bm":0,"ix":4,"mn":"ADBE Vector Group","hd":false}],"ip":0,"op":132,"st":12,"bm":0},{"ddd":0,"ind":24,"ty":4,"nm":"Body","parent":1,"sr":1,"ks":{"o":{"a":0,"k":100,"ix":11},"r":{"a":0,"k":0,"ix":10},"p":{"a":0,"k":[1.629,69.666,0],"ix":2},"a":{"a":0,"k":[-3.371,176.713,0],"ix":1},"s":{"a":1,"k":[{"i":{"x":[0,0,0.667],"y":[1,1,1]},"o":{"x":[0.167,0.167,0.167],"y":[0,0,0]},"t":0,"s":[100,100,100]},{"i":{"x":[0.667,0.667,0.667],"y":[1,1,1]},"o":{"x":[0.333,0.333,0.333],"y":[0,0,0]},"t":23,"s":[98,102,100]},{"i":{"x":[0.667,0.667,0.667],"y":[1,1,1]},"o":{"x":[0.333,0.333,0.333],"y":[0,0,0]},"t":35,"s":[101,99,100]},{"t":52,"s":[100,100,100]}],"ix":6}},"ao":0,"shapes":[{"ty":"gr","it":[{"ind":0,"ty":"sh","ix":1,"ks":{"a":0,"k":{"i":[[0,0],[-6.052,-23.1],[-25.686,-0.067],[-5.252,0.014],[-6.686,25.52],[0,0]],"o":[[0,0],[6.686,25.52],[5.252,0.014],[25.686,-0.067],[6.052,-23.1],[0,0]],"v":[[-170.184,-4.664],[-132.569,140.009],[-89.673,176.702],[82.932,176.702],[125.828,140.009],[163.442,-4.664]],"c":false},"ix":2},"nm":"Path 1","mn":"ADBE Vector Shape - Group","hd":false},{"ty":"st","c":{"a":0,"k":[0,0,0,1],"ix":3},"o":{"a":0,"k":100,"ix":4},"w":{"a":0,"k":3,"ix":5},"lc":2,"lj":2,"bm":0,"nm":"Stroke 1","mn":"ADBE Vector Graphic - Stroke","hd":false},{"ty":"tr","p":{"a":0,"k":[0,0],"ix":2},"a":{"a":0,"k":[0,0],"ix":1},"s":{"a":0,"k":[100,100],"ix":3},"r":{"a":0,"k":0,"ix":6},"o":{"a":0,"k":100,"ix":7},"sk":{"a":0,"k":0,"ix":4},"sa":{"a":0,"k":0,"ix":5},"nm":"Transform"}],"nm":"Group 1","np":2,"cix":2,"bm":0,"ix":1,"mn":"ADBE Vector Group","hd":false},{"ty":"gr","it":[{"ind":0,"ty":"sh","ix":1,"ks":{"a":0,"k":{"i":[[0,0],[-6.052,-23.1],[-25.686,-0.067],[-5.252,0.014],[-6.686,25.52],[0,0],[0,0],[81.486,-36.817]],"o":[[0,0],[6.686,25.52],[5.252,0.014],[25.686,-0.067],[6.052,-23.1],[0,0],[-81.927,-35.824],[0,0]],"v":[[-170.184,-4.664],[-132.569,140.009],[-89.673,176.702],[82.932,176.702],[125.828,140.009],[163.442,-4.664],[122.586,-22.529],[-134.097,-20.968]],"c":true},"ix":2},"nm":"Path 1","mn":"ADBE Vector Shape - Group","hd":false},{"ty":"fl","c":{"a":0,"k":[0.847058832645,0.823529422283,0.662745118141,1],"ix":4},"o":{"a":0,"k":100,"ix":5},"r":1,"bm":0,"nm":"Fill 1","mn":"ADBE Vector Graphic - Fill","hd":false},{"ty":"tr","p":{"a":0,"k":[0,0],"ix":2},"a":{"a":0,"k":[0,0],"ix":1},"s":{"a":0,"k":[100,100],"ix":3},"r":{"a":0,"k":0,"ix":6},"o":{"a":0,"k":100,"ix":7},"sk":{"a":0,"k":0,"ix":4},"sa":{"a":0,"k":0,"ix":5},"nm":"Transform"}],"nm":"Group 3","np":2,"cix":2,"bm":0,"ix":2,"mn":"ADBE Vector Group","hd":false}],"ip":0,"op":132,"st":12,"bm":0},{"ddd":0,"ind":25,"ty":4,"nm":"R_Arm_Back","parent":24,"sr":1,"ks":{"o":{"a":0,"k":100,"ix":11},"r":{"a":1,"k":[{"i":{"x":[0],"y":[1]},"o":{"x":[0.167],"y":[0]},"t":0,"s":[0]},{"i":{"x":[0.48],"y":[1]},"o":{"x":[0.52],"y":[0]},"t":18,"s":[12]},{"i":{"x":[0.17],"y":[1]},"o":{"x":[0.52],"y":[0]},"t":32,"s":[-3]},{"t":55,"s":[0]}],"ix":10},"p":{"a":0,"k":[-93.194,-16.754,0],"ix":2},"a":{"a":0,"k":[-93.194,-16.754,0],"ix":1},"s":{"a":0,"k":[100,100,100],"ix":6}},"ao":0,"shapes":[{"ty":"gr","it":[{"ind":0,"ty":"sh","ix":1,"ks":{"a":0,"k":{"i":[[0,0],[0,0],[0,0],[-36.489,-20.038],[-21.44,-11.635]],"o":[[0,0],[0,0],[0,0],[0,0],[0,0]],"v":[[-167.552,-85.073],[-223.45,-101.34],[-291.215,-61.494],[-246.907,-15.435],[-209.754,4.877]],"c":true},"ix":2},"nm":"Path 1","mn":"ADBE Vector Shape - Group","hd":false},{"ty":"st","c":{"a":0,"k":[0,0,0,1],"ix":3},"o":{"a":0,"k":100,"ix":4},"w":{"a":0,"k":3,"ix":5},"lc":2,"lj":2,"bm":0,"nm":"Stroke 1","mn":"ADBE Vector Graphic - Stroke","hd":false},{"ty":"fl","c":{"a":0,"k":[0.349019616842,0.501960813999,0.847058832645,1],"ix":4},"o":{"a":0,"k":100,"ix":5},"r":1,"bm":0,"nm":"Fill 1","mn":"ADBE Vector Graphic - Fill","hd":false},{"ty":"tr","p":{"a":0,"k":[0,0],"ix":2},"a":{"a":0,"k":[0,0],"ix":1},"s":{"a":0,"k":[100,100],"ix":3},"r":{"a":0,"k":0,"ix":6},"o":{"a":0,"k":100,"ix":7},"sk":{"a":0,"k":0,"ix":4},"sa":{"a":0,"k":0,"ix":5},"nm":"Transform"}],"nm":"Group 1","np":3,"cix":2,"bm":0,"ix":1,"mn":"ADBE Vector Group","hd":false},{"ty":"gr","it":[{"ind":0,"ty":"sh","ix":1,"ks":{"a":0,"k":{"i":[[0,0],[53.43,-37.792],[0,0],[0,0],[-36.489,-20.038],[-23.138,-7.966],[0,0]],"o":[[0,0],[0,0],[0,0],[0,0],[0,0],[23.138,7.966],[0,0]],"v":[[-25.491,-67.071],[-150.473,-80.102],[-223.45,-101.34],[-291.215,-61.494],[-246.907,-15.435],[-94.601,63.859],[-94.601,63.859]],"c":true},"ix":2},"nm":"Path 1","mn":"ADBE Vector Shape - Group","hd":false},{"ty":"st","c":{"a":0,"k":[0,0,0,1],"ix":3},"o":{"a":0,"k":100,"ix":4},"w":{"a":0,"k":3,"ix":5},"lc":2,"lj":2,"bm":0,"nm":"Stroke 1","mn":"ADBE Vector Graphic - Stroke","hd":false},{"ty":"fl","c":{"a":0,"k":[0.847058832645,0.823529422283,0.662745118141,1],"ix":4},"o":{"a":0,"k":100,"ix":5},"r":1,"bm":0,"nm":"Fill 1","mn":"ADBE Vector Graphic - Fill","hd":false},{"ty":"tr","p":{"a":0,"k":[0,0],"ix":2},"a":{"a":0,"k":[0,0],"ix":1},"s":{"a":0,"k":[100,100],"ix":3},"r":{"a":0,"k":0,"ix":6},"o":{"a":0,"k":100,"ix":7},"sk":{"a":0,"k":0,"ix":4},"sa":{"a":0,"k":0,"ix":5},"nm":"Transform"}],"nm":"Group 2","np":3,"cix":2,"bm":0,"ix":2,"mn":"ADBE Vector Group","hd":false}],"ip":0,"op":132,"st":12,"bm":0},{"ddd":0,"ind":26,"ty":4,"nm":"L_Arm","parent":24,"sr":1,"ks":{"o":{"a":0,"k":100,"ix":11},"r":{"a":1,"k":[{"i":{"x":[0],"y":[1]},"o":{"x":[0.333],"y":[0]},"t":0,"s":[0]},{"i":{"x":[0],"y":[1]},"o":{"x":[0.333],"y":[0]},"t":22,"s":[-2]},{"t":42,"s":[0]}],"ix":10},"p":{"a":0,"k":[0,0,0],"ix":2},"a":{"a":0,"k":[0,0,0],"ix":1},"s":{"a":0,"k":[100,100,100],"ix":6}},"ao":0,"shapes":[{"ty":"gr","it":[{"ind":0,"ty":"sh","ix":1,"ks":{"a":0,"k":{"i":[[0,0],[0,0]],"o":[[0,0],[0,0]],"v":[[245.291,100.663],[268.649,100.663]],"c":false},"ix":2},"nm":"Path 1","mn":"ADBE Vector Shape - Group","hd":false},{"ty":"st","c":{"a":0,"k":[0,0,0,1],"ix":3},"o":{"a":0,"k":100,"ix":4},"w":{"a":0,"k":3,"ix":5},"lc":2,"lj":2,"bm":0,"nm":"Stroke 1","mn":"ADBE Vector Graphic - Stroke","hd":false},{"ty":"tr","p":{"a":0,"k":[0,0],"ix":2},"a":{"a":0,"k":[0,0],"ix":1},"s":{"a":0,"k":[100,100],"ix":3},"r":{"a":0,"k":0,"ix":6},"o":{"a":0,"k":100,"ix":7},"sk":{"a":0,"k":0,"ix":4},"sa":{"a":0,"k":0,"ix":5},"nm":"Transform"}],"nm":"Group 1","np":2,"cix":2,"bm":0,"ix":1,"mn":"ADBE Vector Group","hd":false},{"ty":"gr","it":[{"ind":0,"ty":"sh","ix":1,"ks":{"a":0,"k":{"i":[[0,0],[8.633,15.121],[5.786,-0.298]],"o":[[0,0],[-2.911,-5.1],[0,0]],"v":[[138.199,240.19],[147.062,215.42],[133.035,209.153]],"c":false},"ix":2},"nm":"Path 1","mn":"ADBE Vector Shape - Group","hd":false},{"ty":"st","c":{"a":0,"k":[0,0,0,1],"ix":3},"o":{"a":0,"k":100,"ix":4},"w":{"a":0,"k":3,"ix":5},"lc":2,"lj":2,"bm":0,"nm":"Stroke 1","mn":"ADBE Vector Graphic - Stroke","hd":false},{"ty":"tr","p":{"a":0,"k":[0,0],"ix":2},"a":{"a":0,"k":[0,0],"ix":1},"s":{"a":0,"k":[100,100],"ix":3},"r":{"a":0,"k":0,"ix":6},"o":{"a":0,"k":100,"ix":7},"sk":{"a":0,"k":0,"ix":4},"sa":{"a":0,"k":0,"ix":5},"nm":"Transform"}],"nm":"Group 2","np":2,"cix":2,"bm":0,"ix":2,"mn":"ADBE Vector Group","hd":false},{"ty":"gr","it":[{"ind":0,"ty":"sh","ix":1,"ks":{"a":0,"k":{"i":[[0,0],[0,0],[0,0],[3.904,-17.774],[0,0],[-18.794,0.455],[0,0],[0.915,17.368],[1.58,1.923],[4.616,-15.827],[1.978,-2.968],[6.595,0.33],[-6.595,24.07]],"o":[[0,0],[0,0],[-18.198,0],[0,0],[-4.033,18.362],[0,0],[17.392,0],[-0.174,-3.313],[-7.584,-9.232],[0,0],[0,0],[0,0],[0,0]],"v":[[245.291,203.421],[245.291,100.663],[147.737,100.663],[99.887,131.101],[93.175,207.192],[122.182,242.381],[125.974,242.29],[161.598,211.468],[159.108,203.378],[133.06,209.643],[123.827,216.897],[120.86,206.346],[143.281,180.957]],"c":true},"ix":2},"nm":"Path 1","mn":"ADBE Vector Shape - Group","hd":false},{"ty":"st","c":{"a":0,"k":[0,0,0,1],"ix":3},"o":{"a":0,"k":100,"ix":4},"w":{"a":0,"k":3,"ix":5},"lc":2,"lj":2,"bm":0,"nm":"Stroke 1","mn":"ADBE Vector Graphic - Stroke","hd":false},{"ty":"fl","c":{"a":0,"k":[0.54509806633,0.290196090937,0.243137255311,1],"ix":4},"o":{"a":0,"k":100,"ix":5},"r":1,"bm":0,"nm":"Fill 1","mn":"ADBE Vector Graphic - Fill","hd":false},{"ty":"tr","p":{"a":0,"k":[0,0],"ix":2},"a":{"a":0,"k":[0,0],"ix":1},"s":{"a":0,"k":[100,100],"ix":3},"r":{"a":0,"k":0,"ix":6},"o":{"a":0,"k":100,"ix":7},"sk":{"a":0,"k":0,"ix":4},"sa":{"a":0,"k":0,"ix":5},"nm":"Transform"}],"nm":"Group 3","np":3,"cix":2,"bm":0,"ix":3,"mn":"ADBE Vector Group","hd":false},{"ty":"gr","it":[{"ind":0,"ty":"sh","ix":1,"ks":{"a":0,"k":{"i":[[0,0],[-6.02,-6.029],[12.12,-8.888],[44.442,7.272],[0,0],[14.812,8.724]],"o":[[6.432,5.273],[81.611,81.735],[-12.12,8.888],[0,0],[0,0],[0,0]],"v":[[228.967,13.334],[247.684,30.265],[281.995,169.45],[200.66,186.063],[197.427,113.696],[172.798,98.902]],"c":true},"ix":2},"nm":"Path 1","mn":"ADBE Vector Shape - Group","hd":false},{"ty":"st","c":{"a":0,"k":[0,0,0,1],"ix":3},"o":{"a":0,"k":100,"ix":4},"w":{"a":0,"k":3,"ix":5},"lc":2,"lj":2,"bm":0,"nm":"Stroke 1","mn":"ADBE Vector Graphic - Stroke","hd":false},{"ty":"fl","c":{"a":0,"k":[0.349019616842,0.501960813999,0.847058832645,1],"ix":4},"o":{"a":0,"k":100,"ix":5},"r":1,"bm":0,"nm":"Fill 1","mn":"ADBE Vector Graphic - Fill","hd":false},{"ty":"tr","p":{"a":0,"k":[0,0],"ix":2},"a":{"a":0,"k":[0,0],"ix":1},"s":{"a":0,"k":[100,100],"ix":3},"r":{"a":0,"k":0,"ix":6},"o":{"a":0,"k":100,"ix":7},"sk":{"a":0,"k":0,"ix":4},"sa":{"a":0,"k":0,"ix":5},"nm":"Transform"}],"nm":"Group 4","np":3,"cix":2,"bm":0,"ix":4,"mn":"ADBE Vector Group","hd":false},{"ty":"gr","it":[{"ind":0,"ty":"sh","ix":1,"ks":{"a":0,"k":{"i":[[0,0],[-7.277,6.421]],"o":[[0,0],[0,0]],"v":[[133.06,209.643],[136.138,184.48]],"c":false},"ix":2},"nm":"Path 1","mn":"ADBE Vector Shape - Group","hd":false},{"ty":"st","c":{"a":0,"k":[0,0,0,1],"ix":3},"o":{"a":0,"k":100,"ix":4},"w":{"a":0,"k":1.5,"ix":5},"lc":2,"lj":2,"bm":0,"nm":"Stroke 1","mn":"ADBE Vector Graphic - Stroke","hd":false},{"ty":"tr","p":{"a":0,"k":[0,0],"ix":2},"a":{"a":0,"k":[0,0],"ix":1},"s":{"a":0,"k":[100,100],"ix":3},"r":{"a":0,"k":0,"ix":6},"o":{"a":0,"k":100,"ix":7},"sk":{"a":0,"k":0,"ix":4},"sa":{"a":0,"k":0,"ix":5},"nm":"Transform"}],"nm":"Group 5","np":2,"cix":2,"bm":0,"ix":5,"mn":"ADBE Vector Group","hd":false},{"ty":"gr","it":[{"ind":0,"ty":"sh","ix":1,"ks":{"a":0,"k":{"i":[[0,0],[-2.451,-19.321]],"o":[[0,0],[0,0]],"v":[[152.514,190.848],[135.398,204.111]],"c":false},"ix":2},"nm":"Path 1","mn":"ADBE Vector Shape - Group","hd":false},{"ty":"st","c":{"a":0,"k":[0,0,0,1],"ix":3},"o":{"a":0,"k":100,"ix":4},"w":{"a":0,"k":3,"ix":5},"lc":2,"lj":2,"bm":0,"nm":"Stroke 1","mn":"ADBE Vector Graphic - Stroke","hd":false},{"ty":"tr","p":{"a":0,"k":[0,0],"ix":2},"a":{"a":0,"k":[0,0],"ix":1},"s":{"a":0,"k":[100,100],"ix":3},"r":{"a":0,"k":0,"ix":6},"o":{"a":0,"k":100,"ix":7},"sk":{"a":0,"k":0,"ix":4},"sa":{"a":0,"k":0,"ix":5},"nm":"Transform"}],"nm":"Group 6","np":2,"cix":2,"bm":0,"ix":6,"mn":"ADBE Vector Group","hd":false},{"ty":"gr","it":[{"ind":0,"ty":"sh","ix":1,"ks":{"a":0,"k":{"i":[[0,0],[-81.611,-81.735],[12.12,-8.888],[44.441,7.272],[0,0],[24.297,-7.207],[0,0]],"o":[[0,0],[81.611,81.735],[-12.12,8.888],[0,0],[0,0],[-14.863,4.409],[0,0]],"v":[[40.274,-61.494],[247.684,30.265],[281.995,169.45],[200.66,186.063],[197.427,113.696],[37.727,37.186],[37.727,37.186]],"c":true},"ix":2},"nm":"Path 1","mn":"ADBE Vector Shape - Group","hd":false},{"ty":"st","c":{"a":0,"k":[0,0,0,1],"ix":3},"o":{"a":0,"k":100,"ix":4},"w":{"a":0,"k":3,"ix":5},"lc":2,"lj":2,"bm":0,"nm":"Stroke 1","mn":"ADBE Vector Graphic - Stroke","hd":false},{"ty":"fl","c":{"a":0,"k":[0.847058832645,0.823529422283,0.662745118141,1],"ix":4},"o":{"a":0,"k":100,"ix":5},"r":1,"bm":0,"nm":"Fill 1","mn":"ADBE Vector Graphic - Fill","hd":false},{"ty":"tr","p":{"a":0,"k":[0,0],"ix":2},"a":{"a":0,"k":[0,0],"ix":1},"s":{"a":0,"k":[100,100],"ix":3},"r":{"a":0,"k":0,"ix":6},"o":{"a":0,"k":100,"ix":7},"sk":{"a":0,"k":0,"ix":4},"sa":{"a":0,"k":0,"ix":5},"nm":"Transform"}],"nm":"Group 7","np":3,"cix":2,"bm":0,"ix":7,"mn":"ADBE Vector Group","hd":false},{"ty":"gr","it":[{"ind":0,"ty":"sh","ix":1,"ks":{"a":0,"k":{"i":[[0,0],[-1.759,13.432],[0,0],[18.183,-4.396],[0,0],[0,0]],"o":[[0,0],[1.759,-13.432],[0,0],[0,0],[0,0],[0,0]],"v":[[139.764,226.459],[158.962,209.117],[152.514,190.848],[133.035,185.133],[109.136,213.563],[115.877,228.217]],"c":true},"ix":2},"nm":"Path 1","mn":"ADBE Vector Shape - Group","hd":false},{"ty":"st","c":{"a":0,"k":[0,0,0,1],"ix":3},"o":{"a":0,"k":100,"ix":4},"w":{"a":0,"k":3,"ix":5},"lc":2,"lj":2,"bm":0,"nm":"Stroke 1","mn":"ADBE Vector Graphic - Stroke","hd":false},{"ty":"fl","c":{"a":0,"k":[0.388235300779,0.188235297799,0.172549024224,1],"ix":4},"o":{"a":0,"k":100,"ix":5},"r":1,"bm":0,"nm":"Fill 1","mn":"ADBE Vector Graphic - Fill","hd":false},{"ty":"tr","p":{"a":0,"k":[0,0],"ix":2},"a":{"a":0,"k":[0,0],"ix":1},"s":{"a":0,"k":[100,100],"ix":3},"r":{"a":0,"k":0,"ix":6},"o":{"a":0,"k":100,"ix":7},"sk":{"a":0,"k":0,"ix":4},"sa":{"a":0,"k":0,"ix":5},"nm":"Transform"}],"nm":"Group 8","np":3,"cix":2,"bm":0,"ix":8,"mn":"ADBE Vector Group","hd":false}],"ip":0,"op":132,"st":12,"bm":0},{"ddd":0,"ind":27,"ty":4,"nm":"Weist","parent":1,"sr":1,"ks":{"o":{"a":0,"k":100,"ix":11},"r":{"a":0,"k":0,"ix":10},"p":{"a":0,"k":[5,-107.047,0],"ix":2},"a":{"a":0,"k":[0,0,0],"ix":1},"s":{"a":0,"k":[100,100,100],"ix":6}},"ao":0,"shapes":[{"ty":"gr","it":[{"ind":0,"ty":"sh","ix":1,"ks":{"a":0,"k":{"i":[[0,0],[0,0],[-10.601,0],[0,0],[0,-10.601],[0,0]],"o":[[0,0],[0,-10.601],[0,0],[10.601,0],[0,0],[0,0]],"v":[[-106.135,224.271],[-106.135,170.638],[-86.941,151.444],[79.066,151.444],[98.26,170.638],[98.26,224.271]],"c":false},"ix":2},"nm":"Path 1","mn":"ADBE Vector Shape - Group","hd":false},{"ty":"st","c":{"a":0,"k":[0,0,0,1],"ix":3},"o":{"a":0,"k":100,"ix":4},"w":{"a":0,"k":3,"ix":5},"lc":2,"lj":2,"bm":0,"nm":"Stroke 1","mn":"ADBE Vector Graphic - Stroke","hd":false},{"ty":"tr","p":{"a":0,"k":[0,0],"ix":2},"a":{"a":0,"k":[0,0],"ix":1},"s":{"a":0,"k":[100,100],"ix":3},"r":{"a":0,"k":0,"ix":6},"o":{"a":0,"k":100,"ix":7},"sk":{"a":0,"k":0,"ix":4},"sa":{"a":0,"k":0,"ix":5},"nm":"Transform"}],"nm":"Group 1","np":2,"cix":2,"bm":0,"ix":1,"mn":"ADBE Vector Group","hd":false},{"ty":"gr","it":[{"ind":0,"ty":"sh","ix":1,"ks":{"a":0,"k":{"i":[[0,0],[0,0],[0,0],[-10.601,0],[0,0],[0,-10.601]],"o":[[0,0],[0,0],[0,-10.601],[0,0],[10.601,0],[0,0]],"v":[[98.26,224.271],[-106.135,224.271],[-106.135,170.638],[-86.941,151.444],[79.066,151.444],[98.26,170.638]],"c":true},"ix":2},"nm":"Path 1","mn":"ADBE Vector Shape - Group","hd":false},{"ty":"fl","c":{"a":0,"k":[0.329411774874,0.411764711142,0.498039215803,1],"ix":4},"o":{"a":0,"k":100,"ix":5},"r":1,"bm":0,"nm":"Fill 1","mn":"ADBE Vector Graphic - Fill","hd":false},{"ty":"tr","p":{"a":0,"k":[0,0],"ix":2},"a":{"a":0,"k":[0,0],"ix":1},"s":{"a":0,"k":[100,100],"ix":3},"r":{"a":0,"k":0,"ix":6},"o":{"a":0,"k":100,"ix":7},"sk":{"a":0,"k":0,"ix":4},"sa":{"a":0,"k":0,"ix":5},"nm":"Transform"}],"nm":"Group 2","np":2,"cix":2,"bm":0,"ix":2,"mn":"ADBE Vector Group","hd":false}],"ip":0,"op":132,"st":12,"bm":0},{"ddd":0,"ind":28,"ty":4,"nm":"Bag","parent":1,"sr":1,"ks":{"o":{"a":0,"k":100,"ix":11},"r":{"a":0,"k":0,"ix":10},"p":{"a":0,"k":[5,-107.047,0],"ix":2},"a":{"a":0,"k":[0,0,0],"ix":1},"s":{"a":0,"k":[100,100,100],"ix":6}},"ao":0,"shapes":[{"ty":"gr","it":[{"ind":0,"ty":"sh","ix":1,"ks":{"a":0,"k":{"i":[[0,0],[0,0]],"o":[[0,0],[0,0]],"v":[[98.809,209.277],[121.199,215.297]],"c":false},"ix":2},"nm":"Path 1","mn":"ADBE Vector Shape - Group","hd":false},{"ty":"st","c":{"a":0,"k":[0,0,0,1],"ix":3},"o":{"a":0,"k":100,"ix":4},"w":{"a":0,"k":1.356,"ix":5},"lc":2,"lj":2,"bm":0,"nm":"Stroke 1","mn":"ADBE Vector Graphic - Stroke","hd":false},{"ty":"tr","p":{"a":0,"k":[0,0],"ix":2},"a":{"a":0,"k":[0,0],"ix":1},"s":{"a":0,"k":[100,100],"ix":3},"r":{"a":0,"k":0,"ix":6},"o":{"a":0,"k":100,"ix":7},"sk":{"a":0,"k":0,"ix":4},"sa":{"a":0,"k":0,"ix":5},"nm":"Transform"}],"nm":"Group 1","np":2,"cix":2,"bm":0,"ix":1,"mn":"ADBE Vector Group","hd":false},{"ty":"gr","it":[{"ty":"gr","it":[{"ind":0,"ty":"sh","ix":1,"ks":{"a":0,"k":{"i":[[3.937,1.058],[0,0],[-0.08,-7.412],[0,0],[-3.71,-0.998],[0,0],[0.085,7.865],[0,0]],"o":[[0,0],[-5.959,-1.602],[0,0],[0.05,4.615],[0,0],[6.322,1.7],[0,0],[-0.053,-4.897]],"v":[[114.178,172.645],[110.527,171.663],[98.532,183.519],[99.167,242.445],[105.452,251.827],[108.739,252.711],[121.467,240.133],[120.847,182.6]],"c":true},"ix":2},"nm":"Path 1","mn":"ADBE Vector Shape - Group","hd":false},{"ty":"st","c":{"a":0,"k":[0,0,0,1],"ix":3},"o":{"a":0,"k":100,"ix":4},"w":{"a":0,"k":1.356,"ix":5},"lc":2,"lj":2,"bm":0,"nm":"Stroke 1","mn":"ADBE Vector Graphic - Stroke","hd":false},{"ty":"fl","c":{"a":0,"k":[0.388235300779,0.188235297799,0.172549024224,1],"ix":4},"o":{"a":0,"k":100,"ix":5},"r":1,"bm":0,"nm":"Fill 1","mn":"ADBE Vector Graphic - Fill","hd":false},{"ty":"tr","p":{"a":0,"k":[0,0],"ix":2},"a":{"a":0,"k":[0,0],"ix":1},"s":{"a":0,"k":[100,100],"ix":3},"r":{"a":0,"k":0,"ix":6},"o":{"a":0,"k":100,"ix":7},"sk":{"a":0,"k":0,"ix":4},"sa":{"a":0,"k":0,"ix":5},"nm":"Transform"}],"nm":"Group 1","np":3,"cix":2,"bm":0,"ix":1,"mn":"ADBE Vector Group","hd":false},{"ty":"gr","it":[{"ind":0,"ty":"sh","ix":1,"ks":{"a":0,"k":{"i":[[-3.937,-1.058],[0,0],[0.08,7.412],[0,0],[3.71,0.998],[0,0],[-0.085,-7.865],[0,0]],"o":[[0,0],[5.959,1.602],[0,0],[-0.05,-4.615],[0,0],[-6.322,-1.7],[0,0],[0.053,4.897]],"v":[[74.03,243.379],[109.269,252.854],[121.265,240.998],[120.63,182.072],[114.344,172.689],[79.468,163.313],[66.741,175.891],[67.361,233.424]],"c":true},"ix":2},"nm":"Path 1","mn":"ADBE Vector Shape - Group","hd":false},{"ty":"st","c":{"a":0,"k":[0,0,0,1],"ix":3},"o":{"a":0,"k":100,"ix":4},"w":{"a":0,"k":2.713,"ix":5},"lc":2,"lj":2,"bm":0,"nm":"Stroke 1","mn":"ADBE Vector Graphic - Stroke","hd":false},{"ty":"fl","c":{"a":0,"k":[0.54509806633,0.290196090937,0.243137255311,1],"ix":4},"o":{"a":0,"k":100,"ix":5},"r":1,"bm":0,"nm":"Fill 1","mn":"ADBE Vector Graphic - Fill","hd":false},{"ty":"tr","p":{"a":0,"k":[0,0],"ix":2},"a":{"a":0,"k":[0,0],"ix":1},"s":{"a":0,"k":[100,100],"ix":3},"r":{"a":0,"k":0,"ix":6},"o":{"a":0,"k":100,"ix":7},"sk":{"a":0,"k":0,"ix":4},"sa":{"a":0,"k":0,"ix":5},"nm":"Transform"}],"nm":"Group 2","np":3,"cix":2,"bm":0,"ix":2,"mn":"ADBE Vector Group","hd":false},{"ty":"tr","p":{"a":0,"k":[0,0],"ix":2},"a":{"a":0,"k":[0,0],"ix":1},"s":{"a":0,"k":[100,100],"ix":3},"r":{"a":0,"k":0,"ix":6},"o":{"a":0,"k":100,"ix":7},"sk":{"a":0,"k":0,"ix":4},"sa":{"a":0,"k":0,"ix":5},"nm":"Transform"}],"nm":"Group 2","np":2,"cix":2,"bm":0,"ix":2,"mn":"ADBE Vector Group","hd":false}],"ip":0,"op":132,"st":12,"bm":0}]}],"layers":[{"ddd":0,"ind":1,"ty":0,"nm":"19_Graggle_Wink","refId":"comp_0","sr":1,"ks":{"o":{"a":0,"k":100,"ix":11},"r":{"a":0,"k":0,"ix":10},"p":{"a":0,"k":[160,160,0],"ix":2},"a":{"a":0,"k":[400,400,0],"ix":1},"s":{"a":0,"k":[40,40,100],"ix":6}},"ao":0,"w":800,"h":800,"ip":0,"op":120,"st":0,"bm":0}],"markers":[]}