{"v":"5.6.2","fr":60,"ip":0,"op":120,"w":320,"h":320,"nm":"29_Mallow_Blush","ddd":0,"assets":[{"id":"comp_0","layers":[{"ddd":0,"ind":2,"ty":3,"nm":"Overall_Ctrl","sr":1,"ks":{"o":{"a":0,"k":0,"ix":11},"r":{"a":0,"k":0,"ix":10},"p":{"a":0,"k":[400,424,0],"ix":2},"a":{"a":0,"k":[0,0,0],"ix":1},"s":{"a":0,"k":[110,110,100],"ix":6}},"ao":0,"ip":0,"op":120,"st":0,"bm":0},{"ddd":0,"ind":3,"ty":4,"nm":"R_Arm_Front","parent":14,"sr":1,"ks":{"o":{"a":0,"k":100,"ix":11},"r":{"a":0,"k":0,"ix":10},"p":{"a":0,"k":[0,0,0],"ix":2},"a":{"a":0,"k":[0,0,0],"ix":1},"s":{"a":0,"k":[100,100,100],"ix":6}},"ao":0,"shapes":[{"ty":"gr","it":[{"ind":0,"ty":"sh","ix":1,"ks":{"a":1,"k":[{"i":{"x":0.237,"y":1},"o":{"x":0.459,"y":0},"t":19,"s":[{"i":[[0,0],[-1.056,-4.402]],"o":[[0,0],[0,0]],"v":[[-12.747,-70.794],[-7.095,-63.18]],"c":false}]},{"i":{"x":0.667,"y":1},"o":{"x":0.729,"y":0},"t":44,"s":[{"i":[[0,0],[-2.585,-3.716]],"o":[[0,0],[0,0]],"v":[[-59.982,-76.75],[-51.947,-71.714]],"c":false}]},{"t":82,"s":[{"i":[[0,0],[-1.056,-4.402]],"o":[[0,0],[0,0]],"v":[[-12.747,-70.794],[-7.095,-63.18]],"c":false}]}],"ix":2},"nm":"Path 1","mn":"ADBE Vector Shape - Group","hd":false},{"ty":"st","c":{"a":0,"k":[0,0,0,1],"ix":3},"o":{"a":0,"k":100,"ix":4},"w":{"a":0,"k":4,"ix":5},"lc":2,"lj":2,"bm":0,"nm":"Stroke 1","mn":"ADBE Vector Graphic - Stroke","hd":false},{"ty":"fl","c":{"a":0,"k":[0.949019610882,0.439215689898,0.717647075653,1],"ix":4},"o":{"a":0,"k":100,"ix":5},"r":1,"bm":0,"nm":"Fill 1","mn":"ADBE Vector Graphic - Fill","hd":false},{"ty":"tr","p":{"a":0,"k":[0,0],"ix":2},"a":{"a":0,"k":[0,0],"ix":1},"s":{"a":0,"k":[100,100],"ix":3},"r":{"a":0,"k":0,"ix":6},"o":{"a":0,"k":100,"ix":7},"sk":{"a":0,"k":0,"ix":4},"sa":{"a":0,"k":0,"ix":5},"nm":"Transform"}],"nm":"Group 1","np":3,"cix":2,"bm":0,"ix":1,"mn":"ADBE Vector Group","hd":false},{"ty":"gr","it":[{"ind":0,"ty":"sh","ix":1,"ks":{"a":1,"k":[{"i":{"x":0.237,"y":1},"o":{"x":0.459,"y":0},"t":19,"s":[{"i":[[0,0],[-1.626,-3.521]],"o":[[0,0],[0,0]],"v":[[-31.777,-69.765],[-25.271,-63.18]],"c":false}]},{"i":{"x":0.667,"y":1},"o":{"x":0.729,"y":0},"t":44,"s":[{"i":[[0,0],[-2.795,-2.688]],"o":[[0,0],[0,0]],"v":[[-77.332,-68.867],[-68.877,-65.101]],"c":false}]},{"t":82,"s":[{"i":[[0,0],[-1.626,-3.521]],"o":[[0,0],[0,0]],"v":[[-31.777,-69.765],[-25.271,-63.18]],"c":false}]}],"ix":2},"nm":"Path 1","mn":"ADBE Vector Shape - Group","hd":false},{"ty":"st","c":{"a":0,"k":[0,0,0,1],"ix":3},"o":{"a":0,"k":100,"ix":4},"w":{"a":0,"k":4,"ix":5},"lc":2,"lj":2,"bm":0,"nm":"Stroke 1","mn":"ADBE Vector Graphic - Stroke","hd":false},{"ty":"fl","c":{"a":0,"k":[0.949019610882,0.439215689898,0.717647075653,1],"ix":4},"o":{"a":0,"k":100,"ix":5},"r":1,"bm":0,"nm":"Fill 1","mn":"ADBE Vector Graphic - Fill","hd":false},{"ty":"tr","p":{"a":0,"k":[0,0],"ix":2},"a":{"a":0,"k":[0,0],"ix":1},"s":{"a":0,"k":[100,100],"ix":3},"r":{"a":0,"k":0,"ix":6},"o":{"a":0,"k":100,"ix":7},"sk":{"a":0,"k":0,"ix":4},"sa":{"a":0,"k":0,"ix":5},"nm":"Transform"}],"nm":"Group 2","np":3,"cix":2,"bm":0,"ix":2,"mn":"ADBE Vector Group","hd":false},{"ty":"gr","it":[{"ind":0,"ty":"sh","ix":1,"ks":{"a":1,"k":[{"i":{"x":0.237,"y":1},"o":{"x":0.459,"y":0},"t":19,"s":[{"i":[[0,0],[0,0],[-30.259,18.941],[0.577,11.612],[0,0],[0,0],[0,0],[0,0],[0,0]],"o":[[0,0],[7.069,10.126],[2.304,-28.722],[-1.268,-25.551],[-10.148,-4.835],[-17.761,-5.074],[0,0],[0,0],[0,0]],"v":[[-49.659,-10.802],[-50.478,10.945],[4.673,19.801],[5.646,-46.479],[-12.747,-70.794],[-31.777,-69.765],[-58.166,-61.5],[-48.279,-47.479],[-49.256,-21.521]],"c":false}]},{"i":{"x":0.667,"y":1},"o":{"x":0.729,"y":0},"t":44,"s":[{"i":[[0,0],[0,0],[-16.447,31.684],[4.762,10.607],[0,0],[0,0],[0,0],[0,0],[0,0]],"o":[[0,0],[11.232,5.133],[-8.632,-26.867],[-10.478,-23.339],[-11.212,-0.811],[-18.39,1.736],[0,0],[0,0],[0,0]],"v":[[-72.536,-7.439],[-63.078,17.165],[-11.914,-0.535],[-34.002,-60.793],[-59.982,-76.75],[-77.332,-68.867],[-98.906,-51.567],[-84.595,-42.105],[-76.06,-17.57]],"c":false}]},{"t":82,"s":[{"i":[[0,0],[0,0],[-30.259,18.941],[0.577,11.612],[0,0],[0,0],[0,0],[0,0],[0,0]],"o":[[0,0],[7.069,10.126],[2.304,-28.722],[-1.268,-25.551],[-10.148,-4.835],[-17.761,-5.074],[0,0],[0,0],[0,0]],"v":[[-49.659,-10.802],[-50.478,10.945],[4.673,19.801],[5.646,-46.479],[-12.747,-70.794],[-31.777,-69.765],[-58.166,-61.5],[-48.279,-47.479],[-49.256,-21.521]],"c":false}]}],"ix":2},"nm":"Path 1","mn":"ADBE Vector Shape - Group","hd":false},{"ty":"st","c":{"a":0,"k":[0,0,0,1],"ix":3},"o":{"a":0,"k":100,"ix":4},"w":{"a":0,"k":4,"ix":5},"lc":2,"lj":2,"bm":0,"nm":"Stroke 1","mn":"ADBE Vector Graphic - Stroke","hd":false},{"ty":"tr","p":{"a":0,"k":[0,0],"ix":2},"a":{"a":0,"k":[0,0],"ix":1},"s":{"a":0,"k":[100,100],"ix":3},"r":{"a":0,"k":0,"ix":6},"o":{"a":0,"k":100,"ix":7},"sk":{"a":0,"k":0,"ix":4},"sa":{"a":0,"k":0,"ix":5},"nm":"Transform"}],"nm":"Group 3","np":2,"cix":2,"bm":0,"ix":3,"mn":"ADBE Vector Group","hd":false},{"ty":"gr","it":[{"ind":0,"ty":"sh","ix":1,"ks":{"a":1,"k":[{"i":{"x":0.237,"y":1},"o":{"x":0.459,"y":0},"t":19,"s":[{"i":[[0,0],[0,0],[0,0],[0,0],[0,0],[-30.259,18.941],[0.577,11.612]],"o":[[-10.148,-4.835],[-17.761,-5.074],[0,0],[0,0],[7.069,10.126],[2.304,-28.722],[-1.268,-25.551]],"v":[[-12.747,-70.794],[-31.777,-69.765],[-58.166,-61.5],[-48.279,-47.479],[-50.478,10.945],[4.673,19.801],[5.646,-46.479]],"c":true}]},{"i":{"x":0.667,"y":1},"o":{"x":0.729,"y":0},"t":44,"s":[{"i":[[0,0],[0,0],[0,0],[0,0],[0,0],[-16.447,31.684],[4.762,10.607]],"o":[[-11.212,-0.811],[-18.39,1.736],[0,0],[0,0],[11.232,5.133],[-7.622,-26.593],[-10.478,-23.339]],"v":[[-59.982,-76.75],[-77.332,-68.867],[-98.906,-51.567],[-84.595,-42.105],[-63.078,17.165],[-11.914,-0.535],[-34.002,-60.793]],"c":true}]},{"t":82,"s":[{"i":[[0,0],[0,0],[0,0],[0,0],[0,0],[-30.259,18.941],[0.577,11.612]],"o":[[-10.148,-4.835],[-17.761,-5.074],[0,0],[0,0],[7.069,10.126],[2.304,-28.722],[-1.268,-25.551]],"v":[[-12.747,-70.794],[-31.777,-69.765],[-58.166,-61.5],[-48.279,-47.479],[-50.478,10.945],[4.673,19.801],[5.646,-46.479]],"c":true}]}],"ix":2},"nm":"Path 1","mn":"ADBE Vector Shape - Group","hd":false},{"ty":"fl","c":{"a":0,"k":[0.949019610882,0.439215689898,0.717647075653,1],"ix":4},"o":{"a":0,"k":100,"ix":5},"r":1,"bm":0,"nm":"Fill 1","mn":"ADBE Vector Graphic - Fill","hd":false},{"ty":"tr","p":{"a":0,"k":[0,0],"ix":2},"a":{"a":0,"k":[0,0],"ix":1},"s":{"a":0,"k":[100,100],"ix":3},"r":{"a":0,"k":0,"ix":6},"o":{"a":0,"k":100,"ix":7},"sk":{"a":0,"k":0,"ix":4},"sa":{"a":0,"k":0,"ix":5},"nm":"Transform"}],"nm":"Group 4","np":2,"cix":2,"bm":0,"ix":4,"mn":"ADBE Vector Group","hd":false},{"ty":"gr","it":[{"ind":0,"ty":"sh","ix":1,"ks":{"a":1,"k":[{"i":{"x":0.237,"y":1},"o":{"x":0.459,"y":0},"t":19,"s":[{"i":[[0,0],[3.91,-9.383]],"o":[[0,0],[0,0]],"v":[[-51.235,31.081],[-56.819,70.556]],"c":false}]},{"i":{"x":0.667,"y":1},"o":{"x":0.729,"y":0},"t":44,"s":[{"i":[[0,0],[2.78,-16.402]],"o":[[3.045,7.873],[0,0]],"v":[[-59.316,31.462],[-59.424,71.922]],"c":false}]},{"t":82,"s":[{"i":[[0,0],[3.91,-9.383]],"o":[[0,0],[0,0]],"v":[[-51.235,31.081],[-56.819,70.556]],"c":false}]}],"ix":2},"nm":"Path 1","mn":"ADBE Vector Shape - Group","hd":false},{"ty":"st","c":{"a":0,"k":[0,0,0,1],"ix":3},"o":{"a":0,"k":100,"ix":4},"w":{"a":0,"k":4,"ix":5},"lc":2,"lj":2,"bm":0,"nm":"Stroke 1","mn":"ADBE Vector Graphic - Stroke","hd":false},{"ty":"tr","p":{"a":0,"k":[0,0],"ix":2},"a":{"a":0,"k":[0,0],"ix":1},"s":{"a":0,"k":[100,100],"ix":3},"r":{"a":0,"k":0,"ix":6},"o":{"a":0,"k":100,"ix":7},"sk":{"a":0,"k":0,"ix":4},"sa":{"a":0,"k":0,"ix":5},"nm":"Transform"}],"nm":"Group 5","np":2,"cix":2,"bm":0,"ix":5,"mn":"ADBE Vector Group","hd":false},{"ty":"gr","it":[{"ind":0,"ty":"sh","ix":1,"ks":{"a":1,"k":[{"i":{"x":0.237,"y":1},"o":{"x":0.459,"y":0},"t":19,"s":[{"i":[[0,0],[0,0],[0,0],[4.827,-0.103],[0,0],[-0.591,-11.857],[0,0],[-16.775,-4.407],[0,0],[-6.191,20.456],[-1.08,24.428]],"o":[[0,0],[0,0],[-1.331,-4.641],[0,0],[-11.869,0.252],[0,0],[0.863,17.323],[0,0],[20.671,5.43],[7.348,-24.282],[0,0]],"v":[[-49.888,-4.734],[-51.235,31.081],[-54.252,20.562],[-64.7,12.862],[-64.7,12.862],[-85.296,34.974],[-83.527,70.486],[-53.903,106.982],[-53.903,106.982],[-5.735,80.098],[5.724,2.813]],"c":false}]},{"i":{"x":0.667,"y":1},"o":{"x":0.729,"y":0},"t":44,"s":[{"i":[[0,0],[0,0],[0,0],[0.723,0.067],[0,0],[-0.591,-11.857],[0,0],[-16.775,-4.407],[0,0],[-6.191,20.456],[11.476,21.592]],"o":[[0,0],[0,0],[-1.331,-4.641],[0,0],[-11.869,0.252],[0,0],[0.863,17.323],[0,0],[20.671,5.43],[7.348,-24.282],[0,0]],"v":[[-64.456,12.475],[-59.316,31.462],[-61.983,21.529],[-65.724,13.079],[-64.7,12.862],[-85.296,34.974],[-83.527,70.486],[-53.903,106.982],[-53.903,106.982],[-5.735,80.098],[-18.795,-18.384]],"c":false}]},{"t":82,"s":[{"i":[[0,0],[0,0],[0,0],[4.827,-0.103],[0,0],[-0.591,-11.857],[0,0],[-16.775,-4.407],[0,0],[-6.191,20.456],[-1.08,24.428]],"o":[[0,0],[0,0],[-1.331,-4.641],[0,0],[-11.869,0.252],[0,0],[0.863,17.323],[0,0],[20.671,5.43],[7.348,-24.282],[0,0]],"v":[[-49.888,-4.734],[-51.235,31.081],[-54.252,20.562],[-64.7,12.862],[-64.7,12.862],[-85.296,34.974],[-83.527,70.486],[-53.903,106.982],[-53.903,106.982],[-5.735,80.098],[5.724,2.813]],"c":false}]}],"ix":2},"nm":"Path 1","mn":"ADBE Vector Shape - Group","hd":false},{"ty":"st","c":{"a":0,"k":[0,0,0,1],"ix":3},"o":{"a":0,"k":100,"ix":4},"w":{"a":0,"k":4,"ix":5},"lc":2,"lj":2,"bm":0,"nm":"Stroke 1","mn":"ADBE Vector Graphic - Stroke","hd":false},{"ty":"fl","c":{"a":0,"k":[0.847058832645,0.823529422283,0.662745118141,1],"ix":4},"o":{"a":0,"k":100,"ix":5},"r":1,"bm":0,"nm":"Fill 1","mn":"ADBE Vector Graphic - Fill","hd":false},{"ty":"tr","p":{"a":0,"k":[0,0],"ix":2},"a":{"a":0,"k":[0,0],"ix":1},"s":{"a":0,"k":[100,100],"ix":3},"r":{"a":0,"k":0,"ix":6},"o":{"a":0,"k":100,"ix":7},"sk":{"a":0,"k":0,"ix":4},"sa":{"a":0,"k":0,"ix":5},"nm":"Transform"}],"nm":"Group 6","np":3,"cix":2,"bm":0,"ix":6,"mn":"ADBE Vector Group","hd":false}],"ip":0,"op":120,"st":0,"bm":0},{"ddd":0,"ind":4,"ty":4,"nm":"L_Arm_Front","parent":16,"sr":1,"ks":{"o":{"a":0,"k":100,"ix":11},"r":{"a":0,"k":0,"ix":10},"p":{"a":0,"k":[0,0,0],"ix":2},"a":{"a":0,"k":[0,0,0],"ix":1},"s":{"a":0,"k":[100,100,100],"ix":6}},"ao":0,"shapes":[{"ty":"gr","it":[{"ind":0,"ty":"sh","ix":1,"ks":{"a":1,"k":[{"i":{"x":0.237,"y":1},"o":{"x":0.459,"y":0},"t":19,"s":[{"i":[[0,0],[0,0]],"o":[[0,0],[0,0]],"v":[[113.295,-46.479],[114.295,-53.245]],"c":false}]},{"i":{"x":0.667,"y":1},"o":{"x":0.729,"y":0},"t":44,"s":[{"i":[[0,0],[0,0]],"o":[[0,0],[0,0]],"v":[[146.41,-44.378],[148.266,-50.96]],"c":false}]},{"t":82,"s":[{"i":[[0,0],[0,0]],"o":[[0,0],[0,0]],"v":[[113.295,-46.479],[114.295,-53.245]],"c":false}]}],"ix":2},"nm":"Path 1","mn":"ADBE Vector Shape - Group","hd":false},{"ty":"st","c":{"a":0,"k":[0,0,0,1],"ix":3},"o":{"a":0,"k":100,"ix":4},"w":{"a":0,"k":4,"ix":5},"lc":2,"lj":2,"bm":0,"nm":"Stroke 1","mn":"ADBE Vector Graphic - Stroke","hd":false},{"ty":"fl","c":{"a":0,"k":[0.847058832645,0.823529422283,0.662745118141,1],"ix":4},"o":{"a":0,"k":100,"ix":5},"r":1,"bm":0,"nm":"Fill 1","mn":"ADBE Vector Graphic - Fill","hd":false},{"ty":"tr","p":{"a":0,"k":[0,0],"ix":2},"a":{"a":0,"k":[0,0],"ix":1},"s":{"a":0,"k":[100,100],"ix":3},"r":{"a":0,"k":0,"ix":6},"o":{"a":0,"k":100,"ix":7},"sk":{"a":0,"k":0,"ix":4},"sa":{"a":0,"k":0,"ix":5},"nm":"Transform"}],"nm":"Group 1","np":3,"cix":2,"bm":0,"ix":1,"mn":"ADBE Vector Group","hd":false},{"ty":"gr","it":[{"ind":0,"ty":"sh","ix":1,"ks":{"a":1,"k":[{"i":{"x":0.237,"y":1},"o":{"x":0.459,"y":0},"t":19,"s":[{"i":[[0,0],[-0.326,-4.415]],"o":[[0,0],[0,0]],"v":[[152.609,-66.987],[158.203,-59.679]],"c":false}]},{"i":{"x":0.667,"y":1},"o":{"x":0.729,"y":0},"t":44,"s":[{"i":[[0,0],[0.24,-4.42]],"o":[[0,0],[0,0]],"v":[[188.02,-59.699],[192.635,-51.737]],"c":false}]},{"t":82,"s":[{"i":[[0,0],[-0.326,-4.415]],"o":[[0,0],[0,0]],"v":[[152.609,-66.987],[158.203,-59.679]],"c":false}]}],"ix":2},"nm":"Path 1","mn":"ADBE Vector Shape - Group","hd":false},{"ty":"st","c":{"a":0,"k":[0,0,0,1],"ix":3},"o":{"a":0,"k":100,"ix":4},"w":{"a":0,"k":4,"ix":5},"lc":2,"lj":2,"bm":0,"nm":"Stroke 1","mn":"ADBE Vector Graphic - Stroke","hd":false},{"ty":"fl","c":{"a":0,"k":[0.847058832645,0.823529422283,0.662745118141,1],"ix":4},"o":{"a":0,"k":100,"ix":5},"r":1,"bm":0,"nm":"Fill 1","mn":"ADBE Vector Graphic - Fill","hd":false},{"ty":"tr","p":{"a":0,"k":[0,0],"ix":2},"a":{"a":0,"k":[0,0],"ix":1},"s":{"a":0,"k":[100,100],"ix":3},"r":{"a":0,"k":0,"ix":6},"o":{"a":0,"k":100,"ix":7},"sk":{"a":0,"k":0,"ix":4},"sa":{"a":0,"k":0,"ix":5},"nm":"Transform"}],"nm":"Group 2","np":3,"cix":2,"bm":0,"ix":2,"mn":"ADBE Vector Group","hd":false},{"ty":"gr","it":[{"ind":0,"ty":"sh","ix":1,"ks":{"a":1,"k":[{"i":{"x":0.237,"y":1},"o":{"x":0.459,"y":0},"t":19,"s":[{"i":[[0,0],[-2.932,-5.718]],"o":[[0,0],[0,0]],"v":[[131.917,-66.473],[139.959,-59.679]],"c":false}]},{"i":{"x":0.667,"y":1},"o":{"x":0.729,"y":0},"t":44,"s":[{"i":[[0,0],[-2.178,-6.045]],"o":[[0,0],[0,0]],"v":[[167.431,-61.831],[174.54,-54.066]],"c":false}]},{"t":82,"s":[{"i":[[0,0],[-2.932,-5.718]],"o":[[0,0],[0,0]],"v":[[131.917,-66.473],[139.959,-59.679]],"c":false}]}],"ix":2},"nm":"Path 1","mn":"ADBE Vector Shape - Group","hd":false},{"ty":"st","c":{"a":0,"k":[0,0,0,1],"ix":3},"o":{"a":0,"k":100,"ix":4},"w":{"a":0,"k":4,"ix":5},"lc":2,"lj":2,"bm":0,"nm":"Stroke 1","mn":"ADBE Vector Graphic - Stroke","hd":false},{"ty":"fl","c":{"a":0,"k":[0.847058832645,0.823529422283,0.662745118141,1],"ix":4},"o":{"a":0,"k":100,"ix":5},"r":1,"bm":0,"nm":"Fill 1","mn":"ADBE Vector Graphic - Fill","hd":false},{"ty":"tr","p":{"a":0,"k":[0,0],"ix":2},"a":{"a":0,"k":[0,0],"ix":1},"s":{"a":0,"k":[100,100],"ix":3},"r":{"a":0,"k":0,"ix":6},"o":{"a":0,"k":100,"ix":7},"sk":{"a":0,"k":0,"ix":4},"sa":{"a":0,"k":0,"ix":5},"nm":"Transform"}],"nm":"Group 3","np":3,"cix":2,"bm":0,"ix":3,"mn":"ADBE Vector Group","hd":false},{"ty":"gr","it":[{"ind":0,"ty":"sh","ix":1,"ks":{"a":1,"k":[{"i":{"x":0.237,"y":1},"o":{"x":0.459,"y":0},"t":19,"s":[{"i":[[2.243,11.178],[9.904,0.036],[10.826,-7.386],[4.106,-14.629],[0,0],[0,0],[0.235,-0.621],[-8.403,-7.353],[0.794,-14.708],[-21.965,13.983],[-0.103,8.313],[-0.199,0.908]],"o":[[-2.617,-13.042],[0,0],[0,0],[0,0],[0,0],[-0.068,0.661],[-1.477,3.906],[0,0],[9.918,8.329],[1.523,-11.664],[0.012,-0.929],[1.116,-5.085]],"v":[[170.531,-46.479],[152.609,-66.987],[131.917,-66.473],[107.41,-55.661],[113.295,-46.479],[112.804,-41.679],[112.353,-39.747],[113.895,-12.404],[112.986,15.172],[164.999,21.659],[167.605,-8.871],[167.914,-11.623]],"c":true}]},{"i":{"x":0.667,"y":1},"o":{"x":0.729,"y":0},"t":44,"s":[{"i":[[0.797,11.373],[9.818,1.3],[11.68,-5.944],[5.94,-13.985],[0,0],[0,0],[0.312,-0.586],[-7.396,-8.365],[2.665,-14.487],[-23.57,11.065],[-1.164,8.232],[-0.313,0.875]],"o":[[-0.93,-13.269],[0,0],[0,0],[0,0],[0,0],[-0.151,0.647],[-1.964,3.686],[0,0],[8.774,9.527],[3,-11.375],[0.13,-0.92],[1.756,-4.901]],"v":[[203.178,-37.071],[188.02,-59.699],[167.431,-61.83],[141.745,-54.236],[146.41,-44.378],[145.31,-39.68],[144.616,-37.821],[142.656,-10.505],[138.234,16.73],[188.993,29.803],[195.475,-0.145],[196.132,-2.835]],"c":true}]},{"t":82,"s":[{"i":[[2.243,11.178],[9.904,0.036],[10.826,-7.386],[4.106,-14.629],[0,0],[0,0],[0.235,-0.621],[-8.403,-7.353],[0.794,-14.708],[-21.965,13.983],[-0.103,8.313],[-0.199,0.908]],"o":[[-2.617,-13.042],[0,0],[0,0],[0,0],[0,0],[-0.068,0.661],[-1.477,3.906],[0,0],[9.918,8.329],[1.523,-11.664],[0.012,-0.929],[1.116,-5.085]],"v":[[170.531,-46.479],[152.609,-66.987],[131.917,-66.473],[107.41,-55.661],[113.295,-46.479],[112.804,-41.679],[112.353,-39.747],[113.895,-12.404],[112.986,15.172],[164.999,21.659],[167.605,-8.871],[167.914,-11.623]],"c":true}]}],"ix":2},"nm":"Path 1","mn":"ADBE Vector Shape - Group","hd":false},{"ty":"st","c":{"a":0,"k":[0,0,0,1],"ix":3},"o":{"a":0,"k":100,"ix":4},"w":{"a":0,"k":4,"ix":5},"lc":2,"lj":2,"bm":0,"nm":"Stroke 1","mn":"ADBE Vector Graphic - Stroke","hd":false},{"ty":"fl","c":{"a":0,"k":[0.949019610882,0.439215689898,0.717647075653,1],"ix":4},"o":{"a":0,"k":100,"ix":5},"r":1,"bm":0,"nm":"Fill 1","mn":"ADBE Vector Graphic - Fill","hd":false},{"ty":"tr","p":{"a":0,"k":[0,0],"ix":2},"a":{"a":0,"k":[0,0],"ix":1},"s":{"a":0,"k":[100,100],"ix":3},"r":{"a":0,"k":0,"ix":6},"o":{"a":0,"k":100,"ix":7},"sk":{"a":0,"k":0,"ix":4},"sa":{"a":0,"k":0,"ix":5},"nm":"Transform"}],"nm":"Group 4","np":3,"cix":2,"bm":0,"ix":4,"mn":"ADBE Vector Group","hd":false},{"ty":"gr","it":[{"ind":0,"ty":"sh","ix":1,"ks":{"a":1,"k":[{"i":{"x":0.237,"y":1},"o":{"x":0.459,"y":0},"t":19,"s":[{"i":[[0,0],[-0.258,21.039],[-0.197,0.898],[2.245,11.189],[9.904,0.036],[10.826,-7.386],[4.106,-14.629],[0,0],[0,0],[0.235,-0.621],[-8.403,-7.353],[11.511,-22.588]],"o":[[6.141,-31.569],[0.011,-0.92],[1.112,-5.064],[-2.617,-13.042],[0,0],[0,0],[0,0],[0,0],[-0.068,0.661],[-1.477,3.906],[0,0],[0,0]],"v":[[155.343,79.08],[167.606,-8.887],[167.91,-11.609],[170.531,-46.479],[152.609,-66.987],[131.917,-66.473],[107.41,-55.661],[113.295,-46.479],[112.804,-41.679],[112.353,-39.747],[113.895,-12.404],[102.601,73.424]],"c":false}]},{"i":{"x":0.667,"y":1},"o":{"x":0.729,"y":0},"t":44,"s":[{"i":[[0,0],[-2.942,20.833],[-0.31,0.866],[0.798,11.384],[9.818,1.3],[11.68,-5.943],[5.94,-13.985],[0,0],[0,0],[0.312,-0.586],[-7.396,-8.365],[37.529,-27.219]],"o":[[31.357,-33.04],[0.129,-0.911],[1.749,-4.88],[-0.93,-13.269],[0,0],[0,0],[0,0],[0,0],[-0.151,0.647],[-1.964,3.686],[0,0],[0,0]],"v":[[155.343,79.08],[195.478,-0.161],[196.127,-2.821],[203.178,-37.071],[188.02,-59.699],[167.431,-61.831],[141.745,-54.236],[146.41,-44.378],[145.31,-39.68],[144.616,-37.821],[142.903,-10.252],[102.601,73.424]],"c":false}]},{"t":82,"s":[{"i":[[0,0],[-0.258,21.039],[-0.197,0.898],[2.245,11.189],[9.904,0.036],[10.826,-7.386],[4.106,-14.629],[0,0],[0,0],[0.235,-0.621],[-8.403,-7.353],[11.511,-22.588]],"o":[[6.141,-31.569],[0.011,-0.92],[1.112,-5.064],[-2.617,-13.042],[0,0],[0,0],[0,0],[0,0],[-0.068,0.661],[-1.477,3.906],[0,0],[0,0]],"v":[[155.343,79.08],[167.606,-8.887],[167.91,-11.609],[170.531,-46.479],[152.609,-66.987],[131.917,-66.473],[107.41,-55.661],[113.295,-46.479],[112.804,-41.679],[112.353,-39.747],[113.895,-12.404],[102.601,73.424]],"c":false}]}],"ix":2},"nm":"Path 1","mn":"ADBE Vector Shape - Group","hd":false},{"ty":"st","c":{"a":0,"k":[0,0,0,1],"ix":3},"o":{"a":0,"k":100,"ix":4},"w":{"a":0,"k":4,"ix":5},"lc":2,"lj":2,"bm":0,"nm":"Stroke 1","mn":"ADBE Vector Graphic - Stroke","hd":false},{"ty":"fl","c":{"a":0,"k":[0.847058832645,0.823529422283,0.662745118141,1],"ix":4},"o":{"a":0,"k":100,"ix":5},"r":1,"bm":0,"nm":"Fill 1","mn":"ADBE Vector Graphic - Fill","hd":false},{"ty":"tr","p":{"a":0,"k":[0,0],"ix":2},"a":{"a":0,"k":[0,0],"ix":1},"s":{"a":0,"k":[100,100],"ix":3},"r":{"a":0,"k":0,"ix":6},"o":{"a":0,"k":100,"ix":7},"sk":{"a":0,"k":0,"ix":4},"sa":{"a":0,"k":0,"ix":5},"nm":"Transform"}],"nm":"Group 5","np":3,"cix":2,"bm":0,"ix":5,"mn":"ADBE Vector Group","hd":false}],"ip":0,"op":120,"st":0,"bm":0},{"ddd":0,"ind":5,"ty":3,"nm":"Face_Ctrl","parent":14,"sr":1,"ks":{"o":{"a":0,"k":0,"ix":11},"r":{"a":0,"k":0,"ix":10},"p":{"a":1,"k":[{"i":{"x":0.501,"y":1},"o":{"x":0.333,"y":0},"t":4,"s":[58,-91,0],"to":[0,0,0],"ti":[0,0,0]},{"i":{"x":0.07,"y":1},"o":{"x":0.459,"y":0},"t":19,"s":[58,-87.907,0],"to":[0,0,0],"ti":[0,0,0]},{"i":{"x":0.667,"y":1},"o":{"x":0.896,"y":0},"t":44,"s":[58,-91,0],"to":[0,0,0],"ti":[0,0,0]},{"i":{"x":0.667,"y":1},"o":{"x":0.438,"y":0},"t":82,"s":[58,-87.907,0],"to":[0,0,0],"ti":[0,0,0]},{"t":97,"s":[58,-91,0]}],"ix":2},"a":{"a":0,"k":[50,50,0],"ix":1},"s":{"a":0,"k":[75,75,100],"ix":6}},"ao":0,"ip":0,"op":120,"st":0,"bm":0},{"ddd":0,"ind":6,"ty":4,"nm":"Mouth","parent":5,"sr":1,"ks":{"o":{"a":0,"k":100,"ix":11},"r":{"a":0,"k":0,"ix":10},"p":{"a":0,"k":[-27.333,171.333,0],"ix":2},"a":{"a":0,"k":[0,0,0],"ix":1},"s":{"a":0,"k":[133.333,133.333,100],"ix":6}},"ao":0,"shapes":[{"ty":"gr","it":[{"ind":0,"ty":"sh","ix":1,"ks":{"a":1,"k":[{"i":{"x":0.059,"y":1},"o":{"x":0.441,"y":0},"t":19,"s":[{"i":[[0,0],[-11.636,-0.673],[-1.94,23.968]],"o":[[0,0],[8.041,0.465],[0,0]],"v":[[38.175,-48.052],[60.66,-25.692],[83.17,-56.915]],"c":false}]},{"i":{"x":0.472,"y":1},"o":{"x":0.996,"y":0},"t":44,"s":[{"i":[[0,0],[-11.636,-0.673],[-6.679,32.949]],"o":[[0,0],[8.041,0.465],[0,0]],"v":[[38.175,-48.052],[60.684,-7.825],[83.17,-56.915]],"c":false}]},{"t":82,"s":[{"i":[[0,0],[-11.636,-0.673],[-1.94,23.968]],"o":[[0,0],[8.041,0.465],[0,0]],"v":[[38.175,-48.052],[60.66,-25.692],[83.17,-56.915]],"c":false}]}],"ix":2},"nm":"Path 1","mn":"ADBE Vector Shape - Group","hd":false},{"ty":"st","c":{"a":0,"k":[0,0,0,1],"ix":3},"o":{"a":0,"k":100,"ix":4},"w":{"a":0,"k":2,"ix":5},"lc":2,"lj":2,"bm":0,"nm":"Stroke 1","mn":"ADBE Vector Graphic - Stroke","hd":false},{"ty":"tr","p":{"a":0,"k":[0,0],"ix":2},"a":{"a":0,"k":[0,0],"ix":1},"s":{"a":0,"k":[100,100],"ix":3},"r":{"a":0,"k":0,"ix":6},"o":{"a":0,"k":100,"ix":7},"sk":{"a":0,"k":0,"ix":4},"sa":{"a":0,"k":0,"ix":5},"nm":"Transform"}],"nm":"Group 1","np":2,"cix":2,"bm":0,"ix":1,"mn":"ADBE Vector Group","hd":false},{"ty":"gr","it":[{"ind":0,"ty":"sh","ix":1,"ks":{"a":0,"k":{"i":[[0,0],[-6.299,17.496]],"o":[[5.765,1.965],[0,0]],"v":[[24.114,-47.528],[49.715,-62.009]],"c":false},"ix":2},"nm":"Path 1","mn":"ADBE Vector Shape - Group","hd":false},{"ty":"st","c":{"a":0,"k":[0,0,0,1],"ix":3},"o":{"a":0,"k":100,"ix":4},"w":{"a":0,"k":2,"ix":5},"lc":2,"lj":2,"bm":0,"nm":"Stroke 1","mn":"ADBE Vector Graphic - Stroke","hd":false},{"ty":"tr","p":{"a":0,"k":[0,0],"ix":2},"a":{"a":0,"k":[0,0],"ix":1},"s":{"a":0,"k":[100,100],"ix":3},"r":{"a":0,"k":0,"ix":6},"o":{"a":0,"k":100,"ix":7},"sk":{"a":0,"k":0,"ix":4},"sa":{"a":0,"k":0,"ix":5},"nm":"Transform"}],"nm":"Group 2","np":2,"cix":2,"bm":0,"ix":2,"mn":"ADBE Vector Group","hd":false}],"ip":0,"op":120,"st":0,"bm":0},{"ddd":0,"ind":7,"ty":4,"nm":"R_Ear","parent":14,"sr":1,"ks":{"o":{"a":0,"k":100,"ix":11},"r":{"a":0,"k":0,"ix":10},"p":{"a":0,"k":[0,0,0],"ix":2},"a":{"a":0,"k":[0,0,0],"ix":1},"s":{"a":0,"k":[100,100,100],"ix":6}},"ao":0,"shapes":[{"ty":"gr","it":[{"ind":0,"ty":"sh","ix":1,"ks":{"a":1,"k":[{"i":{"x":0.237,"y":1},"o":{"x":0.459,"y":0},"t":19,"s":[{"i":[[0,0],[0,0],[-14.078,26.902],[0,0]],"o":[[0,0],[13.8,27.045],[0,0],[0,0]],"v":[[-70.8,-84.259],[-58.166,-59.5],[8.286,-59.158],[20.258,-82.037]],"c":false}]},{"i":{"x":0.667,"y":1},"o":{"x":0.729,"y":0},"t":44,"s":[{"i":[[0,0],[0,0],[-22.597,20.28],[0,0]],"o":[[0,0],[3.47,30.164],[0,0],[0,0]],"v":[[-115.41,-102.883],[-112.233,-75.269],[-50.098,-51.708],[-30.88,-68.955]],"c":false}]},{"t":82,"s":[{"i":[[0,0],[0,0],[-14.078,26.902],[0,0]],"o":[[0,0],[13.8,27.045],[0,0],[0,0]],"v":[[-70.8,-84.259],[-58.166,-59.5],[8.286,-59.158],[20.258,-82.037]],"c":false}]}],"ix":2},"nm":"Path 1","mn":"ADBE Vector Shape - Group","hd":false},{"ty":"st","c":{"a":0,"k":[0,0,0,1],"ix":3},"o":{"a":0,"k":100,"ix":4},"w":{"a":0,"k":2,"ix":5},"lc":2,"lj":2,"bm":0,"nm":"Stroke 1","mn":"ADBE Vector Graphic - Stroke","hd":false},{"ty":"tr","p":{"a":0,"k":[0,0],"ix":2},"a":{"a":0,"k":[0,0],"ix":1},"s":{"a":0,"k":[100,100],"ix":3},"r":{"a":0,"k":0,"ix":6},"o":{"a":0,"k":100,"ix":7},"sk":{"a":0,"k":0,"ix":4},"sa":{"a":0,"k":0,"ix":5},"nm":"Transform"}],"nm":"Group 1","np":2,"cix":2,"bm":0,"ix":1,"mn":"ADBE Vector Group","hd":false},{"ty":"gr","it":[{"ind":0,"ty":"sh","ix":1,"ks":{"a":1,"k":[{"i":{"x":0.237,"y":1},"o":{"x":0.459,"y":0},"t":19,"s":[{"i":[[0,0],[-3.91,-15.638]],"o":[[0,0],[0,0]],"v":[[2.475,-180.042],[2.475,-87.191]],"c":false}]},{"i":{"x":0.667,"y":1},"o":{"x":0.729,"y":0},"t":44,"s":[{"i":[[0,0],[1.807,-16.018]],"o":[[0,0],[0,0]],"v":[[-11.574,-186.83],[-45.737,-80.003]],"c":false}]},{"t":82,"s":[{"i":[[0,0],[-3.91,-15.638]],"o":[[0,0],[0,0]],"v":[[2.475,-180.042],[2.475,-87.191]],"c":false}]}],"ix":2},"nm":"Path 1","mn":"ADBE Vector Shape - Group","hd":false},{"ty":"st","c":{"a":0,"k":[0,0,0,1],"ix":3},"o":{"a":0,"k":100,"ix":4},"w":{"a":0,"k":2,"ix":5},"lc":2,"lj":2,"bm":0,"nm":"Stroke 1","mn":"ADBE Vector Graphic - Stroke","hd":false},{"ty":"tr","p":{"a":0,"k":[0,0],"ix":2},"a":{"a":0,"k":[0,0],"ix":1},"s":{"a":0,"k":[100,100],"ix":3},"r":{"a":0,"k":0,"ix":6},"o":{"a":0,"k":100,"ix":7},"sk":{"a":0,"k":0,"ix":4},"sa":{"a":0,"k":0,"ix":5},"nm":"Transform"}],"nm":"Group 2","np":2,"cix":2,"bm":0,"ix":2,"mn":"ADBE Vector Group","hd":false},{"ty":"gr","it":[{"ind":0,"ty":"sh","ix":1,"ks":{"a":1,"k":[{"i":{"x":0.237,"y":1},"o":{"x":0.459,"y":0},"t":19,"s":[{"i":[[0,0],[0,0]],"o":[[0,0],[0,0]],"v":[[-23.914,-180.042],[-21.005,-118.467]],"c":false}]},{"i":{"x":0.667,"y":1},"o":{"x":0.729,"y":0},"t":44,"s":[{"i":[[0,0],[0,0]],"o":[[0,0],[0,0]],"v":[[-34.985,-184.287],[-56.796,-117.516]],"c":false}]},{"t":82,"s":[{"i":[[0,0],[0,0]],"o":[[0,0],[0,0]],"v":[[-23.914,-180.042],[-21.005,-118.467]],"c":false}]}],"ix":2},"nm":"Path 1","mn":"ADBE Vector Shape - Group","hd":false},{"ty":"st","c":{"a":0,"k":[0,0,0,1],"ix":3},"o":{"a":0,"k":100,"ix":4},"w":{"a":0,"k":2,"ix":5},"lc":2,"lj":2,"bm":0,"nm":"Stroke 1","mn":"ADBE Vector Graphic - Stroke","hd":false},{"ty":"tr","p":{"a":0,"k":[0,0],"ix":2},"a":{"a":0,"k":[0,0],"ix":1},"s":{"a":0,"k":[100,100],"ix":3},"r":{"a":0,"k":0,"ix":6},"o":{"a":0,"k":100,"ix":7},"sk":{"a":0,"k":0,"ix":4},"sa":{"a":0,"k":0,"ix":5},"nm":"Transform"}],"nm":"Group 3","np":2,"cix":2,"bm":0,"ix":3,"mn":"ADBE Vector Group","hd":false},{"ty":"gr","it":[{"ind":0,"ty":"sh","ix":1,"ks":{"a":1,"k":[{"i":{"x":0.237,"y":1},"o":{"x":0.459,"y":0},"t":19,"s":[{"i":[[0,0],[0,0]],"o":[[0,0],[0,0]],"v":[[-51.235,-211.318],[-38.575,-84.259]],"c":false}]},{"i":{"x":0.667,"y":1},"o":{"x":0.729,"y":0},"t":44,"s":[{"i":[[0,0],[0,0]],"o":[[0,0],[0,0]],"v":[[-51.235,-211.318],[-85.22,-91.613]],"c":false}]},{"t":82,"s":[{"i":[[0,0],[0,0]],"o":[[0,0],[0,0]],"v":[[-51.235,-211.318],[-38.575,-84.259]],"c":false}]}],"ix":2},"nm":"Path 1","mn":"ADBE Vector Shape - Group","hd":false},{"ty":"st","c":{"a":0,"k":[0,0,0,1],"ix":3},"o":{"a":0,"k":100,"ix":4},"w":{"a":0,"k":2,"ix":5},"lc":2,"lj":2,"bm":0,"nm":"Stroke 1","mn":"ADBE Vector Graphic - Stroke","hd":false},{"ty":"tr","p":{"a":0,"k":[0,0],"ix":2},"a":{"a":0,"k":[0,0],"ix":1},"s":{"a":0,"k":[100,100],"ix":3},"r":{"a":0,"k":0,"ix":6},"o":{"a":0,"k":100,"ix":7},"sk":{"a":0,"k":0,"ix":4},"sa":{"a":0,"k":0,"ix":5},"nm":"Transform"}],"nm":"Group 4","np":2,"cix":2,"bm":0,"ix":4,"mn":"ADBE Vector Group","hd":false},{"ty":"gr","it":[{"ind":0,"ty":"sh","ix":1,"ks":{"a":1,"k":[{"i":{"x":0.237,"y":1},"o":{"x":0.459,"y":0},"t":19,"s":[{"i":[[0,0],[0,0],[-8.662,2.589],[-30.727,0.081],[-0.667,-10.183],[-2.449,-62.008],[31.306,-0.557],[0,0],[-0.139,31.317],[1.749,19.353]],"o":[[0,0],[3.131,-8.481],[15.637,-4.674],[10.205,-0.027],[2.51,38.328],[1.235,31.287],[0,0],[-31.312,0.557],[0.293,-65.884],[0,0]],"v":[[-91.425,-262.57],[-90.262,-265.722],[-71.549,-283.336],[2.046,-294.589],[21.405,-276.563],[32.316,-82.615],[-22.474,-24.588],[-22.474,-24.588],[-79.293,-80.649],[-80.602,-267.704]],"c":false}]},{"i":{"x":0.667,"y":1},"o":{"x":0.729,"y":0},"t":44,"s":[{"i":[[0,0],[0,0],[-8.662,2.589],[-30.727,0.081],[-0.667,-10.183],[19.392,-58.949],[29.524,10.427],[0,0],[-11.083,29.29],[1.749,19.353]],"o":[[0,0],[3.131,-8.481],[15.637,-4.674],[10.205,-0.027],[2.51,38.328],[-9.785,29.743],[0,0],[-29.529,-10.429],[23.317,-61.621],[0,0]],"v":[[-91.425,-262.57],[-90.262,-265.722],[-71.549,-283.336],[2.046,-294.589],[21.405,-276.563],[-19.381,-65.279],[-91.005,-30.079],[-91.005,-30.079],[-124.629,-102.471],[-80.602,-267.704]],"c":false}]},{"t":82,"s":[{"i":[[0,0],[0,0],[-8.662,2.589],[-30.727,0.081],[-0.667,-10.183],[-2.449,-62.008],[31.306,-0.557],[0,0],[-0.139,31.317],[1.749,19.353]],"o":[[0,0],[3.131,-8.481],[15.637,-4.674],[10.205,-0.027],[2.51,38.328],[1.235,31.287],[0,0],[-31.312,0.557],[0.293,-65.884],[0,0]],"v":[[-91.425,-262.57],[-90.262,-265.722],[-71.549,-283.336],[2.046,-294.589],[21.405,-276.563],[32.316,-82.615],[-22.474,-24.588],[-22.474,-24.588],[-79.293,-80.649],[-80.602,-267.704]],"c":false}]}],"ix":2},"nm":"Path 1","mn":"ADBE Vector Shape - Group","hd":false},{"ty":"st","c":{"a":0,"k":[0,0,0,1],"ix":3},"o":{"a":0,"k":100,"ix":4},"w":{"a":0,"k":6,"ix":5},"lc":2,"lj":2,"bm":0,"nm":"Stroke 1","mn":"ADBE Vector Graphic - Stroke","hd":false},{"ty":"tr","p":{"a":0,"k":[0,0],"ix":2},"a":{"a":0,"k":[0,0],"ix":1},"s":{"a":0,"k":[100,100],"ix":3},"r":{"a":0,"k":0,"ix":6},"o":{"a":0,"k":100,"ix":7},"sk":{"a":0,"k":0,"ix":4},"sa":{"a":0,"k":0,"ix":5},"nm":"Transform"}],"nm":"Group 5","np":2,"cix":2,"bm":0,"ix":5,"mn":"ADBE Vector Group","hd":false},{"ty":"gr","it":[{"ind":0,"ty":"sh","ix":1,"ks":{"a":1,"k":[{"i":{"x":0.237,"y":1},"o":{"x":0.459,"y":0},"t":19,"s":[{"i":[[0,0],[0,0],[-8.662,2.589],[-30.727,0.081],[-0.667,-10.183],[-2.449,-62.008],[31.306,-0.557],[0,0],[-0.139,31.317],[1.749,19.353]],"o":[[0,0],[3.131,-8.481],[15.637,-4.674],[10.205,-0.027],[2.51,38.328],[1.235,31.287],[0,0],[-31.312,0.557],[0.293,-65.884],[0,0]],"v":[[-91.425,-262.57],[-90.262,-265.722],[-71.549,-283.336],[2.046,-294.589],[21.405,-276.563],[32.316,-82.615],[-22.474,-24.588],[-22.474,-24.588],[-79.293,-80.649],[-80.602,-267.704]],"c":false}]},{"i":{"x":0.667,"y":1},"o":{"x":0.729,"y":0},"t":44,"s":[{"i":[[0,0],[0,0],[-8.662,2.589],[-30.727,0.081],[-0.667,-10.183],[19.392,-58.949],[29.524,10.427],[0,0],[-11.083,29.29],[1.749,19.353]],"o":[[0,0],[3.131,-8.481],[15.637,-4.674],[10.205,-0.027],[2.51,38.328],[-9.785,29.743],[0,0],[-29.529,-10.429],[23.317,-61.621],[0,0]],"v":[[-91.425,-262.57],[-90.262,-265.722],[-71.549,-283.336],[2.046,-294.589],[21.405,-276.563],[-19.381,-65.279],[-91.005,-30.079],[-91.005,-30.079],[-124.629,-102.471],[-80.602,-267.704]],"c":false}]},{"t":82,"s":[{"i":[[0,0],[0,0],[-8.662,2.589],[-30.727,0.081],[-0.667,-10.183],[-2.449,-62.008],[31.306,-0.557],[0,0],[-0.139,31.317],[1.749,19.353]],"o":[[0,0],[3.131,-8.481],[15.637,-4.674],[10.205,-0.027],[2.51,38.328],[1.235,31.287],[0,0],[-31.312,0.557],[0.293,-65.884],[0,0]],"v":[[-91.425,-262.57],[-90.262,-265.722],[-71.549,-283.336],[2.046,-294.589],[21.405,-276.563],[32.316,-82.615],[-22.474,-24.588],[-22.474,-24.588],[-79.293,-80.649],[-80.602,-267.704]],"c":false}]}],"ix":2},"nm":"Path 1","mn":"ADBE Vector Shape - Group","hd":false},{"ty":"fl","c":{"a":0,"k":[0.949019610882,0.439215689898,0.717647075653,1],"ix":4},"o":{"a":0,"k":100,"ix":5},"r":1,"bm":0,"nm":"Fill 1","mn":"ADBE Vector Graphic - Fill","hd":false},{"ty":"tr","p":{"a":0,"k":[0,0],"ix":2},"a":{"a":0,"k":[0,0],"ix":1},"s":{"a":0,"k":[100,100],"ix":3},"r":{"a":0,"k":0,"ix":6},"o":{"a":0,"k":100,"ix":7},"sk":{"a":0,"k":0,"ix":4},"sa":{"a":0,"k":0,"ix":5},"nm":"Transform"}],"nm":"Group 6","np":2,"cix":2,"bm":0,"ix":6,"mn":"ADBE Vector Group","hd":false}],"ip":0,"op":120,"st":0,"bm":0},{"ddd":0,"ind":8,"ty":4,"nm":"L_Ear","parent":14,"sr":1,"ks":{"o":{"a":0,"k":100,"ix":11},"r":{"a":0,"k":0,"ix":10},"p":{"a":0,"k":[0,0,0],"ix":2},"a":{"a":0,"k":[0,0,0],"ix":1},"s":{"a":0,"k":[100,100,100],"ix":6}},"ao":0,"shapes":[{"ty":"gr","it":[{"ind":0,"ty":"sh","ix":1,"ks":{"a":1,"k":[{"i":{"x":0.237,"y":1},"o":{"x":0.459,"y":0},"t":19,"s":[{"i":[[0,0],[0,0]],"o":[[0,0],[0,0]],"v":[[147.246,-178.374],[150.078,-118.431]],"c":false}]},{"i":{"x":0.667,"y":1},"o":{"x":0.729,"y":0},"t":44,"s":[{"i":[[0,0],[0,0]],"o":[[0,0],[0,0]],"v":[[147.246,-178.374],[173.286,-121.645]],"c":false}]},{"t":82,"s":[{"i":[[0,0],[0,0]],"o":[[0,0],[0,0]],"v":[[147.246,-178.374],[150.078,-118.431]],"c":false}]}],"ix":2},"nm":"Path 1","mn":"ADBE Vector Shape - Group","hd":false},{"ty":"st","c":{"a":0,"k":[0,0,0,1],"ix":3},"o":{"a":0,"k":100,"ix":4},"w":{"a":0,"k":2,"ix":5},"lc":2,"lj":2,"bm":0,"nm":"Stroke 1","mn":"ADBE Vector Graphic - Stroke","hd":false},{"ty":"tr","p":{"a":0,"k":[0,0],"ix":2},"a":{"a":0,"k":[0,0],"ix":1},"s":{"a":0,"k":[100,100],"ix":3},"r":{"a":0,"k":0,"ix":6},"o":{"a":0,"k":100,"ix":7},"sk":{"a":0,"k":0,"ix":4},"sa":{"a":0,"k":0,"ix":5},"nm":"Transform"}],"nm":"Group 1","np":2,"cix":2,"bm":0,"ix":1,"mn":"ADBE Vector Group","hd":false},{"ty":"gr","it":[{"ind":0,"ty":"sh","ix":1,"ks":{"a":1,"k":[{"i":{"x":0.237,"y":1},"o":{"x":0.459,"y":0},"t":19,"s":[{"i":[[0,0],[0,0],[-14.48,26.902],[0,0]],"o":[[0,0],[14.195,27.045],[0,0],[0,0]],"v":[[97.865,-70.392],[106.206,-54.499],[174.558,-54.158],[184.415,-68.883]],"c":false}]},{"i":{"x":0.667,"y":1},"o":{"x":0.729,"y":0},"t":44,"s":[{"i":[[0,0],[0,0],[-9.004,29.194],[0,0]],"o":[[0,0],[19.157,23.79],[0,0],[0,0]],"v":[[131.348,-64.415],[142.605,-50.436],[209.733,-63.319],[216.556,-79.672]],"c":false}]},{"t":82,"s":[{"i":[[0,0],[0,0],[-14.48,26.902],[0,0]],"o":[[0,0],[14.195,27.045],[0,0],[0,0]],"v":[[97.865,-70.392],[106.206,-54.499],[174.558,-54.158],[184.415,-68.883]],"c":false}]}],"ix":2},"nm":"Path 1","mn":"ADBE Vector Shape - Group","hd":false},{"ty":"st","c":{"a":0,"k":[0,0,0,1],"ix":3},"o":{"a":0,"k":100,"ix":4},"w":{"a":0,"k":2,"ix":5},"lc":2,"lj":2,"bm":0,"nm":"Stroke 1","mn":"ADBE Vector Graphic - Stroke","hd":false},{"ty":"tr","p":{"a":0,"k":[0,0],"ix":2},"a":{"a":0,"k":[0,0],"ix":1},"s":{"a":0,"k":[100,100],"ix":3},"r":{"a":0,"k":0,"ix":6},"o":{"a":0,"k":100,"ix":7},"sk":{"a":0,"k":0,"ix":4},"sa":{"a":0,"k":0,"ix":5},"nm":"Transform"}],"nm":"Group 2","np":2,"cix":2,"bm":0,"ix":2,"mn":"ADBE Vector Group","hd":false},{"ty":"gr","it":[{"ind":0,"ty":"sh","ix":1,"ks":{"a":1,"k":[{"i":{"x":0.237,"y":1},"o":{"x":0.459,"y":0},"t":19,"s":[{"i":[[0,0],[0,0]],"o":[[0,0],[0,0]],"v":[[118.457,-219.137],[131.917,-79.832]],"c":false}]},{"i":{"x":0.667,"y":1},"o":{"x":0.729,"y":0},"t":44,"s":[{"i":[[0,0],[0,0]],"o":[[0,0],[0,0]],"v":[[118.457,-219.137],[162.932,-80.263]],"c":false}]},{"t":82,"s":[{"i":[[0,0],[0,0]],"o":[[0,0],[0,0]],"v":[[118.457,-219.137],[131.917,-79.832]],"c":false}]}],"ix":2},"nm":"Path 1","mn":"ADBE Vector Shape - Group","hd":false},{"ty":"st","c":{"a":0,"k":[0,0,0,1],"ix":3},"o":{"a":0,"k":100,"ix":4},"w":{"a":0,"k":2,"ix":5},"lc":2,"lj":2,"bm":0,"nm":"Stroke 1","mn":"ADBE Vector Graphic - Stroke","hd":false},{"ty":"tr","p":{"a":0,"k":[0,0],"ix":2},"a":{"a":0,"k":[0,0],"ix":1},"s":{"a":0,"k":[100,100],"ix":3},"r":{"a":0,"k":0,"ix":6},"o":{"a":0,"k":100,"ix":7},"sk":{"a":0,"k":0,"ix":4},"sa":{"a":0,"k":0,"ix":5},"nm":"Transform"}],"nm":"Group 3","np":2,"cix":2,"bm":0,"ix":3,"mn":"ADBE Vector Group","hd":false},{"ty":"gr","it":[{"ind":0,"ty":"sh","ix":1,"ks":{"a":1,"k":[{"i":{"x":0.237,"y":1},"o":{"x":0.459,"y":0},"t":19,"s":[{"i":[[0,0],[-0.05,0.046],[-8.777,-1.245],[-15.169,-5.233],[-3.044,-14.372],[-1.853,-46.937],[30.476,-0.542],[0,0],[-0.136,30.487],[1.703,18.84]],"o":[[0.05,-0.046],[6.428,-5.823],[19.407,2.753],[13.887,4.791],[9.904,46.763],[1.203,30.458],[0,0],[-30.482,0.542],[0.286,-64.138],[0,0]],"v":[[65.082,-282.403],[65.232,-282.541],[89.178,-289.962],[144.498,-275.741],[171.804,-244.898],[196.929,-78.231],[143.591,-21.742],[143.591,-21.742],[88.277,-76.318],[80.547,-280.899]],"c":false}]},{"i":{"x":0.667,"y":1},"o":{"x":0.729,"y":0},"t":44,"s":[{"i":[[0,0],[-0.05,0.046],[-8.777,-1.245],[-15.169,-5.233],[-3.044,-14.372],[-10.895,-45.693],[29.796,-6.426],[0,0],[5.762,29.937],[1.703,18.84]],"o":[[0.05,-0.046],[6.428,-5.823],[19.407,2.753],[13.887,4.791],[9.904,46.763],[7.07,29.65],[0,0],[-29.802,6.427],[-12.123,-62.983],[0,0]],"v":[[65.082,-282.403],[65.232,-282.541],[89.178,-289.962],[144.498,-275.741],[171.804,-244.898],[227.027,-91.264],[185.619,-25.527],[185.619,-25.527],[120.796,-68.375],[80.547,-280.899]],"c":false}]},{"t":82,"s":[{"i":[[0,0],[-0.05,0.046],[-8.777,-1.245],[-15.169,-5.233],[-3.044,-14.372],[-1.853,-46.937],[30.476,-0.542],[0,0],[-0.136,30.487],[1.703,18.84]],"o":[[0.05,-0.046],[6.428,-5.823],[19.407,2.753],[13.887,4.791],[9.904,46.763],[1.203,30.458],[0,0],[-30.482,0.542],[0.286,-64.138],[0,0]],"v":[[65.082,-282.403],[65.232,-282.541],[89.178,-289.962],[144.498,-275.741],[171.804,-244.898],[196.929,-78.231],[143.591,-21.742],[143.591,-21.742],[88.277,-76.318],[80.547,-280.899]],"c":false}]}],"ix":2},"nm":"Path 1","mn":"ADBE Vector Shape - Group","hd":false},{"ty":"st","c":{"a":0,"k":[0,0,0,1],"ix":3},"o":{"a":0,"k":100,"ix":4},"w":{"a":0,"k":6,"ix":5},"lc":2,"lj":2,"bm":0,"nm":"Stroke 1","mn":"ADBE Vector Graphic - Stroke","hd":false},{"ty":"tr","p":{"a":0,"k":[0,0],"ix":2},"a":{"a":0,"k":[0,0],"ix":1},"s":{"a":0,"k":[100,100],"ix":3},"r":{"a":0,"k":0,"ix":6},"o":{"a":0,"k":100,"ix":7},"sk":{"a":0,"k":0,"ix":4},"sa":{"a":0,"k":0,"ix":5},"nm":"Transform"}],"nm":"Group 4","np":2,"cix":2,"bm":0,"ix":4,"mn":"ADBE Vector Group","hd":false},{"ty":"gr","it":[{"ind":0,"ty":"sh","ix":1,"ks":{"a":1,"k":[{"i":{"x":0.237,"y":1},"o":{"x":0.459,"y":0},"t":19,"s":[{"i":[[0,0],[-7.196,-1.021],[-15.169,-5.233],[-3.044,-14.372],[-1.853,-46.937],[30.476,-0.542],[0,0],[-0.136,30.487],[1.703,18.84],[0,0]],"o":[[5.893,-3.865],[19.407,2.753],[13.887,4.791],[9.904,46.763],[1.203,30.458],[0,0],[-30.482,0.542],[0.286,-64.138],[0,0],[0,0]],"v":[[68.917,-285.39],[89.178,-289.962],[144.498,-275.741],[171.804,-244.898],[196.929,-78.231],[143.591,-21.742],[143.591,-21.742],[88.277,-76.318],[80.547,-280.899],[80.154,-283.457]],"c":false}]},{"i":{"x":0.667,"y":1},"o":{"x":0.729,"y":0},"t":44,"s":[{"i":[[0,0],[-7.196,-1.021],[-15.169,-5.233],[-3.044,-14.372],[-10.895,-45.693],[29.796,-6.426],[0,0],[5.762,29.937],[1.703,18.84],[0,0]],"o":[[5.893,-3.865],[19.407,2.753],[13.887,4.791],[9.904,46.763],[7.07,29.65],[0,0],[-29.802,6.427],[-12.123,-62.983],[0,0],[0,0]],"v":[[68.917,-285.39],[89.178,-289.962],[144.498,-275.741],[171.804,-244.898],[227.027,-91.264],[185.619,-25.527],[185.619,-25.527],[120.796,-68.375],[80.547,-280.899],[80.154,-283.457]],"c":false}]},{"t":82,"s":[{"i":[[0,0],[-7.196,-1.021],[-15.169,-5.233],[-3.044,-14.372],[-1.853,-46.937],[30.476,-0.542],[0,0],[-0.136,30.487],[1.703,18.84],[0,0]],"o":[[5.893,-3.865],[19.407,2.753],[13.887,4.791],[9.904,46.763],[1.203,30.458],[0,0],[-30.482,0.542],[0.286,-64.138],[0,0],[0,0]],"v":[[68.917,-285.39],[89.178,-289.962],[144.498,-275.741],[171.804,-244.898],[196.929,-78.231],[143.591,-21.742],[143.591,-21.742],[88.277,-76.318],[80.547,-280.899],[80.154,-283.457]],"c":false}]}],"ix":2},"nm":"Path 1","mn":"ADBE Vector Shape - Group","hd":false},{"ty":"fl","c":{"a":0,"k":[0.949019610882,0.439215689898,0.717647075653,1],"ix":4},"o":{"a":0,"k":100,"ix":5},"r":1,"bm":0,"nm":"Fill 1","mn":"ADBE Vector Graphic - Fill","hd":false},{"ty":"tr","p":{"a":0,"k":[0,0],"ix":2},"a":{"a":0,"k":[0,0],"ix":1},"s":{"a":0,"k":[100,100],"ix":3},"r":{"a":0,"k":0,"ix":6},"o":{"a":0,"k":100,"ix":7},"sk":{"a":0,"k":0,"ix":4},"sa":{"a":0,"k":0,"ix":5},"nm":"Transform"}],"nm":"Group 5","np":2,"cix":2,"bm":0,"ix":5,"mn":"ADBE Vector Group","hd":false}],"ip":0,"op":120,"st":0,"bm":0},{"ddd":0,"ind":9,"ty":4,"nm":"L_Eye 2","parent":5,"sr":1,"ks":{"o":{"a":0,"k":100,"ix":11},"r":{"a":0,"k":-16,"ix":10},"p":{"a":0,"k":[122.687,50.913,0],"ix":2},"a":{"a":0,"k":[129.889,-45.712,0],"ix":1},"s":{"a":0,"k":[182.297,165.024,100],"ix":6}},"ao":0,"shapes":[{"ty":"gr","it":[{"ind":0,"ty":"sh","ix":1,"ks":{"a":0,"k":{"i":[[0,0],[-17.688,-13.694]],"o":[[0,0],[0,0]],"v":[[112.058,-32.413],[147.72,-32.413]],"c":false},"ix":2},"nm":"Path 1","mn":"ADBE Vector Shape - Group","hd":false},{"ty":"st","c":{"a":0,"k":[0,0,0,1],"ix":3},"o":{"a":0,"k":100,"ix":4},"w":{"a":0,"k":1.68,"ix":5},"lc":2,"lj":2,"bm":0,"nm":"Stroke 1","mn":"ADBE Vector Graphic - Stroke","hd":false},{"ty":"tr","p":{"a":0,"k":[0,0],"ix":2},"a":{"a":0,"k":[0,0],"ix":1},"s":{"a":0,"k":[100,100],"ix":3},"r":{"a":0,"k":0,"ix":6},"o":{"a":0,"k":100,"ix":7},"sk":{"a":0,"k":0,"ix":4},"sa":{"a":0,"k":0,"ix":5},"nm":"Transform"}],"nm":"Group 1","np":2,"cix":2,"bm":0,"ix":1,"mn":"ADBE Vector Group","hd":false},{"ty":"gr","it":[{"ind":0,"ty":"sh","ix":1,"ks":{"a":0,"k":{"i":[[0,0],[-17.688,-13.694],[13.263,-1.284]],"o":[[0,0],[0,0],[-13.263,1.284]],"v":[[112.058,-32.413],[147.72,-32.413],[130.456,-19.433]],"c":true},"ix":2},"nm":"Path 1","mn":"ADBE Vector Shape - Group","hd":false},{"ty":"fl","c":{"a":0,"k":[0.949019610882,0.439215689898,0.717647075653,1],"ix":4},"o":{"a":0,"k":100,"ix":5},"r":1,"bm":0,"nm":"Fill 1","mn":"ADBE Vector Graphic - Fill","hd":false},{"ty":"tr","p":{"a":0,"k":[0,0],"ix":2},"a":{"a":0,"k":[0,0],"ix":1},"s":{"a":0,"k":[100,100],"ix":3},"r":{"a":0,"k":0,"ix":6},"o":{"a":0,"k":100,"ix":7},"sk":{"a":0,"k":0,"ix":4},"sa":{"a":0,"k":0,"ix":5},"nm":"Transform"}],"nm":"Group 2","np":2,"cix":2,"bm":0,"ix":2,"mn":"ADBE Vector Group","hd":false},{"ty":"gr","it":[{"ind":0,"ty":"sh","ix":1,"ks":{"a":0,"k":{"i":[[0,-13.563],[-6.511,0],[0,13.563],[6.511,0]],"o":[[0,13.563],[6.511,0],[0,-13.563],[-6.511,0]],"v":[[118.666,-47.515],[130.456,-22.958],[142.245,-47.515],[130.456,-72.072]],"c":true},"ix":2},"nm":"Path 1","mn":"ADBE Vector Shape - Group","hd":false},{"ty":"fl","c":{"a":0,"k":[0,0,0,1],"ix":4},"o":{"a":0,"k":100,"ix":5},"r":1,"bm":0,"nm":"Fill 1","mn":"ADBE Vector Graphic - Fill","hd":false},{"ty":"tr","p":{"a":0,"k":[0,0],"ix":2},"a":{"a":0,"k":[0,0],"ix":1},"s":{"a":0,"k":[100,100],"ix":3},"r":{"a":0,"k":0,"ix":6},"o":{"a":0,"k":100,"ix":7},"sk":{"a":0,"k":0,"ix":4},"sa":{"a":0,"k":0,"ix":5},"nm":"Transform"}],"nm":"Group 3","np":2,"cix":2,"bm":0,"ix":3,"mn":"ADBE Vector Group","hd":false}],"ip":0,"op":120,"st":0,"bm":0},{"ddd":0,"ind":10,"ty":4,"nm":"R_Eye 2","parent":5,"sr":1,"ks":{"o":{"a":0,"k":100,"ix":11},"r":{"a":0,"k":12,"ix":10},"p":{"a":0,"k":[-41.893,51.687,0],"ix":2},"a":{"a":0,"k":[-6.767,-45.712,0],"ix":1},"s":{"a":0,"k":[182.297,165.024,100],"ix":6}},"ao":0,"shapes":[{"ty":"gr","it":[{"ind":0,"ty":"sh","ix":1,"ks":{"a":0,"k":{"i":[[0,0],[-17.688,-13.694]],"o":[[0,0],[0,0]],"v":[[-24.598,-32.413],[11.063,-32.413]],"c":false},"ix":2},"nm":"Path 1","mn":"ADBE Vector Shape - Group","hd":false},{"ty":"st","c":{"a":0,"k":[0,0,0,1],"ix":3},"o":{"a":0,"k":100,"ix":4},"w":{"a":0,"k":1.68,"ix":5},"lc":2,"lj":2,"bm":0,"nm":"Stroke 1","mn":"ADBE Vector Graphic - Stroke","hd":false},{"ty":"tr","p":{"a":0,"k":[0,0],"ix":2},"a":{"a":0,"k":[0,0],"ix":1},"s":{"a":0,"k":[100,100],"ix":3},"r":{"a":0,"k":0,"ix":6},"o":{"a":0,"k":100,"ix":7},"sk":{"a":0,"k":0,"ix":4},"sa":{"a":0,"k":0,"ix":5},"nm":"Transform"}],"nm":"Group 1","np":2,"cix":2,"bm":0,"ix":1,"mn":"ADBE Vector Group","hd":false},{"ty":"gr","it":[{"ind":0,"ty":"sh","ix":1,"ks":{"a":0,"k":{"i":[[0,0],[-17.688,-13.694],[13.263,-1.284]],"o":[[0,0],[0,0],[-13.263,1.284]],"v":[[-24.598,-32.413],[11.063,-32.413],[-6.2,-19.433]],"c":true},"ix":2},"nm":"Path 1","mn":"ADBE Vector Shape - Group","hd":false},{"ty":"fl","c":{"a":0,"k":[0.949019610882,0.439215689898,0.717647075653,1],"ix":4},"o":{"a":0,"k":100,"ix":5},"r":1,"bm":0,"nm":"Fill 1","mn":"ADBE Vector Graphic - Fill","hd":false},{"ty":"tr","p":{"a":0,"k":[0,0],"ix":2},"a":{"a":0,"k":[0,0],"ix":1},"s":{"a":0,"k":[100,100],"ix":3},"r":{"a":0,"k":0,"ix":6},"o":{"a":0,"k":100,"ix":7},"sk":{"a":0,"k":0,"ix":4},"sa":{"a":0,"k":0,"ix":5},"nm":"Transform"}],"nm":"Group 2","np":2,"cix":2,"bm":0,"ix":2,"mn":"ADBE Vector Group","hd":false},{"ty":"gr","it":[{"ind":0,"ty":"sh","ix":1,"ks":{"a":0,"k":{"i":[[0,-13.563],[-6.511,0],[0,13.563],[6.511,0]],"o":[[0,13.563],[6.511,0],[0,-13.563],[-6.511,0]],"v":[[-17.99,-47.515],[-6.201,-22.958],[5.589,-47.515],[-6.201,-72.072]],"c":true},"ix":2},"nm":"Path 1","mn":"ADBE Vector Shape - Group","hd":false},{"ty":"fl","c":{"a":0,"k":[0,0,0,1],"ix":4},"o":{"a":0,"k":100,"ix":5},"r":1,"bm":0,"nm":"Fill 1","mn":"ADBE Vector Graphic - Fill","hd":false},{"ty":"tr","p":{"a":0,"k":[0,0],"ix":2},"a":{"a":0,"k":[0,0],"ix":1},"s":{"a":0,"k":[100,100],"ix":3},"r":{"a":0,"k":0,"ix":6},"o":{"a":0,"k":100,"ix":7},"sk":{"a":0,"k":0,"ix":4},"sa":{"a":0,"k":0,"ix":5},"nm":"Transform"}],"nm":"Group 3","np":2,"cix":2,"bm":0,"ix":3,"mn":"ADBE Vector Group","hd":false}],"ip":0,"op":120,"st":0,"bm":0},{"ddd":0,"ind":13,"ty":4,"nm":"R_Hand_Back","parent":3,"sr":1,"ks":{"o":{"a":0,"k":100,"ix":11},"r":{"a":0,"k":0,"ix":10},"p":{"a":0,"k":[0,0,0],"ix":2},"a":{"a":0,"k":[0,0,0],"ix":1},"s":{"a":0,"k":[100,100,100],"ix":6}},"ao":0,"shapes":[{"ty":"gr","it":[{"ind":0,"ty":"sh","ix":1,"ks":{"a":1,"k":[{"i":{"x":0.237,"y":1},"o":{"x":0.459,"y":0},"t":19,"s":[{"i":[[0,0],[-1.132,16.398],[-3.739,-2.642]],"o":[[-6.429,-3.181],[0.315,-4.568],[0,0]],"v":[[-48.916,-10.312],[-66,-38.007],[-56.774,-42.417]],"c":false}]},{"i":{"x":0.667,"y":1},"o":{"x":0.729,"y":0},"t":44,"s":[{"i":[[0,0],[7.074,14.837],[-4.555,-0.463]],"o":[[-7.163,0.39],[-1.97,-4.133],[0,0]],"v":[[-69.176,-7.599],[-97.666,-23.32],[-91.799,-31.696]],"c":false}]},{"t":82,"s":[{"i":[[0,0],[-1.132,16.398],[-3.739,-2.642]],"o":[[-6.429,-3.181],[0.315,-4.568],[0,0]],"v":[[-48.916,-10.312],[-66,-38.007],[-56.774,-42.417]],"c":false}]}],"ix":2},"nm":"Path 1","mn":"ADBE Vector Shape - Group","hd":false},{"ty":"st","c":{"a":0,"k":[0,0,0,1],"ix":3},"o":{"a":0,"k":100,"ix":4},"w":{"a":0,"k":4,"ix":5},"lc":2,"lj":2,"bm":0,"nm":"Stroke 1","mn":"ADBE Vector Graphic - Stroke","hd":false},{"ty":"tr","p":{"a":0,"k":[0,0],"ix":2},"a":{"a":0,"k":[0,0],"ix":1},"s":{"a":0,"k":[100,100],"ix":3},"r":{"a":0,"k":0,"ix":6},"o":{"a":0,"k":100,"ix":7},"sk":{"a":0,"k":0,"ix":4},"sa":{"a":0,"k":0,"ix":5},"nm":"Transform"}],"nm":"Group 1","np":2,"cix":2,"bm":0,"ix":1,"mn":"ADBE Vector Group","hd":false},{"ty":"gr","it":[{"ind":0,"ty":"sh","ix":1,"ks":{"a":1,"k":[{"i":{"x":0.237,"y":1},"o":{"x":0.459,"y":0},"t":19,"s":[{"i":[[0,0],[-1.549,22.441],[-3.739,-2.642],[0,0],[1.201,-2.784]],"o":[[0,0],[0.315,-4.568],[0,0],[2.477,1.75],[0,0]],"v":[[-44.905,-8.638],[-66,-38.007],[-56.774,-42.417],[-40.76,-31.105],[-38.571,-23.326]],"c":true}]},{"i":{"x":0.667,"y":1},"o":{"x":0.729,"y":0},"t":44,"s":[{"i":[[0,0],[9.681,20.304],[-4.555,-0.463],[0,0],[-0.323,-3.015]],"o":[[0,0],[-1.97,-4.133],[0,0],[3.017,0.306],[0,0]],"v":[[-64.86,-8.112],[-97.666,-23.32],[-91.799,-31.696],[-72.293,-29.715],[-66.563,-24.017]],"c":true}]},{"t":82,"s":[{"i":[[0,0],[-1.549,22.441],[-3.739,-2.642],[0,0],[1.201,-2.784]],"o":[[0,0],[0.315,-4.568],[0,0],[2.477,1.75],[0,0]],"v":[[-44.905,-8.638],[-66,-38.007],[-56.774,-42.417],[-40.76,-31.105],[-38.571,-23.326]],"c":true}]}],"ix":2},"nm":"Path 1","mn":"ADBE Vector Shape - Group","hd":false},{"ty":"fl","c":{"a":0,"k":[0.949019610882,0.439215689898,0.717647075653,1],"ix":4},"o":{"a":0,"k":100,"ix":5},"r":1,"bm":0,"nm":"Fill 1","mn":"ADBE Vector Graphic - Fill","hd":false},{"ty":"tr","p":{"a":0,"k":[0,0],"ix":2},"a":{"a":0,"k":[0,0],"ix":1},"s":{"a":0,"k":[100,100],"ix":3},"r":{"a":0,"k":0,"ix":6},"o":{"a":0,"k":100,"ix":7},"sk":{"a":0,"k":0,"ix":4},"sa":{"a":0,"k":0,"ix":5},"nm":"Transform"}],"nm":"Group 2","np":2,"cix":2,"bm":0,"ix":2,"mn":"ADBE Vector Group","hd":false}],"ip":0,"op":120,"st":0,"bm":0},{"ddd":0,"ind":14,"ty":4,"nm":"HEAD","parent":15,"sr":1,"ks":{"o":{"a":0,"k":100,"ix":11},"r":{"a":1,"k":[{"i":{"x":[0.237],"y":[1]},"o":{"x":[0.459],"y":[0]},"t":17,"s":[0]},{"i":{"x":[0.667],"y":[1]},"o":{"x":[0.729],"y":[0]},"t":42,"s":[-3]},{"t":80,"s":[0]}],"ix":10},"p":{"a":1,"k":[{"i":{"x":0.501,"y":1},"o":{"x":0.333,"y":0},"t":2,"s":[26.843,70.556,0],"to":[0,0,0],"ti":[0,0,0]},{"i":{"x":0.07,"y":1},"o":{"x":0.459,"y":0},"t":17,"s":[26.843,80.556,0],"to":[0,0,0],"ti":[0,0,0]},{"i":{"x":0.667,"y":1},"o":{"x":0.896,"y":0},"t":42,"s":[26.843,62.393,0],"to":[0,0,0],"ti":[0,0,0]},{"i":{"x":0.667,"y":1},"o":{"x":0.438,"y":0},"t":80,"s":[26.843,80.556,0],"to":[0,0,0],"ti":[0,0,0]},{"t":95,"s":[26.843,70.556,0]}],"ix":2},"a":{"a":0,"k":[26.843,70.556,0],"ix":1},"s":{"a":1,"k":[{"i":{"x":[0.668,0.494,0.833],"y":[1,1,1]},"o":{"x":[0.333,0.333,0.333],"y":[0,0,0]},"t":2,"s":[100,100,100]},{"i":{"x":[0.07,0.034,0.667],"y":[1,1,1]},"o":{"x":[0.292,0.345,0.167],"y":[0,0,0]},"t":17,"s":[103,97,100]},{"i":{"x":[0.833,0.833,0.833],"y":[1,1,1]},"o":{"x":[0.896,0.911,0.333],"y":[0,0,0]},"t":42,"s":[97,103,100]},{"i":{"x":[0.667,0.667,0.667],"y":[1,1,1]},"o":{"x":[0.271,0.293,0.167],"y":[0,0,0]},"t":80,"s":[103,97,100]},{"t":95,"s":[100,100,100]}],"ix":6}},"ao":0,"shapes":[{"ty":"gr","it":[{"ind":0,"ty":"sh","ix":1,"ks":{"a":0,"k":{"i":[[0,0],[0,0]],"o":[[0,0],[0,0]],"v":[[218.339,-42.228],[228.488,-59.679]],"c":false},"ix":2},"nm":"Path 1","mn":"ADBE Vector Shape - Group","hd":false},{"ty":"st","c":{"a":0,"k":[0,0,0,1],"ix":3},"o":{"a":0,"k":100,"ix":4},"w":{"a":0,"k":2,"ix":5},"lc":2,"lj":2,"bm":0,"nm":"Stroke 1","mn":"ADBE Vector Graphic - Stroke","hd":false},{"ty":"tr","p":{"a":0,"k":[0,0],"ix":2},"a":{"a":0,"k":[0,0],"ix":1},"s":{"a":0,"k":[100,100],"ix":3},"r":{"a":0,"k":0,"ix":6},"o":{"a":0,"k":100,"ix":7},"sk":{"a":0,"k":0,"ix":4},"sa":{"a":0,"k":0,"ix":5},"nm":"Transform"}],"nm":"Group 1","np":2,"cix":2,"bm":0,"ix":1,"mn":"ADBE Vector Group","hd":false},{"ty":"gr","it":[{"ind":0,"ty":"sh","ix":1,"ks":{"a":0,"k":{"i":[[0,0],[0,0]],"o":[[0,0],[0,0]],"v":[[200.711,-42.228],[210.861,-59.679]],"c":false},"ix":2},"nm":"Path 1","mn":"ADBE Vector Shape - Group","hd":false},{"ty":"st","c":{"a":0,"k":[0,0,0,1],"ix":3},"o":{"a":0,"k":100,"ix":4},"w":{"a":0,"k":2,"ix":5},"lc":2,"lj":2,"bm":0,"nm":"Stroke 1","mn":"ADBE Vector Graphic - Stroke","hd":false},{"ty":"tr","p":{"a":0,"k":[0,0],"ix":2},"a":{"a":0,"k":[0,0],"ix":1},"s":{"a":0,"k":[100,100],"ix":3},"r":{"a":0,"k":0,"ix":6},"o":{"a":0,"k":100,"ix":7},"sk":{"a":0,"k":0,"ix":4},"sa":{"a":0,"k":0,"ix":5},"nm":"Transform"}],"nm":"Group 2","np":2,"cix":2,"bm":0,"ix":2,"mn":"ADBE Vector Group","hd":false},{"ty":"gr","it":[{"ind":0,"ty":"sh","ix":1,"ks":{"a":0,"k":{"i":[[0,0],[0,0]],"o":[[0,0],[0,0]],"v":[[183.084,-42.228],[193.233,-59.679]],"c":false},"ix":2},"nm":"Path 1","mn":"ADBE Vector Shape - Group","hd":false},{"ty":"st","c":{"a":0,"k":[0,0,0,1],"ix":3},"o":{"a":0,"k":100,"ix":4},"w":{"a":0,"k":2,"ix":5},"lc":2,"lj":2,"bm":0,"nm":"Stroke 1","mn":"ADBE Vector Graphic - Stroke","hd":false},{"ty":"tr","p":{"a":0,"k":[0,0],"ix":2},"a":{"a":0,"k":[0,0],"ix":1},"s":{"a":0,"k":[100,100],"ix":3},"r":{"a":0,"k":0,"ix":6},"o":{"a":0,"k":100,"ix":7},"sk":{"a":0,"k":0,"ix":4},"sa":{"a":0,"k":0,"ix":5},"nm":"Transform"}],"nm":"Group 3","np":2,"cix":2,"bm":0,"ix":3,"mn":"ADBE Vector Group","hd":false},{"ty":"gr","it":[{"ind":0,"ty":"sh","ix":1,"ks":{"a":0,"k":{"i":[[0,0],[0,0]],"o":[[0,0],[0,0]],"v":[[165.457,-42.228],[175.606,-59.679]],"c":false},"ix":2},"nm":"Path 1","mn":"ADBE Vector Shape - Group","hd":false},{"ty":"st","c":{"a":0,"k":[0,0,0,1],"ix":3},"o":{"a":0,"k":100,"ix":4},"w":{"a":0,"k":2,"ix":5},"lc":2,"lj":2,"bm":0,"nm":"Stroke 1","mn":"ADBE Vector Graphic - Stroke","hd":false},{"ty":"tr","p":{"a":0,"k":[0,0],"ix":2},"a":{"a":0,"k":[0,0],"ix":1},"s":{"a":0,"k":[100,100],"ix":3},"r":{"a":0,"k":0,"ix":6},"o":{"a":0,"k":100,"ix":7},"sk":{"a":0,"k":0,"ix":4},"sa":{"a":0,"k":0,"ix":5},"nm":"Transform"}],"nm":"Group 4","np":2,"cix":2,"bm":0,"ix":4,"mn":"ADBE Vector Group","hd":false},{"ty":"gr","it":[{"ind":0,"ty":"sh","ix":1,"ks":{"a":0,"k":{"i":[[0,0],[0,0]],"o":[[0,0],[0,0]],"v":[[-78.896,-42.228],[-68.747,-59.679]],"c":false},"ix":2},"nm":"Path 1","mn":"ADBE Vector Shape - Group","hd":false},{"ty":"st","c":{"a":0,"k":[0,0,0,1],"ix":3},"o":{"a":0,"k":100,"ix":4},"w":{"a":0,"k":2,"ix":5},"lc":2,"lj":2,"bm":0,"nm":"Stroke 1","mn":"ADBE Vector Graphic - Stroke","hd":false},{"ty":"tr","p":{"a":0,"k":[0,0],"ix":2},"a":{"a":0,"k":[0,0],"ix":1},"s":{"a":0,"k":[100,100],"ix":3},"r":{"a":0,"k":0,"ix":6},"o":{"a":0,"k":100,"ix":7},"sk":{"a":0,"k":0,"ix":4},"sa":{"a":0,"k":0,"ix":5},"nm":"Transform"}],"nm":"Group 5","np":2,"cix":2,"bm":0,"ix":5,"mn":"ADBE Vector Group","hd":false},{"ty":"gr","it":[{"ind":0,"ty":"sh","ix":1,"ks":{"a":0,"k":{"i":[[0,0],[0,0]],"o":[[0,0],[0,0]],"v":[[-86.374,-59.679],[-96.523,-42.228]],"c":false},"ix":2},"nm":"Path 1","mn":"ADBE Vector Shape - Group","hd":false},{"ty":"st","c":{"a":0,"k":[0,0,0,1],"ix":3},"o":{"a":0,"k":100,"ix":4},"w":{"a":0,"k":4,"ix":5},"lc":2,"lj":2,"bm":0,"nm":"Stroke 1","mn":"ADBE Vector Graphic - Stroke","hd":false},{"ty":"fl","c":{"a":0,"k":[0.949019610882,0.439215689898,0.717647075653,1],"ix":4},"o":{"a":0,"k":100,"ix":5},"r":1,"bm":0,"nm":"Fill 1","mn":"ADBE Vector Graphic - Fill","hd":false},{"ty":"tr","p":{"a":0,"k":[0,0],"ix":2},"a":{"a":0,"k":[0,0],"ix":1},"s":{"a":0,"k":[100,100],"ix":3},"r":{"a":0,"k":0,"ix":6},"o":{"a":0,"k":100,"ix":7},"sk":{"a":0,"k":0,"ix":4},"sa":{"a":0,"k":0,"ix":5},"nm":"Transform"}],"nm":"Group 6","np":3,"cix":2,"bm":0,"ix":6,"mn":"ADBE Vector Group","hd":false},{"ty":"gr","it":[{"ind":0,"ty":"sh","ix":1,"ks":{"a":0,"k":{"i":[[0,0],[0,0]],"o":[[0,0],[0,0]],"v":[[-114.151,-42.228],[-104.002,-59.679]],"c":false},"ix":2},"nm":"Path 1","mn":"ADBE Vector Shape - Group","hd":false},{"ty":"st","c":{"a":0,"k":[0,0,0,1],"ix":3},"o":{"a":0,"k":100,"ix":4},"w":{"a":0,"k":2,"ix":5},"lc":2,"lj":2,"bm":0,"nm":"Stroke 1","mn":"ADBE Vector Graphic - Stroke","hd":false},{"ty":"tr","p":{"a":0,"k":[0,0],"ix":2},"a":{"a":0,"k":[0,0],"ix":1},"s":{"a":0,"k":[100,100],"ix":3},"r":{"a":0,"k":0,"ix":6},"o":{"a":0,"k":100,"ix":7},"sk":{"a":0,"k":0,"ix":4},"sa":{"a":0,"k":0,"ix":5},"nm":"Transform"}],"nm":"Group 7","np":2,"cix":2,"bm":0,"ix":7,"mn":"ADBE Vector Group","hd":false},{"ty":"gr","it":[{"ind":0,"ty":"sh","ix":1,"ks":{"a":0,"k":{"i":[[0,0],[0,0]],"o":[[0,0],[0,0]],"v":[[-131.778,-42.228],[-121.629,-59.679]],"c":false},"ix":2},"nm":"Path 1","mn":"ADBE Vector Shape - Group","hd":false},{"ty":"st","c":{"a":0,"k":[0,0,0,1],"ix":3},"o":{"a":0,"k":100,"ix":4},"w":{"a":0,"k":2,"ix":5},"lc":2,"lj":2,"bm":0,"nm":"Stroke 1","mn":"ADBE Vector Graphic - Stroke","hd":false},{"ty":"tr","p":{"a":0,"k":[0,0],"ix":2},"a":{"a":0,"k":[0,0],"ix":1},"s":{"a":0,"k":[100,100],"ix":3},"r":{"a":0,"k":0,"ix":6},"o":{"a":0,"k":100,"ix":7},"sk":{"a":0,"k":0,"ix":4},"sa":{"a":0,"k":0,"ix":5},"nm":"Transform"}],"nm":"Group 8","np":2,"cix":2,"bm":0,"ix":8,"mn":"ADBE Vector Group","hd":false},{"ty":"gr","it":[{"ind":0,"ty":"sh","ix":1,"ks":{"a":0,"k":{"i":[[0,0],[-17.628,-1.399]],"o":[[0,0],[0,0]],"v":[[32.316,-82.615],[83.17,-86.503]],"c":false},"ix":2},"nm":"Path 1","mn":"ADBE Vector Shape - Group","hd":false},{"ty":"st","c":{"a":0,"k":[0,0,0,1],"ix":3},"o":{"a":0,"k":100,"ix":4},"w":{"a":0,"k":2,"ix":5},"lc":2,"lj":2,"bm":0,"nm":"Stroke 1","mn":"ADBE Vector Graphic - Stroke","hd":false},{"ty":"tr","p":{"a":0,"k":[0,0],"ix":2},"a":{"a":0,"k":[0,0],"ix":1},"s":{"a":0,"k":[100,100],"ix":3},"r":{"a":0,"k":0,"ix":6},"o":{"a":0,"k":100,"ix":7},"sk":{"a":0,"k":0,"ix":4},"sa":{"a":0,"k":0,"ix":5},"nm":"Transform"}],"nm":"Group 9","np":2,"cix":2,"bm":0,"ix":9,"mn":"ADBE Vector Group","hd":false},{"ty":"gr","it":[{"ind":0,"ty":"sh","ix":1,"ks":{"a":0,"k":{"i":[[0,0],[-13.579,-3.187]],"o":[[0,0],[0,0]],"v":[[42.67,-90.432],[74.682,-91.432]],"c":false},"ix":2},"nm":"Path 1","mn":"ADBE Vector Shape - Group","hd":false},{"ty":"st","c":{"a":0,"k":[0,0,0,1],"ix":3},"o":{"a":0,"k":100,"ix":4},"w":{"a":0,"k":2,"ix":5},"lc":2,"lj":2,"bm":0,"nm":"Stroke 1","mn":"ADBE Vector Graphic - Stroke","hd":false},{"ty":"tr","p":{"a":0,"k":[0,0],"ix":2},"a":{"a":0,"k":[0,0],"ix":1},"s":{"a":0,"k":[100,100],"ix":3},"r":{"a":0,"k":0,"ix":6},"o":{"a":0,"k":100,"ix":7},"sk":{"a":0,"k":0,"ix":4},"sa":{"a":0,"k":0,"ix":5},"nm":"Transform"}],"nm":"Group 10","np":2,"cix":2,"bm":0,"ix":10,"mn":"ADBE Vector Group","hd":false},{"ty":"gr","it":[{"ind":0,"ty":"sh","ix":1,"ks":{"a":0,"k":{"i":[[63.61,48.946],[112.681,13.28],[45.973,-7.304],[-21.631,-67.671],[-61.202,-38.725],[-123.185,-0.88],[-22.623,11.403]],"o":[[22.23,-69.547],[-35.286,-4.159],[-105.697,16.794],[-58.74,46.188],[25.519,16.147],[102.962,0.735],[70.817,-35.695]],"v":[[209.636,-123.3],[80.547,-280.899],[-34.911,-279.592],[-155.058,-123.3],[-156.764,40.039],[26.874,70.528],[198.424,46.254]],"c":true},"ix":2},"nm":"Path 1","mn":"ADBE Vector Shape - Group","hd":false},{"ty":"st","c":{"a":0,"k":[0,0,0,1],"ix":3},"o":{"a":0,"k":100,"ix":4},"w":{"a":0,"k":6,"ix":5},"lc":1,"lj":1,"ml":10,"bm":0,"nm":"Stroke 1","mn":"ADBE Vector Graphic - Stroke","hd":false},{"ty":"tr","p":{"a":0,"k":[0,0],"ix":2},"a":{"a":0,"k":[0,0],"ix":1},"s":{"a":0,"k":[100,100],"ix":3},"r":{"a":0,"k":0,"ix":6},"o":{"a":0,"k":100,"ix":7},"sk":{"a":0,"k":0,"ix":4},"sa":{"a":0,"k":0,"ix":5},"nm":"Transform"}],"nm":"Group 11","np":2,"cix":2,"bm":0,"ix":11,"mn":"ADBE Vector Group","hd":false},{"ty":"gr","it":[{"ind":0,"ty":"sh","ix":1,"ks":{"a":0,"k":{"i":[[29.412,-14.825],[102.962,0.735],[25.519,16.147],[5.339,21.453],[-37.185,-23.529],[-123.185,-0.88],[-22.623,11.403],[9.723,40.892]],"o":[[-22.623,11.403],[-123.185,-0.88],[-22.553,-14.271],[-8.657,36.705],[25.519,16.147],[102.962,0.735],[45.395,-22.881],[-6.305,25.702]],"v":[[198.424,3.231],[26.874,27.505],[-156.764,-2.984],[-198.304,-58.377],[-156.764,40.039],[26.874,70.528],[198.424,46.254],[251.988,-60.62]],"c":true},"ix":2},"nm":"Path 1","mn":"ADBE Vector Shape - Group","hd":false},{"ty":"fl","c":{"a":0,"k":[0.878431379795,0.298039227724,0.643137276173,1],"ix":4},"o":{"a":0,"k":100,"ix":5},"r":1,"bm":0,"nm":"Fill 1","mn":"ADBE Vector Graphic - Fill","hd":false},{"ty":"tr","p":{"a":0,"k":[0,0],"ix":2},"a":{"a":0,"k":[0,0],"ix":1},"s":{"a":0,"k":[100,100],"ix":3},"r":{"a":0,"k":0,"ix":6},"o":{"a":0,"k":25,"ix":7},"sk":{"a":0,"k":0,"ix":4},"sa":{"a":0,"k":0,"ix":5},"nm":"Transform"}],"nm":"Group 12","np":2,"cix":2,"bm":1,"ix":12,"mn":"ADBE Vector Group","hd":false},{"ty":"gr","it":[{"ind":0,"ty":"sh","ix":1,"ks":{"a":0,"k":{"i":[[1.716,35.332],[23.964,0],[0,-37.547],[-24.847,-10.117],[-6.615,3.334]],"o":[[-12.107,-18.733],[-37.547,0],[0,28.483],[11.448,-3.297],[39.051,-19.683]],"v":[[254.484,-43.411],[197.36,-74.554],[129.375,-6.569],[171.745,56.408],[198.424,46.254]],"c":true},"ix":2},"nm":"Path 1","mn":"ADBE Vector Shape - Group","hd":false},{"ty":"fl","c":{"a":0,"k":[0.878431379795,0.298039227724,0.643137276173,1],"ix":4},"o":{"a":0,"k":100,"ix":5},"r":1,"bm":0,"nm":"Fill 1","mn":"ADBE Vector Graphic - Fill","hd":false},{"ty":"tr","p":{"a":0,"k":[0,0],"ix":2},"a":{"a":0,"k":[0,0],"ix":1},"s":{"a":0,"k":[100,100],"ix":3},"r":{"a":0,"k":0,"ix":6},"o":{"a":0,"k":100,"ix":7},"sk":{"a":0,"k":0,"ix":4},"sa":{"a":0,"k":0,"ix":5},"nm":"Transform"}],"nm":"Group 13","np":2,"cix":2,"bm":0,"ix":13,"mn":"ADBE Vector Group","hd":false},{"ty":"gr","it":[{"ind":0,"ty":"sh","ix":1,"ks":{"a":0,"k":{"i":[[0,37.466],[37.547,0],[0,-37.547],[-19.034,-12.049],[-15.424,-2.982]],"o":[[0,-37.547],[-37.547,0],[0,24.193],[9.489,3.956],[37.436,-0.13]],"v":[[-31.777,-6.569],[-99.762,-74.554],[-167.747,-6.569],[-136.065,50.901],[-99.521,61.411]],"c":true},"ix":2},"nm":"Path 1","mn":"ADBE Vector Shape - Group","hd":false},{"ty":"fl","c":{"a":0,"k":[0.878431379795,0.298039227724,0.643137276173,1],"ix":4},"o":{"a":0,"k":100,"ix":5},"r":1,"bm":0,"nm":"Fill 1","mn":"ADBE Vector Graphic - Fill","hd":false},{"ty":"tr","p":{"a":0,"k":[0,0],"ix":2},"a":{"a":0,"k":[0,0],"ix":1},"s":{"a":0,"k":[100,100],"ix":3},"r":{"a":0,"k":0,"ix":6},"o":{"a":0,"k":100,"ix":7},"sk":{"a":0,"k":0,"ix":4},"sa":{"a":0,"k":0,"ix":5},"nm":"Transform"}],"nm":"Group 14","np":2,"cix":2,"bm":0,"ix":14,"mn":"ADBE Vector Group","hd":false},{"ty":"gr","it":[{"ind":0,"ty":"sh","ix":1,"ks":{"a":0,"k":{"i":[[10.914,-12.001],[-6.085,-5.534],[-10.914,12.001],[6.085,5.534]],"o":[[-10.914,12.001],[6.085,5.534],[10.914,-12.001],[-6.085,-5.534]],"v":[[-93.095,-221.855],[-101.84,-190.106],[-71.06,-201.815],[-62.316,-233.564]],"c":true},"ix":2},"nm":"Path 1","mn":"ADBE Vector Shape - Group","hd":false},{"ty":"fl","c":{"a":0,"k":[1,1,1,1],"ix":4},"o":{"a":0,"k":100,"ix":5},"r":1,"bm":0,"nm":"Fill 1","mn":"ADBE Vector Graphic - Fill","hd":false},{"ty":"tr","p":{"a":0,"k":[0,0],"ix":2},"a":{"a":0,"k":[0,0],"ix":1},"s":{"a":0,"k":[100,100],"ix":3},"r":{"a":0,"k":0,"ix":6},"o":{"a":0,"k":100,"ix":7},"sk":{"a":0,"k":0,"ix":4},"sa":{"a":0,"k":0,"ix":5},"nm":"Transform"}],"nm":"Group 15","np":2,"cix":2,"bm":0,"ix":15,"mn":"ADBE Vector Group","hd":false},{"ty":"gr","it":[{"ind":0,"ty":"sh","ix":1,"ks":{"a":0,"k":{"i":[[63.61,48.946],[112.681,13.28],[45.973,-7.304],[-21.631,-67.671],[-61.202,-38.725],[-123.185,-0.88],[-22.623,11.403]],"o":[[22.23,-69.547],[-35.286,-4.159],[-105.697,16.794],[-58.74,46.188],[25.519,16.147],[102.962,0.735],[70.817,-35.695]],"v":[[209.636,-123.3],[80.547,-280.899],[-34.911,-279.592],[-155.058,-123.3],[-156.764,40.039],[26.874,70.528],[198.424,46.254]],"c":true},"ix":2},"nm":"Path 1","mn":"ADBE Vector Shape - Group","hd":false},{"ty":"fl","c":{"a":0,"k":[0.949019610882,0.439215689898,0.717647075653,1],"ix":4},"o":{"a":0,"k":100,"ix":5},"r":1,"bm":0,"nm":"Fill 1","mn":"ADBE Vector Graphic - Fill","hd":false},{"ty":"tr","p":{"a":0,"k":[0,0],"ix":2},"a":{"a":0,"k":[0,0],"ix":1},"s":{"a":0,"k":[100,100],"ix":3},"r":{"a":0,"k":0,"ix":6},"o":{"a":0,"k":100,"ix":7},"sk":{"a":0,"k":0,"ix":4},"sa":{"a":0,"k":0,"ix":5},"nm":"Transform"}],"nm":"Group 16","np":2,"cix":2,"bm":0,"ix":16,"mn":"ADBE Vector Group","hd":false}],"ip":0,"op":120,"st":0,"bm":0},{"ddd":0,"ind":15,"ty":4,"nm":"TORSO","parent":2,"sr":1,"ks":{"o":{"a":0,"k":100,"ix":11},"r":{"a":1,"k":[{"i":{"x":[0.154],"y":[1]},"o":{"x":[0.333],"y":[0]},"t":15,"s":[0]},{"i":{"x":[0.667],"y":[1]},"o":{"x":[0.78],"y":[0]},"t":40,"s":[-2]},{"t":78,"s":[0]}],"ix":10},"p":{"a":1,"k":[{"i":{"x":0.668,"y":1},"o":{"x":0.167,"y":0},"t":0,"s":[-12.874,184.443,0],"to":[0,0,0],"ti":[0,0,0]},{"i":{"x":0.237,"y":1},"o":{"x":0.292,"y":0},"t":15,"s":[-12.874,190.443,0],"to":[0,0,0],"ti":[0,0,0]},{"i":{"x":0.833,"y":1},"o":{"x":0.729,"y":0},"t":40,"s":[-12.874,178.443,0],"to":[0,0,0],"ti":[0,0,0]},{"i":{"x":0.833,"y":1},"o":{"x":0.271,"y":0},"t":78,"s":[-12.874,190.443,0],"to":[0,0,0],"ti":[0,0,0]},{"t":93,"s":[-12.874,184.443,0]}],"ix":2},"a":{"a":0,"k":[-12.874,184.443,0],"ix":1},"s":{"a":1,"k":[{"i":{"x":[0.668,0.494,0.833],"y":[1,1,1]},"o":{"x":[0.333,0.333,0.333],"y":[0,0,0]},"t":0,"s":[100,100,100]},{"i":{"x":[0.237,0.2,0.833],"y":[1,1,1]},"o":{"x":[0.292,0.345,0.167],"y":[0,0,0]},"t":15,"s":[102,98,100]},{"i":{"x":[0.833,0.833,0.833],"y":[1,1,1]},"o":{"x":[0.729,0.745,0.167],"y":[0,0,0]},"t":40,"s":[98,102,100]},{"i":{"x":[0.667,0.667,0.667],"y":[1,1,1]},"o":{"x":[0.271,0.293,0.167],"y":[0,0,0]},"t":78,"s":[102,98,100]},{"t":93,"s":[100,100,100]}],"ix":6}},"ao":0,"shapes":[{"ty":"gr","it":[{"ind":0,"ty":"sh","ix":1,"ks":{"a":0,"k":{"i":[[0,0],[-16.244,-26.336]],"o":[[0,0],[0,0]],"v":[[15.008,102.677],[29.887,176.101]],"c":false},"ix":2},"nm":"Path 1","mn":"ADBE Vector Shape - Group","hd":false},{"ty":"st","c":{"a":0,"k":[0,0,0,1],"ix":3},"o":{"a":0,"k":100,"ix":4},"w":{"a":0,"k":2,"ix":5},"lc":1,"lj":1,"ml":10,"bm":0,"nm":"Stroke 1","mn":"ADBE Vector Graphic - Stroke","hd":false},{"ty":"tr","p":{"a":0,"k":[0,0],"ix":2},"a":{"a":0,"k":[0,0],"ix":1},"s":{"a":0,"k":[100,100],"ix":3},"r":{"a":0,"k":0,"ix":6},"o":{"a":0,"k":100,"ix":7},"sk":{"a":0,"k":0,"ix":4},"sa":{"a":0,"k":0,"ix":5},"nm":"Transform"}],"nm":"Group 1","np":2,"cix":2,"bm":0,"ix":1,"mn":"ADBE Vector Group","hd":false},{"ty":"gr","it":[{"ty":"gr","it":[{"ind":0,"ty":"sh","ix":1,"ks":{"a":0,"k":{"i":[[0,0],[0,0]],"o":[[0,0],[0,0]],"v":[[62.372,128.073],[73.01,151.873]],"c":false},"ix":2},"nm":"Path 1","mn":"ADBE Vector Shape - Group","hd":false},{"ty":"st","c":{"a":0,"k":[0,0,0,1],"ix":3},"o":{"a":0,"k":100,"ix":4},"w":{"a":0,"k":1.663,"ix":5},"lc":2,"lj":2,"bm":0,"nm":"Stroke 1","mn":"ADBE Vector Graphic - Stroke","hd":false},{"ty":"tr","p":{"a":0,"k":[0,0],"ix":2},"a":{"a":0,"k":[0,0],"ix":1},"s":{"a":0,"k":[100,100],"ix":3},"r":{"a":0,"k":0,"ix":6},"o":{"a":0,"k":100,"ix":7},"sk":{"a":0,"k":0,"ix":4},"sa":{"a":0,"k":0,"ix":5},"nm":"Transform"}],"nm":"Group 1","np":2,"cix":2,"bm":0,"ix":1,"mn":"ADBE Vector Group","hd":false},{"ty":"gr","it":[{"ind":0,"ty":"sh","ix":1,"ks":{"a":0,"k":{"i":[[0,0],[0,0]],"o":[[0,0],[0,0]],"v":[[61.507,157.19],[54.151,131.408]],"c":false},"ix":2},"nm":"Path 1","mn":"ADBE Vector Shape - Group","hd":false},{"ty":"st","c":{"a":0,"k":[0,0,0,1],"ix":3},"o":{"a":0,"k":100,"ix":4},"w":{"a":0,"k":1.663,"ix":5},"lc":2,"lj":2,"bm":0,"nm":"Stroke 1","mn":"ADBE Vector Graphic - Stroke","hd":false},{"ty":"tr","p":{"a":0,"k":[0,0],"ix":2},"a":{"a":0,"k":[0,0],"ix":1},"s":{"a":0,"k":[100,100],"ix":3},"r":{"a":0,"k":0,"ix":6},"o":{"a":0,"k":100,"ix":7},"sk":{"a":0,"k":0,"ix":4},"sa":{"a":0,"k":0,"ix":5},"nm":"Transform"}],"nm":"Group 2","np":2,"cix":2,"bm":0,"ix":2,"mn":"ADBE Vector Group","hd":false},{"ty":"gr","it":[{"ind":0,"ty":"sh","ix":1,"ks":{"a":0,"k":{"i":[[0,0],[0,0],[0,0],[4.618,-1.874],[0,0],[2.273,4.461]],"o":[[0,0],[0,0],[2.771,4.142],[0,0],[-4.639,1.882],[0,0]],"v":[[26.843,111.812],[59.26,99.897],[69.381,115.024],[65.802,126.681],[48,133.904],[35.779,129.346]],"c":true},"ix":2},"nm":"Path 1","mn":"ADBE Vector Shape - Group","hd":false},{"ty":"st","c":{"a":0,"k":[0,0,0,1],"ix":3},"o":{"a":0,"k":100,"ix":4},"w":{"a":0,"k":1.663,"ix":5},"lc":2,"lj":2,"bm":0,"nm":"Stroke 1","mn":"ADBE Vector Graphic - Stroke","hd":false},{"ty":"fl","c":{"a":0,"k":[0.105882354081,0.227450981736,0.40000000596,1],"ix":4},"o":{"a":0,"k":100,"ix":5},"r":1,"bm":0,"nm":"Fill 1","mn":"ADBE Vector Graphic - Fill","hd":false},{"ty":"tr","p":{"a":0,"k":[0,0],"ix":2},"a":{"a":0,"k":[0,0],"ix":1},"s":{"a":0,"k":[100,100],"ix":3},"r":{"a":0,"k":0,"ix":6},"o":{"a":0,"k":100,"ix":7},"sk":{"a":0,"k":0,"ix":4},"sa":{"a":0,"k":0,"ix":5},"nm":"Transform"}],"nm":"Group 3","np":3,"cix":2,"bm":0,"ix":3,"mn":"ADBE Vector Group","hd":false},{"ty":"gr","it":[{"ind":0,"ty":"sh","ix":1,"ks":{"a":0,"k":{"i":[[0,0],[0,0],[-5.528,2.513],[0,0],[3.515,5.082],[0,0]],"o":[[0,0],[1.789,5.803],[0,0],[5.625,-2.557],[0,0],[0,0]],"v":[[26.843,111.812],[40,154.492],[53.795,160.695],[71.896,152.467],[75.947,137.804],[51.653,102.677]],"c":false},"ix":2},"nm":"Path 1","mn":"ADBE Vector Shape - Group","hd":false},{"ty":"st","c":{"a":0,"k":[0,0,0,1],"ix":3},"o":{"a":0,"k":100,"ix":4},"w":{"a":0,"k":1.663,"ix":5},"lc":2,"lj":2,"bm":0,"nm":"Stroke 1","mn":"ADBE Vector Graphic - Stroke","hd":false},{"ty":"fl","c":{"a":0,"k":[0.105882354081,0.227450981736,0.40000000596,1],"ix":4},"o":{"a":0,"k":100,"ix":5},"r":1,"bm":0,"nm":"Fill 1","mn":"ADBE Vector Graphic - Fill","hd":false},{"ty":"tr","p":{"a":0,"k":[0,0],"ix":2},"a":{"a":0,"k":[0,0],"ix":1},"s":{"a":0,"k":[100,100],"ix":3},"r":{"a":0,"k":0,"ix":6},"o":{"a":0,"k":100,"ix":7},"sk":{"a":0,"k":0,"ix":4},"sa":{"a":0,"k":0,"ix":5},"nm":"Transform"}],"nm":"Group 4","np":3,"cix":2,"bm":0,"ix":4,"mn":"ADBE Vector Group","hd":false},{"ty":"tr","p":{"a":0,"k":[0,0],"ix":2},"a":{"a":0,"k":[0,0],"ix":1},"s":{"a":0,"k":[100,100],"ix":3},"r":{"a":0,"k":0,"ix":6},"o":{"a":0,"k":100,"ix":7},"sk":{"a":0,"k":0,"ix":4},"sa":{"a":0,"k":0,"ix":5},"nm":"Transform"}],"nm":"Group 2","np":4,"cix":2,"bm":0,"ix":2,"mn":"ADBE Vector Group","hd":false},{"ty":"gr","it":[{"ty":"gr","it":[{"ind":0,"ty":"sh","ix":1,"ks":{"a":0,"k":{"i":[[0,0],[0,0]],"o":[[0,0],[0,0]],"v":[[-25.397,143.927],[-25.397,172.431]],"c":false},"ix":2},"nm":"Path 1","mn":"ADBE Vector Shape - Group","hd":false},{"ty":"st","c":{"a":0,"k":[0,0,0,1],"ix":3},"o":{"a":0,"k":100,"ix":4},"w":{"a":0,"k":1.663,"ix":5},"lc":2,"lj":2,"bm":0,"nm":"Stroke 1","mn":"ADBE Vector Graphic - Stroke","hd":false},{"ty":"tr","p":{"a":0,"k":[0,0],"ix":2},"a":{"a":0,"k":[0,0],"ix":1},"s":{"a":0,"k":[100,100],"ix":3},"r":{"a":0,"k":0,"ix":6},"o":{"a":0,"k":100,"ix":7},"sk":{"a":0,"k":0,"ix":4},"sa":{"a":0,"k":0,"ix":5},"nm":"Transform"}],"nm":"Group 1","np":2,"cix":2,"bm":0,"ix":1,"mn":"ADBE Vector Group","hd":false},{"ty":"gr","it":[{"ind":0,"ty":"sh","ix":1,"ks":{"a":0,"k":{"i":[[0,0],[0,0]],"o":[[0,0],[0,0]],"v":[[-39.799,141.863],[-39.799,170.353]],"c":false},"ix":2},"nm":"Path 1","mn":"ADBE Vector Shape - Group","hd":false},{"ty":"st","c":{"a":0,"k":[0,0,0,1],"ix":3},"o":{"a":0,"k":100,"ix":4},"w":{"a":0,"k":1.663,"ix":5},"lc":2,"lj":2,"bm":0,"nm":"Stroke 1","mn":"ADBE Vector Graphic - Stroke","hd":false},{"ty":"tr","p":{"a":0,"k":[0,0],"ix":2},"a":{"a":0,"k":[0,0],"ix":1},"s":{"a":0,"k":[100,100],"ix":3},"r":{"a":0,"k":0,"ix":6},"o":{"a":0,"k":100,"ix":7},"sk":{"a":0,"k":0,"ix":4},"sa":{"a":0,"k":0,"ix":5},"nm":"Transform"}],"nm":"Group 2","np":2,"cix":2,"bm":0,"ix":2,"mn":"ADBE Vector Group","hd":false},{"ty":"gr","it":[{"ind":0,"ty":"sh","ix":1,"ks":{"a":0,"k":{"i":[[0,0],[0,0],[-6.002,-0.86],[0,0],[-1.407,5.484],[0,0]],"o":[[0,0],[1.172,5.949],[0,0],[5.605,0.803],[0,0],[0,0]],"v":[[-63.211,106.97],[-58.775,129.491],[-46.798,140.86],[-17.792,145.017],[-5.47,136.79],[-0.263,116.491]],"c":true},"ix":2},"nm":"Path 1","mn":"ADBE Vector Shape - Group","hd":false},{"ty":"st","c":{"a":0,"k":[0,0,0,1],"ix":3},"o":{"a":0,"k":100,"ix":4},"w":{"a":0,"k":1.663,"ix":5},"lc":2,"lj":2,"bm":0,"nm":"Stroke 1","mn":"ADBE Vector Graphic - Stroke","hd":false},{"ty":"fl","c":{"a":0,"k":[0.105882354081,0.227450981736,0.40000000596,1],"ix":4},"o":{"a":0,"k":100,"ix":5},"r":1,"bm":0,"nm":"Fill 1","mn":"ADBE Vector Graphic - Fill","hd":false},{"ty":"tr","p":{"a":0,"k":[0,0],"ix":2},"a":{"a":0,"k":[0,0],"ix":1},"s":{"a":0,"k":[100,100],"ix":3},"r":{"a":0,"k":0,"ix":6},"o":{"a":0,"k":100,"ix":7},"sk":{"a":0,"k":0,"ix":4},"sa":{"a":0,"k":0,"ix":5},"nm":"Transform"}],"nm":"Group 3","np":3,"cix":2,"bm":0,"ix":3,"mn":"ADBE Vector Group","hd":false},{"ty":"gr","it":[{"ind":0,"ty":"sh","ix":1,"ks":{"a":0,"k":{"i":[[0,0],[0,0],[0,0],[5.874,0.847],[0,0],[-0.478,9.936]],"o":[[0,0],[0,0],[-0.206,5.931],[0,0],[-9.845,-1.42],[0,0]],"v":[[-63.211,106.97],[-0.263,116.491],[-1.938,164.649],[-13.327,174.172],[-48.713,169.067],[-65.233,149.04]],"c":true},"ix":2},"nm":"Path 1","mn":"ADBE Vector Shape - Group","hd":false},{"ty":"st","c":{"a":0,"k":[0,0,0,1],"ix":3},"o":{"a":0,"k":100,"ix":4},"w":{"a":0,"k":1.663,"ix":5},"lc":2,"lj":2,"bm":0,"nm":"Stroke 1","mn":"ADBE Vector Graphic - Stroke","hd":false},{"ty":"fl","c":{"a":0,"k":[0.105882354081,0.227450981736,0.40000000596,1],"ix":4},"o":{"a":0,"k":100,"ix":5},"r":1,"bm":0,"nm":"Fill 1","mn":"ADBE Vector Graphic - Fill","hd":false},{"ty":"tr","p":{"a":0,"k":[0,0],"ix":2},"a":{"a":0,"k":[0,0],"ix":1},"s":{"a":0,"k":[100,100],"ix":3},"r":{"a":0,"k":0,"ix":6},"o":{"a":0,"k":100,"ix":7},"sk":{"a":0,"k":0,"ix":4},"sa":{"a":0,"k":0,"ix":5},"nm":"Transform"}],"nm":"Group 4","np":3,"cix":2,"bm":0,"ix":4,"mn":"ADBE Vector Group","hd":false},{"ty":"tr","p":{"a":0,"k":[0,0],"ix":2},"a":{"a":0,"k":[0,0],"ix":1},"s":{"a":0,"k":[100,100],"ix":3},"r":{"a":0,"k":0,"ix":6},"o":{"a":0,"k":100,"ix":7},"sk":{"a":0,"k":0,"ix":4},"sa":{"a":0,"k":0,"ix":5},"nm":"Transform"}],"nm":"Group 3","np":4,"cix":2,"bm":0,"ix":3,"mn":"ADBE Vector Group","hd":false},{"ty":"gr","it":[{"ind":0,"ty":"sh","ix":1,"ks":{"a":0,"k":{"i":[[-17.666,-43.988],[-98.219,70.009],[-7.015,57.003],[32.222,1.221],[0,0],[10.189,-17.448]],"o":[[0,0],[0,0],[3.939,-32.004],[0,0],[-20.19,-0.765],[-17.067,29.228]],"v":[[-96.523,148.896],[68.917,154.785],[57.993,64.259],[5.723,2.422],[-28.05,1.141],[-77.445,28.188]],"c":true},"ix":2},"nm":"Path 1","mn":"ADBE Vector Shape - Group","hd":false},{"ty":"st","c":{"a":0,"k":[0,0,0,1],"ix":3},"o":{"a":0,"k":100,"ix":4},"w":{"a":0,"k":6,"ix":5},"lc":2,"lj":2,"bm":0,"nm":"Stroke 1","mn":"ADBE Vector Graphic - Stroke","hd":false},{"ty":"tr","p":{"a":0,"k":[0,0],"ix":2},"a":{"a":0,"k":[0,0],"ix":1},"s":{"a":0,"k":[100,100],"ix":3},"r":{"a":0,"k":0,"ix":6},"o":{"a":0,"k":100,"ix":7},"sk":{"a":0,"k":0,"ix":4},"sa":{"a":0,"k":0,"ix":5},"nm":"Transform"}],"nm":"Group 4","np":2,"cix":2,"bm":0,"ix":4,"mn":"ADBE Vector Group","hd":false},{"ty":"gr","it":[{"ind":0,"ty":"sh","ix":1,"ks":{"a":0,"k":{"i":[[-6.358,55.784],[0,0],[0,0],[-17.524,-43.634],[-98.219,70.009]],"o":[[0,0],[0,0],[-16.969,29.283],[0,0],[0,0]],"v":[[57.773,66.247],[15.008,102.677],[-77.859,28.907],[-96.523,148.896],[68.917,154.785]],"c":true},"ix":2},"nm":"Path 1","mn":"ADBE Vector Shape - Group","hd":false},{"ty":"st","c":{"a":0,"k":[0,0,0,1],"ix":3},"o":{"a":0,"k":100,"ix":4},"w":{"a":0,"k":2,"ix":5},"lc":1,"lj":1,"ml":10,"bm":0,"nm":"Stroke 1","mn":"ADBE Vector Graphic - Stroke","hd":false},{"ty":"fl","c":{"a":0,"k":[0.196078434587,0.317647069693,0.498039215803,1],"ix":4},"o":{"a":0,"k":100,"ix":5},"r":1,"bm":0,"nm":"Fill 1","mn":"ADBE Vector Graphic - Fill","hd":false},{"ty":"tr","p":{"a":0,"k":[0,0],"ix":2},"a":{"a":0,"k":[0,0],"ix":1},"s":{"a":0,"k":[100,100],"ix":3},"r":{"a":0,"k":0,"ix":6},"o":{"a":0,"k":100,"ix":7},"sk":{"a":0,"k":0,"ix":4},"sa":{"a":0,"k":0,"ix":5},"nm":"Transform"}],"nm":"Group 5","np":3,"cix":2,"bm":0,"ix":5,"mn":"ADBE Vector Group","hd":false},{"ty":"gr","it":[{"ind":0,"ty":"sh","ix":1,"ks":{"a":0,"k":{"i":[[-98.219,70.009],[-7.015,57.003],[-0.057,0.643],[17.771,19.136],[0.911,-1.561],[-17.666,-43.988]],"o":[[0,0],[0.08,-0.646],[-47.03,46.88],[-1.047,1.444],[-17.067,29.228],[0,0]],"v":[[68.917,154.785],[57.993,64.259],[58.18,62.326],[-74.502,23.681],[-77.445,28.188],[-96.523,148.896]],"c":true},"ix":2},"nm":"Path 1","mn":"ADBE Vector Shape - Group","hd":false},{"ty":"st","c":{"a":0,"k":[0,0,0,1],"ix":3},"o":{"a":0,"k":100,"ix":4},"w":{"a":0,"k":2.007,"ix":5},"lc":1,"lj":1,"ml":10,"bm":0,"nm":"Stroke 1","mn":"ADBE Vector Graphic - Stroke","hd":false},{"ty":"fl","c":{"a":0,"k":[0.847058832645,0.823529422283,0.662745118141,1],"ix":4},"o":{"a":0,"k":100,"ix":5},"r":1,"bm":0,"nm":"Fill 1","mn":"ADBE Vector Graphic - Fill","hd":false},{"ty":"tr","p":{"a":0,"k":[0,0],"ix":2},"a":{"a":0,"k":[0,0],"ix":1},"s":{"a":0,"k":[100,100],"ix":3},"r":{"a":0,"k":0,"ix":6},"o":{"a":0,"k":100,"ix":7},"sk":{"a":0,"k":0,"ix":4},"sa":{"a":0,"k":0,"ix":5},"nm":"Transform"}],"nm":"Group 6","np":3,"cix":2,"bm":0,"ix":6,"mn":"ADBE Vector Group","hd":false},{"ty":"gr","it":[{"ind":0,"ty":"sh","ix":1,"ks":{"a":0,"k":{"i":[[-17.666,-43.988],[-98.219,70.009],[-7.015,57.003],[32.222,1.221],[0,0],[10.189,-17.448]],"o":[[0,0],[0,0],[3.939,-32.004],[0,0],[-20.19,-0.765],[-17.067,29.228]],"v":[[-96.523,148.896],[68.917,154.785],[57.993,64.259],[5.723,2.422],[-28.05,1.141],[-77.445,28.188]],"c":true},"ix":2},"nm":"Path 1","mn":"ADBE Vector Shape - Group","hd":false},{"ty":"fl","c":{"a":0,"k":[0.949019610882,0.439215689898,0.717647075653,1],"ix":4},"o":{"a":0,"k":100,"ix":5},"r":1,"bm":0,"nm":"Fill 1","mn":"ADBE Vector Graphic - Fill","hd":false},{"ty":"tr","p":{"a":0,"k":[0,0],"ix":2},"a":{"a":0,"k":[0,0],"ix":1},"s":{"a":0,"k":[100,100],"ix":3},"r":{"a":0,"k":0,"ix":6},"o":{"a":0,"k":100,"ix":7},"sk":{"a":0,"k":0,"ix":4},"sa":{"a":0,"k":0,"ix":5},"nm":"Transform"}],"nm":"Group 7","np":2,"cix":2,"bm":0,"ix":7,"mn":"ADBE Vector Group","hd":false}],"ip":0,"op":120,"st":0,"bm":0},{"ddd":0,"ind":16,"ty":4,"nm":"L_Arm_Back","parent":14,"sr":1,"ks":{"o":{"a":0,"k":100,"ix":11},"r":{"a":0,"k":0,"ix":10},"p":{"a":0,"k":[0,0,0],"ix":2},"a":{"a":0,"k":[0,0,0],"ix":1},"s":{"a":0,"k":[100,100,100],"ix":6}},"ao":0,"shapes":[{"ty":"gr","it":[{"ind":0,"ty":"sh","ix":1,"ks":{"a":1,"k":[{"i":{"x":0.237,"y":1},"o":{"x":0.459,"y":0},"t":19,"s":[{"i":[[0,0],[0,0],[9.208,-4.422],[0,0],[-5.501,-11.097],[-15.118,-15.249],[-6.553,33.684]],"o":[[0,0],[-6.556,-7.834],[0,0],[-11.164,5.362],[5.154,10.397],[24.16,24.37],[0,0]],"v":[[109.552,59.74],[91.159,37.806],[64.359,32.007],[64.359,32.007],[53.948,61.925],[83.053,101.111],[155.343,79.08]],"c":false}]},{"i":{"x":0.667,"y":1},"o":{"x":0.729,"y":0},"t":44,"s":[{"i":[[0,0],[0,0],[9.208,-4.422],[0,0],[-5.501,-11.097],[-14.934,-15.429],[-27.441,29.632]],"o":[[0,0],[-6.556,-7.834],[0,0],[-11.164,5.362],[5.154,10.397],[23.884,24.676],[0,0]],"v":[[109.552,59.74],[91.159,37.806],[64.359,32.007],[64.359,32.007],[53.948,61.925],[78.838,101.141],[155.343,79.08]],"c":false}]},{"t":82,"s":[{"i":[[0,0],[0,0],[9.208,-4.422],[0,0],[-5.501,-11.097],[-15.118,-15.249],[-6.553,33.684]],"o":[[0,0],[-6.556,-7.834],[0,0],[-11.164,5.362],[5.154,10.397],[24.16,24.37],[0,0]],"v":[[109.552,59.74],[91.159,37.806],[64.359,32.007],[64.359,32.007],[53.948,61.925],[83.053,101.111],[155.343,79.08]],"c":false}]}],"ix":2},"nm":"Path 1","mn":"ADBE Vector Shape - Group","hd":false},{"ty":"st","c":{"a":0,"k":[0,0,0,1],"ix":3},"o":{"a":0,"k":100,"ix":4},"w":{"a":0,"k":4,"ix":5},"lc":2,"lj":2,"bm":0,"nm":"Stroke 1","mn":"ADBE Vector Graphic - Stroke","hd":false},{"ty":"fl","c":{"a":0,"k":[0.847058832645,0.823529422283,0.662745118141,1],"ix":4},"o":{"a":0,"k":100,"ix":5},"r":1,"bm":0,"nm":"Fill 1","mn":"ADBE Vector Graphic - Fill","hd":false},{"ty":"tr","p":{"a":0,"k":[0,0],"ix":2},"a":{"a":0,"k":[0,0],"ix":1},"s":{"a":0,"k":[100,100],"ix":3},"r":{"a":0,"k":0,"ix":6},"o":{"a":0,"k":100,"ix":7},"sk":{"a":0,"k":0,"ix":4},"sa":{"a":0,"k":0,"ix":5},"nm":"Transform"}],"nm":"Group 1","np":3,"cix":2,"bm":0,"ix":1,"mn":"ADBE Vector Group","hd":false}],"ip":0,"op":120,"st":0,"bm":0},{"ddd":0,"ind":17,"ty":4,"nm":"R_Leg","parent":2,"sr":1,"ks":{"o":{"a":0,"k":100,"ix":11},"r":{"a":0,"k":0,"ix":10},"p":{"a":0,"k":[-37.865,286.574,0],"ix":2},"a":{"a":0,"k":[-37.865,286.574,0],"ix":1},"s":{"a":1,"k":[{"i":{"x":[0.668,0.494,0.833],"y":[1,1,1]},"o":{"x":[0.333,0.333,0.333],"y":[0,0,0]},"t":0,"s":[100,100,100]},{"i":{"x":[0.237,0.2,0.833],"y":[1,1,1]},"o":{"x":[0.292,0.345,0.167],"y":[0,0,0]},"t":15,"s":[100,96,100]},{"i":{"x":[0.833,0.833,0.833],"y":[1,1,1]},"o":{"x":[0.729,0.745,0.167],"y":[0,0,0]},"t":40,"s":[100,105,100]},{"i":{"x":[0.667,0.667,0.667],"y":[1,1,1]},"o":{"x":[0.271,0.293,0.167],"y":[0,0,0]},"t":78,"s":[100,96,100]},{"t":93,"s":[100,100,100]}],"ix":6}},"ao":0,"shapes":[{"ty":"gr","it":[{"ind":0,"ty":"sh","ix":1,"ks":{"a":0,"k":{"i":[[0,0],[5.386,-16.166]],"o":[[0,0],[0,0]],"v":[[-6.536,263.807],[-3.097,286.574]],"c":false},"ix":2},"nm":"Path 1","mn":"ADBE Vector Shape - Group","hd":false},{"ty":"st","c":{"a":0,"k":[0,0,0,1],"ix":3},"o":{"a":0,"k":100,"ix":4},"w":{"a":0,"k":2,"ix":5},"lc":2,"lj":2,"bm":0,"nm":"Stroke 1","mn":"ADBE Vector Graphic - Stroke","hd":false},{"ty":"tr","p":{"a":0,"k":[0,0],"ix":2},"a":{"a":0,"k":[0,0],"ix":1},"s":{"a":0,"k":[100,100],"ix":3},"r":{"a":0,"k":0,"ix":6},"o":{"a":0,"k":100,"ix":7},"sk":{"a":0,"k":0,"ix":4},"sa":{"a":0,"k":0,"ix":5},"nm":"Transform"}],"nm":"Group 1","np":2,"cix":2,"bm":0,"ix":1,"mn":"ADBE Vector Group","hd":false},{"ty":"gr","it":[{"ind":0,"ty":"sh","ix":1,"ks":{"a":0,"k":{"i":[[0,0],[6.229,-12.273]],"o":[[0,0],[0,0]],"v":[[-25.397,263.807],[-23.278,286.574]],"c":false},"ix":2},"nm":"Path 1","mn":"ADBE Vector Shape - Group","hd":false},{"ty":"st","c":{"a":0,"k":[0,0,0,1],"ix":3},"o":{"a":0,"k":100,"ix":4},"w":{"a":0,"k":2,"ix":5},"lc":2,"lj":2,"bm":0,"nm":"Stroke 1","mn":"ADBE Vector Graphic - Stroke","hd":false},{"ty":"tr","p":{"a":0,"k":[0,0],"ix":2},"a":{"a":0,"k":[0,0],"ix":1},"s":{"a":0,"k":[100,100],"ix":3},"r":{"a":0,"k":0,"ix":6},"o":{"a":0,"k":100,"ix":7},"sk":{"a":0,"k":0,"ix":4},"sa":{"a":0,"k":0,"ix":5},"nm":"Transform"}],"nm":"Group 2","np":2,"cix":2,"bm":0,"ix":2,"mn":"ADBE Vector Group","hd":false},{"ty":"gr","it":[{"ind":0,"ty":"sh","ix":1,"ks":{"a":0,"k":{"i":[[0,0]],"o":[[0,0]],"v":[[-23.821,118.867]],"c":false},"ix":2},"nm":"Path 1","mn":"ADBE Vector Shape - Group","hd":false},{"ty":"st","c":{"a":0,"k":[0,0,0,1],"ix":3},"o":{"a":0,"k":100,"ix":4},"w":{"a":0,"k":4,"ix":5},"lc":2,"lj":2,"bm":0,"nm":"Stroke 1","mn":"ADBE Vector Graphic - Stroke","hd":false},{"ty":"fl","c":{"a":0,"k":[0.274509817362,0.266666680574,0.466666668653,1],"ix":4},"o":{"a":0,"k":100,"ix":5},"r":1,"bm":0,"nm":"Fill 1","mn":"ADBE Vector Graphic - Fill","hd":false},{"ty":"tr","p":{"a":0,"k":[0,0],"ix":2},"a":{"a":0,"k":[0,0],"ix":1},"s":{"a":0,"k":[100,100],"ix":3},"r":{"a":0,"k":0,"ix":6},"o":{"a":0,"k":100,"ix":7},"sk":{"a":0,"k":0,"ix":4},"sa":{"a":0,"k":0,"ix":5},"nm":"Transform"}],"nm":"Group 3","np":3,"cix":2,"bm":0,"ix":3,"mn":"ADBE Vector Group","hd":false},{"ty":"gr","it":[{"ind":0,"ty":"sh","ix":1,"ks":{"a":0,"k":{"i":[[0,0],[-17.171,-0.143]],"o":[[14.078,-5.016],[0,0]],"v":[[-69.529,257.438],[-15.694,251.621]],"c":false},"ix":2},"nm":"Path 1","mn":"ADBE Vector Shape - Group","hd":false},{"ty":"st","c":{"a":0,"k":[0,0,0,1],"ix":3},"o":{"a":0,"k":100,"ix":4},"w":{"a":0,"k":4,"ix":5},"lc":2,"lj":2,"bm":0,"nm":"Stroke 1","mn":"ADBE Vector Graphic - Stroke","hd":false},{"ty":"tr","p":{"a":0,"k":[0,0],"ix":2},"a":{"a":0,"k":[0,0],"ix":1},"s":{"a":0,"k":[100,100],"ix":3},"r":{"a":0,"k":0,"ix":6},"o":{"a":0,"k":100,"ix":7},"sk":{"a":0,"k":0,"ix":4},"sa":{"a":0,"k":0,"ix":5},"nm":"Transform"}],"nm":"Group 4","np":2,"cix":2,"bm":0,"ix":4,"mn":"ADBE Vector Group","hd":false},{"ty":"gr","it":[{"ind":0,"ty":"sh","ix":1,"ks":{"a":0,"k":{"i":[[0,0],[0,0],[-7.702,-11.997],[-7.029,-6.81],[-5.416,0],[0,0],[0,6.129],[0,0],[13.108,0.109],[8.773,-0.671],[5.969,24.337]],"o":[[0,0],[-12.202,7.373],[5.673,8.837],[3.89,3.769],[0,0],[6.129,0],[0,0],[0,-13.109],[-7.839,-0.065],[0,0],[0,0]],"v":[[-82.016,219.454],[-82.2,219.565],[-90.484,254.933],[-70.825,280.684],[-56.328,286.574],[-3.097,286.574],[8.001,275.476],[8.001,275.476],[-15.68,251.621],[-41.261,252.388],[-81.831,220.257]],"c":true},"ix":2},"nm":"Path 1","mn":"ADBE Vector Shape - Group","hd":false},{"ty":"st","c":{"a":0,"k":[0,0,0,1],"ix":3},"o":{"a":0,"k":100,"ix":4},"w":{"a":0,"k":4,"ix":5},"lc":2,"lj":2,"bm":0,"nm":"Stroke 1","mn":"ADBE Vector Graphic - Stroke","hd":false},{"ty":"fl","c":{"a":0,"k":[0.949019610882,0.439215689898,0.717647075653,1],"ix":4},"o":{"a":0,"k":100,"ix":5},"r":1,"bm":0,"nm":"Fill 1","mn":"ADBE Vector Graphic - Fill","hd":false},{"ty":"tr","p":{"a":0,"k":[0,0],"ix":2},"a":{"a":0,"k":[0,0],"ix":1},"s":{"a":0,"k":[100,100],"ix":3},"r":{"a":0,"k":0,"ix":6},"o":{"a":0,"k":100,"ix":7},"sk":{"a":0,"k":0,"ix":4},"sa":{"a":0,"k":0,"ix":5},"nm":"Transform"}],"nm":"Group 5","np":3,"cix":2,"bm":0,"ix":5,"mn":"ADBE Vector Group","hd":false},{"ty":"gr","it":[{"ind":0,"ty":"sh","ix":1,"ks":{"a":0,"k":{"i":[[0,0],[-17.171,-0.143],[0,-13.113],[0,0],[6.129,0],[0,0],[3.89,3.769],[5.673,8.837],[-12.202,7.373],[0,0],[5.524,9.54],[3.338,10.866],[0,0],[0,0],[8.018,-9.071],[0,0]],"o":[[14.078,-5.016],[13.113,0.109],[0,0],[0,6.129],[0,0],[-5.416,0],[-7.029,-6.81],[-7.702,-11.997],[0,0],[9.436,-5.701],[-15.372,-26.549],[0,0],[0,0],[5.655,10.705],[0,0],[0,0]],"v":[[-69.529,257.438],[-15.694,251.621],[8.001,275.476],[8.001,275.476],[-3.097,286.574],[-56.328,286.574],[-70.825,280.684],[-90.484,254.933],[-82.2,219.565],[-75.855,215.732],[-68.849,188.283],[-91.449,131.408],[-23.821,118.867],[15.382,193.072],[11.456,225.936],[-12,251.937]],"c":false},"ix":2},"nm":"Path 1","mn":"ADBE Vector Shape - Group","hd":false},{"ty":"st","c":{"a":0,"k":[0,0,0,1],"ix":3},"o":{"a":0,"k":100,"ix":4},"w":{"a":0,"k":4,"ix":5},"lc":2,"lj":2,"bm":0,"nm":"Stroke 1","mn":"ADBE Vector Graphic - Stroke","hd":false},{"ty":"fl","c":{"a":0,"k":[0.274509817362,0.266666680574,0.466666668653,1],"ix":4},"o":{"a":0,"k":100,"ix":5},"r":1,"bm":0,"nm":"Fill 1","mn":"ADBE Vector Graphic - Fill","hd":false},{"ty":"tr","p":{"a":0,"k":[0,0],"ix":2},"a":{"a":0,"k":[0,0],"ix":1},"s":{"a":0,"k":[100,100],"ix":3},"r":{"a":0,"k":0,"ix":6},"o":{"a":0,"k":100,"ix":7},"sk":{"a":0,"k":0,"ix":4},"sa":{"a":0,"k":0,"ix":5},"nm":"Transform"}],"nm":"Group 6","np":3,"cix":2,"bm":0,"ix":6,"mn":"ADBE Vector Group","hd":false}],"ip":0,"op":120,"st":0,"bm":0},{"ddd":0,"ind":18,"ty":4,"nm":"L_Leg","parent":2,"sr":1,"ks":{"o":{"a":0,"k":100,"ix":11},"r":{"a":0,"k":0,"ix":10},"p":{"a":0,"k":[26.907,285.365,0],"ix":2},"a":{"a":0,"k":[26.907,285.365,0],"ix":1},"s":{"a":1,"k":[{"i":{"x":[0.668,0.494,0.833],"y":[1,1,1]},"o":{"x":[0.333,0.333,0.333],"y":[0,0,0]},"t":0,"s":[100,100,100]},{"i":{"x":[0.237,0.2,0.833],"y":[1,1,1]},"o":{"x":[0.292,0.345,0.167],"y":[0,0,0]},"t":15,"s":[100,96,100]},{"i":{"x":[0.833,0.833,0.833],"y":[1,1,1]},"o":{"x":[0.729,0.745,0.167],"y":[0,0,0]},"t":40,"s":[100,105,100]},{"i":{"x":[0.667,0.667,0.667],"y":[1,1,1]},"o":{"x":[0.271,0.293,0.167],"y":[0,0,0]},"t":78,"s":[100,96,100]},{"t":93,"s":[100,100,100]}],"ix":6}},"ao":0,"shapes":[{"ty":"gr","it":[{"ind":0,"ty":"sh","ix":1,"ks":{"a":0,"k":{"i":[[0,0],[-1.031,-2.212]],"o":[[0,0],[0,0]],"v":[[13.001,267.594],[13.001,285.365]],"c":false},"ix":2},"nm":"Path 1","mn":"ADBE Vector Shape - Group","hd":false},{"ty":"st","c":{"a":0,"k":[0,0,0,1],"ix":3},"o":{"a":0,"k":100,"ix":4},"w":{"a":0,"k":2,"ix":5},"lc":2,"lj":2,"bm":0,"nm":"Stroke 1","mn":"ADBE Vector Graphic - Stroke","hd":false},{"ty":"tr","p":{"a":0,"k":[0,0],"ix":2},"a":{"a":0,"k":[0,0],"ix":1},"s":{"a":0,"k":[100,100],"ix":3},"r":{"a":0,"k":0,"ix":6},"o":{"a":0,"k":100,"ix":7},"sk":{"a":0,"k":0,"ix":4},"sa":{"a":0,"k":0,"ix":5},"nm":"Transform"}],"nm":"Group 1","np":2,"cix":2,"bm":0,"ix":1,"mn":"ADBE Vector Group","hd":false},{"ty":"gr","it":[{"ind":0,"ty":"sh","ix":1,"ks":{"a":0,"k":{"i":[[0,0],[-3.692,-8.511]],"o":[[0,0],[0,0]],"v":[[31.144,267.594],[31.144,285.365]],"c":false},"ix":2},"nm":"Path 1","mn":"ADBE Vector Shape - Group","hd":false},{"ty":"st","c":{"a":0,"k":[0,0,0,1],"ix":3},"o":{"a":0,"k":100,"ix":4},"w":{"a":0,"k":2,"ix":5},"lc":2,"lj":2,"bm":0,"nm":"Stroke 1","mn":"ADBE Vector Graphic - Stroke","hd":false},{"ty":"tr","p":{"a":0,"k":[0,0],"ix":2},"a":{"a":0,"k":[0,0],"ix":1},"s":{"a":0,"k":[100,100],"ix":3},"r":{"a":0,"k":0,"ix":6},"o":{"a":0,"k":100,"ix":7},"sk":{"a":0,"k":0,"ix":4},"sa":{"a":0,"k":0,"ix":5},"nm":"Transform"}],"nm":"Group 2","np":2,"cix":2,"bm":0,"ix":2,"mn":"ADBE Vector Group","hd":false},{"ty":"gr","it":[{"ind":0,"ty":"sh","ix":1,"ks":{"a":0,"k":{"i":[[0,0],[15.528,-3.001],[-0.456,-8.427],[0,0],[-8.953,0],[0,0],[8.383,11.689],[0,0],[0,0]],"o":[[-18.386,-12.536],[-8.286,1.601],[0,0],[0.483,8.94],[0,0],[14.384,0],[0,0],[0,0],[0,0]],"v":[[55.253,259.559],[-3.604,251.959],[-17.283,269.424],[-17.283,269.424],[-0.457,285.365],[53.425,285.365],[67.781,257.404],[62.344,249.823],[50.789,256.866]],"c":false},"ix":2},"nm":"Path 1","mn":"ADBE Vector Shape - Group","hd":false},{"ty":"st","c":{"a":0,"k":[0,0,0,1],"ix":3},"o":{"a":0,"k":100,"ix":4},"w":{"a":0,"k":4,"ix":5},"lc":2,"lj":2,"bm":0,"nm":"Stroke 1","mn":"ADBE Vector Graphic - Stroke","hd":false},{"ty":"fl","c":{"a":0,"k":[0.949019610882,0.439215689898,0.717647075653,1],"ix":4},"o":{"a":0,"k":100,"ix":5},"r":1,"bm":0,"nm":"Fill 1","mn":"ADBE Vector Graphic - Fill","hd":false},{"ty":"tr","p":{"a":0,"k":[0,0],"ix":2},"a":{"a":0,"k":[0,0],"ix":1},"s":{"a":0,"k":[100,100],"ix":3},"r":{"a":0,"k":0,"ix":6},"o":{"a":0,"k":100,"ix":7},"sk":{"a":0,"k":0,"ix":4},"sa":{"a":0,"k":0,"ix":5},"nm":"Transform"}],"nm":"Group 3","np":3,"cix":2,"bm":0,"ix":3,"mn":"ADBE Vector Group","hd":false},{"ty":"gr","it":[{"ind":0,"ty":"sh","ix":1,"ks":{"a":0,"k":{"i":[[0,0],[0,0],[-2.351,8.14],[0,0],[0,0],[0,0],[-5.855,-8.165],[0,0],[14.384,0],[0,0],[0.483,8.94],[0,0],[-8.286,1.601],[-18.386,-12.536]],"o":[[0,0],[-0.185,-8.471],[0,0],[0,0],[0,0],[-2.493,9.733],[0,0],[8.383,11.689],[0,0],[-8.953,0],[0,0],[-0.456,-8.427],[15.528,-3.001],[0,0]],"v":[[-11.61,255.893],[-13.709,226.157],[-10.441,201.096],[5.724,145.13],[61.83,141.389],[42.108,200.765],[47.412,229.001],[67.781,257.404],[53.425,285.365],[-0.457,285.365],[-17.283,269.424],[-17.283,269.424],[-3.604,251.959],[55.253,259.559]],"c":false},"ix":2},"nm":"Path 1","mn":"ADBE Vector Shape - Group","hd":false},{"ty":"st","c":{"a":0,"k":[0,0,0,1],"ix":3},"o":{"a":0,"k":100,"ix":4},"w":{"a":0,"k":4,"ix":5},"lc":2,"lj":2,"bm":0,"nm":"Stroke 1","mn":"ADBE Vector Graphic - Stroke","hd":false},{"ty":"fl","c":{"a":0,"k":[0.274509817362,0.266666680574,0.466666668653,1],"ix":4},"o":{"a":0,"k":100,"ix":5},"r":1,"bm":0,"nm":"Fill 1","mn":"ADBE Vector Graphic - Fill","hd":false},{"ty":"tr","p":{"a":0,"k":[0,0],"ix":2},"a":{"a":0,"k":[0,0],"ix":1},"s":{"a":0,"k":[100,100],"ix":3},"r":{"a":0,"k":0,"ix":6},"o":{"a":0,"k":100,"ix":7},"sk":{"a":0,"k":0,"ix":4},"sa":{"a":0,"k":0,"ix":5},"nm":"Transform"}],"nm":"Group 4","np":3,"cix":2,"bm":0,"ix":4,"mn":"ADBE Vector Group","hd":false}],"ip":0,"op":120,"st":0,"bm":0},{"ddd":0,"ind":19,"ty":4,"nm":"Shadow","parent":2,"sr":1,"ks":{"o":{"a":0,"k":30,"ix":11},"r":{"a":0,"k":0,"ix":10},"p":{"a":0,"k":[0,0,0],"ix":2},"a":{"a":0,"k":[0,0,0],"ix":1},"s":{"a":0,"k":[100,100,100],"ix":6}},"ao":0,"shapes":[{"ty":"gr","it":[{"ind":0,"ty":"sh","ix":1,"ks":{"a":0,"k":{"i":[[0,-12.548],[117.039,0],[0,12.548],[-117.039,0]],"o":[[0,12.548],[-117.039,0],[0,-12.548],[117.039,0]],"v":[[197.361,285.365],[-14.556,308.084],[-226.474,285.365],[-14.556,262.645]],"c":true},"ix":2},"nm":"Path 1","mn":"ADBE Vector Shape - Group","hd":false},{"ty":"fl","c":{"a":0,"k":[0,0,0,1],"ix":4},"o":{"a":0,"k":100,"ix":5},"r":1,"bm":0,"nm":"Fill 1","mn":"ADBE Vector Graphic - Fill","hd":false},{"ty":"tr","p":{"a":0,"k":[0,0],"ix":2},"a":{"a":0,"k":[0,0],"ix":1},"s":{"a":0,"k":[100,100],"ix":3},"r":{"a":0,"k":0,"ix":6},"o":{"a":0,"k":100,"ix":7},"sk":{"a":0,"k":0,"ix":4},"sa":{"a":0,"k":0,"ix":5},"nm":"Transform"}],"nm":"Group 1","np":2,"cix":2,"bm":0,"ix":1,"mn":"ADBE Vector Group","hd":false}],"ip":0,"op":120,"st":0,"bm":0}]}],"layers":[{"ddd":0,"ind":1,"ty":0,"nm":"29_Mallow_Blush","refId":"comp_0","sr":1,"ks":{"o":{"a":0,"k":100,"ix":11},"r":{"a":0,"k":0,"ix":10},"p":{"a":0,"k":[160,160,0],"ix":2},"a":{"a":0,"k":[400,400,0],"ix":1},"s":{"a":0,"k":[40,40,100],"ix":6}},"ao":0,"w":800,"h":800,"ip":0,"op":120,"st":0,"bm":0}],"markers":[]}