{"v":"5.6.2","fr":60,"ip":0,"op":120,"w":320,"h":320,"nm":"23_Mallow_Disgust","ddd":0,"assets":[{"id":"comp_0","layers":[{"ddd":0,"ind":1,"ty":3,"nm":"Face_Null","parent":11,"sr":1,"ks":{"o":{"a":0,"k":0,"ix":11},"r":{"a":0,"k":0,"ix":10},"p":{"a":0,"k":[22.144,-12.817,0],"ix":2},"a":{"a":0,"k":[50,50,0],"ix":1},"s":{"a":0,"k":[100,100,100],"ix":6}},"ao":0,"ip":3,"op":123,"st":3,"bm":0},{"ddd":0,"ind":2,"ty":3,"nm":"Face_Null","parent":11,"sr":1,"ks":{"o":{"a":0,"k":0,"ix":11},"r":{"a":0,"k":0,"ix":10},"p":{"a":1,"k":[{"i":{"x":0,"y":1},"o":{"x":0.45,"y":0},"t":3,"s":[22.144,-112.817,0],"to":[0,-2.167,0],"ti":[0,4.083,0]},{"i":{"x":0.06,"y":1},"o":{"x":0.45,"y":0},"t":18,"s":[22.144,-125.817,0],"to":[0,16.667,0],"ti":[0,-18.833,0]},{"t":80,"s":[22.144,-12.817,0]}],"ix":2},"a":{"a":0,"k":[50,50,0],"ix":1},"s":{"a":0,"k":[100,100,100],"ix":6}},"ao":0,"ip":0,"op":120,"st":0,"bm":0},{"ddd":0,"ind":3,"ty":4,"nm":"Mouth 2","parent":2,"sr":1,"ks":{"o":{"a":0,"k":100,"ix":11},"r":{"a":0,"k":0,"ix":10},"p":{"a":1,"k":[{"i":{"x":0.833,"y":0.833},"o":{"x":0.167,"y":0.167},"t":18,"s":[29.583,95.692,0],"to":[0,-5.225,0],"ti":[0,5.225,0]},{"t":80,"s":[29.583,64.341,0]}],"ix":2},"a":{"a":0,"k":[1.727,-19.071,0],"ix":1},"s":{"a":0,"k":[100,100,100],"ix":6}},"ao":0,"shapes":[{"ty":"gr","it":[{"ind":0,"ty":"sh","ix":1,"ks":{"a":1,"k":[{"i":{"x":0.667,"y":1},"o":{"x":0.333,"y":0},"t":18,"s":[{"i":[[0,0],[1.043,-24.522]],"o":[[0,0],[-1.043,24.522]],"v":[[-38.447,-26.375],[-15.491,-5.939]],"c":false}]},{"t":25,"s":[{"i":[[0,0],[3.612,-7.776]],"o":[[0,0],[-5.883,12.666]],"v":[[-33.14,-14.408],[-16.317,-10.264]],"c":false}]}],"ix":2},"nm":"Path 1","mn":"ADBE Vector Shape - Group","hd":false},{"ty":"st","c":{"a":0,"k":[0,0,0,1],"ix":3},"o":{"a":0,"k":100,"ix":4},"w":{"a":0,"k":2,"ix":5},"lc":2,"lj":2,"bm":0,"nm":"Stroke 1","mn":"ADBE Vector Graphic - Stroke","hd":false},{"ty":"tr","p":{"a":0,"k":[0,0],"ix":2},"a":{"a":0,"k":[0,0],"ix":1},"s":{"a":0,"k":[100,100],"ix":3},"r":{"a":0,"k":0,"ix":6},"o":{"a":0,"k":100,"ix":7},"sk":{"a":0,"k":0,"ix":4},"sa":{"a":0,"k":0,"ix":5},"nm":"Transform"}],"nm":"Group 1","np":2,"cix":2,"bm":0,"ix":1,"mn":"ADBE Vector Group","hd":false},{"ty":"gr","it":[{"ind":0,"ty":"sh","ix":1,"ks":{"a":1,"k":[{"i":{"x":0.667,"y":1},"o":{"x":0.333,"y":0},"t":18,"s":[{"i":[[0,0],[25.867,-13.565]],"o":[[0,0],[-25.867,13.565]],"v":[[41.901,-32.097],[-18.319,-20.548]],"c":false}]},{"t":25,"s":[{"i":[[0,0],[27.416,-7.456]],"o":[[0,0],[-27.416,7.456]],"v":[[47.26,-22.385],[-17.519,-14.128]],"c":false}]}],"ix":2},"nm":"Path 1","mn":"ADBE Vector Shape - Group","hd":false},{"ty":"st","c":{"a":0,"k":[0,0,0,1],"ix":3},"o":{"a":0,"k":100,"ix":4},"w":{"a":0,"k":2,"ix":5},"lc":2,"lj":2,"bm":0,"nm":"Stroke 1","mn":"ADBE Vector Graphic - Stroke","hd":false},{"ty":"tr","p":{"a":0,"k":[0,0],"ix":2},"a":{"a":0,"k":[0,0],"ix":1},"s":{"a":0,"k":[100,100],"ix":3},"r":{"a":0,"k":0,"ix":6},"o":{"a":0,"k":100,"ix":7},"sk":{"a":0,"k":0,"ix":4},"sa":{"a":0,"k":0,"ix":5},"nm":"Transform"}],"nm":"Group 2","np":2,"cix":2,"bm":0,"ix":2,"mn":"ADBE Vector Group","hd":false}],"ip":0,"op":26,"st":0,"bm":0},{"ddd":0,"ind":4,"ty":4,"nm":"Mouth","parent":2,"sr":1,"ks":{"o":{"a":0,"k":100,"ix":11},"r":{"a":0,"k":0,"ix":10},"p":{"a":0,"k":[40.501,62.686,0],"ix":2},"a":{"a":0,"k":[12.645,55.869,0],"ix":1},"s":{"a":0,"k":[100,100,100],"ix":6}},"ao":0,"shapes":[{"ty":"gr","it":[{"ind":0,"ty":"sh","ix":1,"ks":{"a":1,"k":[{"i":{"x":0.06,"y":1},"o":{"x":0.23,"y":0},"t":25,"s":[{"i":[[0,0],[0,0]],"o":[[0,0],[0,0]],"v":[[-3.576,86.924],[-9.109,90.036]],"c":false}]},{"t":99,"s":[{"i":[[0,0],[0,0]],"o":[[0,0],[0,0]],"v":[[-3.709,41.831],[-9.585,72.476]],"c":false}]}],"ix":2},"nm":"Path 1","mn":"ADBE Vector Shape - Group","hd":false},{"ty":"st","c":{"a":0,"k":[0,0,0,1],"ix":3},"o":{"a":0,"k":100,"ix":4},"w":{"a":0,"k":2,"ix":5},"lc":2,"lj":2,"bm":0,"nm":"Stroke 1","mn":"ADBE Vector Graphic - Stroke","hd":false},{"ty":"fl","c":{"a":0,"k":[1,1,1,1],"ix":4},"o":{"a":0,"k":100,"ix":5},"r":1,"bm":0,"nm":"Fill 1","mn":"ADBE Vector Graphic - Fill","hd":false},{"ty":"tr","p":{"a":0,"k":[0,0],"ix":2},"a":{"a":0,"k":[0,0],"ix":1},"s":{"a":0,"k":[100,100],"ix":3},"r":{"a":0,"k":0,"ix":6},"o":{"a":0,"k":100,"ix":7},"sk":{"a":0,"k":0,"ix":4},"sa":{"a":0,"k":0,"ix":5},"nm":"Transform"}],"nm":"Group 1","np":3,"cix":2,"bm":0,"ix":1,"mn":"ADBE Vector Group","hd":false},{"ty":"gr","it":[{"ind":0,"ty":"sh","ix":1,"ks":{"a":1,"k":[{"i":{"x":0.06,"y":1},"o":{"x":0.23,"y":0},"t":25,"s":[{"i":[[0,0],[0,0]],"o":[[0,0],[0,0]],"v":[[27.675,83.12],[32.271,84.736]],"c":false}]},{"t":99,"s":[{"i":[[0,0],[0,0]],"o":[[0,0],[0,0]],"v":[[27.772,42.93],[32.133,70.604]],"c":false}]}],"ix":2},"nm":"Path 1","mn":"ADBE Vector Shape - Group","hd":false},{"ty":"st","c":{"a":0,"k":[0,0,0,1],"ix":3},"o":{"a":0,"k":100,"ix":4},"w":{"a":0,"k":2,"ix":5},"lc":2,"lj":2,"bm":0,"nm":"Stroke 1","mn":"ADBE Vector Graphic - Stroke","hd":false},{"ty":"fl","c":{"a":0,"k":[1,1,1,1],"ix":4},"o":{"a":0,"k":100,"ix":5},"r":1,"bm":0,"nm":"Fill 1","mn":"ADBE Vector Graphic - Fill","hd":false},{"ty":"tr","p":{"a":0,"k":[0,0],"ix":2},"a":{"a":0,"k":[0,0],"ix":1},"s":{"a":0,"k":[100,100],"ix":3},"r":{"a":0,"k":0,"ix":6},"o":{"a":0,"k":100,"ix":7},"sk":{"a":0,"k":0,"ix":4},"sa":{"a":0,"k":0,"ix":5},"nm":"Transform"}],"nm":"Group 2","np":3,"cix":2,"bm":0,"ix":2,"mn":"ADBE Vector Group","hd":false},{"ty":"gr","it":[{"ind":0,"ty":"sh","ix":1,"ks":{"a":1,"k":[{"i":{"x":0.06,"y":1},"o":{"x":0.23,"y":0},"t":25,"s":[{"i":[[10.89,-1.356],[3.011,-0.526],[0,0],[12.241,-1.524],[5.331,-0.471],[1.148,-0.109],[0,0],[0,0],[2.351,-0.293],[-0.106,-0.854],[-10.89,1.356],[-2.535,0.411],[0,0],[-9.862,1.294],[-0.756,0.059],[-0.005,0],[-3.498,0.436],[0.106,0.854]],"o":[[-3.838,0.478],[0,0],[0,0],[-8.735,1.088],[-1.038,0.08],[-0.101,0.008],[0,0],[-2.098,0.201],[-10.89,1.356],[0.106,0.854],[3.001,-0.374],[0,0],[0,0],[9.862,-1.294],[0.005,0],[2.864,-0.229],[10.89,-1.356],[-0.106,-0.854]],"v":[[46.209,80.264],[35.802,81.8],[35.798,81.799],[13.759,85.059],[-10.862,87.595],[-14.144,87.879],[-14.303,87.892],[-14.317,87.895],[-21.015,88.635],[-40.541,92.637],[-20.63,91.729],[-12.267,90.537],[-12.256,90.537],[13.657,86.658],[36.93,84.361],[36.945,84.359],[46.594,83.359],[66.12,79.356]],"c":true}]},{"t":99,"s":[{"i":[[10.974,0],[3.053,-1.911],[0,0],[12.336,0],[5.349,2.438],[1.153,0.428],[0,0],[0,0],[2.369,0],[0,-10.974],[-10.974,0],[-2.566,1.209],[0,0],[-9.946,0.836],[-0.757,-0.445],[-0.005,-0.002],[-3.525,0],[0,10.974]],"o":[[-3.867,0],[0,0],[0,0],[-8.803,0],[-1.04,-0.625],[-0.101,-0.052],[0,0],[-2.107,-0.761],[-10.974,0],[0,10.974],[3.025,0],[0,0],[0,0],[9.946,-0.836],[0.005,0.003],[2.87,1.609],[10.974,0],[0,-10.974]],"v":[[46.517,35.998],[35.999,39.032],[35.995,39.014],[13.723,45.534],[-11.022,38.841],[-14.315,37.259],[-14.474,37.176],[-14.488,37.195],[-21.226,35.998],[-41.097,55.869],[-21.226,75.74],[-12.78,73.836],[-12.769,73.852],[13.424,65.606],[36.803,73.202],[36.818,73.204],[46.517,75.74],[66.388,55.869]],"c":true}]}],"ix":2},"nm":"Path 1","mn":"ADBE Vector Shape - Group","hd":false},{"ty":"st","c":{"a":0,"k":[0,0,0,1],"ix":3},"o":{"a":0,"k":100,"ix":4},"w":{"a":0,"k":2,"ix":5},"lc":2,"lj":2,"bm":0,"nm":"Stroke 1","mn":"ADBE Vector Graphic - Stroke","hd":false},{"ty":"fl","c":{"a":0,"k":[1,1,1,1],"ix":4},"o":{"a":0,"k":100,"ix":5},"r":1,"bm":0,"nm":"Fill 1","mn":"ADBE Vector Graphic - Fill","hd":false},{"ty":"tr","p":{"a":0,"k":[0,0],"ix":2},"a":{"a":0,"k":[0,0],"ix":1},"s":{"a":0,"k":[100,100],"ix":3},"r":{"a":0,"k":0,"ix":6},"o":{"a":0,"k":100,"ix":7},"sk":{"a":0,"k":0,"ix":4},"sa":{"a":0,"k":0,"ix":5},"nm":"Transform"}],"nm":"Group 3","np":3,"cix":2,"bm":0,"ix":3,"mn":"ADBE Vector Group","hd":false}],"ip":25,"op":120,"st":0,"bm":0},{"ddd":0,"ind":5,"ty":4,"nm":"R_Eyebrow","parent":2,"sr":1,"ks":{"o":{"a":1,"k":[{"i":{"x":[0.833],"y":[0.833]},"o":{"x":[0.167],"y":[0.167]},"t":32,"s":[0]},{"t":33,"s":[100]}],"ix":11},"r":{"a":0,"k":0,"ix":10},"p":{"a":1,"k":[{"i":{"x":0.06,"y":1},"o":{"x":0.45,"y":0},"t":18,"s":[-31.73,4.198,0],"to":[0,-2.583,0],"ti":[0,2.583,0]},{"t":91,"s":[-31.73,-11.302,0]}],"ix":2},"a":{"a":0,"k":[-59.586,-74.119,0],"ix":1},"s":{"a":1,"k":[{"i":{"x":[0.667,0.667,0.667],"y":[1,1,1]},"o":{"x":[0.333,0.333,0.333],"y":[0,0,0]},"t":23,"s":[100,47,100]},{"t":40,"s":[100,100,100]}],"ix":6}},"ao":0,"shapes":[{"ty":"gr","it":[{"ind":0,"ty":"sh","ix":1,"ks":{"a":0,"k":{"i":[[0,0],[0,0]],"o":[[0,0],[0,0]],"v":[[-18.319,-80.635],[-18.319,-74.119]],"c":false},"ix":2},"nm":"Path 1","mn":"ADBE Vector Shape - Group","hd":false},{"ty":"st","c":{"a":0,"k":[0,0,0,1],"ix":3},"o":{"a":0,"k":100,"ix":4},"w":{"a":0,"k":2,"ix":5},"lc":2,"lj":2,"bm":0,"nm":"Stroke 1","mn":"ADBE Vector Graphic - Stroke","hd":false},{"ty":"tr","p":{"a":0,"k":[0,0],"ix":2},"a":{"a":0,"k":[0,0],"ix":1},"s":{"a":0,"k":[100,100],"ix":3},"r":{"a":0,"k":0,"ix":6},"o":{"a":0,"k":100,"ix":7},"sk":{"a":0,"k":0,"ix":4},"sa":{"a":0,"k":0,"ix":5},"nm":"Transform"}],"nm":"Group 1","np":2,"cix":2,"bm":0,"ix":1,"mn":"ADBE Vector Group","hd":false},{"ty":"gr","it":[{"ind":0,"ty":"sh","ix":1,"ks":{"a":0,"k":{"i":[[0,0],[0,0],[0,3.599],[0,0]],"o":[[0,0],[3.599,0],[0,0],[0,0]],"v":[[-100.853,-74.119],[-35.26,-74.119],[-28.744,-80.635],[-28.744,-80.635]],"c":false},"ix":2},"nm":"Path 1","mn":"ADBE Vector Shape - Group","hd":false},{"ty":"st","c":{"a":0,"k":[0,0,0,1],"ix":3},"o":{"a":0,"k":100,"ix":4},"w":{"a":0,"k":2,"ix":5},"lc":2,"lj":2,"bm":0,"nm":"Stroke 1","mn":"ADBE Vector Graphic - Stroke","hd":false},{"ty":"tr","p":{"a":0,"k":[0,0],"ix":2},"a":{"a":0,"k":[0,0],"ix":1},"s":{"a":0,"k":[100,100],"ix":3},"r":{"a":0,"k":0,"ix":6},"o":{"a":0,"k":100,"ix":7},"sk":{"a":0,"k":0,"ix":4},"sa":{"a":0,"k":0,"ix":5},"nm":"Transform"}],"nm":"Group 2","np":2,"cix":2,"bm":0,"ix":2,"mn":"ADBE Vector Group","hd":false},{"ty":"gr","it":[{"ind":0,"ty":"sh","ix":1,"ks":{"a":0,"k":{"i":[[0,0],[0,0],[0,3.599],[0,0],[0,0],[0,0]],"o":[[0,0],[3.599,0],[0,0],[0,0],[0,0],[0,0]],"v":[[-100.853,-74.119],[-35.26,-74.119],[-28.744,-80.635],[-28.744,-80.635],[-28.744,-88.888],[-100.853,-88.888]],"c":true},"ix":2},"nm":"Path 1","mn":"ADBE Vector Shape - Group","hd":false},{"ty":"fl","c":{"a":0,"k":[0.949019610882,0.439215689898,0.717647075653,1],"ix":4},"o":{"a":0,"k":100,"ix":5},"r":1,"bm":0,"nm":"Fill 1","mn":"ADBE Vector Graphic - Fill","hd":false},{"ty":"tr","p":{"a":0,"k":[0,0],"ix":2},"a":{"a":0,"k":[0,0],"ix":1},"s":{"a":0,"k":[100,100],"ix":3},"r":{"a":0,"k":0,"ix":6},"o":{"a":0,"k":100,"ix":7},"sk":{"a":0,"k":0,"ix":4},"sa":{"a":0,"k":0,"ix":5},"nm":"Transform"}],"nm":"Group 3","np":2,"cix":2,"bm":0,"ix":3,"mn":"ADBE Vector Group","hd":false}],"ip":0,"op":120,"st":0,"bm":0},{"ddd":0,"ind":6,"ty":4,"nm":"L_Eyebrow","parent":2,"sr":1,"ks":{"o":{"a":1,"k":[{"i":{"x":[0.833],"y":[0.833]},"o":{"x":[0.167],"y":[0.167]},"t":32,"s":[0]},{"t":33,"s":[100]}],"ix":11},"r":{"a":0,"k":0,"ix":10},"p":{"a":1,"k":[{"i":{"x":0.06,"y":1},"o":{"x":0.45,"y":0},"t":18,"s":[123.347,4.198,0],"to":[0,-2.583,0],"ti":[0,2.583,0]},{"t":91,"s":[123.347,-11.302,0]}],"ix":2},"a":{"a":0,"k":[95.491,-74.119,0],"ix":1},"s":{"a":1,"k":[{"i":{"x":[0.667,0.667,0.667],"y":[1,1,1]},"o":{"x":[0.333,0.333,0.333],"y":[0,0,0]},"t":23,"s":[100,47,100]},{"t":40,"s":[100,100,100]}],"ix":6}},"ao":0,"shapes":[{"ty":"gr","it":[{"ind":0,"ty":"sh","ix":1,"ks":{"a":0,"k":{"i":[[0,0],[0,0],[0,3.599],[0,0]],"o":[[0,0],[3.599,0],[0,0],[0,0]],"v":[[64.215,-74.119],[129.807,-74.119],[136.323,-80.635],[136.323,-80.635]],"c":false},"ix":2},"nm":"Path 1","mn":"ADBE Vector Shape - Group","hd":false},{"ty":"st","c":{"a":0,"k":[0,0,0,1],"ix":3},"o":{"a":0,"k":100,"ix":4},"w":{"a":0,"k":2,"ix":5},"lc":2,"lj":2,"bm":0,"nm":"Stroke 1","mn":"ADBE Vector Graphic - Stroke","hd":false},{"ty":"tr","p":{"a":0,"k":[0,0],"ix":2},"a":{"a":0,"k":[0,0],"ix":1},"s":{"a":0,"k":[100,100],"ix":3},"r":{"a":0,"k":0,"ix":6},"o":{"a":0,"k":100,"ix":7},"sk":{"a":0,"k":0,"ix":4},"sa":{"a":0,"k":0,"ix":5},"nm":"Transform"}],"nm":"Group 1","np":2,"cix":2,"bm":0,"ix":1,"mn":"ADBE Vector Group","hd":false},{"ty":"gr","it":[{"ind":0,"ty":"sh","ix":1,"ks":{"a":0,"k":{"i":[[0,0],[0,0]],"o":[[0,0],[0,0]],"v":[[54.658,-80.635],[54.658,-74.119]],"c":false},"ix":2},"nm":"Path 1","mn":"ADBE Vector Shape - Group","hd":false},{"ty":"st","c":{"a":0,"k":[0,0,0,1],"ix":3},"o":{"a":0,"k":100,"ix":4},"w":{"a":0,"k":2,"ix":5},"lc":2,"lj":2,"bm":0,"nm":"Stroke 1","mn":"ADBE Vector Graphic - Stroke","hd":false},{"ty":"tr","p":{"a":0,"k":[0,0],"ix":2},"a":{"a":0,"k":[0,0],"ix":1},"s":{"a":0,"k":[100,100],"ix":3},"r":{"a":0,"k":0,"ix":6},"o":{"a":0,"k":100,"ix":7},"sk":{"a":0,"k":0,"ix":4},"sa":{"a":0,"k":0,"ix":5},"nm":"Transform"}],"nm":"Group 2","np":2,"cix":2,"bm":0,"ix":2,"mn":"ADBE Vector Group","hd":false},{"ty":"gr","it":[{"ind":0,"ty":"sh","ix":1,"ks":{"a":0,"k":{"i":[[0,0],[0,0],[0,3.599],[0,0],[0,0],[0,0]],"o":[[0,0],[3.599,0],[0,0],[0,0],[0,0],[0,0]],"v":[[64.215,-74.119],[129.807,-74.119],[136.323,-80.635],[136.323,-80.635],[136.323,-88.888],[64.215,-88.888]],"c":true},"ix":2},"nm":"Path 1","mn":"ADBE Vector Shape - Group","hd":false},{"ty":"fl","c":{"a":0,"k":[0.949019610882,0.439215689898,0.717647075653,1],"ix":4},"o":{"a":0,"k":100,"ix":5},"r":1,"bm":0,"nm":"Fill 1","mn":"ADBE Vector Graphic - Fill","hd":false},{"ty":"tr","p":{"a":0,"k":[0,0],"ix":2},"a":{"a":0,"k":[0,0],"ix":1},"s":{"a":0,"k":[100,100],"ix":3},"r":{"a":0,"k":0,"ix":6},"o":{"a":0,"k":100,"ix":7},"sk":{"a":0,"k":0,"ix":4},"sa":{"a":0,"k":0,"ix":5},"nm":"Transform"}],"nm":"Group 3","np":2,"cix":2,"bm":0,"ix":3,"mn":"ADBE Vector Group","hd":false}],"ip":0,"op":120,"st":0,"bm":0},{"ddd":0,"ind":7,"ty":4,"nm":"R_Eye","parent":2,"sr":1,"ks":{"o":{"a":0,"k":100,"ix":11},"r":{"a":0,"k":0,"ix":10},"p":{"a":1,"k":[{"i":{"x":0.06,"y":1},"o":{"x":0.45,"y":0},"t":18,"s":[-32.761,40.852,0],"to":[0,-7.167,0],"ti":[0,7.167,0]},{"t":80,"s":[-32.761,-2.148,0]}],"ix":2},"a":{"a":0,"k":[-60.616,-64.965,0],"ix":1},"s":{"a":0,"k":[100,100,100],"ix":6}},"ao":0,"shapes":[{"ty":"gr","it":[{"ind":0,"ty":"sh","ix":1,"ks":{"a":1,"k":[{"i":{"x":0.06,"y":1},"o":{"x":0.45,"y":0},"t":18,"s":[{"i":[[0,-15.327],[8.38,0],[0,15.327],[-8.38,0]],"o":[[0,15.327],[-8.38,0],[0,-15.327],[8.38,0]],"v":[[-45.443,-71.464],[-60.616,-43.712],[-75.79,-71.464],[-60.733,-102.216]],"c":true}]},{"t":80,"s":[{"i":[[0,-15.327],[8.38,0],[0,15.327],[-8.38,0]],"o":[[0,15.327],[-8.38,0],[0,-15.327],[8.38,0]],"v":[[-45.443,-71.464],[-60.616,-43.712],[-75.79,-71.464],[-60.616,-86.216]],"c":true}]}],"ix":2},"nm":"Path 1","mn":"ADBE Vector Shape - Group","hd":false},{"ty":"fl","c":{"a":0,"k":[0,0,0,1],"ix":4},"o":{"a":0,"k":100,"ix":5},"r":1,"bm":0,"nm":"Fill 1","mn":"ADBE Vector Graphic - Fill","hd":false},{"ty":"tr","p":{"a":0,"k":[0,0],"ix":2},"a":{"a":0,"k":[0,0],"ix":1},"s":{"a":0,"k":[100,100],"ix":3},"r":{"a":0,"k":0,"ix":6},"o":{"a":0,"k":100,"ix":7},"sk":{"a":0,"k":0,"ix":4},"sa":{"a":0,"k":0,"ix":5},"nm":"Transform"}],"nm":"Group 1","np":2,"cix":2,"bm":0,"ix":1,"mn":"ADBE Vector Group","hd":false}],"ip":0,"op":120,"st":0,"bm":0},{"ddd":0,"ind":8,"ty":4,"nm":"L_Eye","parent":2,"sr":1,"ks":{"o":{"a":0,"k":100,"ix":11},"r":{"a":0,"k":0,"ix":10},"p":{"a":1,"k":[{"i":{"x":0.06,"y":1},"o":{"x":0.45,"y":0},"t":18,"s":[132.761,40.852,0],"to":[0,-7.167,0],"ti":[0,7.167,0]},{"t":80,"s":[132.761,-2.148,0]}],"ix":2},"a":{"a":0,"k":[104.905,-64.965,0],"ix":1},"s":{"a":0,"k":[100,100,100],"ix":6}},"ao":0,"shapes":[{"ty":"gr","it":[{"ind":0,"ty":"sh","ix":1,"ks":{"a":1,"k":[{"i":{"x":0.06,"y":1},"o":{"x":0.45,"y":0},"t":18,"s":[{"i":[[0,-15.327],[8.38,0],[0,15.327],[-8.38,0]],"o":[[0,15.327],[-8.38,0],[0,-15.327],[8.38,0]],"v":[[120.078,-71.464],[104.905,-43.712],[89.732,-71.464],[104.81,-100.716]],"c":true}]},{"t":80,"s":[{"i":[[0,-15.327],[8.38,0],[0,15.327],[-8.38,0]],"o":[[0,15.327],[-8.38,0],[0,-15.327],[8.38,0]],"v":[[120.078,-71.464],[104.905,-43.712],[89.732,-71.464],[104.905,-86.216]],"c":true}]}],"ix":2},"nm":"Path 1","mn":"ADBE Vector Shape - Group","hd":false},{"ty":"fl","c":{"a":0,"k":[0,0,0,1],"ix":4},"o":{"a":0,"k":100,"ix":5},"r":1,"bm":0,"nm":"Fill 1","mn":"ADBE Vector Graphic - Fill","hd":false},{"ty":"tr","p":{"a":0,"k":[0,0],"ix":2},"a":{"a":0,"k":[0,0],"ix":1},"s":{"a":0,"k":[100,100],"ix":3},"r":{"a":0,"k":0,"ix":6},"o":{"a":0,"k":100,"ix":7},"sk":{"a":0,"k":0,"ix":4},"sa":{"a":0,"k":0,"ix":5},"nm":"Transform"}],"nm":"Group 1","np":2,"cix":2,"bm":0,"ix":1,"mn":"ADBE Vector Group","hd":false}],"ip":0,"op":120,"st":0,"bm":0},{"ddd":0,"ind":9,"ty":4,"nm":"R_Arm","parent":14,"sr":1,"ks":{"o":{"a":0,"k":100,"ix":11},"r":{"a":0,"k":0,"ix":10},"p":{"a":1,"k":[{"i":{"x":0.06,"y":1},"o":{"x":0.23,"y":0},"t":18,"s":[-56.452,190.021,0],"to":[0,-1.667,0],"ti":[0,1.667,0]},{"t":91,"s":[-56.452,180.021,0]}],"ix":2},"a":{"a":0,"k":[-56.452,180.021,0],"ix":1},"s":{"a":0,"k":[100,100,100],"ix":6}},"ao":0,"shapes":[{"ty":"gr","it":[{"ind":0,"ty":"sh","ix":1,"ks":{"a":0,"k":{"i":[[10.946,7.08],[0,0],[-10.371,0],[0,0],[0,10.05],[0,0]],"o":[[0,0],[-0.466,10.361],[0,0],[10.05,0],[0,0],[-17.43,9.577]],"v":[[-77.583,216.759],[-79.472,258.742],[-61.293,277.758],[-51.612,277.758],[-33.414,259.56],[-33.414,219.602]],"c":true},"ix":2},"nm":"Path 1","mn":"ADBE Vector Shape - Group","hd":false},{"ty":"st","c":{"a":0,"k":[0,0,0,1],"ix":3},"o":{"a":0,"k":100,"ix":4},"w":{"a":0,"k":4,"ix":5},"lc":2,"lj":2,"bm":0,"nm":"Stroke 1","mn":"ADBE Vector Graphic - Stroke","hd":false},{"ty":"fl","c":{"a":0,"k":[0.949019610882,0.439215689898,0.717647075653,1],"ix":4},"o":{"a":0,"k":100,"ix":5},"r":1,"bm":0,"nm":"Fill 1","mn":"ADBE Vector Graphic - Fill","hd":false},{"ty":"tr","p":{"a":0,"k":[0,0],"ix":2},"a":{"a":0,"k":[0,0],"ix":1},"s":{"a":0,"k":[100,100],"ix":3},"r":{"a":0,"k":0,"ix":6},"o":{"a":0,"k":100,"ix":7},"sk":{"a":0,"k":0,"ix":4},"sa":{"a":0,"k":0,"ix":5},"nm":"Transform"}],"nm":"Group 1","np":3,"cix":2,"bm":0,"ix":1,"mn":"ADBE Vector Group","hd":false},{"ty":"gr","it":[{"ind":0,"ty":"sh","ix":1,"ks":{"a":0,"k":{"i":[[0.469,-10.411],[0,0],[-10.371,0],[0,0],[0,10.05],[0,0],[10.763,0],[0,0]],"o":[[0,0],[-0.466,10.361],[0,0],[10.05,0],[0,0],[0,-10.763],[0,0],[-10.422,0]],"v":[[-72.369,100.895],[-79.472,258.742],[-61.293,277.758],[-51.612,277.758],[-33.414,259.56],[-33.414,101.771],[-52.901,82.283],[-52.901,82.283]],"c":true},"ix":2},"nm":"Path 1","mn":"ADBE Vector Shape - Group","hd":false},{"ty":"st","c":{"a":0,"k":[0,0,0,1],"ix":3},"o":{"a":0,"k":100,"ix":4},"w":{"a":0,"k":4,"ix":5},"lc":2,"lj":2,"bm":0,"nm":"Stroke 1","mn":"ADBE Vector Graphic - Stroke","hd":false},{"ty":"fl","c":{"a":0,"k":[0.847058832645,0.823529422283,0.662745118141,1],"ix":4},"o":{"a":0,"k":100,"ix":5},"r":1,"bm":0,"nm":"Fill 1","mn":"ADBE Vector Graphic - Fill","hd":false},{"ty":"tr","p":{"a":0,"k":[0,0],"ix":2},"a":{"a":0,"k":[0,0],"ix":1},"s":{"a":0,"k":[100,100],"ix":3},"r":{"a":0,"k":0,"ix":6},"o":{"a":0,"k":100,"ix":7},"sk":{"a":0,"k":0,"ix":4},"sa":{"a":0,"k":0,"ix":5},"nm":"Transform"}],"nm":"Group 2","np":3,"cix":2,"bm":0,"ix":2,"mn":"ADBE Vector Group","hd":false}],"ip":0,"op":120,"st":0,"bm":0},{"ddd":0,"ind":10,"ty":4,"nm":"L_Arm","parent":14,"sr":1,"ks":{"o":{"a":0,"k":100,"ix":11},"r":{"a":0,"k":0,"ix":10},"p":{"a":1,"k":[{"i":{"x":0.06,"y":1},"o":{"x":0.23,"y":0},"t":18,"s":[80.697,192.021,0],"to":[0,-1.667,0],"ti":[0,1.667,0]},{"t":91,"s":[80.697,182.021,0]}],"ix":2},"a":{"a":0,"k":[80.697,182.021,0],"ix":1},"s":{"a":0,"k":[100,100,100],"ix":6}},"ao":0,"shapes":[{"ty":"gr","it":[{"ind":0,"ty":"sh","ix":1,"ks":{"a":0,"k":{"i":[[-10.946,7.08],[0,0],[10.371,0],[0,0],[0,10.05],[0,0]],"o":[[0,0],[0.466,10.361],[0,0],[-10.05,0],[0,0],[17.43,9.577]],"v":[[101.827,218.759],[103.717,260.742],[85.537,279.758],[75.856,279.758],[57.658,261.56],[57.658,221.602]],"c":true},"ix":2},"nm":"Path 1","mn":"ADBE Vector Shape - Group","hd":false},{"ty":"st","c":{"a":0,"k":[0,0,0,1],"ix":3},"o":{"a":0,"k":100,"ix":4},"w":{"a":0,"k":4,"ix":5},"lc":2,"lj":2,"bm":0,"nm":"Stroke 1","mn":"ADBE Vector Graphic - Stroke","hd":false},{"ty":"fl","c":{"a":0,"k":[0.949019610882,0.439215689898,0.717647075653,1],"ix":4},"o":{"a":0,"k":100,"ix":5},"r":1,"bm":0,"nm":"Fill 1","mn":"ADBE Vector Graphic - Fill","hd":false},{"ty":"tr","p":{"a":0,"k":[0,0],"ix":2},"a":{"a":0,"k":[0,0],"ix":1},"s":{"a":0,"k":[100,100],"ix":3},"r":{"a":0,"k":0,"ix":6},"o":{"a":0,"k":100,"ix":7},"sk":{"a":0,"k":0,"ix":4},"sa":{"a":0,"k":0,"ix":5},"nm":"Transform"}],"nm":"Group 1","np":3,"cix":2,"bm":0,"ix":1,"mn":"ADBE Vector Group","hd":false},{"ty":"gr","it":[{"ind":0,"ty":"sh","ix":1,"ks":{"a":0,"k":{"i":[[-0.469,-10.411],[0,0],[10.371,0],[0,0],[0,10.05],[0,0],[-10.763,0],[0,0]],"o":[[0,0],[0.466,10.361],[0,0],[-10.05,0],[0,0],[0,-10.763],[0,0],[10.422,0]],"v":[[96.614,102.895],[103.717,260.742],[85.537,279.758],[75.856,279.758],[57.658,261.56],[57.658,103.771],[77.146,84.283],[77.146,84.283]],"c":true},"ix":2},"nm":"Path 1","mn":"ADBE Vector Shape - Group","hd":false},{"ty":"st","c":{"a":0,"k":[0,0,0,1],"ix":3},"o":{"a":0,"k":100,"ix":4},"w":{"a":0,"k":4,"ix":5},"lc":2,"lj":2,"bm":0,"nm":"Stroke 1","mn":"ADBE Vector Graphic - Stroke","hd":false},{"ty":"fl","c":{"a":0,"k":[0.847058832645,0.823529422283,0.662745118141,1],"ix":4},"o":{"a":0,"k":100,"ix":5},"r":1,"bm":0,"nm":"Fill 1","mn":"ADBE Vector Graphic - Fill","hd":false},{"ty":"tr","p":{"a":0,"k":[0,0],"ix":2},"a":{"a":0,"k":[0,0],"ix":1},"s":{"a":0,"k":[100,100],"ix":3},"r":{"a":0,"k":0,"ix":6},"o":{"a":0,"k":100,"ix":7},"sk":{"a":0,"k":0,"ix":4},"sa":{"a":0,"k":0,"ix":5},"nm":"Transform"}],"nm":"Group 2","np":3,"cix":2,"bm":0,"ix":2,"mn":"ADBE Vector Group","hd":false}],"ip":0,"op":120,"st":0,"bm":0},{"ddd":0,"ind":11,"ty":4,"nm":"Head","parent":14,"sr":1,"ks":{"o":{"a":0,"k":100,"ix":11},"r":{"a":0,"k":0,"ix":10},"p":{"a":1,"k":[{"i":{"x":0.06,"y":1},"o":{"x":0.23,"y":0},"t":18,"s":[10.754,97.193,0],"to":[0,1.5,0],"ti":[0,-1.5,0]},{"t":91,"s":[10.754,106.193,0]}],"ix":2},"a":{"a":0,"k":[10.754,97.193,0],"ix":1},"s":{"a":1,"k":[{"i":{"x":[0.833,0.833,0.833],"y":[1,1,1]},"o":{"x":[0.167,0.167,0.167],"y":[0,0,0]},"t":3,"s":[100,100,100]},{"i":{"x":[0.06,0.06,0.06],"y":[1,1,1]},"o":{"x":[0.45,0.45,0.45],"y":[0,0,0]},"t":18,"s":[97,103,100]},{"i":{"x":[0.11,0.11,0.11],"y":[1,1,1]},"o":{"x":[0.167,0.167,0.167],"y":[0,0,0]},"t":43,"s":[105,95,100]},{"t":85,"s":[100,100,100]}],"ix":6}},"ao":0,"shapes":[{"ty":"gr","it":[{"ind":0,"ty":"sh","ix":1,"ks":{"a":1,"k":[{"i":{"x":0.06,"y":1},"o":{"x":0.45,"y":0},"t":18,"s":[{"i":[[62.731,53.292],[111.123,14.459],[45.337,-7.953],[-21.332,-73.68],[-60.355,-42.164],[-121.482,-0.958],[-22.31,12.416]],"o":[[21.923,-75.722],[-34.798,-4.528],[-104.235,18.285],[-57.928,50.289],[25.166,17.581],[101.538,0.801],[69.837,-38.864]],"v":[[191.02,-113.877],[63.715,-285.47],[-50.145,-284.047],[-168.631,-113.877],[-170.314,63.966],[10.785,97.162],[179.963,70.733]],"c":true}]},{"t":80,"s":[{"i":[[62.731,48.269],[111.123,13.097],[45.337,-7.203],[-21.332,-66.735],[-60.356,-38.19],[-121.482,-0.868],[-22.31,11.245]],"o":[[21.923,-68.585],[-34.798,-4.101],[-104.235,16.561],[-57.928,45.549],[25.166,15.924],[101.538,0.725],[69.837,-35.201]],"v":[[191.02,-93.91],[63.715,-249.33],[-50.145,-248.041],[-168.631,-93.91],[-170.314,67.17],[10.785,97.237],[179.963,73.3]],"c":true}]}],"ix":2},"nm":"Path 1","mn":"ADBE Vector Shape - Group","hd":false},{"ty":"st","c":{"a":0,"k":[0,0,0,1],"ix":3},"o":{"a":0,"k":100,"ix":4},"w":{"a":0,"k":6,"ix":5},"lc":2,"lj":2,"bm":0,"nm":"Stroke 1","mn":"ADBE Vector Graphic - Stroke","hd":false},{"ty":"tr","p":{"a":0,"k":[0,0],"ix":2},"a":{"a":0,"k":[0,0],"ix":1},"s":{"a":0,"k":[100,100],"ix":3},"r":{"a":0,"k":0,"ix":6},"o":{"a":0,"k":100,"ix":7},"sk":{"a":0,"k":0,"ix":4},"sa":{"a":0,"k":0,"ix":5},"nm":"Transform"}],"nm":"Group 1","np":2,"cix":2,"bm":0,"ix":1,"mn":"ADBE Vector Group","hd":false},{"ty":"gr","it":[{"ind":0,"ty":"sh","ix":1,"ks":{"a":1,"k":[{"i":{"x":0.06,"y":1},"o":{"x":0.45,"y":0},"t":18,"s":[{"i":[[29.005,-16.141],[101.538,0.801],[25.166,17.581],[5.266,23.358],[-36.671,-25.619],[-121.482,-0.958],[-22.31,12.416],[9.589,44.523]],"o":[[-22.311,12.416],[-121.482,-0.958],[-22.242,-15.538],[-8.537,39.964],[25.166,17.581],[101.538,0.801],[44.767,-24.913],[-6.218,27.985]],"v":[[179.963,23.889],[10.785,50.318],[-170.314,17.122],[-211.279,-43.189],[-170.314,63.966],[10.785,97.162],[179.963,70.733],[232.786,-45.631]],"c":true}]},{"t":80,"s":[{"i":[[29.005,-14.62],[101.538,0.725],[25.166,15.924],[5.266,21.156],[-36.671,-23.204],[-121.482,-0.868],[-22.311,11.245],[9.589,40.326]],"o":[[-22.311,11.245],[-121.482,-0.868],[-22.242,-14.074],[-8.537,36.197],[25.166,15.924],[101.538,0.725],[44.767,-22.565],[-6.218,25.347]],"v":[[179.963,30.871],[10.785,54.809],[-170.314,24.742],[-211.279,-29.885],[-170.314,67.17],[10.785,97.237],[179.963,73.3],[232.786,-32.097]],"c":true}]}],"ix":2},"nm":"Path 1","mn":"ADBE Vector Shape - Group","hd":false},{"ty":"fl","c":{"a":0,"k":[0.878431379795,0.298039227724,0.643137276173,1],"ix":4},"o":{"a":0,"k":100,"ix":5},"r":1,"bm":0,"nm":"Fill 1","mn":"ADBE Vector Graphic - Fill","hd":false},{"ty":"tr","p":{"a":0,"k":[0,0],"ix":2},"a":{"a":0,"k":[0,0],"ix":1},"s":{"a":0,"k":[100,100],"ix":3},"r":{"a":0,"k":0,"ix":6},"o":{"a":0,"k":25,"ix":7},"sk":{"a":0,"k":0,"ix":4},"sa":{"a":0,"k":0,"ix":5},"nm":"Transform"}],"nm":"Group 4","np":2,"cix":2,"bm":1,"ix":2,"mn":"ADBE Vector Group","hd":false},{"ty":"gr","it":[{"ind":0,"ty":"sh","ix":1,"ks":{"a":1,"k":[{"i":{"x":0.06,"y":1},"o":{"x":0.45,"y":0},"t":18,"s":[{"i":[[0,-38.315],[38.315,0],[0,38.315],[-38.315,0]],"o":[[0,38.315],[-38.315,0],[0,-38.315],[38.315,0]],"v":[[-65.879,-43.469],[-135.254,25.906],[-204.628,-43.469],[-135.254,-112.843]],"c":true}]},{"t":80,"s":[{"i":[[0,-38.315],[38.315,0],[0,38.315],[-38.315,0]],"o":[[0,38.315],[-38.315,0],[0,-38.315],[38.315,0]],"v":[[-67.879,7.531],[-137.254,76.906],[-206.628,7.531],[-137.254,-61.843]],"c":true}]}],"ix":2},"nm":"Path 1","mn":"ADBE Vector Shape - Group","hd":false},{"ty":"fl","c":{"a":0,"k":[0.878431379795,0.298039227724,0.643137276173,1],"ix":4},"o":{"a":0,"k":100,"ix":5},"r":1,"bm":0,"nm":"Fill 1","mn":"ADBE Vector Graphic - Fill","hd":false},{"ty":"tr","p":{"a":0,"k":[0,0],"ix":2},"a":{"a":0,"k":[0,0],"ix":1},"s":{"a":0,"k":[100,100],"ix":3},"r":{"a":0,"k":0,"ix":6},"o":{"a":0,"k":100,"ix":7},"sk":{"a":0,"k":0,"ix":4},"sa":{"a":0,"k":0,"ix":5},"nm":"Transform"}],"nm":"Group 2","np":2,"cix":2,"bm":0,"ix":3,"mn":"ADBE Vector Group","hd":false},{"ty":"gr","it":[{"ind":0,"ty":"sh","ix":1,"ks":{"a":1,"k":[{"i":{"x":0.06,"y":1},"o":{"x":0.45,"y":0},"t":18,"s":[{"i":[[0,-38.315],[38.315,0],[0,38.315],[-38.315,0]],"o":[[0,38.315],[-38.315,0],[0,-38.315],[38.315,0]],"v":[[228.414,-42.469],[159.039,26.906],[89.664,-42.469],[159.039,-111.843]],"c":true}]},{"t":80,"s":[{"i":[[0,-38.315],[38.315,0],[0,38.315],[-38.315,0]],"o":[[0,38.315],[-38.315,0],[0,-38.315],[38.315,0]],"v":[[226.414,8.531],[157.039,77.906],[87.664,8.531],[157.039,-60.843]],"c":true}]}],"ix":2},"nm":"Path 1","mn":"ADBE Vector Shape - Group","hd":false},{"ty":"fl","c":{"a":0,"k":[0.878431379795,0.298039227724,0.643137276173,1],"ix":4},"o":{"a":0,"k":100,"ix":5},"r":1,"bm":0,"nm":"Fill 1","mn":"ADBE Vector Graphic - Fill","hd":false},{"ty":"tr","p":{"a":0,"k":[0,0],"ix":2},"a":{"a":0,"k":[0,0],"ix":1},"s":{"a":0,"k":[100,100],"ix":3},"r":{"a":0,"k":0,"ix":6},"o":{"a":0,"k":100,"ix":7},"sk":{"a":0,"k":0,"ix":4},"sa":{"a":0,"k":0,"ix":5},"nm":"Transform"}],"nm":"Group 3","np":2,"cix":2,"bm":0,"ix":4,"mn":"ADBE Vector Group","hd":false},{"ty":"gr","it":[{"ind":0,"ty":"sh","ix":1,"ks":{"a":1,"k":[{"i":{"x":0.06,"y":1},"o":{"x":0.45,"y":0},"t":18,"s":[{"i":[[-10.763,-13.066],[6.001,-6.025],[10.764,13.066],[-6.001,6.025]],"o":[[10.763,13.066],[-6.001,6.025],[-10.764,-13.066],[6.001,-6.025]],"v":[[157.457,-221.184],[166.081,-186.615],[135.727,-199.364],[127.103,-233.932]],"c":true}]},{"t":80,"s":[{"i":[[-10.763,-11.835],[6.001,-5.458],[10.763,11.835],[-6.001,5.458]],"o":[[10.763,11.835],[-6.001,5.457],[-10.764,-11.835],[6.001,-5.458]],"v":[[157.457,-191.103],[166.081,-159.792],[135.727,-171.339],[127.103,-202.65]],"c":true}]}],"ix":2},"nm":"Path 1","mn":"ADBE Vector Shape - Group","hd":false},{"ty":"fl","c":{"a":0,"k":[1,1,1,1],"ix":4},"o":{"a":0,"k":100,"ix":5},"r":1,"bm":0,"nm":"Fill 1","mn":"ADBE Vector Graphic - Fill","hd":false},{"ty":"tr","p":{"a":0,"k":[0,0],"ix":2},"a":{"a":0,"k":[0,0],"ix":1},"s":{"a":0,"k":[100,100],"ix":3},"r":{"a":0,"k":0,"ix":6},"o":{"a":0,"k":100,"ix":7},"sk":{"a":0,"k":0,"ix":4},"sa":{"a":0,"k":0,"ix":5},"nm":"Transform"}],"nm":"Group 5","np":2,"cix":2,"bm":0,"ix":5,"mn":"ADBE Vector Group","hd":false},{"ty":"gr","it":[{"ind":0,"ty":"sh","ix":1,"ks":{"a":1,"k":[{"i":{"x":0.06,"y":1},"o":{"x":0.45,"y":0},"t":18,"s":[{"i":[[62.731,53.292],[111.123,14.459],[45.337,-7.953],[-21.332,-73.68],[-60.355,-42.164],[-121.482,-0.958],[-22.31,12.416]],"o":[[21.923,-75.722],[-34.798,-4.528],[-104.235,18.285],[-57.928,50.289],[25.166,17.581],[101.538,0.801],[69.837,-38.864]],"v":[[191.02,-113.877],[63.715,-285.47],[-50.145,-284.047],[-168.631,-113.877],[-170.314,63.966],[10.785,97.162],[179.963,70.733]],"c":true}]},{"t":80,"s":[{"i":[[62.731,48.269],[111.123,13.097],[45.337,-7.203],[-21.332,-66.735],[-60.356,-38.19],[-121.482,-0.868],[-22.31,11.245]],"o":[[21.923,-68.585],[-34.798,-4.101],[-104.235,16.561],[-57.928,45.549],[25.166,15.924],[101.538,0.725],[69.837,-35.201]],"v":[[191.02,-93.91],[63.715,-249.33],[-50.145,-248.041],[-168.631,-93.91],[-170.314,67.17],[10.785,97.237],[179.963,73.3]],"c":true}]}],"ix":2},"nm":"Path 1","mn":"ADBE Vector Shape - Group","hd":false},{"ty":"fl","c":{"a":0,"k":[0.949019610882,0.439215689898,0.717647075653,1],"ix":4},"o":{"a":0,"k":100,"ix":5},"r":1,"bm":0,"nm":"Fill 1","mn":"ADBE Vector Graphic - Fill","hd":false},{"ty":"tr","p":{"a":0,"k":[0,0],"ix":2},"a":{"a":0,"k":[0,0],"ix":1},"s":{"a":0,"k":[100,100],"ix":3},"r":{"a":0,"k":0,"ix":6},"o":{"a":0,"k":100,"ix":7},"sk":{"a":0,"k":0,"ix":4},"sa":{"a":0,"k":0,"ix":5},"nm":"Transform"}],"nm":"Group 6","np":2,"cix":2,"bm":0,"ix":6,"mn":"ADBE Vector Group","hd":false}],"ip":0,"op":120,"st":0,"bm":0},{"ddd":0,"ind":12,"ty":4,"nm":"L_Ear 2","parent":11,"sr":1,"ks":{"o":{"a":0,"k":100,"ix":11},"r":{"a":1,"k":[{"i":{"x":[0.06],"y":[1]},"o":{"x":[0.45],"y":[0]},"t":3,"s":[115]},{"i":{"x":[0.06],"y":[1]},"o":{"x":[0.45],"y":[0]},"t":18,"s":[119]},{"t":80,"s":[0]}],"ix":10},"p":{"a":1,"k":[{"i":{"x":0.06,"y":1},"o":{"x":0.45,"y":0},"t":18,"s":[-35.835,-202.5,0],"to":[-12.667,10.333,0],"ti":[12.667,-10.333,0]},{"t":80,"s":[-111.835,-140.5,0]}],"ix":2},"a":{"a":0,"k":[151,-140.5,0],"ix":1},"s":{"a":0,"k":[-100,100,100],"ix":6}},"ao":0,"shapes":[{"ty":"gr","it":[{"ind":0,"ty":"sh","ix":1,"ks":{"a":1,"k":[{"i":{"x":0.833,"y":0.833},"o":{"x":0.167,"y":0.167},"t":18,"s":[{"i":[[-6.151,10.997],[0,0],[-10.997,-6.151],[0,0],[6.151,-10.997],[0,0],[10.997,6.151],[0,0]],"o":[[0,0],[6.151,-10.997],[0,0],[10.997,6.151],[0,0],[-6.151,10.997],[0,0],[-10.997,-6.151]],"v":[[130.38,-150.957],[130.38,-150.957],[161.558,-159.768],[280.689,-93.311],[289.5,-62.133],[289.5,-62.133],[258.323,-53.321],[139.191,-119.779]],"c":true}]},{"i":{"x":0.06,"y":1},"o":{"x":0.167,"y":0.167},"t":34,"s":[{"i":[[-6.151,10.997],[0,0],[-10.997,-6.151],[-47.416,-3.688],[1.799,-12.471],[0,0],[13.061,0.575],[0,0]],"o":[[0,0],[6.151,-10.997],[0,0],[15.094,1.362],[0,0],[-1.799,12.471],[-66.148,-6.524],[-10.997,-6.151]],"v":[[130.38,-150.957],[130.38,-150.957],[161.558,-159.768],[274.604,-101.216],[294.007,-75.27],[294.007,-75.27],[268.061,-55.866],[139.191,-119.779]],"c":true}]},{"t":52,"s":[{"i":[[-6.151,10.997],[0,0],[-10.997,-6.151],[0,0],[6.151,-10.997],[0,0],[10.997,6.151],[0,0]],"o":[[0,0],[6.151,-10.997],[0,0],[10.997,6.151],[0,0],[-6.151,10.997],[0,0],[-10.997,-6.151]],"v":[[130.38,-150.957],[130.38,-150.957],[161.558,-159.768],[280.689,-93.311],[289.5,-62.133],[289.5,-62.133],[258.323,-53.321],[139.191,-119.779]],"c":true}]}],"ix":2},"nm":"Path 1","mn":"ADBE Vector Shape - Group","hd":false},{"ty":"st","c":{"a":0,"k":[0,0,0,1],"ix":3},"o":{"a":0,"k":100,"ix":4},"w":{"a":0,"k":2,"ix":5},"lc":1,"lj":1,"ml":10,"bm":0,"nm":"Stroke 1","mn":"ADBE Vector Graphic - Stroke","hd":false},{"ty":"fl","c":{"a":0,"k":[1,0.713725507259,0.713725507259,1],"ix":4},"o":{"a":0,"k":100,"ix":5},"r":1,"bm":0,"nm":"Fill 1","mn":"ADBE Vector Graphic - Fill","hd":false},{"ty":"tr","p":{"a":0,"k":[0,0],"ix":2},"a":{"a":0,"k":[0,0],"ix":1},"s":{"a":0,"k":[100,100],"ix":3},"r":{"a":0,"k":0,"ix":6},"o":{"a":0,"k":100,"ix":7},"sk":{"a":0,"k":0,"ix":4},"sa":{"a":0,"k":0,"ix":5},"nm":"Transform"}],"nm":"Group 1","np":3,"cix":2,"bm":0,"ix":1,"mn":"ADBE Vector Group","hd":false},{"ty":"gr","it":[{"ind":0,"ty":"sh","ix":1,"ks":{"a":1,"k":[{"i":{"x":0.833,"y":0.833},"o":{"x":0.167,"y":0.167},"t":18,"s":[{"i":[[-12.935,23.127],[0,0],[-23.127,-12.935],[0,0],[12.935,-23.127],[0,0],[23.127,12.935],[0,0]],"o":[[0,0],[12.935,-23.127],[0,0],[23.127,12.935],[0,0],[-12.935,23.127],[0,0],[-23.127,-12.935]],"v":[[119.273,-157.249],[119.273,-157.249],[184.84,-175.78],[309.603,-106],[328.134,-40.433],[328.134,-40.433],[262.568,-21.902],[137.804,-91.683]],"c":true}]},{"i":{"x":0.06,"y":1},"o":{"x":0.167,"y":0.167},"t":34,"s":[{"i":[[-12.935,23.127],[0,0],[-23.127,-12.935],[-61.758,-14.416],[3.783,-26.227],[0,0],[40.706,3.699],[0,0]],"o":[[0,0],[12.935,-23.127],[0,0],[36.409,8.499],[0,0],[-3.783,26.227],[-60.307,-5.481],[-23.127,-12.935]],"v":[[119.273,-157.249],[119.273,-157.249],[184.84,-175.78],[291.451,-124.444],[337.852,-68.864],[337.852,-68.864],[277.517,-31.072],[137.804,-91.683]],"c":true}]},{"t":52,"s":[{"i":[[-12.935,23.127],[0,0],[-23.127,-12.935],[0,0],[12.935,-23.127],[0,0],[23.127,12.935],[0,0]],"o":[[0,0],[12.935,-23.127],[0,0],[23.127,12.935],[0,0],[-12.935,23.127],[0,0],[-23.127,-12.935]],"v":[[119.273,-157.249],[119.273,-157.249],[184.84,-175.78],[309.603,-106],[328.134,-40.433],[328.134,-40.433],[262.568,-21.902],[137.804,-91.683]],"c":true}]}],"ix":2},"nm":"Path 1","mn":"ADBE Vector Shape - Group","hd":false},{"ty":"st","c":{"a":0,"k":[0,0,0,1],"ix":3},"o":{"a":0,"k":100,"ix":4},"w":{"a":0,"k":6,"ix":5},"lc":1,"lj":1,"ml":10,"bm":0,"nm":"Stroke 1","mn":"ADBE Vector Graphic - Stroke","hd":false},{"ty":"fl","c":{"a":0,"k":[0.949019610882,0.439215689898,0.717647075653,1],"ix":4},"o":{"a":0,"k":100,"ix":5},"r":1,"bm":0,"nm":"Fill 1","mn":"ADBE Vector Graphic - Fill","hd":false},{"ty":"tr","p":{"a":0,"k":[0,0],"ix":2},"a":{"a":0,"k":[0,0],"ix":1},"s":{"a":0,"k":[100,100],"ix":3},"r":{"a":0,"k":0,"ix":6},"o":{"a":0,"k":100,"ix":7},"sk":{"a":0,"k":0,"ix":4},"sa":{"a":0,"k":0,"ix":5},"nm":"Transform"}],"nm":"Group 2","np":3,"cix":2,"bm":0,"ix":2,"mn":"ADBE Vector Group","hd":false}],"ip":0,"op":120,"st":0,"bm":0},{"ddd":0,"ind":13,"ty":4,"nm":"L_Ear","parent":11,"sr":1,"ks":{"o":{"a":0,"k":100,"ix":11},"r":{"a":1,"k":[{"i":{"x":[0.06],"y":[1]},"o":{"x":[0.45],"y":[0]},"t":3,"s":[-115]},{"i":{"x":[0.06],"y":[1]},"o":{"x":[0.45],"y":[0]},"t":18,"s":[-119]},{"t":80,"s":[0]}],"ix":10},"p":{"a":1,"k":[{"i":{"x":0.06,"y":1},"o":{"x":0.45,"y":0},"t":18,"s":[75,-202.5,0],"to":[12.667,10.333,0],"ti":[-12.667,-10.333,0]},{"t":80,"s":[151,-140.5,0]}],"ix":2},"a":{"a":0,"k":[151,-140.5,0],"ix":1},"s":{"a":0,"k":[100,100,100],"ix":6}},"ao":0,"shapes":[{"ty":"gr","it":[{"ind":0,"ty":"sh","ix":1,"ks":{"a":1,"k":[{"i":{"x":0.833,"y":0.833},"o":{"x":0.167,"y":0.167},"t":18,"s":[{"i":[[-6.151,10.997],[0,0],[-10.997,-6.151],[0,0],[6.151,-10.997],[0,0],[10.997,6.151],[0,0]],"o":[[0,0],[6.151,-10.997],[0,0],[10.997,6.151],[0,0],[-6.151,10.997],[0,0],[-10.997,-6.151]],"v":[[130.38,-150.957],[130.38,-150.957],[161.558,-159.768],[280.689,-93.311],[289.5,-62.133],[289.5,-62.133],[258.323,-53.321],[139.191,-119.779]],"c":true}]},{"i":{"x":0.06,"y":1},"o":{"x":0.167,"y":0.167},"t":34,"s":[{"i":[[-6.151,10.997],[0,0],[-10.997,-6.151],[-47.416,-3.688],[1.799,-12.471],[0,0],[13.061,0.575],[0,0]],"o":[[0,0],[6.151,-10.997],[0,0],[15.094,1.362],[0,0],[-1.799,12.471],[-66.148,-6.524],[-10.997,-6.151]],"v":[[130.38,-150.957],[130.38,-150.957],[161.558,-159.768],[274.604,-101.216],[294.007,-75.27],[294.007,-75.27],[268.061,-55.866],[139.191,-119.779]],"c":true}]},{"t":52,"s":[{"i":[[-6.151,10.997],[0,0],[-10.997,-6.151],[0,0],[6.151,-10.997],[0,0],[10.997,6.151],[0,0]],"o":[[0,0],[6.151,-10.997],[0,0],[10.997,6.151],[0,0],[-6.151,10.997],[0,0],[-10.997,-6.151]],"v":[[130.38,-150.957],[130.38,-150.957],[161.558,-159.768],[280.689,-93.311],[289.5,-62.133],[289.5,-62.133],[258.323,-53.321],[139.191,-119.779]],"c":true}]}],"ix":2},"nm":"Path 1","mn":"ADBE Vector Shape - Group","hd":false},{"ty":"st","c":{"a":0,"k":[0,0,0,1],"ix":3},"o":{"a":0,"k":100,"ix":4},"w":{"a":0,"k":2,"ix":5},"lc":1,"lj":1,"ml":10,"bm":0,"nm":"Stroke 1","mn":"ADBE Vector Graphic - Stroke","hd":false},{"ty":"fl","c":{"a":0,"k":[1,0.713725507259,0.713725507259,1],"ix":4},"o":{"a":0,"k":100,"ix":5},"r":1,"bm":0,"nm":"Fill 1","mn":"ADBE Vector Graphic - Fill","hd":false},{"ty":"tr","p":{"a":0,"k":[0,0],"ix":2},"a":{"a":0,"k":[0,0],"ix":1},"s":{"a":0,"k":[100,100],"ix":3},"r":{"a":0,"k":0,"ix":6},"o":{"a":0,"k":100,"ix":7},"sk":{"a":0,"k":0,"ix":4},"sa":{"a":0,"k":0,"ix":5},"nm":"Transform"}],"nm":"Group 1","np":3,"cix":2,"bm":0,"ix":1,"mn":"ADBE Vector Group","hd":false},{"ty":"gr","it":[{"ind":0,"ty":"sh","ix":1,"ks":{"a":1,"k":[{"i":{"x":0.833,"y":0.833},"o":{"x":0.167,"y":0.167},"t":18,"s":[{"i":[[-12.935,23.127],[0,0],[-23.127,-12.935],[0,0],[12.935,-23.127],[0,0],[23.127,12.935],[0,0]],"o":[[0,0],[12.935,-23.127],[0,0],[23.127,12.935],[0,0],[-12.935,23.127],[0,0],[-23.127,-12.935]],"v":[[119.273,-157.249],[119.273,-157.249],[184.84,-175.78],[309.603,-106],[328.134,-40.433],[328.134,-40.433],[262.568,-21.902],[137.804,-91.683]],"c":true}]},{"i":{"x":0.06,"y":1},"o":{"x":0.167,"y":0.167},"t":34,"s":[{"i":[[-12.935,23.127],[0,0],[-23.127,-12.935],[-61.758,-14.416],[3.783,-26.227],[0,0],[40.706,3.699],[0,0]],"o":[[0,0],[12.935,-23.127],[0,0],[36.409,8.499],[0,0],[-3.783,26.227],[-60.307,-5.481],[-23.127,-12.935]],"v":[[119.273,-157.249],[119.273,-157.249],[184.84,-175.78],[291.451,-124.444],[337.852,-68.864],[337.852,-68.864],[277.517,-31.072],[137.804,-91.683]],"c":true}]},{"t":52,"s":[{"i":[[-12.935,23.127],[0,0],[-23.127,-12.935],[0,0],[12.935,-23.127],[0,0],[23.127,12.935],[0,0]],"o":[[0,0],[12.935,-23.127],[0,0],[23.127,12.935],[0,0],[-12.935,23.127],[0,0],[-23.127,-12.935]],"v":[[119.273,-157.249],[119.273,-157.249],[184.84,-175.78],[309.603,-106],[328.134,-40.433],[328.134,-40.433],[262.568,-21.902],[137.804,-91.683]],"c":true}]}],"ix":2},"nm":"Path 1","mn":"ADBE Vector Shape - Group","hd":false},{"ty":"st","c":{"a":0,"k":[0,0,0,1],"ix":3},"o":{"a":0,"k":100,"ix":4},"w":{"a":0,"k":6,"ix":5},"lc":1,"lj":1,"ml":10,"bm":0,"nm":"Stroke 1","mn":"ADBE Vector Graphic - Stroke","hd":false},{"ty":"fl","c":{"a":0,"k":[0.949019610882,0.439215689898,0.717647075653,1],"ix":4},"o":{"a":0,"k":100,"ix":5},"r":1,"bm":0,"nm":"Fill 1","mn":"ADBE Vector Graphic - Fill","hd":false},{"ty":"tr","p":{"a":0,"k":[0,0],"ix":2},"a":{"a":0,"k":[0,0],"ix":1},"s":{"a":0,"k":[100,100],"ix":3},"r":{"a":0,"k":0,"ix":6},"o":{"a":0,"k":100,"ix":7},"sk":{"a":0,"k":0,"ix":4},"sa":{"a":0,"k":0,"ix":5},"nm":"Transform"}],"nm":"Group 2","np":3,"cix":2,"bm":0,"ix":2,"mn":"ADBE Vector Group","hd":false}],"ip":0,"op":120,"st":0,"bm":0},{"ddd":0,"ind":14,"ty":4,"nm":"Body","sr":1,"ks":{"o":{"a":0,"k":100,"ix":11},"r":{"a":0,"k":0,"ix":10},"p":{"a":0,"k":[392.441,802.197,0],"ix":2},"a":{"a":0,"k":[12.441,248.197,0],"ix":1},"s":{"a":1,"k":[{"i":{"x":[0.06,0.06,0.06],"y":[1,1,1]},"o":{"x":[0.45,0.45,0.45],"y":[0,0,0]},"t":20,"s":[100,100,100]},{"t":82,"s":[105,95,100]}],"ix":6}},"ao":0,"shapes":[{"ty":"gr","it":[{"ty":"gr","it":[{"ind":0,"ty":"sh","ix":1,"ks":{"a":0,"k":{"i":[[0,0],[0,0],[0,0],[0,0]],"o":[[0,0],[0,0],[0,0],[0,0]],"v":[[-36.348,241.182],[-22.374,241.182],[-22.374,211.697],[-36.348,211.697]],"c":true},"ix":2},"nm":"Path 1","mn":"ADBE Vector Shape - Group","hd":false},{"ty":"st","c":{"a":0,"k":[0,0,0,1],"ix":3},"o":{"a":0,"k":100,"ix":4},"w":{"a":0,"k":2,"ix":5},"lc":1,"lj":1,"ml":10,"bm":0,"nm":"Stroke 1","mn":"ADBE Vector Graphic - Stroke","hd":false},{"ty":"tr","p":{"a":0,"k":[0,0],"ix":2},"a":{"a":0,"k":[0,0],"ix":1},"s":{"a":0,"k":[100,100],"ix":3},"r":{"a":0,"k":0,"ix":6},"o":{"a":0,"k":100,"ix":7},"sk":{"a":0,"k":0,"ix":4},"sa":{"a":0,"k":0,"ix":5},"nm":"Transform"}],"nm":"Group 1","np":2,"cix":2,"bm":0,"ix":1,"mn":"ADBE Vector Group","hd":false},{"ty":"gr","it":[{"ind":0,"ty":"sh","ix":1,"ks":{"a":0,"k":{"i":[[-5.09,0],[0,0],[-0.995,4.874],[0,0],[0,0],[0,0]],"o":[[0,0],[5.09,0],[0,0],[0,0],[0,0],[0.995,4.874]],"v":[[-45.611,211.697],[-12.836,211.697],[-2.368,203.314],[1.941,182.212],[-60.387,182.212],[-56.078,203.314]],"c":true},"ix":2},"nm":"Path 1","mn":"ADBE Vector Shape - Group","hd":false},{"ty":"st","c":{"a":0,"k":[0,0,0,1],"ix":3},"o":{"a":0,"k":100,"ix":4},"w":{"a":0,"k":2,"ix":5},"lc":2,"lj":2,"bm":0,"nm":"Stroke 1","mn":"ADBE Vector Graphic - Stroke","hd":false},{"ty":"fl","c":{"a":0,"k":[0.105882354081,0.227450981736,0.40000000596,1],"ix":4},"o":{"a":0,"k":100,"ix":5},"r":1,"bm":0,"nm":"Fill 1","mn":"ADBE Vector Graphic - Fill","hd":false},{"ty":"tr","p":{"a":0,"k":[0,0],"ix":2},"a":{"a":0,"k":[0,0],"ix":1},"s":{"a":0,"k":[100,100],"ix":3},"r":{"a":0,"k":0,"ix":6},"o":{"a":0,"k":100,"ix":7},"sk":{"a":0,"k":0,"ix":4},"sa":{"a":0,"k":0,"ix":5},"nm":"Transform"}],"nm":"Group 2","np":3,"cix":2,"bm":0,"ix":2,"mn":"ADBE Vector Group","hd":false},{"ty":"gr","it":[{"ind":0,"ty":"sh","ix":1,"ks":{"a":0,"k":{"i":[[-7.676,0],[0,0],[0,7.676],[0,0],[0,0],[0,0]],"o":[[0,0],[7.676,0],[0,0],[0,0],[0,0],[0,7.676]],"v":[[-46.489,241.182],[-11.957,241.182],[1.941,227.284],[1.941,182.212],[-60.387,182.212],[-60.387,227.284]],"c":true},"ix":2},"nm":"Path 1","mn":"ADBE Vector Shape - Group","hd":false},{"ty":"st","c":{"a":0,"k":[0,0,0,1],"ix":3},"o":{"a":0,"k":100,"ix":4},"w":{"a":0,"k":2,"ix":5},"lc":2,"lj":2,"bm":0,"nm":"Stroke 1","mn":"ADBE Vector Graphic - Stroke","hd":false},{"ty":"fl","c":{"a":0,"k":[0.105882354081,0.227450981736,0.40000000596,1],"ix":4},"o":{"a":0,"k":100,"ix":5},"r":1,"bm":0,"nm":"Fill 1","mn":"ADBE Vector Graphic - Fill","hd":false},{"ty":"tr","p":{"a":0,"k":[0,0],"ix":2},"a":{"a":0,"k":[0,0],"ix":1},"s":{"a":0,"k":[100,100],"ix":3},"r":{"a":0,"k":0,"ix":6},"o":{"a":0,"k":100,"ix":7},"sk":{"a":0,"k":0,"ix":4},"sa":{"a":0,"k":0,"ix":5},"nm":"Transform"}],"nm":"Group 3","np":3,"cix":2,"bm":0,"ix":3,"mn":"ADBE Vector Group","hd":false},{"ty":"tr","p":{"a":0,"k":[0,0],"ix":2},"a":{"a":0,"k":[0,0],"ix":1},"s":{"a":0,"k":[100,100],"ix":3},"r":{"a":0,"k":0,"ix":6},"o":{"a":0,"k":100,"ix":7},"sk":{"a":0,"k":0,"ix":4},"sa":{"a":0,"k":0,"ix":5},"nm":"Transform"}],"nm":"Group 1","np":3,"cix":2,"bm":0,"ix":1,"mn":"ADBE Vector Group","hd":false},{"ty":"gr","it":[{"ty":"gr","it":[{"ind":0,"ty":"sh","ix":1,"ks":{"a":0,"k":{"i":[[0,0],[0,0],[0,0],[0,0]],"o":[[0,0],[0,0],[0,0],[0,0]],"v":[[57.187,241.182],[43.213,241.182],[43.213,211.697],[57.187,211.697]],"c":true},"ix":2},"nm":"Path 1","mn":"ADBE Vector Shape - Group","hd":false},{"ty":"st","c":{"a":0,"k":[0,0,0,1],"ix":3},"o":{"a":0,"k":100,"ix":4},"w":{"a":0,"k":2,"ix":5},"lc":1,"lj":1,"ml":10,"bm":0,"nm":"Stroke 1","mn":"ADBE Vector Graphic - Stroke","hd":false},{"ty":"tr","p":{"a":0,"k":[0,0],"ix":2},"a":{"a":0,"k":[0,0],"ix":1},"s":{"a":0,"k":[100,100],"ix":3},"r":{"a":0,"k":0,"ix":6},"o":{"a":0,"k":100,"ix":7},"sk":{"a":0,"k":0,"ix":4},"sa":{"a":0,"k":0,"ix":5},"nm":"Transform"}],"nm":"Group 1","np":2,"cix":2,"bm":0,"ix":1,"mn":"ADBE Vector Group","hd":false},{"ty":"gr","it":[{"ind":0,"ty":"sh","ix":1,"ks":{"a":0,"k":{"i":[[5.09,0],[0,0],[0.995,4.874],[0,0],[0,0],[0,0]],"o":[[0,0],[-5.09,0],[0,0],[0,0],[0,0],[-0.995,4.874]],"v":[[66.45,211.697],[33.675,211.697],[23.208,203.314],[18.898,182.212],[81.226,182.212],[76.917,203.314]],"c":true},"ix":2},"nm":"Path 1","mn":"ADBE Vector Shape - Group","hd":false},{"ty":"st","c":{"a":0,"k":[0,0,0,1],"ix":3},"o":{"a":0,"k":100,"ix":4},"w":{"a":0,"k":2,"ix":5},"lc":2,"lj":2,"bm":0,"nm":"Stroke 1","mn":"ADBE Vector Graphic - Stroke","hd":false},{"ty":"fl","c":{"a":0,"k":[0.105882354081,0.227450981736,0.40000000596,1],"ix":4},"o":{"a":0,"k":100,"ix":5},"r":1,"bm":0,"nm":"Fill 1","mn":"ADBE Vector Graphic - Fill","hd":false},{"ty":"tr","p":{"a":0,"k":[0,0],"ix":2},"a":{"a":0,"k":[0,0],"ix":1},"s":{"a":0,"k":[100,100],"ix":3},"r":{"a":0,"k":0,"ix":6},"o":{"a":0,"k":100,"ix":7},"sk":{"a":0,"k":0,"ix":4},"sa":{"a":0,"k":0,"ix":5},"nm":"Transform"}],"nm":"Group 2","np":3,"cix":2,"bm":0,"ix":2,"mn":"ADBE Vector Group","hd":false},{"ty":"gr","it":[{"ind":0,"ty":"sh","ix":1,"ks":{"a":0,"k":{"i":[[7.676,0],[0,0],[0,7.676],[0,0],[0,0],[0,0]],"o":[[0,0],[-7.676,0],[0,0],[0,0],[0,0],[0,7.676]],"v":[[67.329,241.182],[32.796,241.182],[18.898,227.284],[18.898,182.212],[81.226,182.212],[81.226,227.284]],"c":true},"ix":2},"nm":"Path 1","mn":"ADBE Vector Shape - Group","hd":false},{"ty":"st","c":{"a":0,"k":[0,0,0,1],"ix":3},"o":{"a":0,"k":100,"ix":4},"w":{"a":0,"k":2,"ix":5},"lc":2,"lj":2,"bm":0,"nm":"Stroke 1","mn":"ADBE Vector Graphic - Stroke","hd":false},{"ty":"fl","c":{"a":0,"k":[0.105882354081,0.227450981736,0.40000000596,1],"ix":4},"o":{"a":0,"k":100,"ix":5},"r":1,"bm":0,"nm":"Fill 1","mn":"ADBE Vector Graphic - Fill","hd":false},{"ty":"tr","p":{"a":0,"k":[0,0],"ix":2},"a":{"a":0,"k":[0,0],"ix":1},"s":{"a":0,"k":[100,100],"ix":3},"r":{"a":0,"k":0,"ix":6},"o":{"a":0,"k":100,"ix":7},"sk":{"a":0,"k":0,"ix":4},"sa":{"a":0,"k":0,"ix":5},"nm":"Transform"}],"nm":"Group 3","np":3,"cix":2,"bm":0,"ix":3,"mn":"ADBE Vector Group","hd":false},{"ty":"tr","p":{"a":0,"k":[0,0],"ix":2},"a":{"a":0,"k":[0,0],"ix":1},"s":{"a":0,"k":[100,100],"ix":3},"r":{"a":0,"k":0,"ix":6},"o":{"a":0,"k":100,"ix":7},"sk":{"a":0,"k":0,"ix":4},"sa":{"a":0,"k":0,"ix":5},"nm":"Transform"}],"nm":"Group 2","np":3,"cix":2,"bm":0,"ix":2,"mn":"ADBE Vector Group","hd":false},{"ty":"gr","it":[{"ind":0,"ty":"sh","ix":1,"ks":{"a":0,"k":{"i":[[0,0],[0,0]],"o":[[0,0],[0,0]],"v":[[11.119,137.191],[10.935,248.197]],"c":false},"ix":2},"nm":"Path 1","mn":"ADBE Vector Shape - Group","hd":false},{"ty":"st","c":{"a":0,"k":[0,0,0,1],"ix":3},"o":{"a":0,"k":100,"ix":4},"w":{"a":0,"k":2,"ix":5},"lc":2,"lj":2,"bm":0,"nm":"Stroke 1","mn":"ADBE Vector Graphic - Stroke","hd":false},{"ty":"tr","p":{"a":0,"k":[0,0],"ix":2},"a":{"a":0,"k":[0,0],"ix":1},"s":{"a":0,"k":[100,100],"ix":3},"r":{"a":0,"k":0,"ix":6},"o":{"a":0,"k":100,"ix":7},"sk":{"a":0,"k":0,"ix":4},"sa":{"a":0,"k":0,"ix":5},"nm":"Transform"}],"nm":"Group 3","np":2,"cix":2,"bm":0,"ix":3,"mn":"ADBE Vector Group","hd":false},{"ty":"gr","it":[{"ind":0,"ty":"sh","ix":1,"ks":{"a":0,"k":{"i":[[0,0],[-0.107,0.814],[0,0],[0,0],[-37.532,0],[-0.046,-0.002],[-0.046,0],[-4.751,-34.059],[0,0],[0,0],[-0.077,-0.823],[0,0],[0,0],[0,0],[0,0]],"o":[[0.077,-0.823],[0,0],[0,0],[4.75,-34.059],[0.046,0],[0.046,-0.002],[37.532,0],[0,0],[0,0],[0.108,0.814],[0,0],[0,0],[0,0],[0,0],[0,0]],"v":[[-61.302,137.178],[-61.02,134.724],[-60.966,134.252],[-60.956,134.25],[12.303,73.891],[12.44,73.894],[12.579,73.891],[85.837,134.25],[85.847,134.252],[85.901,134.724],[86.183,137.178],[98.865,247.569],[12.579,247.569],[12.303,247.569],[-73.983,247.569]],"c":true},"ix":2},"nm":"Path 1","mn":"ADBE Vector Shape - Group","hd":false},{"ty":"st","c":{"a":0,"k":[0,0,0,1],"ix":3},"o":{"a":0,"k":100,"ix":4},"w":{"a":0,"k":6.021,"ix":5},"lc":1,"lj":2,"bm":0,"nm":"Stroke 1","mn":"ADBE Vector Graphic - Stroke","hd":false},{"ty":"tr","p":{"a":0,"k":[0,0],"ix":2},"a":{"a":0,"k":[0,0],"ix":1},"s":{"a":0,"k":[100,100],"ix":3},"r":{"a":0,"k":0,"ix":6},"o":{"a":0,"k":100,"ix":7},"sk":{"a":0,"k":0,"ix":4},"sa":{"a":0,"k":0,"ix":5},"nm":"Transform"}],"nm":"Group 4","np":2,"cix":2,"bm":0,"ix":4,"mn":"ADBE Vector Group","hd":false},{"ty":"gr","it":[{"ind":0,"ty":"sh","ix":1,"ks":{"a":0,"k":{"i":[[0,0],[0,0],[0,0]],"o":[[0,0],[0,0],[0,0]],"v":[[70.442,100.158],[10.935,137.215],[-45.667,100.286]],"c":false},"ix":2},"nm":"Path 1","mn":"ADBE Vector Shape - Group","hd":false},{"ty":"st","c":{"a":0,"k":[0,0,0,1],"ix":3},"o":{"a":0,"k":100,"ix":4},"w":{"a":0,"k":2,"ix":5},"lc":2,"lj":2,"bm":0,"nm":"Stroke 1","mn":"ADBE Vector Graphic - Stroke","hd":false},{"ty":"tr","p":{"a":0,"k":[0,0],"ix":2},"a":{"a":0,"k":[0,0],"ix":1},"s":{"a":0,"k":[100,100],"ix":3},"r":{"a":0,"k":0,"ix":6},"o":{"a":0,"k":100,"ix":7},"sk":{"a":0,"k":0,"ix":4},"sa":{"a":0,"k":0,"ix":5},"nm":"Transform"}],"nm":"Group 5","np":2,"cix":2,"bm":0,"ix":5,"mn":"ADBE Vector Group","hd":false},{"ty":"gr","it":[{"ind":0,"ty":"sh","ix":1,"ks":{"a":0,"k":{"i":[[0,0],[0.108,0.814],[0,0],[0,0],[8.133,9.617],[0,0],[0,0],[1.775,-12.728],[0,0],[0,0],[0.077,-0.823],[0,0],[0,0],[0,0],[0,0]],"o":[[-0.077,-0.823],[0,0],[0,0],[-1.783,-12.784],[0,0],[0,0],[-8.074,9.593],[0,0],[0,0],[-0.107,0.814],[0,0],[0,0],[0,0],[0,0],[0,0]],"v":[[86.183,137.178],[85.901,134.724],[85.847,134.252],[85.837,134.25],[70.442,100.158],[10.935,137.215],[-45.667,100.286],[-60.956,134.25],[-60.966,134.252],[-61.02,134.724],[-61.302,137.178],[-73.983,247.569],[12.303,247.569],[12.579,247.569],[98.865,247.569]],"c":true},"ix":2},"nm":"Path 1","mn":"ADBE Vector Shape - Group","hd":false},{"ty":"fl","c":{"a":0,"k":[0.196078434587,0.317647069693,0.498039215803,1],"ix":4},"o":{"a":0,"k":100,"ix":5},"r":1,"bm":0,"nm":"Fill 1","mn":"ADBE Vector Graphic - Fill","hd":false},{"ty":"tr","p":{"a":0,"k":[0,0],"ix":2},"a":{"a":0,"k":[0,0],"ix":1},"s":{"a":0,"k":[100,100],"ix":3},"r":{"a":0,"k":0,"ix":6},"o":{"a":0,"k":100,"ix":7},"sk":{"a":0,"k":0,"ix":4},"sa":{"a":0,"k":0,"ix":5},"nm":"Transform"}],"nm":"Group 6","np":2,"cix":2,"bm":0,"ix":6,"mn":"ADBE Vector Group","hd":false},{"ty":"gr","it":[{"ind":0,"ty":"sh","ix":1,"ks":{"a":0,"k":{"i":[[0,0],[0.108,0.814],[0,0],[0,0],[8.526,9.772],[23.083,0],[13.857,12.139],[1.815,-13.012],[0,0],[0,0],[0.077,-0.823],[0,0],[0,0]],"o":[[-0.077,-0.823],[0,0],[0,0],[-1.835,-13.155],[-13.861,12.323],[-22.884,0],[-8.374,9.713],[0,0],[0,0],[-0.107,0.814],[0,0],[0,0],[0,0]],"v":[[86.183,137.178],[85.901,134.724],[85.847,134.252],[85.837,134.25],[69.716,99.336],[12.119,119.487],[-45.115,99.653],[-60.956,134.25],[-60.966,134.252],[-61.02,134.724],[-61.302,137.178],[-63.002,151.979],[87.883,151.979]],"c":true},"ix":2},"nm":"Path 1","mn":"ADBE Vector Shape - Group","hd":false},{"ty":"st","c":{"a":0,"k":[0,0,0,1],"ix":3},"o":{"a":0,"k":100,"ix":4},"w":{"a":0,"k":2.007,"ix":5},"lc":1,"lj":1,"ml":10,"bm":0,"nm":"Stroke 1","mn":"ADBE Vector Graphic - Stroke","hd":false},{"ty":"fl","c":{"a":0,"k":[0.847058832645,0.823529422283,0.662745118141,1],"ix":4},"o":{"a":0,"k":100,"ix":5},"r":1,"bm":0,"nm":"Fill 1","mn":"ADBE Vector Graphic - Fill","hd":false},{"ty":"tr","p":{"a":0,"k":[0,0],"ix":2},"a":{"a":0,"k":[0,0],"ix":1},"s":{"a":0,"k":[100,100],"ix":3},"r":{"a":0,"k":0,"ix":6},"o":{"a":0,"k":100,"ix":7},"sk":{"a":0,"k":0,"ix":4},"sa":{"a":0,"k":0,"ix":5},"nm":"Transform"}],"nm":"Group 7","np":3,"cix":2,"bm":0,"ix":7,"mn":"ADBE Vector Group","hd":false},{"ty":"gr","it":[{"ind":0,"ty":"sh","ix":1,"ks":{"a":0,"k":{"i":[[0,0],[0.108,0.814],[0,0],[0,0],[37.532,0],[0.046,-0.002],[0.046,0],[4.75,-34.059],[0,0],[0,0],[0.077,-0.823],[0,0],[0,0],[0,0],[0,0]],"o":[[-0.077,-0.823],[0,0],[0,0],[-4.751,-34.059],[-0.046,0],[-0.046,-0.002],[-37.532,0],[0,0],[0,0],[-0.107,0.814],[0,0],[0,0],[0,0],[0,0],[0,0]],"v":[[86.183,137.178],[85.901,134.724],[85.847,134.252],[85.837,134.25],[12.579,73.891],[12.441,73.894],[12.303,73.891],[-60.956,134.25],[-60.966,134.252],[-61.02,134.724],[-61.302,137.178],[-73.983,247.569],[12.303,247.569],[12.579,247.569],[98.865,247.569]],"c":true},"ix":2},"nm":"Path 1","mn":"ADBE Vector Shape - Group","hd":false},{"ty":"fl","c":{"a":0,"k":[0.949019610882,0.439215689898,0.717647075653,1],"ix":4},"o":{"a":0,"k":100,"ix":5},"r":1,"bm":0,"nm":"Fill 1","mn":"ADBE Vector Graphic - Fill","hd":false},{"ty":"tr","p":{"a":0,"k":[0,0],"ix":2},"a":{"a":0,"k":[0,0],"ix":1},"s":{"a":0,"k":[100,100],"ix":3},"r":{"a":0,"k":0,"ix":6},"o":{"a":0,"k":100,"ix":7},"sk":{"a":0,"k":0,"ix":4},"sa":{"a":0,"k":0,"ix":5},"nm":"Transform"}],"nm":"Group 8","np":2,"cix":2,"bm":0,"ix":8,"mn":"ADBE Vector Group","hd":false}],"ip":0,"op":120,"st":0,"bm":0}]}],"layers":[{"ddd":0,"ind":1,"ty":0,"nm":"23_Mallow_Disgust","refId":"comp_0","sr":1,"ks":{"o":{"a":0,"k":100,"ix":11},"r":{"a":0,"k":0,"ix":10},"p":{"a":0,"k":[160,160,0],"ix":2},"a":{"a":0,"k":[400,400,0],"ix":1},"s":{"a":0,"k":[40,40,100],"ix":6}},"ao":0,"w":800,"h":800,"ip":0,"op":30,"st":-90,"bm":0},{"ddd":0,"ind":2,"ty":0,"nm":"23_Mallow_Disgust","refId":"comp_0","sr":1,"ks":{"o":{"a":0,"k":100,"ix":11},"r":{"a":0,"k":0,"ix":10},"p":{"a":0,"k":[160,160,0],"ix":2},"a":{"a":0,"k":[400,400,0],"ix":1},"s":{"a":0,"k":[40,40,100],"ix":6}},"ao":0,"w":800,"h":800,"ip":30,"op":120,"st":30,"bm":0}],"markers":[]}