{"v":"5.6.2","fr":60,"ip":0,"op":120,"w":320,"h":320,"nm":"20_Mallow_Eye_Roll","ddd":0,"assets":[{"id":"comp_0","layers":[{"ddd":0,"ind":1,"ty":3,"nm":"C | Safe Area","sr":1,"ks":{"o":{"a":0,"k":100,"ix":11},"r":{"a":0,"k":0,"ix":10},"p":{"a":0,"k":[355.986,409.022,0],"ix":2},"a":{"a":0,"k":[67.3,1.125,0],"ix":1},"s":{"a":0,"k":[100,100,100],"ix":6}},"ao":0,"ip":0,"op":120,"st":0,"bm":0},{"ddd":0,"ind":2,"ty":3,"nm":"C | All","parent":1,"sr":1,"ks":{"o":{"a":0,"k":100,"ix":11},"r":{"a":0,"k":0,"ix":10},"p":{"a":0,"k":[102.024,385.664,0],"ix":2},"a":{"a":0,"k":[0,0,0],"ix":1},"s":{"a":0,"k":[112,112,100],"ix":6}},"ao":0,"ef":[{"ty":5,"nm":"Controller","np":14,"mn":"Pseudo/DUIK Ctrl v02","ix":1,"en":1,"ef":[{"ty":6,"nm":"Icon","mn":"Pseudo/DUIK Ctrl v02-0001","ix":1,"v":0},{"ty":2,"nm":"Color","mn":"Pseudo/DUIK Ctrl v02-0002","ix":2,"v":{"a":0,"k":[0.73799020052,0.030625253916,0.030625253916,1],"ix":2}},{"ty":3,"nm":"Position","mn":"Pseudo/DUIK Ctrl v02-0003","ix":3,"v":{"a":0,"k":[0,0],"ix":3}},{"ty":0,"nm":"Size","mn":"Pseudo/DUIK Ctrl v02-0004","ix":4,"v":{"a":0,"k":100,"ix":4}},{"ty":7,"nm":"Flip","mn":"Pseudo/DUIK Ctrl v02-0005","ix":5,"v":{"a":0,"k":0,"ix":5}},{"ty":0,"nm":"Orientation","mn":"Pseudo/DUIK Ctrl v02-0006","ix":6,"v":{"a":0,"k":0,"ix":6}},{"ty":0,"nm":"Opacity","mn":"Pseudo/DUIK Ctrl v02-0007","ix":7,"v":{"a":0,"k":100,"ix":7}},{"ty":6,"nm":"","mn":"Pseudo/DUIK Ctrl v02-0008","ix":8,"v":0},{"ty":6,"nm":"Anchor","mn":"Pseudo/DUIK Ctrl v02-0009","ix":9,"v":0},{"ty":2,"nm":"Color","mn":"Pseudo/DUIK Ctrl v02-0010","ix":10,"v":{"a":0,"k":[0,0,0,1],"ix":10}},{"ty":0,"nm":"Size","mn":"Pseudo/DUIK Ctrl v02-0011","ix":11,"v":{"a":0,"k":53,"ix":11}},{"ty":6,"nm":"","mn":"Pseudo/DUIK Ctrl v02-0012","ix":12,"v":0}]}],"ip":0,"op":120,"st":0,"bm":0},{"ddd":0,"ind":3,"ty":3,"nm":"C | Face","parent":9,"sr":1,"ks":{"o":{"a":0,"k":100,"ix":11},"r":{"a":0,"k":0,"ix":10},"p":{"a":0,"k":[424.461,251.638,0],"ix":2},"a":{"a":0,"k":[0,0,0],"ix":1},"s":{"a":0,"k":[128.6,128.6,100],"ix":6}},"ao":0,"ef":[{"ty":5,"nm":"Controller","np":14,"mn":"Pseudo/DUIK Ctrl v02","ix":1,"en":1,"ef":[{"ty":6,"nm":"Icon","mn":"Pseudo/DUIK Ctrl v02-0001","ix":1,"v":0},{"ty":2,"nm":"Color","mn":"Pseudo/DUIK Ctrl v02-0002","ix":2,"v":{"a":0,"k":[0.687469363213,0.090504176915,0.090504176915,1],"ix":2}},{"ty":3,"nm":"Position","mn":"Pseudo/DUIK Ctrl v02-0003","ix":3,"v":{"a":0,"k":[0,0],"ix":3}},{"ty":0,"nm":"Size","mn":"Pseudo/DUIK Ctrl v02-0004","ix":4,"v":{"a":0,"k":70,"ix":4}},{"ty":7,"nm":"Flip","mn":"Pseudo/DUIK Ctrl v02-0005","ix":5,"v":{"a":0,"k":0,"ix":5}},{"ty":0,"nm":"Orientation","mn":"Pseudo/DUIK Ctrl v02-0006","ix":6,"v":{"a":0,"k":0,"ix":6}},{"ty":0,"nm":"Opacity","mn":"Pseudo/DUIK Ctrl v02-0007","ix":7,"v":{"a":0,"k":100,"ix":7}},{"ty":6,"nm":"","mn":"Pseudo/DUIK Ctrl v02-0008","ix":8,"v":0},{"ty":6,"nm":"Anchor","mn":"Pseudo/DUIK Ctrl v02-0009","ix":9,"v":0},{"ty":2,"nm":"Color","mn":"Pseudo/DUIK Ctrl v02-0010","ix":10,"v":{"a":0,"k":[0,0,0,1],"ix":10}},{"ty":0,"nm":"Size","mn":"Pseudo/DUIK Ctrl v02-0011","ix":11,"v":{"a":0,"k":53,"ix":11}},{"ty":6,"nm":"","mn":"Pseudo/DUIK Ctrl v02-0012","ix":12,"v":0}]}],"ip":0,"op":120,"st":0,"bm":0},{"ddd":0,"ind":4,"ty":4,"nm":"Arms Front","parent":13,"sr":1,"ks":{"o":{"a":0,"k":100,"ix":11},"r":{"a":1,"k":[{"i":{"x":[0.235],"y":[1]},"o":{"x":[0.333],"y":[0]},"t":10,"s":[0]},{"i":{"x":[0.667],"y":[1]},"o":{"x":[0.333],"y":[0]},"t":45,"s":[-5]},{"i":{"x":[0.078],"y":[1]},"o":{"x":[0.333],"y":[0]},"t":70,"s":[-5]},{"t":92,"s":[0]}],"ix":10},"p":{"a":0,"k":[389.241,610.633,0],"ix":2},"a":{"a":0,"k":[389.241,610.633,0],"ix":1},"s":{"a":0,"k":[100,100,100],"ix":6}},"ao":0,"shapes":[{"ty":"gr","it":[{"ind":0,"ty":"sh","ix":1,"ks":{"a":0,"k":{"i":[[32.604,-5.887],[4.451,-1.224],[-1.249,-21.876],[0,0]],"o":[[-4.829,0.872],[8.049,5.467],[20.016,-12.024],[0,0]],"v":[[-12.609,-17.796],[-26.553,-14.606],[-8.743,22.932],[26.553,0.888]],"c":true},"ix":2},"nm":"Path 1","mn":"ADBE Vector Shape - Group","hd":false},{"ty":"st","c":{"a":0,"k":[0,0,0,1],"ix":3},"o":{"a":0,"k":100,"ix":4},"w":{"a":0,"k":4,"ix":5},"lc":2,"lj":2,"bm":0,"nm":"Stroke 1","mn":"ADBE Vector Graphic - Stroke","hd":false},{"ty":"fl","c":{"a":0,"k":[0.948999980852,0.438999998803,0.717999985639,1],"ix":4},"o":{"a":0,"k":100,"ix":5},"r":1,"bm":0,"nm":"Fill 1","mn":"ADBE Vector Graphic - Fill","hd":false},{"ty":"tr","p":{"a":0,"k":[410.26,601.725],"ix":2},"a":{"a":0,"k":[0,0],"ix":1},"s":{"a":0,"k":[100,100],"ix":3},"r":{"a":0,"k":0,"ix":6},"o":{"a":0,"k":100,"ix":7},"sk":{"a":0,"k":0,"ix":4},"sa":{"a":0,"k":0,"ix":5},"nm":"Transform"}],"nm":"Group 6","np":3,"cix":2,"bm":0,"ix":1,"mn":"ADBE Vector Group","hd":false},{"ty":"gr","it":[{"ind":0,"ty":"sh","ix":1,"ks":{"a":0,"k":{"i":[[-6.452,-12.666],[-37.07,10.766],[0,0],[32.604,-5.887],[0,0]],"o":[[4.797,9.415],[50.386,-14.633],[0,0],[-32.604,5.886],[0,0]],"v":[[-73.799,25.622],[-28.637,35.339],[72.563,-15.431],[33.399,-34.114],[-40.688,-3.503]],"c":false},"ix":2},"nm":"Path 1","mn":"ADBE Vector Shape - Group","hd":false},{"ty":"st","c":{"a":0,"k":[0,0,0,1],"ix":3},"o":{"a":0,"k":100,"ix":4},"w":{"a":0,"k":4,"ix":5},"lc":2,"lj":2,"bm":0,"nm":"Stroke 1","mn":"ADBE Vector Graphic - Stroke","hd":false},{"ty":"fl","c":{"a":0,"k":[0.847000002394,0.823999980852,0.663000009574,1],"ix":4},"o":{"a":0,"k":100,"ix":5},"r":1,"bm":0,"nm":"Fill 1","mn":"ADBE Vector Graphic - Fill","hd":false},{"ty":"tr","p":{"a":0,"k":[364.251,618.044],"ix":2},"a":{"a":0,"k":[0,0],"ix":1},"s":{"a":0,"k":[100,100],"ix":3},"r":{"a":0,"k":0,"ix":6},"o":{"a":0,"k":100,"ix":7},"sk":{"a":0,"k":0,"ix":4},"sa":{"a":0,"k":0,"ix":5},"nm":"Transform"}],"nm":"Group 7","np":3,"cix":2,"bm":0,"ix":2,"mn":"ADBE Vector Group","hd":false},{"ty":"gr","it":[{"ind":0,"ty":"sh","ix":1,"ks":{"a":0,"k":{"i":[[-32.604,-5.887],[-4.452,-1.224],[1.249,-21.876],[0,0]],"o":[[4.829,0.872],[-8.049,5.467],[-20.016,-12.024],[0,0]],"v":[[12.609,-17.796],[26.553,-14.606],[8.742,23.682],[-26.554,0.888]],"c":true},"ix":2},"nm":"Path 1","mn":"ADBE Vector Shape - Group","hd":false},{"ty":"st","c":{"a":0,"k":[0,0,0,1],"ix":3},"o":{"a":0,"k":100,"ix":4},"w":{"a":0,"k":4,"ix":5},"lc":2,"lj":2,"bm":0,"nm":"Stroke 1","mn":"ADBE Vector Graphic - Stroke","hd":false},{"ty":"fl","c":{"a":0,"k":[0.948999980852,0.438999998803,0.717999985639,1],"ix":4},"o":{"a":0,"k":100,"ix":5},"r":1,"bm":0,"nm":"Fill 1","mn":"ADBE Vector Graphic - Fill","hd":false},{"ty":"tr","p":{"a":0,"k":[367.471,601.725],"ix":2},"a":{"a":0,"k":[0,0],"ix":1},"s":{"a":0,"k":[100,100],"ix":3},"r":{"a":0,"k":0,"ix":6},"o":{"a":0,"k":100,"ix":7},"sk":{"a":0,"k":0,"ix":4},"sa":{"a":0,"k":0,"ix":5},"nm":"Transform"}],"nm":"Group 1","np":3,"cix":2,"bm":0,"ix":3,"mn":"ADBE Vector Group","hd":false},{"ty":"gr","it":[{"ind":0,"ty":"sh","ix":1,"ks":{"a":0,"k":{"i":[[4.437,-13.303],[37.63,8.603],[0,0],[-32.604,-5.887],[-19.979,-13.444]],"o":[[-2.529,7.584],[-37.631,-8.604],[0,0],[27.121,4.896],[1.289,0.868]],"v":[[74.548,29.122],[28.636,36.589],[-72.562,-15.431],[-33.4,-34.114],[43.123,-1.35]],"c":false},"ix":2},"nm":"Path 1","mn":"ADBE Vector Shape - Group","hd":false},{"ty":"st","c":{"a":0,"k":[0,0,0,1],"ix":3},"o":{"a":0,"k":100,"ix":4},"w":{"a":0,"k":4,"ix":5},"lc":2,"lj":2,"bm":0,"nm":"Stroke 1","mn":"ADBE Vector Graphic - Stroke","hd":false},{"ty":"fl","c":{"a":0,"k":[0.847000002394,0.823999980852,0.663000009574,1],"ix":4},"o":{"a":0,"k":100,"ix":5},"r":1,"bm":0,"nm":"Fill 1","mn":"ADBE Vector Graphic - Fill","hd":false},{"ty":"tr","p":{"a":0,"k":[413.481,618.044],"ix":2},"a":{"a":0,"k":[0,0],"ix":1},"s":{"a":0,"k":[100,100],"ix":3},"r":{"a":0,"k":0,"ix":6},"o":{"a":0,"k":100,"ix":7},"sk":{"a":0,"k":0,"ix":4},"sa":{"a":0,"k":0,"ix":5},"nm":"Transform"}],"nm":"Group 5","np":3,"cix":2,"bm":0,"ix":4,"mn":"ADBE Vector Group","hd":false}],"ip":0,"op":120,"st":0,"bm":0},{"ddd":0,"ind":5,"ty":4,"nm":"Mouth","parent":3,"sr":1,"ks":{"o":{"a":0,"k":100,"ix":11},"r":{"a":1,"k":[{"i":{"x":[0.077],"y":[1]},"o":{"x":[0.333],"y":[0]},"t":5,"s":[0]},{"i":{"x":[0.667],"y":[1]},"o":{"x":[0.333],"y":[0]},"t":40,"s":[10]},{"i":{"x":[0.105],"y":[1]},"o":{"x":[0.333],"y":[0]},"t":75,"s":[10]},{"t":97,"s":[0]}],"ix":10},"p":{"a":1,"k":[{"i":{"x":0.077,"y":1},"o":{"x":0.333,"y":0},"t":5,"s":[-13.74,111.062,0],"to":[-2.237,-2.577,0],"ti":[2.237,2.577,0]},{"i":{"x":0.667,"y":0.667},"o":{"x":0.333,"y":0.333},"t":40,"s":[-27.161,95.598,0],"to":[0,0,0],"ti":[0,0,0]},{"i":{"x":0.105,"y":1},"o":{"x":0.333,"y":0},"t":75,"s":[-27.161,95.598,0],"to":[2.237,2.577,0],"ti":[-2.237,-2.577,0]},{"t":97,"s":[-13.74,111.062,0]}],"ix":2},"a":{"a":0,"k":[378.524,527.66,0],"ix":1},"s":{"a":0,"k":[77.76,77.76,100],"ix":6}},"ao":0,"shapes":[{"ty":"gr","it":[{"ind":0,"ty":"sh","ix":1,"ks":{"a":0,"k":{"i":[[0,0],[0,0],[0,0],[-6.346,0],[0,0],[-1.416,6.062]],"o":[[0,0],[0,0],[1.295,6.212],[0,0],[6.224,0],[0,0]],"v":[[26.56,-16.286],[-26.561,-16.286],[-21.992,5.623],[-8.876,16.286],[8.321,16.286],[21.367,5.937]],"c":true},"ix":2},"nm":"Path 1","mn":"ADBE Vector Shape - Group","hd":false},{"ty":"st","c":{"a":0,"k":[0,0,0,1],"ix":3},"o":{"a":0,"k":100,"ix":4},"w":{"a":0,"k":3,"ix":5},"lc":1,"lj":1,"ml":10,"bm":0,"nm":"Stroke 1","mn":"ADBE Vector Graphic - Stroke","hd":false},{"ty":"tr","p":{"a":0,"k":[390.702,545.762],"ix":2},"a":{"a":0,"k":[0,0],"ix":1},"s":{"a":0,"k":[100,100],"ix":3},"r":{"a":0,"k":0,"ix":6},"o":{"a":0,"k":100,"ix":7},"sk":{"a":0,"k":0,"ix":4},"sa":{"a":0,"k":0,"ix":5},"nm":"Transform"}],"nm":"Group 1","np":2,"cix":2,"bm":0,"ix":1,"mn":"ADBE Vector Group","hd":false},{"ty":"gr","it":[{"ind":0,"ty":"sh","ix":1,"ks":{"a":0,"k":{"i":[[0,0],[0,0],[0,0],[-6.346,0],[0,0],[-1.416,6.062]],"o":[[0,0],[0,0],[1.295,6.212],[0,0],[6.224,0],[0,0]],"v":[[26.56,-16.286],[-26.561,-16.286],[-21.992,5.623],[-8.876,16.286],[8.321,16.286],[21.367,5.937]],"c":true},"ix":2},"nm":"Path 1","mn":"ADBE Vector Shape - Group","hd":false},{"ty":"gr","it":[{"ty":"tr","p":{"a":0,"k":[0,0],"ix":2},"a":{"a":0,"k":[0,0],"ix":1},"s":{"a":0,"k":[100,100],"ix":3},"r":{"a":0,"k":0,"ix":6},"o":{"a":0,"k":100,"ix":7},"sk":{"a":0,"k":0,"ix":4},"sa":{"a":0,"k":0,"ix":5},"nm":"Transform"}],"nm":"Group 1","np":0,"cix":2,"bm":0,"ix":2,"mn":"ADBE Vector Group","hd":false},{"ty":"mm","mm":4,"nm":"Merge Paths 1","mn":"ADBE Vector Filter - Merge","hd":false},{"ty":"fl","c":{"a":0,"k":[1,1,1,1],"ix":4},"o":{"a":0,"k":100,"ix":5},"r":1,"bm":0,"nm":"Fill 1","mn":"ADBE Vector Graphic - Fill","hd":false},{"ty":"tr","p":{"a":0,"k":[390.702,545.762],"ix":2},"a":{"a":0,"k":[0,0],"ix":1},"s":{"a":0,"k":[100,100],"ix":3},"r":{"a":0,"k":0,"ix":6},"o":{"a":0,"k":100,"ix":7},"sk":{"a":0,"k":0,"ix":4},"sa":{"a":0,"k":0,"ix":5},"nm":"Transform"}],"nm":"Group 2","np":4,"cix":2,"bm":0,"ix":2,"mn":"ADBE Vector Group","hd":false},{"ty":"gr","it":[{"ind":0,"ty":"sh","ix":1,"ks":{"a":0,"k":{"i":[[0,0],[0,0]],"o":[[0,0],[0,0]],"v":[[443.613,529.476],[336.292,529.476]],"c":false},"ix":2},"nm":"Path 1","mn":"ADBE Vector Shape - Group","hd":false},{"ty":"st","c":{"a":0,"k":[0,0,0,1],"ix":3},"o":{"a":0,"k":100,"ix":4},"w":{"a":0,"k":3,"ix":5},"lc":1,"lj":1,"ml":10,"bm":0,"nm":"Stroke 1","mn":"ADBE Vector Graphic - Stroke","hd":false},{"ty":"tr","p":{"a":0,"k":[0,0],"ix":2},"a":{"a":0,"k":[0,0],"ix":1},"s":{"a":0,"k":[100,100],"ix":3},"r":{"a":0,"k":0,"ix":6},"o":{"a":0,"k":100,"ix":7},"sk":{"a":0,"k":0,"ix":4},"sa":{"a":0,"k":0,"ix":5},"nm":"Transform"}],"nm":"Group 3","np":2,"cix":2,"bm":0,"ix":3,"mn":"ADBE Vector Group","hd":false},{"ty":"gr","it":[{"ind":0,"ty":"sh","ix":1,"ks":{"a":0,"k":{"i":[[0,0],[0,0]],"o":[[0,0],[0,0]],"v":[[336.292,516.231],[336.292,542.722]],"c":false},"ix":2},"nm":"Path 1","mn":"ADBE Vector Shape - Group","hd":false},{"ty":"st","c":{"a":0,"k":[0,0,0,1],"ix":3},"o":{"a":0,"k":100,"ix":4},"w":{"a":0,"k":3,"ix":5},"lc":1,"lj":1,"ml":10,"bm":0,"nm":"Stroke 1","mn":"ADBE Vector Graphic - Stroke","hd":false},{"ty":"tr","p":{"a":0,"k":[0,0],"ix":2},"a":{"a":0,"k":[0,0],"ix":1},"s":{"a":0,"k":[100,100],"ix":3},"r":{"a":0,"k":0,"ix":6},"o":{"a":0,"k":100,"ix":7},"sk":{"a":0,"k":0,"ix":4},"sa":{"a":0,"k":0,"ix":5},"nm":"Transform"}],"nm":"Group 4","np":2,"cix":2,"bm":0,"ix":4,"mn":"ADBE Vector Group","hd":false}],"ip":0,"op":120,"st":0,"bm":0},{"ddd":0,"ind":6,"ty":4,"nm":"Eyes","parent":3,"sr":1,"ks":{"o":{"a":0,"k":100,"ix":11},"r":{"a":0,"k":0,"ix":10},"p":{"a":0,"k":[-3.646,31.704,0],"ix":2},"a":{"a":0,"k":[390.791,408.153,0],"ix":1},"s":{"a":0,"k":[77.76,77.76,100],"ix":6}},"ao":0,"shapes":[{"ty":"gr","it":[{"ty":"gr","it":[{"ind":0,"ty":"sh","ix":1,"ks":{"a":1,"k":[{"i":{"x":0.667,"y":1},"o":{"x":0.333,"y":0},"t":4,"s":[{"i":[[0,0],[0,0],[0,7.441]],"o":[[0,0],[7.44,0],[0,0]],"v":[[-42.679,7.811],[29.208,7.811],[42.679,-5.661]],"c":false}]},{"i":{"x":0.833,"y":0.833},"o":{"x":0.167,"y":0.167},"t":8,"s":[{"i":[[0,0],[0,0],[-7.448,6.104]],"o":[[15.41,7.071],[7.44,0],[0,0]],"v":[[-22.971,20.622],[3.832,27.122],[29.137,20.089]],"c":false}]},{"i":{"x":0.667,"y":1},"o":{"x":0.333,"y":0},"t":14,"s":[{"i":[[0,0],[0,0],[-7.448,6.104]],"o":[[15.41,7.071],[7.44,0],[0,0]],"v":[[-22.971,20.622],[3.832,27.122],[29.137,20.089]],"c":false}]},{"i":{"x":0,"y":1},"o":{"x":0.167,"y":0.167},"t":18,"s":[{"i":[[0,0],[0,0],[0,7.441]],"o":[[0,0],[7.44,0],[0,0]],"v":[[-42.679,7.811],[29.208,7.811],[42.679,-5.661]],"c":false}]},{"i":{"x":0.667,"y":1},"o":{"x":0.333,"y":0},"t":75,"s":[{"i":[[0,0],[0,0],[0,7.441]],"o":[[0,0],[7.44,0],[0,0]],"v":[[-42.679,7.811],[29.208,7.811],[42.679,-5.661]],"c":false}]},{"i":{"x":0.833,"y":0.833},"o":{"x":0.167,"y":0.167},"t":79,"s":[{"i":[[0,0],[0,0],[-7.448,6.104]],"o":[[15.41,7.071],[7.44,0],[0,0]],"v":[[-22.971,20.622],[3.832,27.122],[29.137,20.089]],"c":false}]},{"i":{"x":0.667,"y":1},"o":{"x":0.333,"y":0},"t":85,"s":[{"i":[[0,0],[0,0],[-7.448,6.104]],"o":[[15.41,7.071],[7.44,0],[0,0]],"v":[[-22.971,20.622],[3.832,27.122],[29.137,20.089]],"c":false}]},{"t":89,"s":[{"i":[[0,0],[0,0],[0,7.441]],"o":[[0,0],[7.44,0],[0,0]],"v":[[-42.679,7.811],[29.208,7.811],[42.679,-5.661]],"c":false}]}],"ix":2},"nm":"Path 1","mn":"ADBE Vector Shape - Group","hd":false},{"ty":"st","c":{"a":0,"k":[0,0,0,1],"ix":3},"o":{"a":0,"k":100,"ix":4},"w":{"a":1,"k":[{"i":{"x":[0.667],"y":[1]},"o":{"x":[0.333],"y":[0]},"t":4,"s":[3]},{"i":{"x":[0.833],"y":[0.833]},"o":{"x":[0.167],"y":[0.167]},"t":7,"s":[10]},{"i":{"x":[0.667],"y":[1]},"o":{"x":[0.333],"y":[0]},"t":15,"s":[10]},{"i":{"x":[0],"y":[1]},"o":{"x":[0.167],"y":[0]},"t":18,"s":[3]},{"i":{"x":[0.667],"y":[1]},"o":{"x":[0.333],"y":[0]},"t":75,"s":[3]},{"i":{"x":[0.833],"y":[0.833]},"o":{"x":[0.167],"y":[0.167]},"t":79,"s":[10]},{"i":{"x":[0.667],"y":[1]},"o":{"x":[0.333],"y":[0]},"t":85,"s":[10]},{"t":89,"s":[3]}],"ix":5},"lc":2,"lj":2,"bm":0,"nm":"Stroke 1","mn":"ADBE Vector Graphic - Stroke","hd":false},{"ty":"tr","p":{"a":0,"k":[313.311,394.307],"ix":2},"a":{"a":0,"k":[0,0],"ix":1},"s":{"a":0,"k":[100,100],"ix":3},"r":{"a":0,"k":0,"ix":6},"o":{"a":0,"k":100,"ix":7},"sk":{"a":0,"k":0,"ix":4},"sa":{"a":0,"k":0,"ix":5},"nm":"Transform"}],"nm":"Group 2","np":2,"cix":2,"bm":0,"ix":1,"mn":"ADBE Vector Group","hd":false},{"ty":"gr","it":[{"ind":0,"ty":"sh","ix":1,"ks":{"a":1,"k":[{"i":{"x":0.667,"y":1},"o":{"x":0.333,"y":0},"t":4,"s":[{"i":[[0,0],[0,0],[0,7.441],[0,0],[0,0]],"o":[[0,0],[7.44,0],[0,0],[0,0],[0,0]],"v":[[-42.679,13.669],[29.208,13.669],[42.679,0.198],[42.679,-13.669],[-42.679,-13.669]],"c":true}]},{"i":{"x":0.833,"y":0.833},"o":{"x":0.167,"y":0.167},"t":8,"s":[{"i":[[0,0],[-25.727,11.382],[0,7.441],[0,0],[0,0]],"o":[[0,0],[7.006,-3.1],[0,0],[0,0],[0,0]],"v":[[-22.971,26.48],[25.416,28.169],[42.637,12.948],[42.679,-13.669],[-42.679,-13.669]],"c":true}]},{"i":{"x":0.667,"y":1},"o":{"x":0.333,"y":0},"t":14,"s":[{"i":[[0,0],[-25.727,11.382],[0,7.441],[0,0],[0,0]],"o":[[0,0],[7.006,-3.1],[0,0],[0,0],[0,0]],"v":[[-22.971,26.48],[25.416,28.169],[42.637,12.948],[42.679,-13.669],[-42.679,-13.669]],"c":true}]},{"i":{"x":0,"y":1},"o":{"x":0.167,"y":0.167},"t":18,"s":[{"i":[[0,0],[0,0],[0,7.441],[0,0],[0,0]],"o":[[0,0],[7.44,0],[0,0],[0,0],[0,0]],"v":[[-42.679,13.669],[29.208,13.669],[42.679,0.198],[42.679,-13.669],[-42.679,-13.669]],"c":true}]},{"i":{"x":0.667,"y":1},"o":{"x":0.333,"y":0},"t":75,"s":[{"i":[[0,0],[0,0],[0,7.441],[0,0],[0,0]],"o":[[0,0],[7.44,0],[0,0],[0,0],[0,0]],"v":[[-42.679,13.669],[29.208,13.669],[42.679,0.198],[42.679,-13.669],[-42.679,-13.669]],"c":true}]},{"i":{"x":0.833,"y":0.833},"o":{"x":0.167,"y":0.167},"t":79,"s":[{"i":[[0,0],[-25.727,11.382],[0,7.441],[0,0],[0,0]],"o":[[0,0],[7.006,-3.1],[0,0],[0,0],[0,0]],"v":[[-22.971,26.48],[25.416,28.169],[42.637,12.948],[42.679,-13.669],[-42.679,-13.669]],"c":true}]},{"i":{"x":0.667,"y":1},"o":{"x":0.333,"y":0},"t":85,"s":[{"i":[[0,0],[-25.727,11.382],[0,7.441],[0,0],[0,0]],"o":[[0,0],[7.006,-3.1],[0,0],[0,0],[0,0]],"v":[[-22.971,26.48],[25.416,28.169],[42.637,12.948],[42.679,-13.669],[-42.679,-13.669]],"c":true}]},{"t":89,"s":[{"i":[[0,0],[0,0],[0,7.441],[0,0],[0,0]],"o":[[0,0],[7.44,0],[0,0],[0,0],[0,0]],"v":[[-42.679,13.669],[29.208,13.669],[42.679,0.198],[42.679,-13.669],[-42.679,-13.669]],"c":true}]}],"ix":2},"nm":"Path 1","mn":"ADBE Vector Shape - Group","hd":false},{"ty":"fl","c":{"a":0,"k":[0.948999980852,0.438999998803,0.717999985639,1],"ix":4},"o":{"a":0,"k":100,"ix":5},"r":1,"bm":0,"nm":"Fill 1","mn":"ADBE Vector Graphic - Fill","hd":false},{"ty":"tr","p":{"a":0,"k":[313.311,388.448],"ix":2},"a":{"a":0,"k":[0,0],"ix":1},"s":{"a":0,"k":[100,100],"ix":3},"r":{"a":0,"k":0,"ix":6},"o":{"a":0,"k":100,"ix":7},"sk":{"a":0,"k":0,"ix":4},"sa":{"a":0,"k":0,"ix":5},"nm":"Transform"}],"nm":"Group 3","np":2,"cix":2,"bm":0,"ix":2,"mn":"ADBE Vector Group","hd":false},{"ty":"gr","it":[{"ind":0,"ty":"sh","ix":1,"ks":{"a":1,"k":[{"i":{"x":0.667,"y":1},"o":{"x":0.333,"y":0},"t":4,"s":[{"i":[[0,-16.145],[8.377,0],[0,16.146],[-8.377,0]],"o":[[0,16.146],[-8.377,0],[0,-16.145],[8.377,0]],"v":[[15.169,-0.001],[0,29.233],[-15.168,-0.001],[0,-29.233]],"c":true}]},{"i":{"x":0.833,"y":0.833},"o":{"x":0.167,"y":0.167},"t":8,"s":[{"i":[[0,-2.737],[8.377,0],[0,2.737],[-8.377,0]],"o":[[0,2.737],[-8.377,0],[0,-2.737],[8.377,0]],"v":[[15.169,0],[0,4.956],[-15.168,0],[0,-4.956]],"c":true}]},{"i":{"x":0.667,"y":1},"o":{"x":0.333,"y":0},"t":14,"s":[{"i":[[0,-2.737],[8.377,0],[0,2.737],[-8.377,0]],"o":[[0,2.737],[-8.377,0],[0,-2.737],[8.377,0]],"v":[[15.169,0],[0,4.956],[-15.168,0],[0,-4.956]],"c":true}]},{"i":{"x":0,"y":1},"o":{"x":0.167,"y":0.167},"t":18,"s":[{"i":[[0,-14.209],[8.377,0],[0,14.21],[-8.377,0]],"o":[[0,14.21],[-8.377,0],[0,-14.209],[8.377,0]],"v":[[32.553,-5.526],[17.385,20.204],[2.216,-5.526],[17.385,-31.254]],"c":true}]},{"i":{"x":0.667,"y":1},"o":{"x":0.333,"y":0},"t":75,"s":[{"i":[[0,-16.145],[8.377,0],[0,16.146],[-8.377,0]],"o":[[0,16.146],[-8.377,0],[0,-16.145],[8.377,0]],"v":[[15.169,-0.001],[0,29.233],[-15.168,-0.001],[0,-29.233]],"c":true}]},{"i":{"x":0.833,"y":0.833},"o":{"x":0.167,"y":0.167},"t":79,"s":[{"i":[[0,-2.737],[8.377,0],[0,2.737],[-8.377,0]],"o":[[0,2.737],[-8.377,0],[0,-2.737],[8.377,0]],"v":[[15.169,0],[0,4.956],[-15.168,0],[0,-4.956]],"c":true}]},{"i":{"x":0.667,"y":1},"o":{"x":0.333,"y":0},"t":85,"s":[{"i":[[0,-2.737],[8.377,0],[0,2.737],[-8.377,0]],"o":[[0,2.737],[-8.377,0],[0,-2.737],[8.377,0]],"v":[[15.169,0],[0,4.956],[-15.168,0],[0,-4.956]],"c":true}]},{"t":89,"s":[{"i":[[0,-16.145],[8.377,0],[0,16.146],[-8.377,0]],"o":[[0,16.146],[-8.377,0],[0,-16.145],[8.377,0]],"v":[[15.169,-0.001],[0,29.233],[-15.168,-0.001],[0,-29.233]],"c":true}]}],"ix":2},"nm":"Path 1","mn":"ADBE Vector Shape - Group","hd":false},{"ty":"fl","c":{"a":0,"k":[0,0,0,1],"ix":4},"o":{"a":0,"k":100,"ix":5},"r":1,"bm":0,"nm":"Fill 1","mn":"ADBE Vector Graphic - Fill","hd":false},{"ty":"tr","p":{"a":1,"k":[{"i":{"x":0.061,"y":1},"o":{"x":0.167,"y":0.167},"t":15,"s":[317.012,412.294],"to":[-3.117,0],"ti":[3.117,0]},{"i":{"x":0.833,"y":0.833},"o":{"x":0.167,"y":0.167},"t":75,"s":[298.312,412.294],"to":[0,0],"ti":[0,0]},{"i":{"x":0,"y":1},"o":{"x":0.167,"y":0.167},"t":85,"s":[298.312,412.294],"to":[3.117,0],"ti":[-3.117,0]},{"t":120,"s":[317.012,412.294]}],"ix":2},"a":{"a":0,"k":[0,0],"ix":1},"s":{"a":0,"k":[100,100],"ix":3},"r":{"a":0,"k":0,"ix":6},"o":{"a":0,"k":100,"ix":7},"sk":{"a":0,"k":0,"ix":4},"sa":{"a":0,"k":0,"ix":5},"nm":"Transform"}],"nm":"Eye","np":2,"cix":2,"bm":0,"ix":3,"mn":"ADBE Vector Group","hd":false},{"ty":"tr","p":{"a":0,"k":[468.272,408.153],"ix":2},"a":{"a":0,"k":[313.311,408.153],"ix":1},"s":{"a":0,"k":[100,100],"ix":3},"r":{"a":0,"k":0,"ix":6},"o":{"a":0,"k":100,"ix":7},"sk":{"a":0,"k":0,"ix":4},"sa":{"a":0,"k":0,"ix":5},"nm":"Transform"}],"nm":"R","np":3,"cix":2,"bm":0,"ix":1,"mn":"ADBE Vector Group","hd":false},{"ty":"gr","it":[{"ty":"gr","it":[{"ind":0,"ty":"sh","ix":1,"ks":{"a":1,"k":[{"i":{"x":0.667,"y":1},"o":{"x":0.333,"y":0},"t":4,"s":[{"i":[[0,0],[0,0],[0,7.441]],"o":[[0,0],[7.44,0],[0,0]],"v":[[-42.679,7.811],[29.208,7.811],[42.679,-5.661]],"c":false}]},{"i":{"x":0.833,"y":0.833},"o":{"x":0.167,"y":0.167},"t":8,"s":[{"i":[[0,0],[0,0],[-7.448,6.104]],"o":[[15.41,7.071],[7.44,0],[0,0]],"v":[[-22.971,20.622],[3.832,27.122],[29.137,20.089]],"c":false}]},{"i":{"x":0.667,"y":1},"o":{"x":0.333,"y":0},"t":14,"s":[{"i":[[0,0],[0,0],[-7.448,6.104]],"o":[[15.41,7.071],[7.44,0],[0,0]],"v":[[-22.971,20.622],[3.832,27.122],[29.137,20.089]],"c":false}]},{"i":{"x":0,"y":1},"o":{"x":0.167,"y":0.167},"t":18,"s":[{"i":[[0,0],[0,0],[0,7.441]],"o":[[0,0],[7.44,0],[0,0]],"v":[[-42.679,7.811],[29.208,7.811],[42.679,-5.661]],"c":false}]},{"i":{"x":0.667,"y":1},"o":{"x":0.333,"y":0},"t":75,"s":[{"i":[[0,0],[0,0],[0,7.441]],"o":[[0,0],[7.44,0],[0,0]],"v":[[-42.679,7.811],[29.208,7.811],[42.679,-5.661]],"c":false}]},{"i":{"x":0.833,"y":0.833},"o":{"x":0.167,"y":0.167},"t":79,"s":[{"i":[[0,0],[0,0],[-7.448,6.104]],"o":[[15.41,7.071],[7.44,0],[0,0]],"v":[[-22.971,20.622],[3.832,27.122],[29.137,20.089]],"c":false}]},{"i":{"x":0.667,"y":1},"o":{"x":0.333,"y":0},"t":85,"s":[{"i":[[0,0],[0,0],[-7.448,6.104]],"o":[[15.41,7.071],[7.44,0],[0,0]],"v":[[-22.971,20.622],[3.832,27.122],[29.137,20.089]],"c":false}]},{"t":89,"s":[{"i":[[0,0],[0,0],[0,7.441]],"o":[[0,0],[7.44,0],[0,0]],"v":[[-42.679,7.811],[29.208,7.811],[42.679,-5.661]],"c":false}]}],"ix":2},"nm":"Path 1","mn":"ADBE Vector Shape - Group","hd":false},{"ty":"st","c":{"a":0,"k":[0,0,0,1],"ix":3},"o":{"a":0,"k":100,"ix":4},"w":{"a":1,"k":[{"i":{"x":[0.667],"y":[1]},"o":{"x":[0.333],"y":[0]},"t":4,"s":[3]},{"i":{"x":[0.833],"y":[0.833]},"o":{"x":[0.167],"y":[0.167]},"t":7,"s":[10]},{"i":{"x":[0.667],"y":[1]},"o":{"x":[0.333],"y":[0]},"t":15,"s":[10]},{"i":{"x":[0],"y":[1]},"o":{"x":[0.167],"y":[0]},"t":18,"s":[3]},{"i":{"x":[0.667],"y":[1]},"o":{"x":[0.333],"y":[0]},"t":75,"s":[3]},{"i":{"x":[0.833],"y":[0.833]},"o":{"x":[0.167],"y":[0.167]},"t":79,"s":[10]},{"i":{"x":[0.667],"y":[1]},"o":{"x":[0.333],"y":[0]},"t":85,"s":[10]},{"t":89,"s":[3]}],"ix":5},"lc":2,"lj":2,"bm":0,"nm":"Stroke 1","mn":"ADBE Vector Graphic - Stroke","hd":false},{"ty":"tr","p":{"a":0,"k":[313.311,394.307],"ix":2},"a":{"a":0,"k":[0,0],"ix":1},"s":{"a":0,"k":[100,100],"ix":3},"r":{"a":0,"k":0,"ix":6},"o":{"a":0,"k":100,"ix":7},"sk":{"a":0,"k":0,"ix":4},"sa":{"a":0,"k":0,"ix":5},"nm":"Transform"}],"nm":"Group 2","np":2,"cix":2,"bm":0,"ix":1,"mn":"ADBE Vector Group","hd":false},{"ty":"gr","it":[{"ind":0,"ty":"sh","ix":1,"ks":{"a":1,"k":[{"i":{"x":0.667,"y":1},"o":{"x":0.333,"y":0},"t":4,"s":[{"i":[[0,0],[0,0],[0,7.441],[0,0],[0,0]],"o":[[0,0],[7.44,0],[0,0],[0,0],[0,0]],"v":[[-42.679,13.669],[29.208,13.669],[42.679,0.198],[42.679,-13.669],[-42.679,-13.669]],"c":true}]},{"i":{"x":0.833,"y":0.833},"o":{"x":0.167,"y":0.167},"t":8,"s":[{"i":[[0,0],[-25.727,11.382],[0,7.441],[0,0],[0,0]],"o":[[0,0],[7.006,-3.1],[0,0],[0,0],[0,0]],"v":[[-22.971,26.48],[25.416,28.169],[42.637,12.948],[42.679,-13.669],[-42.679,-13.669]],"c":true}]},{"i":{"x":0.667,"y":1},"o":{"x":0.333,"y":0},"t":14,"s":[{"i":[[0,0],[-25.727,11.382],[0,7.441],[0,0],[0,0]],"o":[[0,0],[7.006,-3.1],[0,0],[0,0],[0,0]],"v":[[-22.971,26.48],[25.416,28.169],[42.637,12.948],[42.679,-13.669],[-42.679,-13.669]],"c":true}]},{"i":{"x":0,"y":1},"o":{"x":0.167,"y":0.167},"t":18,"s":[{"i":[[0,0],[0,0],[0,7.441],[0,0],[0,0]],"o":[[0,0],[7.44,0],[0,0],[0,0],[0,0]],"v":[[-42.679,13.669],[29.208,13.669],[42.679,0.198],[42.679,-13.669],[-42.679,-13.669]],"c":true}]},{"i":{"x":0.667,"y":1},"o":{"x":0.333,"y":0},"t":75,"s":[{"i":[[0,0],[0,0],[0,7.441],[0,0],[0,0]],"o":[[0,0],[7.44,0],[0,0],[0,0],[0,0]],"v":[[-42.679,13.669],[29.208,13.669],[42.679,0.198],[42.679,-13.669],[-42.679,-13.669]],"c":true}]},{"i":{"x":0.833,"y":0.833},"o":{"x":0.167,"y":0.167},"t":79,"s":[{"i":[[0,0],[-25.727,11.382],[0,7.441],[0,0],[0,0]],"o":[[0,0],[7.006,-3.1],[0,0],[0,0],[0,0]],"v":[[-22.971,26.48],[25.416,28.169],[42.637,12.948],[42.679,-13.669],[-42.679,-13.669]],"c":true}]},{"i":{"x":0.667,"y":1},"o":{"x":0.333,"y":0},"t":85,"s":[{"i":[[0,0],[-25.727,11.382],[0,7.441],[0,0],[0,0]],"o":[[0,0],[7.006,-3.1],[0,0],[0,0],[0,0]],"v":[[-22.971,26.48],[25.416,28.169],[42.637,12.948],[42.679,-13.669],[-42.679,-13.669]],"c":true}]},{"t":89,"s":[{"i":[[0,0],[0,0],[0,7.441],[0,0],[0,0]],"o":[[0,0],[7.44,0],[0,0],[0,0],[0,0]],"v":[[-42.679,13.669],[29.208,13.669],[42.679,0.198],[42.679,-13.669],[-42.679,-13.669]],"c":true}]}],"ix":2},"nm":"Path 1","mn":"ADBE Vector Shape - Group","hd":false},{"ty":"fl","c":{"a":0,"k":[0.948999980852,0.438999998803,0.717999985639,1],"ix":4},"o":{"a":0,"k":100,"ix":5},"r":1,"bm":0,"nm":"Fill 1","mn":"ADBE Vector Graphic - Fill","hd":false},{"ty":"tr","p":{"a":0,"k":[313.311,388.448],"ix":2},"a":{"a":0,"k":[0,0],"ix":1},"s":{"a":0,"k":[100,100],"ix":3},"r":{"a":0,"k":0,"ix":6},"o":{"a":0,"k":100,"ix":7},"sk":{"a":0,"k":0,"ix":4},"sa":{"a":0,"k":0,"ix":5},"nm":"Transform"}],"nm":"Group 3","np":2,"cix":2,"bm":0,"ix":2,"mn":"ADBE Vector Group","hd":false},{"ty":"gr","it":[{"ind":0,"ty":"sh","ix":1,"ks":{"a":1,"k":[{"i":{"x":0.667,"y":1},"o":{"x":0.333,"y":0},"t":4,"s":[{"i":[[0,-16.145],[8.377,0],[0,16.146],[-8.377,0]],"o":[[0,16.146],[-8.377,0],[0,-16.145],[8.377,0]],"v":[[15.169,-0.001],[0,29.233],[-15.168,-0.001],[0,-29.233]],"c":true}]},{"i":{"x":0.833,"y":0.833},"o":{"x":0.167,"y":0.167},"t":8,"s":[{"i":[[0,-2.737],[8.377,0],[0,2.737],[-8.377,0]],"o":[[0,2.737],[-8.377,0],[0,-2.737],[8.377,0]],"v":[[15.169,0],[0,4.956],[-15.168,0],[0,-4.956]],"c":true}]},{"i":{"x":0.667,"y":1},"o":{"x":0.333,"y":0},"t":14,"s":[{"i":[[0,-2.737],[8.377,0],[0,2.737],[-8.377,0]],"o":[[0,2.737],[-8.377,0],[0,-2.737],[8.377,0]],"v":[[15.169,0],[0,4.956],[-15.168,0],[0,-4.956]],"c":true}]},{"i":{"x":0,"y":1},"o":{"x":0.167,"y":0.167},"t":18,"s":[{"i":[[0,-14.109],[8.377,0],[0,14.11],[-8.377,0]],"o":[[0,14.11],[-8.377,0],[0,-14.109],[8.377,0]],"v":[[31.743,-9.621],[16.575,15.927],[1.406,-9.621],[16.575,-35.168]],"c":true}]},{"i":{"x":0.667,"y":1},"o":{"x":0.333,"y":0},"t":75,"s":[{"i":[[0,-16.145],[8.377,0],[0,16.146],[-8.377,0]],"o":[[0,16.146],[-8.377,0],[0,-16.145],[8.377,0]],"v":[[15.169,-0.001],[0,29.233],[-15.168,-0.001],[0,-29.233]],"c":true}]},{"i":{"x":0.833,"y":0.833},"o":{"x":0.167,"y":0.167},"t":79,"s":[{"i":[[0,-2.737],[8.377,0],[0,2.737],[-8.377,0]],"o":[[0,2.737],[-8.377,0],[0,-2.737],[8.377,0]],"v":[[15.169,0],[0,4.956],[-15.168,0],[0,-4.956]],"c":true}]},{"i":{"x":0.667,"y":1},"o":{"x":0.333,"y":0},"t":85,"s":[{"i":[[0,-2.737],[8.377,0],[0,2.737],[-8.377,0]],"o":[[0,2.737],[-8.377,0],[0,-2.737],[8.377,0]],"v":[[15.169,0],[0,4.956],[-15.168,0],[0,-4.956]],"c":true}]},{"t":89,"s":[{"i":[[0,-16.145],[8.377,0],[0,16.146],[-8.377,0]],"o":[[0,16.146],[-8.377,0],[0,-16.145],[8.377,0]],"v":[[15.169,-0.001],[0,29.233],[-15.168,-0.001],[0,-29.233]],"c":true}]}],"ix":2},"nm":"Path 1","mn":"ADBE Vector Shape - Group","hd":false},{"ty":"fl","c":{"a":0,"k":[0,0,0,1],"ix":4},"o":{"a":0,"k":100,"ix":5},"r":1,"bm":0,"nm":"Fill 1","mn":"ADBE Vector Graphic - Fill","hd":false},{"ty":"tr","p":{"a":1,"k":[{"i":{"x":0.061,"y":1},"o":{"x":0.167,"y":0.167},"t":15,"s":[317.012,412.294],"to":[-3.117,0],"ti":[3.117,0]},{"i":{"x":0.833,"y":0.833},"o":{"x":0.167,"y":0.167},"t":75,"s":[298.312,412.294],"to":[0,0],"ti":[0,0]},{"i":{"x":0,"y":1},"o":{"x":0.167,"y":0.167},"t":85,"s":[298.312,412.294],"to":[3.117,0],"ti":[-3.117,0]},{"t":120,"s":[317.012,412.294]}],"ix":2},"a":{"a":0,"k":[0,0],"ix":1},"s":{"a":0,"k":[100,100],"ix":3},"r":{"a":0,"k":0,"ix":6},"o":{"a":0,"k":100,"ix":7},"sk":{"a":0,"k":0,"ix":4},"sa":{"a":0,"k":0,"ix":5},"nm":"Transform"}],"nm":"Eye","np":2,"cix":2,"bm":0,"ix":3,"mn":"ADBE Vector Group","hd":false},{"ty":"tr","p":{"a":0,"k":[313.311,408.153],"ix":2},"a":{"a":0,"k":[313.311,408.153],"ix":1},"s":{"a":0,"k":[100,100],"ix":3},"r":{"a":0,"k":0,"ix":6},"o":{"a":0,"k":100,"ix":7},"sk":{"a":0,"k":0,"ix":4},"sa":{"a":0,"k":0,"ix":5},"nm":"Transform"}],"nm":"L","np":3,"cix":2,"bm":0,"ix":2,"mn":"ADBE Vector Group","hd":false}],"ip":0,"op":120,"st":0,"bm":0},{"ddd":0,"ind":7,"ty":4,"nm":"Mask","parent":9,"td":1,"sr":1,"ks":{"o":{"a":0,"k":100,"ix":11},"r":{"a":0,"k":0,"ix":10},"p":{"a":0,"k":[418.164,448.799,0],"ix":2},"a":{"a":0,"k":[418.164,448.799,0],"ix":1},"s":{"a":0,"k":[100,100,100],"ix":6}},"ao":0,"shapes":[{"ty":"gr","it":[{"ind":0,"ty":"sh","ix":1,"ks":{"a":0,"k":{"i":[[10.915,-12],[-6.085,-5.535],[-10.914,12.001],[6.085,5.533]],"o":[[-10.914,12.001],[6.085,5.533],[10.915,-12.001],[-6.085,-5.535]],"v":[[-11.017,-10.02],[-19.763,21.73],[11.017,10.021],[19.763,-21.728]],"c":true},"ix":2},"nm":"Path 1","mn":"ADBE Vector Shape - Group","hd":false},{"ty":"gr","it":[{"ty":"tr","p":{"a":0,"k":[0,0],"ix":2},"a":{"a":0,"k":[0,0],"ix":1},"s":{"a":0,"k":[100,100],"ix":3},"r":{"a":0,"k":0,"ix":6},"o":{"a":0,"k":100,"ix":7},"sk":{"a":0,"k":0,"ix":4},"sa":{"a":0,"k":0,"ix":5},"nm":"Transform"}],"nm":"Group 1","np":0,"cix":2,"bm":0,"ix":2,"mn":"ADBE Vector Group","hd":false},{"ty":"mm","mm":4,"nm":"Merge Paths 1","mn":"ADBE Vector Filter - Merge","hd":false},{"ty":"fl","c":{"a":0,"k":[1,1,1,1],"ix":4},"o":{"a":0,"k":100,"ix":5},"r":1,"bm":0,"nm":"Fill 1","mn":"ADBE Vector Graphic - Fill","hd":false},{"ty":"tr","p":{"a":0,"k":[309.244,190.487],"ix":2},"a":{"a":0,"k":[0,0],"ix":1},"s":{"a":0,"k":[100,100],"ix":3},"r":{"a":0,"k":0,"ix":6},"o":{"a":0,"k":100,"ix":7},"sk":{"a":0,"k":0,"ix":4},"sa":{"a":0,"k":0,"ix":5},"nm":"Transform"}],"nm":"Group 3","np":4,"cix":2,"bm":0,"ix":1,"mn":"ADBE Vector Group","hd":false},{"ty":"gr","it":[{"ind":0,"ty":"sh","ix":1,"ks":{"a":0,"k":{"i":[[29.412,-14.825],[102.962,0.736],[25.519,16.148],[5.339,21.453],[-37.186,-23.53],[-123.185,-0.88],[-22.624,11.404],[9.723,40.892]],"o":[[-22.624,11.403],[-123.185,-0.879],[-22.554,-14.271],[-8.657,36.705],[25.519,16.147],[102.962,0.735],[45.395,-22.88],[-6.305,25.703]],"v":[[171.585,-1.738],[0.035,22.535],[-183.603,-7.953],[-225.143,-63.345],[-183.603,35.071],[0.035,65.559],[171.585,41.285],[225.149,-65.589]],"c":true},"ix":2},"nm":"Path 1","mn":"ADBE Vector Shape - Group","hd":false},{"ty":"gr","it":[{"ty":"tr","p":{"a":0,"k":[0,0],"ix":2},"a":{"a":0,"k":[0,0],"ix":1},"s":{"a":0,"k":[100,100],"ix":3},"r":{"a":0,"k":0,"ix":6},"o":{"a":0,"k":100,"ix":7},"sk":{"a":0,"k":0,"ix":4},"sa":{"a":0,"k":0,"ix":5},"nm":"Transform"}],"nm":"Group 1","np":0,"cix":2,"bm":0,"ix":2,"mn":"ADBE Vector Group","hd":false},{"ty":"mm","mm":4,"nm":"Merge Paths 1","mn":"ADBE Vector Filter - Merge","hd":false},{"ty":"fl","c":{"a":0,"k":[0.921568687289,0.360784313725,0.654901960784,1],"ix":4},"o":{"a":0,"k":100,"ix":5},"r":1,"bm":0,"nm":"Fill 1","mn":"ADBE Vector Graphic - Fill","hd":false},{"ty":"tr","p":{"a":0,"k":[418.161,407.291],"ix":2},"a":{"a":0,"k":[0,0],"ix":1},"s":{"a":0,"k":[100,100],"ix":3},"r":{"a":0,"k":0,"ix":6},"o":{"a":0,"k":100,"ix":7},"sk":{"a":0,"k":0,"ix":4},"sa":{"a":0,"k":0,"ix":5},"nm":"Transform"}],"nm":"Group 2","np":4,"cix":2,"bm":0,"ix":2,"mn":"ADBE Vector Group","hd":false},{"ty":"gr","it":[{"ind":0,"ty":"sh","ix":1,"ks":{"a":0,"k":{"i":[[63.61,48.945],[112.68,13.28],[45.973,-7.305],[-21.631,-67.671],[-61.202,-38.726],[-123.185,-0.88],[-22.623,11.403]],"o":[[22.23,-69.547],[-35.286,-4.159],[-105.697,16.793],[-58.74,46.188],[25.519,16.147],[102.962,0.736],[70.816,-35.695]],"v":[[181.996,-15.483],[52.907,-173.082],[-62.551,-171.775],[-182.698,-15.483],[-184.404,147.856],[-0.766,178.344],[170.784,154.071]],"c":true},"ix":2},"nm":"Path 1","mn":"ADBE Vector Shape - Group","hd":false},{"ty":"gr","it":[{"ty":"tr","p":{"a":0,"k":[0,0],"ix":2},"a":{"a":0,"k":[0,0],"ix":1},"s":{"a":0,"k":[100,100],"ix":3},"r":{"a":0,"k":0,"ix":6},"o":{"a":0,"k":100,"ix":7},"sk":{"a":0,"k":0,"ix":4},"sa":{"a":0,"k":0,"ix":5},"nm":"Transform"}],"nm":"Group 1","np":0,"cix":2,"bm":0,"ix":2,"mn":"ADBE Vector Group","hd":false},{"ty":"mm","mm":4,"nm":"Merge Paths 1","mn":"ADBE Vector Filter - Merge","hd":false},{"ty":"fl","c":{"a":0,"k":[0.948999980852,0.438999998803,0.717999985639,1],"ix":4},"o":{"a":0,"k":100,"ix":5},"r":1,"bm":0,"nm":"Fill 1","mn":"ADBE Vector Graphic - Fill","hd":false},{"ty":"tr","p":{"a":0,"k":[418.962,294.506],"ix":2},"a":{"a":0,"k":[0,0],"ix":1},"s":{"a":0,"k":[100,100],"ix":3},"r":{"a":0,"k":0,"ix":6},"o":{"a":0,"k":100,"ix":7},"sk":{"a":0,"k":0,"ix":4},"sa":{"a":0,"k":0,"ix":5},"nm":"Transform"}],"nm":"Group 6","np":4,"cix":2,"bm":0,"ix":3,"mn":"ADBE Vector Group","hd":false}],"ip":0,"op":120,"st":0,"bm":0},{"ddd":0,"ind":8,"ty":4,"nm":"Head Cheeks","parent":3,"tt":1,"sr":1,"ks":{"o":{"a":0,"k":40,"ix":11},"r":{"a":0,"k":0,"ix":10},"p":{"a":0,"k":[2.9,100.891,0],"ix":2},"a":{"a":0,"k":[486.461,426.76,0],"ix":1},"s":{"a":0,"k":[84.605,85.58,100],"ix":6}},"ao":0,"shapes":[{"ty":"gr","it":[{"d":1,"ty":"el","s":{"a":0,"k":[142.771,142.771],"ix":2},"p":{"a":0,"k":[0,0],"ix":3},"nm":"Ellipse Path 1","mn":"ADBE Vector Shape - Ellipse","hd":false},{"ty":"fl","c":{"a":0,"k":[0.878431432387,0.298039215686,0.643137254902,1],"ix":4},"o":{"a":0,"k":100,"ix":5},"r":1,"bm":0,"nm":"Fill 1","mn":"ADBE Vector Graphic - Fill","hd":false},{"ty":"tr","p":{"a":0,"k":[339.821,421.696],"ix":2},"a":{"a":0,"k":[0,0],"ix":1},"s":{"a":0,"k":[90.583,90.583],"ix":3},"r":{"a":0,"k":0,"ix":6},"o":{"a":0,"k":100,"ix":7},"sk":{"a":0,"k":0,"ix":4},"sa":{"a":0,"k":0,"ix":5},"nm":"Transform"}],"nm":"Ellipse 3","np":3,"cix":2,"bm":0,"ix":1,"mn":"ADBE Vector Group","hd":false},{"ty":"gr","it":[{"d":1,"ty":"el","s":{"a":0,"k":[142.771,142.771],"ix":2},"p":{"a":0,"k":[0,0],"ix":3},"nm":"Ellipse Path 1","mn":"ADBE Vector Shape - Ellipse","hd":false},{"ty":"fl","c":{"a":0,"k":[0.878431432387,0.298039215686,0.643137254902,1],"ix":4},"o":{"a":0,"k":100,"ix":5},"r":1,"bm":0,"nm":"Fill 1","mn":"ADBE Vector Graphic - Fill","hd":false},{"ty":"tr","p":{"a":0,"k":[620.003,416.996],"ix":2},"a":{"a":0,"k":[0,0],"ix":1},"s":{"a":0,"k":[90.583,90.583],"ix":3},"r":{"a":0,"k":0,"ix":6},"o":{"a":0,"k":100,"ix":7},"sk":{"a":0,"k":0,"ix":4},"sa":{"a":0,"k":0,"ix":5},"nm":"Transform"}],"nm":"Ellipse 2","np":3,"cix":2,"bm":0,"ix":2,"mn":"ADBE Vector Group","hd":false}],"ip":0,"op":120,"st":0,"bm":1},{"ddd":0,"ind":9,"ty":4,"nm":"Head","parent":13,"sr":1,"ks":{"o":{"a":0,"k":100,"ix":11},"r":{"a":1,"k":[{"i":{"x":[0.235],"y":[1]},"o":{"x":[0.333],"y":[0]},"t":10,"s":[0]},{"i":{"x":[0.667],"y":[1]},"o":{"x":[0.333],"y":[0]},"t":45,"s":[-5]},{"i":{"x":[0.078],"y":[1]},"o":{"x":[0.333],"y":[0]},"t":70,"s":[-5]},{"t":92,"s":[0]}],"ix":10},"p":{"a":0,"k":[389.782,564.543,0],"ix":2},"a":{"a":0,"k":[418.049,448.799,0],"ix":1},"s":{"a":1,"k":[{"i":{"x":[0.667,0.667,0.667],"y":[1,1,1]},"o":{"x":[0.333,0.333,0.333],"y":[0,0,0]},"t":4,"s":[100,100,100]},{"i":{"x":[0.667,0.667,0.667],"y":[1,1,1]},"o":{"x":[0.333,0.333,0.333],"y":[0,0,0]},"t":10,"s":[105,95,100]},{"i":{"x":[0.667,0.667,0.667],"y":[1,1,1]},"o":{"x":[0.333,0.333,0.333],"y":[0,0,0]},"t":20,"s":[98,105,100]},{"i":{"x":[0.833,0.833,0.833],"y":[1,1,1]},"o":{"x":[0.167,0.167,0.167],"y":[0,0,0]},"t":27,"s":[100,100,100]},{"i":{"x":[0.667,0.667,0.667],"y":[1,1,1]},"o":{"x":[0.333,0.333,0.333],"y":[0,0,0]},"t":79,"s":[100,100,100]},{"i":{"x":[0.667,0.667,0.667],"y":[1,1,1]},"o":{"x":[0.333,0.333,0.333],"y":[0,0,0]},"t":85,"s":[105,95,100]},{"i":{"x":[0.667,0.667,0.667],"y":[1,1,1]},"o":{"x":[0.333,0.333,0.333],"y":[0,0,0]},"t":95,"s":[98,105,100]},{"t":102,"s":[100,100,100]}],"ix":6}},"ao":0,"shapes":[{"ty":"gr","it":[{"ind":0,"ty":"sh","ix":1,"ks":{"a":0,"k":{"i":[[-9.229,-13.34],[-6.764,4.681],[9.229,13.341],[6.764,-4.679]],"o":[[9.229,13.34],[6.763,-4.68],[-9.229,-13.341],[-6.765,4.679]],"v":[[-12.247,8.473],[16.711,24.155],[12.248,-8.473],[-16.709,-24.155]],"c":true},"ix":2},"nm":"Path 1","mn":"ADBE Vector Shape - Group","hd":false},{"ty":"gr","it":[{"ty":"tr","p":{"a":0,"k":[0,0],"ix":2},"a":{"a":0,"k":[0,0],"ix":1},"s":{"a":0,"k":[100,100],"ix":3},"r":{"a":0,"k":0,"ix":6},"o":{"a":0,"k":100,"ix":7},"sk":{"a":0,"k":0,"ix":4},"sa":{"a":0,"k":0,"ix":5},"nm":"Transform"}],"nm":"Group 1","np":0,"cix":2,"bm":0,"ix":2,"mn":"ADBE Vector Group","hd":false},{"ty":"mm","mm":4,"nm":"Merge Paths 1","mn":"ADBE Vector Filter - Merge","hd":false},{"ty":"fl","c":{"a":0,"k":[1,1,1,1],"ix":4},"o":{"a":0,"k":100,"ix":5},"r":1,"bm":0,"nm":"Fill 1","mn":"ADBE Vector Graphic - Fill","hd":false},{"ty":"tr","p":{"a":0,"k":[562.964,203.058],"ix":2},"a":{"a":0,"k":[0,0],"ix":1},"s":{"a":0,"k":[100,100],"ix":3},"r":{"a":0,"k":0,"ix":6},"o":{"a":0,"k":100,"ix":7},"sk":{"a":0,"k":0,"ix":4},"sa":{"a":0,"k":0,"ix":5},"nm":"Transform"}],"nm":"Group 3","np":4,"cix":2,"bm":0,"ix":1,"mn":"ADBE Vector Group","hd":false},{"ty":"gr","it":[{"ind":0,"ty":"sh","ix":1,"ks":{"a":0,"k":{"i":[[29.412,-14.825],[102.962,0.736],[25.519,16.148],[5.339,21.453],[-37.186,-23.53],[-123.185,-0.88],[-22.624,11.404],[9.723,40.892]],"o":[[-22.624,11.403],[-123.185,-0.879],[-22.554,-14.271],[-8.657,36.705],[25.519,16.147],[102.962,0.735],[45.395,-22.88],[-6.305,25.703]],"v":[[171.585,-1.738],[0.035,22.535],[-183.603,-7.953],[-225.143,-63.345],[-183.603,35.071],[0.035,65.559],[171.585,41.285],[225.149,-65.589]],"c":true},"ix":2},"nm":"Path 1","mn":"ADBE Vector Shape - Group","hd":false},{"ty":"gr","it":[{"ty":"tr","p":{"a":0,"k":[0,0],"ix":2},"a":{"a":0,"k":[0,0],"ix":1},"s":{"a":0,"k":[100,100],"ix":3},"r":{"a":0,"k":0,"ix":6},"o":{"a":0,"k":100,"ix":7},"sk":{"a":0,"k":0,"ix":4},"sa":{"a":0,"k":0,"ix":5},"nm":"Transform"}],"nm":"Group 1","np":0,"cix":2,"bm":0,"ix":2,"mn":"ADBE Vector Group","hd":false},{"ty":"mm","mm":4,"nm":"Merge Paths 1","mn":"ADBE Vector Filter - Merge","hd":false},{"ty":"fl","c":{"a":0,"k":[0.921568687289,0.360784313725,0.654901960784,1],"ix":4},"o":{"a":0,"k":70,"ix":5},"r":1,"bm":0,"nm":"Fill 1","mn":"ADBE Vector Graphic - Fill","hd":false},{"ty":"tr","p":{"a":0,"k":[418.161,407.291],"ix":2},"a":{"a":0,"k":[0,0],"ix":1},"s":{"a":0,"k":[100,100],"ix":3},"r":{"a":0,"k":0,"ix":6},"o":{"a":0,"k":100,"ix":7},"sk":{"a":0,"k":0,"ix":4},"sa":{"a":0,"k":0,"ix":5},"nm":"Transform"}],"nm":"Group 2","np":4,"cix":2,"bm":0,"ix":2,"mn":"ADBE Vector Group","hd":false},{"ty":"gr","it":[{"ind":0,"ty":"sh","ix":1,"ks":{"a":0,"k":{"i":[[63.61,48.945],[112.68,13.28],[45.973,-7.305],[-21.631,-67.671],[-61.202,-38.726],[-123.185,-0.88],[-22.623,11.403]],"o":[[22.23,-69.547],[-35.286,-4.159],[-105.697,16.793],[-58.74,46.188],[25.519,16.147],[102.962,0.736],[70.816,-35.695]],"v":[[181.996,-15.483],[52.907,-173.082],[-62.551,-171.775],[-182.698,-15.483],[-184.404,147.856],[-0.766,178.344],[170.784,154.071]],"c":true},"ix":2},"nm":"Path 1","mn":"ADBE Vector Shape - Group","hd":false},{"ty":"gr","it":[{"ty":"tr","p":{"a":0,"k":[0,0],"ix":2},"a":{"a":0,"k":[0,0],"ix":1},"s":{"a":0,"k":[100,100],"ix":3},"r":{"a":0,"k":0,"ix":6},"o":{"a":0,"k":100,"ix":7},"sk":{"a":0,"k":0,"ix":4},"sa":{"a":0,"k":0,"ix":5},"nm":"Transform"}],"nm":"Group 1","np":0,"cix":2,"bm":0,"ix":2,"mn":"ADBE Vector Group","hd":false},{"ty":"mm","mm":4,"nm":"Merge Paths 1","mn":"ADBE Vector Filter - Merge","hd":false},{"ty":"fl","c":{"a":0,"k":[0.948999980852,0.438999998803,0.717999985639,1],"ix":4},"o":{"a":0,"k":100,"ix":5},"r":1,"bm":0,"nm":"Fill 1","mn":"ADBE Vector Graphic - Fill","hd":false},{"ty":"tr","p":{"a":0,"k":[418.962,294.506],"ix":2},"a":{"a":0,"k":[0,0],"ix":1},"s":{"a":0,"k":[100,100],"ix":3},"r":{"a":0,"k":0,"ix":6},"o":{"a":0,"k":100,"ix":7},"sk":{"a":0,"k":0,"ix":4},"sa":{"a":0,"k":0,"ix":5},"nm":"Transform"}],"nm":"Group 6","np":4,"cix":2,"bm":0,"ix":3,"mn":"ADBE Vector Group","hd":false}],"ip":0,"op":120,"st":0,"bm":0},{"ddd":0,"ind":10,"ty":4,"nm":"Ears","parent":9,"sr":1,"ks":{"o":{"a":0,"k":100,"ix":11},"r":{"a":0,"k":-10,"ix":10},"p":{"a":0,"k":[423.715,145.561,0],"ix":2},"a":{"a":0,"k":[460.492,232.096,0],"ix":1},"s":{"a":0,"k":[125,125,100],"ix":6}},"ao":0,"shapes":[{"ty":"gr","it":[{"ty":"gr","it":[{"ind":0,"ty":"sh","ix":1,"ks":{"a":1,"k":[{"i":{"x":0.667,"y":1},"o":{"x":0.333,"y":0},"t":2,"s":[{"i":[[9.597,-0.166],[0.108,-8.226],[0.132,-32.241],[-2.761,0.145],[-0.172,34.81]],"o":[[-9.597,0.166],[-0.48,36.559],[1.882,-0.122],[-0.021,-32.574],[0.041,-8.226]],"v":[[1.195,-70.642],[-15.953,-52.894],[-18.138,54.647],[18.515,54.48],[18.944,-53.496]],"c":true}]},{"i":{"x":0.667,"y":1},"o":{"x":0.333,"y":0},"t":6,"s":[{"i":[[9.57,-1.705],[-1.212,-8.243],[0.132,-32.241],[-1.959,0.228],[5.413,34.838]],"o":[[-9.57,1.705],[5.386,36.636],[2.888,0.156],[-0.021,-32.574],[-1.279,-8.233]],"v":[[-8.305,-70.556],[-22.605,-50.056],[-18.138,54.647],[18.515,54.48],[12.195,-56.257]],"c":true}]},{"i":{"x":0.667,"y":1},"o":{"x":0.333,"y":0},"t":12,"s":[{"i":[[9.65,2.914],[2.747,-8.191],[0.132,-32.241],[-4.365,-0.02],[-11.342,34.755]],"o":[[-9.65,-2.914],[-12.211,36.406],[-0.131,-0.678],[-0.021,-32.574],[2.68,-8.213]],"v":[[20.194,-70.815],[-2.648,-58.569],[-18.138,54.647],[18.515,54.48],[32.441,-47.973]],"c":true}]},{"i":{"x":0.667,"y":1},"o":{"x":0.333,"y":0},"t":22,"s":[{"i":[[9.543,-3.245],[-2.532,-8.26],[0.132,-32.241],[-1.157,0.31],[10.997,34.865]],"o":[[-9.543,3.245],[11.252,36.713],[3.895,0.434],[-0.021,-32.574],[-2.599,-8.239]],"v":[[-17.805,-70.47],[-29.257,-47.218],[-18.138,54.647],[18.515,54.48],[5.446,-59.018]],"c":true}]},{"i":{"x":0.667,"y":1},"o":{"x":0.333,"y":0},"t":31,"s":[{"i":[[9.626,1.545],[1.574,-8.206],[0.132,-32.241],[-3.652,0.054],[-6.378,34.779]],"o":[[-9.626,-1.545],[-6.997,36.474],[0.764,-0.431],[-0.021,-32.574],[1.507,-8.219]],"v":[[11.75,-70.739],[-8.561,-56.046],[-18.138,54.647],[18.515,54.48],[26.442,-50.428]],"c":true}]},{"i":{"x":0.667,"y":1},"o":{"x":0.333,"y":0},"t":42,"s":[{"i":[[9.597,-0.166],[0.108,-8.226],[0.132,-32.241],[-2.761,0.145],[-0.172,34.81]],"o":[[-9.597,0.166],[-0.48,36.559],[1.882,-0.122],[-0.021,-32.574],[0.041,-8.226]],"v":[[1.195,-70.642],[-15.953,-52.894],[-18.138,54.647],[18.515,54.48],[18.944,-53.496]],"c":true}]},{"i":{"x":0.667,"y":1},"o":{"x":0.333,"y":0},"t":75,"s":[{"i":[[9.597,-0.166],[0.108,-8.226],[0.132,-32.241],[-2.761,0.145],[-0.172,34.81]],"o":[[-9.597,0.166],[-0.48,36.559],[1.882,-0.122],[-0.021,-32.574],[0.041,-8.226]],"v":[[1.195,-70.642],[-15.953,-52.894],[-18.138,54.647],[18.515,54.48],[18.944,-53.496]],"c":true}]},{"i":{"x":0.667,"y":1},"o":{"x":0.333,"y":0},"t":79,"s":[{"i":[[9.57,-1.705],[-1.212,-8.243],[0.132,-32.241],[-1.959,0.228],[5.413,34.838]],"o":[[-9.57,1.705],[5.386,36.636],[2.888,0.156],[-0.021,-32.574],[-1.279,-8.233]],"v":[[-8.305,-70.556],[-22.605,-50.056],[-18.138,54.647],[18.515,54.48],[12.195,-56.257]],"c":true}]},{"i":{"x":0.667,"y":1},"o":{"x":0.333,"y":0},"t":85,"s":[{"i":[[9.65,2.914],[2.747,-8.191],[0.132,-32.241],[-4.365,-0.02],[-11.342,34.755]],"o":[[-9.65,-2.914],[-12.211,36.406],[-0.131,-0.678],[-0.021,-32.574],[2.68,-8.213]],"v":[[20.194,-70.815],[-2.648,-58.569],[-18.138,54.647],[18.515,54.48],[32.441,-47.973]],"c":true}]},{"i":{"x":0.667,"y":1},"o":{"x":0.333,"y":0},"t":95,"s":[{"i":[[9.543,-3.245],[-2.532,-8.26],[0.132,-32.241],[-1.157,0.31],[10.997,34.865]],"o":[[-9.543,3.245],[11.252,36.713],[3.895,0.434],[-0.021,-32.574],[-2.599,-8.239]],"v":[[-17.805,-70.47],[-29.257,-47.218],[-18.138,54.647],[18.515,54.48],[5.446,-59.018]],"c":true}]},{"i":{"x":0.667,"y":1},"o":{"x":0.333,"y":0},"t":104,"s":[{"i":[[9.626,1.545],[1.574,-8.206],[0.132,-32.241],[-3.652,0.054],[-6.378,34.779]],"o":[[-9.626,-1.545],[-6.997,36.474],[0.764,-0.431],[-0.021,-32.574],[1.507,-8.219]],"v":[[11.75,-70.739],[-8.561,-56.046],[-18.138,54.647],[18.515,54.48],[26.442,-50.428]],"c":true}]},{"t":114,"s":[{"i":[[9.597,-0.166],[0.108,-8.226],[0.132,-32.241],[-2.761,0.145],[-0.172,34.81]],"o":[[-9.597,0.166],[-0.48,36.559],[1.882,-0.122],[-0.021,-32.574],[0.041,-8.226]],"v":[[1.195,-70.642],[-15.953,-52.894],[-18.138,54.647],[18.515,54.48],[18.944,-53.496]],"c":true}]}],"ix":2},"nm":"Path 1","mn":"ADBE Vector Shape - Group","hd":false},{"ty":"st","c":{"a":0,"k":[0,0,0,1],"ix":3},"o":{"a":0,"k":100,"ix":4},"w":{"a":0,"k":2.5,"ix":5},"lc":2,"lj":1,"ml":10,"bm":0,"nm":"Stroke 1","mn":"ADBE Vector Graphic - Stroke","hd":false},{"ty":"fl","c":{"a":0,"k":[1,0.713999968884,0.713999968884,1],"ix":4},"o":{"a":0,"k":100,"ix":5},"r":1,"bm":0,"nm":"Fill 1","mn":"ADBE Vector Graphic - Fill","hd":false},{"ty":"tr","p":{"a":0,"k":[399.435,182.595],"ix":2},"a":{"a":0,"k":[0,0],"ix":1},"s":{"a":0,"k":[100,100],"ix":3},"r":{"a":0,"k":0,"ix":6},"o":{"a":0,"k":100,"ix":7},"sk":{"a":0,"k":0,"ix":4},"sa":{"a":0,"k":0,"ix":5},"nm":"Transform"}],"nm":"Group 1","np":3,"cix":2,"bm":0,"ix":1,"mn":"ADBE Vector Group","hd":false},{"ty":"gr","it":[{"ind":0,"ty":"sh","ix":1,"ks":{"a":1,"k":[{"i":{"x":0.667,"y":1},"o":{"x":0.333,"y":0},"t":2,"s":[{"i":[[-0.194,25.694],[1.225,38.434],[20.181,-0.348],[-0.446,-19.969],[0.335,-32.83]],"o":[[0.253,-33.479],[-0.686,-21.531],[-20.181,0.348],[0.787,35.248],[-0.262,25.693]],"v":[[38.802,57.002],[38.023,-56.047],[0.467,-90.309],[-35.363,-54.78],[-38.28,57.353]],"c":false}]},{"i":{"x":0.667,"y":1},"o":{"x":0.333,"y":0},"t":6,"s":[{"i":[[-0.194,25.694],[7.391,38.237],[20.126,-3.586],[-3.65,-19.897],[0.335,-32.83]],"o":[[0.253,-33.479],[-4.141,-21.421],[-20.126,3.586],[6.442,35.122],[-0.262,25.693]],"v":[[38.802,57.002],[29.963,-61.859],[-13.089,-90.096],[-43.219,-48.819],[-38.28,57.353]],"c":false}]},{"i":{"x":0.667,"y":1},"o":{"x":0.333,"y":0},"t":12,"s":[{"i":[[-0.194,25.694],[-11.107,38.827],[20.293,6.128],[5.962,-20.112],[0.335,-32.83]],"o":[[0.253,-33.479],[6.223,-21.752],[-20.293,-6.128],[-10.524,35.501],[-0.262,25.693]],"v":[[38.802,57.002],[54.141,-44.422],[27.579,-90.735],[-19.651,-66.703],[-38.28,57.353]],"c":false}]},{"i":{"x":0.667,"y":1},"o":{"x":0.333,"y":0},"t":22,"s":[{"i":[[-0.194,25.694],[13.558,38.041],[20.07,-6.824],[-6.853,-19.826],[0.335,-32.83]],"o":[[0.253,-33.479],[-7.595,-21.311],[-20.07,6.824],[12.097,34.996],[-0.262,25.693]],"v":[[38.802,57.002],[21.904,-67.671],[-26.646,-89.883],[-51.075,-42.857],[-38.28,57.353]],"c":false}]},{"i":{"x":0.667,"y":1},"o":{"x":0.333,"y":0},"t":31,"s":[{"i":[[-0.194,25.694],[-5.626,38.652],[20.243,3.25],[3.114,-20.048],[0.335,-32.83]],"o":[[0.253,-33.479],[3.152,-21.654],[-20.244,-3.25],[-5.497,35.389],[-0.262,25.693]],"v":[[38.802,57.002],[46.977,-49.588],[15.529,-90.545],[-26.634,-61.404],[-38.28,57.353]],"c":false}]},{"i":{"x":0.667,"y":1},"o":{"x":0.333,"y":0},"t":42,"s":[{"i":[[-0.194,25.694],[1.225,38.434],[20.181,-0.348],[-0.446,-19.969],[0.335,-32.83]],"o":[[0.253,-33.479],[-0.686,-21.531],[-20.181,0.348],[0.787,35.248],[-0.262,25.693]],"v":[[38.802,57.002],[38.023,-56.047],[0.467,-90.309],[-35.363,-54.78],[-38.28,57.353]],"c":false}]},{"i":{"x":0.667,"y":1},"o":{"x":0.333,"y":0},"t":75,"s":[{"i":[[-0.194,25.694],[1.225,38.434],[20.181,-0.348],[-0.446,-19.969],[0.335,-32.83]],"o":[[0.253,-33.479],[-0.686,-21.531],[-20.181,0.348],[0.787,35.248],[-0.262,25.693]],"v":[[38.802,57.002],[38.023,-56.047],[0.467,-90.309],[-35.363,-54.78],[-38.28,57.353]],"c":false}]},{"i":{"x":0.667,"y":1},"o":{"x":0.333,"y":0},"t":79,"s":[{"i":[[-0.194,25.694],[7.391,38.237],[20.126,-3.586],[-3.65,-19.897],[0.335,-32.83]],"o":[[0.253,-33.479],[-4.141,-21.421],[-20.126,3.586],[6.442,35.122],[-0.262,25.693]],"v":[[38.802,57.002],[29.963,-61.859],[-13.089,-90.096],[-43.219,-48.819],[-38.28,57.353]],"c":false}]},{"i":{"x":0.667,"y":1},"o":{"x":0.333,"y":0},"t":85,"s":[{"i":[[-0.194,25.694],[-11.107,38.827],[20.293,6.128],[5.962,-20.112],[0.335,-32.83]],"o":[[0.253,-33.479],[6.223,-21.752],[-20.293,-6.128],[-10.524,35.501],[-0.262,25.693]],"v":[[38.802,57.002],[54.141,-44.422],[27.579,-90.735],[-19.651,-66.703],[-38.28,57.353]],"c":false}]},{"i":{"x":0.667,"y":1},"o":{"x":0.333,"y":0},"t":95,"s":[{"i":[[-0.194,25.694],[13.558,38.041],[20.07,-6.824],[-6.853,-19.826],[0.335,-32.83]],"o":[[0.253,-33.479],[-7.595,-21.311],[-20.07,6.824],[12.097,34.996],[-0.262,25.693]],"v":[[38.802,57.002],[21.904,-67.671],[-26.646,-89.883],[-51.075,-42.857],[-38.28,57.353]],"c":false}]},{"i":{"x":0.667,"y":1},"o":{"x":0.333,"y":0},"t":104,"s":[{"i":[[-0.194,25.694],[-5.626,38.652],[20.243,3.25],[3.114,-20.048],[0.335,-32.83]],"o":[[0.253,-33.479],[3.152,-21.654],[-20.243,-3.25],[-5.497,35.389],[-0.262,25.693]],"v":[[38.802,57.002],[46.977,-49.588],[15.529,-90.545],[-26.634,-61.404],[-38.28,57.353]],"c":false}]},{"t":114,"s":[{"i":[[-0.194,25.694],[1.225,38.434],[20.181,-0.348],[-0.446,-19.969],[0.335,-32.83]],"o":[[0.253,-33.479],[-0.686,-21.531],[-20.181,0.348],[0.787,35.248],[-0.262,25.693]],"v":[[38.802,57.002],[38.023,-56.047],[0.467,-90.309],[-35.363,-54.78],[-38.28,57.353]],"c":false}]}],"ix":2},"nm":"Path 1","mn":"ADBE Vector Shape - Group","hd":false},{"ty":"st","c":{"a":0,"k":[0,0,0,1],"ix":3},"o":{"a":0,"k":100,"ix":4},"w":{"a":0,"k":4.8,"ix":5},"lc":2,"lj":1,"ml":10,"bm":0,"nm":"Stroke 1","mn":"ADBE Vector Graphic - Stroke","hd":false},{"ty":"fl","c":{"a":0,"k":[0.948999980852,0.438999998803,0.717999985639,1],"ix":4},"o":{"a":0,"k":100,"ix":5},"r":1,"bm":0,"nm":"Fill 1","mn":"ADBE Vector Graphic - Fill","hd":false},{"ty":"tr","p":{"a":0,"k":[399.374,176.977],"ix":2},"a":{"a":0,"k":[0,0],"ix":1},"s":{"a":0,"k":[100,100],"ix":3},"r":{"a":0,"k":0,"ix":6},"o":{"a":0,"k":100,"ix":7},"sk":{"a":0,"k":0,"ix":4},"sa":{"a":0,"k":0,"ix":5},"nm":"Transform"}],"nm":"Group 3","np":3,"cix":2,"bm":0,"ix":2,"mn":"ADBE Vector Group","hd":false},{"ty":"tr","p":{"a":0,"k":[516.29,226.572],"ix":2},"a":{"a":0,"k":[399.374,219.912],"ix":1},"s":{"a":0,"k":[100,108.824],"ix":3},"r":{"a":0,"k":38.769,"ix":6},"o":{"a":0,"k":100,"ix":7},"sk":{"a":0,"k":0,"ix":4},"sa":{"a":0,"k":0,"ix":5},"nm":"Transform"}],"nm":"R","np":2,"cix":2,"bm":0,"ix":1,"mn":"ADBE Vector Group","hd":false},{"ty":"gr","it":[{"ty":"gr","it":[{"ind":0,"ty":"sh","ix":1,"ks":{"a":1,"k":[{"i":{"x":0.667,"y":1},"o":{"x":0.333,"y":0},"t":2,"s":[{"i":[[9.597,-0.166],[0.108,-8.226],[0.132,-32.241],[-0.547,0.563],[-0.172,34.81]],"o":[[-9.597,0.166],[-0.48,36.559],[2.046,0.026],[-0.021,-32.574],[0.041,-8.226]],"v":[[1.195,-70.642],[-15.953,-52.894],[-18.138,54.647],[18.515,54.48],[18.944,-53.496]],"c":true}]},{"i":{"x":0.667,"y":1},"o":{"x":0.333,"y":0},"t":6,"s":[{"i":[[9.57,-1.705],[-1.212,-8.243],[0.132,-32.241],[-1.046,0.456],[5.413,34.838]],"o":[[-9.57,1.705],[5.386,36.636],[2.006,0.118],[-0.021,-32.574],[-1.279,-8.233]],"v":[[-8.305,-70.556],[-22.605,-50.056],[-18.138,54.647],[18.515,54.48],[12.195,-56.257]],"c":true}]},{"i":{"x":0.667,"y":1},"o":{"x":0.333,"y":0},"t":12,"s":[{"i":[[9.65,2.914],[2.747,-8.191],[0.132,-32.241],[0.45,0.777],[-11.342,34.755]],"o":[[-9.65,-2.914],[-12.211,36.406],[2.126,-0.158],[-0.021,-32.574],[2.68,-8.213]],"v":[[20.194,-70.815],[-2.648,-58.569],[-18.138,54.647],[18.515,54.48],[32.441,-47.973]],"c":true}]},{"i":{"x":0.667,"y":1},"o":{"x":0.333,"y":0},"t":22,"s":[{"i":[[9.543,-3.245],[-2.532,-8.26],[0.132,-32.241],[-1.544,0.349],[10.997,34.865]],"o":[[-9.543,3.245],[11.252,36.713],[1.967,0.209],[-0.021,-32.574],[-2.599,-8.239]],"v":[[-17.805,-70.47],[-29.257,-47.218],[-18.138,54.647],[18.515,54.48],[5.446,-59.018]],"c":true}]},{"i":{"x":0.667,"y":1},"o":{"x":0.333,"y":0},"t":31,"s":[{"i":[[9.626,1.545],[1.574,-8.206],[0.132,-32.241],[0.007,0.682],[-6.378,34.779]],"o":[[-9.626,-1.545],[-6.997,36.474],[2.09,-0.076],[-0.021,-32.574],[1.507,-8.219]],"v":[[11.75,-70.739],[-8.561,-56.046],[-18.138,54.647],[18.515,54.48],[26.442,-50.428]],"c":true}]},{"i":{"x":0.667,"y":1},"o":{"x":0.333,"y":0},"t":42,"s":[{"i":[[9.597,-0.166],[0.108,-8.226],[0.132,-32.241],[-0.547,0.563],[-0.172,34.81]],"o":[[-9.597,0.166],[-0.48,36.559],[2.046,0.026],[-0.021,-32.574],[0.041,-8.226]],"v":[[1.195,-70.642],[-15.953,-52.894],[-18.138,54.647],[18.515,54.48],[18.944,-53.496]],"c":true}]},{"i":{"x":0.667,"y":1},"o":{"x":0.333,"y":0},"t":75,"s":[{"i":[[9.597,-0.166],[0.108,-8.226],[0.132,-32.241],[-0.547,0.563],[-0.172,34.81]],"o":[[-9.597,0.166],[-0.48,36.559],[2.046,0.026],[-0.021,-32.574],[0.041,-8.226]],"v":[[1.195,-70.642],[-15.953,-52.894],[-18.138,54.647],[18.515,54.48],[18.944,-53.496]],"c":true}]},{"i":{"x":0.667,"y":1},"o":{"x":0.333,"y":0},"t":79,"s":[{"i":[[9.57,-1.705],[-1.212,-8.243],[0.132,-32.241],[-1.046,0.456],[5.413,34.838]],"o":[[-9.57,1.705],[5.386,36.636],[2.006,0.118],[-0.021,-32.574],[-1.279,-8.233]],"v":[[-8.305,-70.556],[-22.605,-50.056],[-18.138,54.647],[18.515,54.48],[12.195,-56.257]],"c":true}]},{"i":{"x":0.667,"y":1},"o":{"x":0.333,"y":0},"t":85,"s":[{"i":[[9.65,2.914],[2.747,-8.191],[0.132,-32.241],[0.45,0.777],[-11.342,34.755]],"o":[[-9.65,-2.914],[-12.211,36.406],[2.126,-0.158],[-0.021,-32.574],[2.68,-8.213]],"v":[[20.194,-70.815],[-2.648,-58.569],[-18.138,54.647],[18.515,54.48],[32.441,-47.973]],"c":true}]},{"i":{"x":0.667,"y":1},"o":{"x":0.333,"y":0},"t":95,"s":[{"i":[[9.543,-3.245],[-2.532,-8.26],[0.132,-32.241],[-1.544,0.349],[10.997,34.865]],"o":[[-9.543,3.245],[11.252,36.713],[1.967,0.209],[-0.021,-32.574],[-2.599,-8.239]],"v":[[-17.805,-70.47],[-29.257,-47.218],[-18.138,54.647],[18.515,54.48],[5.446,-59.018]],"c":true}]},{"i":{"x":0.667,"y":1},"o":{"x":0.333,"y":0},"t":104,"s":[{"i":[[9.626,1.545],[1.574,-8.206],[0.132,-32.241],[0.007,0.682],[-6.378,34.779]],"o":[[-9.626,-1.545],[-6.997,36.474],[2.09,-0.076],[-0.021,-32.574],[1.507,-8.219]],"v":[[11.75,-70.739],[-8.561,-56.046],[-18.138,54.647],[18.515,54.48],[26.442,-50.428]],"c":true}]},{"t":114,"s":[{"i":[[9.597,-0.166],[0.108,-8.226],[0.132,-32.241],[-0.547,0.563],[-0.172,34.81]],"o":[[-9.597,0.166],[-0.48,36.559],[2.046,0.026],[-0.021,-32.574],[0.041,-8.226]],"v":[[1.195,-70.642],[-15.953,-52.894],[-18.138,54.647],[18.515,54.48],[18.944,-53.496]],"c":true}]}],"ix":2},"nm":"Path 1","mn":"ADBE Vector Shape - Group","hd":false},{"ty":"st","c":{"a":0,"k":[0,0,0,1],"ix":3},"o":{"a":0,"k":100,"ix":4},"w":{"a":0,"k":2.5,"ix":5},"lc":2,"lj":1,"ml":10,"bm":0,"nm":"Stroke 1","mn":"ADBE Vector Graphic - Stroke","hd":false},{"ty":"fl","c":{"a":0,"k":[1,0.713999968884,0.713999968884,1],"ix":4},"o":{"a":0,"k":100,"ix":5},"r":1,"bm":0,"nm":"Fill 1","mn":"ADBE Vector Graphic - Fill","hd":false},{"ty":"tr","p":{"a":0,"k":[399.435,182.595],"ix":2},"a":{"a":0,"k":[0,0],"ix":1},"s":{"a":0,"k":[100,100],"ix":3},"r":{"a":0,"k":0,"ix":6},"o":{"a":0,"k":100,"ix":7},"sk":{"a":0,"k":0,"ix":4},"sa":{"a":0,"k":0,"ix":5},"nm":"Transform"}],"nm":"Group 1","np":3,"cix":2,"bm":0,"ix":1,"mn":"ADBE Vector Group","hd":false},{"ty":"gr","it":[{"ind":0,"ty":"sh","ix":1,"ks":{"a":1,"k":[{"i":{"x":0.667,"y":1},"o":{"x":0.333,"y":0},"t":2,"s":[{"i":[[-0.194,25.694],[1.225,38.434],[20.181,-0.348],[-0.446,-19.969],[0.335,-32.83]],"o":[[0.253,-33.479],[-0.686,-21.531],[-20.181,0.348],[0.787,35.248],[-0.262,25.693]],"v":[[38.802,57.002],[38.023,-56.047],[0.467,-90.309],[-35.363,-54.78],[-38.28,57.353]],"c":false}]},{"i":{"x":0.667,"y":1},"o":{"x":0.333,"y":0},"t":6,"s":[{"i":[[-0.194,25.694],[7.391,38.237],[20.126,-3.586],[-3.65,-19.897],[0.335,-32.83]],"o":[[0.253,-33.479],[-4.141,-21.421],[-20.126,3.586],[6.442,35.122],[-0.262,25.693]],"v":[[38.802,57.002],[29.963,-61.859],[-13.089,-90.096],[-43.219,-48.819],[-38.28,57.353]],"c":false}]},{"i":{"x":0.667,"y":1},"o":{"x":0.333,"y":0},"t":12,"s":[{"i":[[-0.194,25.694],[-11.107,38.827],[20.293,6.128],[5.962,-20.112],[0.335,-32.83]],"o":[[0.253,-33.479],[6.223,-21.752],[-20.293,-6.128],[-10.524,35.501],[-0.262,25.693]],"v":[[38.802,57.002],[54.141,-44.422],[27.579,-90.735],[-19.651,-66.703],[-38.28,57.353]],"c":false}]},{"i":{"x":0.667,"y":1},"o":{"x":0.333,"y":0},"t":22,"s":[{"i":[[-0.194,25.694],[13.558,38.041],[20.07,-6.824],[-6.853,-19.826],[0.335,-32.83]],"o":[[0.253,-33.479],[-7.595,-21.311],[-20.07,6.824],[12.097,34.996],[-0.262,25.693]],"v":[[38.802,57.002],[21.904,-67.671],[-26.646,-89.883],[-51.075,-42.857],[-38.28,57.353]],"c":false}]},{"i":{"x":0.667,"y":1},"o":{"x":0.333,"y":0},"t":31,"s":[{"i":[[-0.194,25.694],[-5.626,38.652],[20.243,3.25],[3.114,-20.048],[0.335,-32.83]],"o":[[0.253,-33.479],[3.152,-21.654],[-20.244,-3.25],[-5.497,35.389],[-0.262,25.693]],"v":[[38.802,57.002],[46.977,-49.588],[15.529,-90.545],[-26.634,-61.404],[-38.28,57.353]],"c":false}]},{"i":{"x":0.667,"y":1},"o":{"x":0.333,"y":0},"t":42,"s":[{"i":[[-0.194,25.694],[1.225,38.434],[20.181,-0.348],[-0.446,-19.969],[0.335,-32.83]],"o":[[0.253,-33.479],[-0.686,-21.531],[-20.181,0.348],[0.787,35.248],[-0.262,25.693]],"v":[[38.802,57.002],[38.023,-56.047],[0.467,-90.309],[-35.363,-54.78],[-38.28,57.353]],"c":false}]},{"i":{"x":0.667,"y":1},"o":{"x":0.333,"y":0},"t":75,"s":[{"i":[[-0.194,25.694],[1.225,38.434],[20.181,-0.348],[-0.446,-19.969],[0.335,-32.83]],"o":[[0.253,-33.479],[-0.686,-21.531],[-20.181,0.348],[0.787,35.248],[-0.262,25.693]],"v":[[38.802,57.002],[38.023,-56.047],[0.467,-90.309],[-35.363,-54.78],[-38.28,57.353]],"c":false}]},{"i":{"x":0.667,"y":1},"o":{"x":0.333,"y":0},"t":79,"s":[{"i":[[-0.194,25.694],[7.391,38.237],[20.126,-3.586],[-3.65,-19.897],[0.335,-32.83]],"o":[[0.253,-33.479],[-4.141,-21.421],[-20.126,3.586],[6.442,35.122],[-0.262,25.693]],"v":[[38.802,57.002],[29.963,-61.859],[-13.089,-90.096],[-43.219,-48.819],[-38.28,57.353]],"c":false}]},{"i":{"x":0.667,"y":1},"o":{"x":0.333,"y":0},"t":85,"s":[{"i":[[-0.194,25.694],[-11.107,38.827],[20.293,6.128],[5.962,-20.112],[0.335,-32.83]],"o":[[0.253,-33.479],[6.223,-21.752],[-20.293,-6.128],[-10.524,35.501],[-0.262,25.693]],"v":[[38.802,57.002],[54.141,-44.422],[27.579,-90.735],[-19.651,-66.703],[-38.28,57.353]],"c":false}]},{"i":{"x":0.667,"y":1},"o":{"x":0.333,"y":0},"t":95,"s":[{"i":[[-0.194,25.694],[13.558,38.041],[20.07,-6.824],[-6.853,-19.826],[0.335,-32.83]],"o":[[0.253,-33.479],[-7.595,-21.311],[-20.07,6.824],[12.097,34.996],[-0.262,25.693]],"v":[[38.802,57.002],[21.904,-67.671],[-26.646,-89.883],[-51.075,-42.857],[-38.28,57.353]],"c":false}]},{"i":{"x":0.667,"y":1},"o":{"x":0.333,"y":0},"t":104,"s":[{"i":[[-0.194,25.694],[-5.626,38.652],[20.243,3.25],[3.114,-20.048],[0.335,-32.83]],"o":[[0.253,-33.479],[3.152,-21.654],[-20.243,-3.25],[-5.497,35.389],[-0.262,25.693]],"v":[[38.802,57.002],[46.977,-49.588],[15.529,-90.545],[-26.634,-61.404],[-38.28,57.353]],"c":false}]},{"t":114,"s":[{"i":[[-0.194,25.694],[1.225,38.434],[20.181,-0.348],[-0.446,-19.969],[0.335,-32.83]],"o":[[0.253,-33.479],[-0.686,-21.531],[-20.181,0.348],[0.787,35.248],[-0.262,25.693]],"v":[[38.802,57.002],[38.023,-56.047],[0.467,-90.309],[-35.363,-54.78],[-38.28,57.353]],"c":false}]}],"ix":2},"nm":"Path 1","mn":"ADBE Vector Shape - Group","hd":false},{"ty":"st","c":{"a":0,"k":[0,0,0,1],"ix":3},"o":{"a":0,"k":100,"ix":4},"w":{"a":0,"k":4.8,"ix":5},"lc":2,"lj":1,"ml":10,"bm":0,"nm":"Stroke 1","mn":"ADBE Vector Graphic - Stroke","hd":false},{"ty":"fl","c":{"a":0,"k":[0.948999980852,0.438999998803,0.717999985639,1],"ix":4},"o":{"a":0,"k":100,"ix":5},"r":1,"bm":0,"nm":"Fill 1","mn":"ADBE Vector Graphic - Fill","hd":false},{"ty":"tr","p":{"a":0,"k":[399.374,176.977],"ix":2},"a":{"a":0,"k":[0,0],"ix":1},"s":{"a":0,"k":[100,100],"ix":3},"r":{"a":0,"k":0,"ix":6},"o":{"a":0,"k":100,"ix":7},"sk":{"a":0,"k":0,"ix":4},"sa":{"a":0,"k":0,"ix":5},"nm":"Transform"}],"nm":"Group 3","np":3,"cix":2,"bm":0,"ix":2,"mn":"ADBE Vector Group","hd":false},{"ty":"tr","p":{"a":0,"k":[409.036,204.331],"ix":2},"a":{"a":0,"k":[399.374,219.912],"ix":1},"s":{"a":0,"k":[100,100],"ix":3},"r":{"a":0,"k":-1.141,"ix":6},"o":{"a":0,"k":100,"ix":7},"sk":{"a":0,"k":0,"ix":4},"sa":{"a":0,"k":0,"ix":5},"nm":"Transform"}],"nm":"L","np":2,"cix":2,"bm":0,"ix":2,"mn":"ADBE Vector Group","hd":false}],"ip":0,"op":120,"st":0,"bm":0},{"ddd":0,"ind":11,"ty":4,"nm":"Head Outline","parent":9,"sr":1,"ks":{"o":{"a":0,"k":100,"ix":11},"r":{"a":0,"k":0,"ix":10},"p":{"a":0,"k":[418.164,295.328,0],"ix":2},"a":{"a":0,"k":[418.164,295.328,0],"ix":1},"s":{"a":0,"k":[100,100,100],"ix":6}},"ao":0,"shapes":[{"ty":"gr","it":[{"ind":0,"ty":"sh","ix":1,"ks":{"a":0,"k":{"i":[[63.61,48.945],[112.68,13.28],[45.973,-7.305],[-21.631,-67.671],[-61.202,-38.726],[-123.185,-0.88],[-22.623,11.403]],"o":[[22.23,-69.547],[-35.286,-4.159],[-105.697,16.793],[-58.74,46.188],[25.519,16.147],[102.962,0.736],[70.816,-35.695]],"v":[[181.996,-15.483],[52.907,-173.082],[-62.551,-171.775],[-182.698,-15.483],[-184.404,147.856],[-0.766,178.344],[170.784,154.071]],"c":true},"ix":2},"nm":"Path 1","mn":"ADBE Vector Shape - Group","hd":false},{"ty":"st","c":{"a":0,"k":[0,0,0,1],"ix":3},"o":{"a":0,"k":100,"ix":4},"w":{"a":0,"k":13,"ix":5},"lc":1,"lj":1,"ml":10,"bm":0,"nm":"Stroke 1","mn":"ADBE Vector Graphic - Stroke","hd":false},{"ty":"tr","p":{"a":0,"k":[418.962,294.506],"ix":2},"a":{"a":0,"k":[0,0],"ix":1},"s":{"a":0,"k":[100,100],"ix":3},"r":{"a":0,"k":0,"ix":6},"o":{"a":0,"k":100,"ix":7},"sk":{"a":0,"k":0,"ix":4},"sa":{"a":0,"k":0,"ix":5},"nm":"Transform"}],"nm":"Group 1","np":2,"cix":2,"bm":0,"ix":1,"mn":"ADBE Vector Group","hd":false}],"ip":0,"op":120,"st":0,"bm":0},{"ddd":0,"ind":12,"ty":4,"nm":"Arms Back","parent":4,"sr":1,"ks":{"o":{"a":0,"k":100,"ix":11},"r":{"a":0,"k":0,"ix":10},"p":{"a":0,"k":[365.17,615.207,0],"ix":2},"a":{"a":0,"k":[365.17,615.207,0],"ix":1},"s":{"a":0,"k":[100,100,100],"ix":6}},"ao":0,"shapes":[{"ty":"gr","it":[{"ind":0,"ty":"sh","ix":1,"ks":{"a":0,"k":{"i":[[0,0],[0,0],[10.283,0.762],[0,0],[3.023,-5.911],[4.653,-13.229],[-11.864,33.617]],"o":[[0,0],[2.631,-9.97],[0,0],[-6.62,-0.492],[-6.53,12.773],[-9.702,27.584],[7.187,-20.365]],"v":[[-24.766,-12.173],[-21.02,-25.805],[-35.738,-46.449],[-35.739,-46.449],[-51.643,-37.502],[-72.299,11.372],[-34.887,17.839]],"c":true},"ix":2},"nm":"Path 1","mn":"ADBE Vector Shape - Group","hd":false},{"ty":"st","c":{"a":0,"k":[0,0,0,1],"ix":3},"o":{"a":0,"k":100,"ix":4},"w":{"a":0,"k":4,"ix":5},"lc":2,"lj":2,"bm":0,"nm":"Stroke 1","mn":"ADBE Vector Graphic - Stroke","hd":false},{"ty":"fl","c":{"a":0,"k":[0.847000002394,0.823999980852,0.663000009574,1],"ix":4},"o":{"a":0,"k":100,"ix":5},"r":1,"bm":0,"nm":"Fill 1","mn":"ADBE Vector Graphic - Fill","hd":false},{"ty":"tr","p":{"a":0,"k":[364.251,618.044],"ix":2},"a":{"a":0,"k":[0,0],"ix":1},"s":{"a":0,"k":[100,100],"ix":3},"r":{"a":0,"k":0,"ix":6},"o":{"a":0,"k":100,"ix":7},"sk":{"a":0,"k":0,"ix":4},"sa":{"a":0,"k":0,"ix":5},"nm":"Transform"}],"nm":"Group 5","np":3,"cix":2,"bm":0,"ix":1,"mn":"ADBE Vector Group","hd":false},{"ty":"gr","it":[{"ind":0,"ty":"sh","ix":1,"ks":{"a":0,"k":{"i":[[0,0],[0,0],[-10.283,0.762],[-3.022,-5.911],[-3.674,-13.534],[12.733,38.252]],"o":[[0,0],[-2.631,-9.97],[6.621,-0.492],[6.53,12.773],[6.471,23.834],[-7.367,-22.133]],"v":[[24.562,-12.378],[21.019,-25.805],[35.737,-46.449],[51.641,-37.502],[73.798,17.622],[33.386,15.339]],"c":true},"ix":2},"nm":"Path 1","mn":"ADBE Vector Shape - Group","hd":false},{"ty":"st","c":{"a":0,"k":[0,0,0,1],"ix":3},"o":{"a":0,"k":100,"ix":4},"w":{"a":0,"k":4,"ix":5},"lc":2,"lj":2,"bm":0,"nm":"Stroke 1","mn":"ADBE Vector Graphic - Stroke","hd":false},{"ty":"fl","c":{"a":0,"k":[0.847000002394,0.823999980852,0.663000009574,1],"ix":4},"o":{"a":0,"k":100,"ix":5},"r":1,"bm":0,"nm":"Fill 1","mn":"ADBE Vector Graphic - Fill","hd":false},{"ty":"tr","p":{"a":0,"k":[413.481,618.044],"ix":2},"a":{"a":0,"k":[0,0],"ix":1},"s":{"a":0,"k":[100,100],"ix":3},"r":{"a":0,"k":0,"ix":6},"o":{"a":0,"k":100,"ix":7},"sk":{"a":0,"k":0,"ix":4},"sa":{"a":0,"k":0,"ix":5},"nm":"Transform"}],"nm":"Group 7","np":3,"cix":2,"bm":0,"ix":2,"mn":"ADBE Vector Group","hd":false}],"ip":0,"op":120,"st":0,"bm":0},{"ddd":0,"ind":13,"ty":4,"nm":"Body","parent":2,"sr":1,"ks":{"o":{"a":0,"k":100,"ix":11},"r":{"a":0,"k":0,"ix":10},"p":{"a":0,"k":[0.011,0.919,0],"ix":2},"a":{"a":0,"k":[393.222,741.694,0],"ix":1},"s":{"a":1,"k":[{"i":{"x":[0.667,0.667,0.667],"y":[1,1,1]},"o":{"x":[0.333,0.333,0.333],"y":[0,0,0]},"t":0,"s":[100,100,100]},{"i":{"x":[0.667,0.667,0.667],"y":[1,1,1]},"o":{"x":[0.333,0.333,0.333],"y":[0,0,0]},"t":6,"s":[100,95,100]},{"i":{"x":[0.667,0.667,0.667],"y":[1,1,1]},"o":{"x":[0.333,0.333,0.333],"y":[0,0,0]},"t":16,"s":[100,101,100]},{"i":{"x":[0.667,0.667,0.667],"y":[1,1,1]},"o":{"x":[0.167,0.167,0.167],"y":[0,0,0]},"t":23,"s":[100,100,100]},{"i":{"x":[0.667,0.667,0.667],"y":[1,1,1]},"o":{"x":[0.333,0.333,0.333],"y":[0,0,0]},"t":75,"s":[100,100,100]},{"i":{"x":[0.667,0.667,0.667],"y":[1,1,1]},"o":{"x":[0.333,0.333,0.333],"y":[0,0,0]},"t":81,"s":[100,95,100]},{"i":{"x":[0.667,0.667,0.667],"y":[1,1,1]},"o":{"x":[0.333,0.333,0.333],"y":[0,0,0]},"t":91,"s":[100,101,100]},{"t":98,"s":[100,100,100]}],"ix":6}},"ao":0,"shapes":[{"ty":"gr","it":[{"ind":0,"ty":"sh","ix":1,"ks":{"a":0,"k":{"i":[[0,0],[0,0],[0,0],[0,0]],"o":[[0,0],[0,0],[0,0],[0,0]],"v":[[-6.986,15.099],[6.987,15.099],[6.987,-15.1],[-6.986,-15.1]],"c":true},"ix":2},"nm":"Path 1","mn":"ADBE Vector Shape - Group","hd":false},{"ty":"st","c":{"a":0,"k":[0,0,0,1],"ix":3},"o":{"a":0,"k":100,"ix":4},"w":{"a":0,"k":2,"ix":5},"lc":1,"lj":1,"ml":10,"bm":0,"nm":"Stroke 1","mn":"ADBE Vector Graphic - Stroke","hd":false},{"ty":"tr","p":{"a":0,"k":[352.42,698.925],"ix":2},"a":{"a":0,"k":[0,0],"ix":1},"s":{"a":0,"k":[100,100],"ix":3},"r":{"a":0,"k":0,"ix":6},"o":{"a":0,"k":100,"ix":7},"sk":{"a":0,"k":0,"ix":4},"sa":{"a":0,"k":0,"ix":5},"nm":"Transform"}],"nm":"Group 1","np":2,"cix":2,"bm":0,"ix":1,"mn":"ADBE Vector Group","hd":false},{"ty":"gr","it":[{"ind":0,"ty":"sh","ix":1,"ks":{"a":0,"k":{"i":[[-5.09,0],[0,0],[-0.996,4.992],[0,0],[0,0],[0,0]],"o":[[0,0],[5.09,0],[0,0],[0,0],[0,0],[0.995,4.992]],"v":[[-16.387,15.099],[16.388,15.099],[26.855,6.512],[31.164,-15.099],[-31.164,-15.099],[-26.854,6.512]],"c":true},"ix":2},"nm":"Path 1","mn":"ADBE Vector Shape - Group","hd":false},{"ty":"st","c":{"a":0,"k":[0,0,0,1],"ix":3},"o":{"a":0,"k":100,"ix":4},"w":{"a":0,"k":2,"ix":5},"lc":2,"lj":2,"bm":0,"nm":"Stroke 1","mn":"ADBE Vector Graphic - Stroke","hd":false},{"ty":"tr","p":{"a":0,"k":[352.558,668.725],"ix":2},"a":{"a":0,"k":[0,0],"ix":1},"s":{"a":0,"k":[100,100],"ix":3},"r":{"a":0,"k":0,"ix":6},"o":{"a":0,"k":100,"ix":7},"sk":{"a":0,"k":0,"ix":4},"sa":{"a":0,"k":0,"ix":5},"nm":"Transform"}],"nm":"Group 2","np":2,"cix":2,"bm":0,"ix":2,"mn":"ADBE Vector Group","hd":false},{"ty":"gr","it":[{"ind":0,"ty":"sh","ix":1,"ks":{"a":0,"k":{"i":[[-5.09,0],[0,0],[-0.996,4.992],[0,0],[0,0],[0,0]],"o":[[0,0],[5.09,0],[0,0],[0,0],[0,0],[0.995,4.992]],"v":[[-16.387,15.099],[16.388,15.099],[26.855,6.512],[31.164,-15.099],[-31.164,-15.099],[-26.854,6.512]],"c":true},"ix":2},"nm":"Path 1","mn":"ADBE Vector Shape - Group","hd":false},{"ty":"gr","it":[{"ty":"tr","p":{"a":0,"k":[0,0],"ix":2},"a":{"a":0,"k":[0,0],"ix":1},"s":{"a":0,"k":[100,100],"ix":3},"r":{"a":0,"k":0,"ix":6},"o":{"a":0,"k":100,"ix":7},"sk":{"a":0,"k":0,"ix":4},"sa":{"a":0,"k":0,"ix":5},"nm":"Transform"}],"nm":"Group 1","np":0,"cix":2,"bm":0,"ix":2,"mn":"ADBE Vector Group","hd":false},{"ty":"mm","mm":4,"nm":"Merge Paths 1","mn":"ADBE Vector Filter - Merge","hd":false},{"ty":"fl","c":{"a":0,"k":[0.105999995213,0.226999993418,0.4,1],"ix":4},"o":{"a":0,"k":100,"ix":5},"r":1,"bm":0,"nm":"Fill 1","mn":"ADBE Vector Graphic - Fill","hd":false},{"ty":"tr","p":{"a":0,"k":[352.558,668.725],"ix":2},"a":{"a":0,"k":[0,0],"ix":1},"s":{"a":0,"k":[100,100],"ix":3},"r":{"a":0,"k":0,"ix":6},"o":{"a":0,"k":100,"ix":7},"sk":{"a":0,"k":0,"ix":4},"sa":{"a":0,"k":0,"ix":5},"nm":"Transform"}],"nm":"Group 3","np":4,"cix":2,"bm":0,"ix":3,"mn":"ADBE Vector Group","hd":false},{"ty":"gr","it":[{"ind":0,"ty":"sh","ix":1,"ks":{"a":0,"k":{"i":[[-7.768,0],[0,0],[0,7.767],[0,0],[0,0],[0,0]],"o":[[0,0],[7.768,0],[0,0],[0,0],[0,0],[0,7.767]],"v":[[-17.099,30.199],[17.099,30.199],[31.164,16.134],[31.164,-30.199],[-31.164,-30.199],[-31.164,16.134]],"c":true},"ix":2},"nm":"Path 1","mn":"ADBE Vector Shape - Group","hd":false},{"ty":"st","c":{"a":0,"k":[0,0,0,1],"ix":3},"o":{"a":0,"k":100,"ix":4},"w":{"a":0,"k":2,"ix":5},"lc":2,"lj":2,"bm":0,"nm":"Stroke 1","mn":"ADBE Vector Graphic - Stroke","hd":false},{"ty":"tr","p":{"a":0,"k":[352.558,683.825],"ix":2},"a":{"a":0,"k":[0,0],"ix":1},"s":{"a":0,"k":[100,100],"ix":3},"r":{"a":0,"k":0,"ix":6},"o":{"a":0,"k":100,"ix":7},"sk":{"a":0,"k":0,"ix":4},"sa":{"a":0,"k":0,"ix":5},"nm":"Transform"}],"nm":"Group 4","np":2,"cix":2,"bm":0,"ix":4,"mn":"ADBE Vector Group","hd":false},{"ty":"gr","it":[{"ind":0,"ty":"sh","ix":1,"ks":{"a":0,"k":{"i":[[-7.768,0],[0,0],[0,7.767],[0,0],[0,0],[0,0]],"o":[[0,0],[7.768,0],[0,0],[0,0],[0,0],[0,7.767]],"v":[[-17.099,30.199],[17.099,30.199],[31.164,16.134],[31.164,-30.199],[-31.164,-30.199],[-31.164,16.134]],"c":true},"ix":2},"nm":"Path 1","mn":"ADBE Vector Shape - Group","hd":false},{"ty":"gr","it":[{"ty":"tr","p":{"a":0,"k":[0,0],"ix":2},"a":{"a":0,"k":[0,0],"ix":1},"s":{"a":0,"k":[100,100],"ix":3},"r":{"a":0,"k":0,"ix":6},"o":{"a":0,"k":100,"ix":7},"sk":{"a":0,"k":0,"ix":4},"sa":{"a":0,"k":0,"ix":5},"nm":"Transform"}],"nm":"Group 1","np":0,"cix":2,"bm":0,"ix":2,"mn":"ADBE Vector Group","hd":false},{"ty":"mm","mm":4,"nm":"Merge Paths 1","mn":"ADBE Vector Filter - Merge","hd":false},{"ty":"fl","c":{"a":0,"k":[0.105999995213,0.226999993418,0.4,1],"ix":4},"o":{"a":0,"k":100,"ix":5},"r":1,"bm":0,"nm":"Fill 1","mn":"ADBE Vector Graphic - Fill","hd":false},{"ty":"tr","p":{"a":0,"k":[352.558,683.825],"ix":2},"a":{"a":0,"k":[0,0],"ix":1},"s":{"a":0,"k":[100,100],"ix":3},"r":{"a":0,"k":0,"ix":6},"o":{"a":0,"k":100,"ix":7},"sk":{"a":0,"k":0,"ix":4},"sa":{"a":0,"k":0,"ix":5},"nm":"Transform"}],"nm":"Group 5","np":4,"cix":2,"bm":0,"ix":5,"mn":"ADBE Vector Group","hd":false},{"ty":"gr","it":[{"ind":0,"ty":"sh","ix":1,"ks":{"a":0,"k":{"i":[[0,0],[0,0],[0,0],[0,0]],"o":[[0,0],[0,0],[0,0],[0,0]],"v":[[6.986,15.099],[-6.987,15.099],[-6.987,-15.1],[6.986,-15.1]],"c":true},"ix":2},"nm":"Path 1","mn":"ADBE Vector Shape - Group","hd":false},{"ty":"st","c":{"a":0,"k":[0,0,0,1],"ix":3},"o":{"a":0,"k":100,"ix":4},"w":{"a":0,"k":2,"ix":5},"lc":1,"lj":1,"ml":10,"bm":0,"nm":"Stroke 1","mn":"ADBE Vector Graphic - Stroke","hd":false},{"ty":"tr","p":{"a":0,"k":[432.982,698.925],"ix":2},"a":{"a":0,"k":[0,0],"ix":1},"s":{"a":0,"k":[100,100],"ix":3},"r":{"a":0,"k":0,"ix":6},"o":{"a":0,"k":100,"ix":7},"sk":{"a":0,"k":0,"ix":4},"sa":{"a":0,"k":0,"ix":5},"nm":"Transform"}],"nm":"Group 6","np":2,"cix":2,"bm":0,"ix":6,"mn":"ADBE Vector Group","hd":false},{"ty":"gr","it":[{"ind":0,"ty":"sh","ix":1,"ks":{"a":0,"k":{"i":[[5.09,0],[0,0],[0.995,4.992],[0,0],[0,0],[0,0]],"o":[[0,0],[-5.09,0],[0,0],[0,0],[0,0],[-0.995,4.992]],"v":[[16.388,15.099],[-16.388,15.099],[-26.854,6.512],[-31.164,-15.099],[31.164,-15.099],[26.854,6.512]],"c":true},"ix":2},"nm":"Path 1","mn":"ADBE Vector Shape - Group","hd":false},{"ty":"st","c":{"a":0,"k":[0,0,0,1],"ix":3},"o":{"a":0,"k":100,"ix":4},"w":{"a":0,"k":2,"ix":5},"lc":2,"lj":2,"bm":0,"nm":"Stroke 1","mn":"ADBE Vector Graphic - Stroke","hd":false},{"ty":"tr","p":{"a":0,"k":[432.843,668.725],"ix":2},"a":{"a":0,"k":[0,0],"ix":1},"s":{"a":0,"k":[100,100],"ix":3},"r":{"a":0,"k":0,"ix":6},"o":{"a":0,"k":100,"ix":7},"sk":{"a":0,"k":0,"ix":4},"sa":{"a":0,"k":0,"ix":5},"nm":"Transform"}],"nm":"Group 7","np":2,"cix":2,"bm":0,"ix":7,"mn":"ADBE Vector Group","hd":false},{"ty":"gr","it":[{"ind":0,"ty":"sh","ix":1,"ks":{"a":0,"k":{"i":[[5.09,0],[0,0],[0.995,4.992],[0,0],[0,0],[0,0]],"o":[[0,0],[-5.09,0],[0,0],[0,0],[0,0],[-0.995,4.992]],"v":[[16.388,15.099],[-16.388,15.099],[-26.854,6.512],[-31.164,-15.099],[31.164,-15.099],[26.854,6.512]],"c":true},"ix":2},"nm":"Path 1","mn":"ADBE Vector Shape - Group","hd":false},{"ty":"gr","it":[{"ty":"tr","p":{"a":0,"k":[0,0],"ix":2},"a":{"a":0,"k":[0,0],"ix":1},"s":{"a":0,"k":[100,100],"ix":3},"r":{"a":0,"k":0,"ix":6},"o":{"a":0,"k":100,"ix":7},"sk":{"a":0,"k":0,"ix":4},"sa":{"a":0,"k":0,"ix":5},"nm":"Transform"}],"nm":"Group 1","np":0,"cix":2,"bm":0,"ix":2,"mn":"ADBE Vector Group","hd":false},{"ty":"mm","mm":4,"nm":"Merge Paths 1","mn":"ADBE Vector Filter - Merge","hd":false},{"ty":"fl","c":{"a":0,"k":[0.105999995213,0.226999993418,0.4,1],"ix":4},"o":{"a":0,"k":100,"ix":5},"r":1,"bm":0,"nm":"Fill 1","mn":"ADBE Vector Graphic - Fill","hd":false},{"ty":"tr","p":{"a":0,"k":[432.843,668.725],"ix":2},"a":{"a":0,"k":[0,0],"ix":1},"s":{"a":0,"k":[100,100],"ix":3},"r":{"a":0,"k":0,"ix":6},"o":{"a":0,"k":100,"ix":7},"sk":{"a":0,"k":0,"ix":4},"sa":{"a":0,"k":0,"ix":5},"nm":"Transform"}],"nm":"Group 8","np":4,"cix":2,"bm":0,"ix":8,"mn":"ADBE Vector Group","hd":false},{"ty":"gr","it":[{"ind":0,"ty":"sh","ix":1,"ks":{"a":0,"k":{"i":[[7.768,0],[0,0],[0,7.767],[0,0],[0,0],[0,0]],"o":[[0,0],[-7.768,0],[0,0],[0,0],[0,0],[0,7.767]],"v":[[17.099,30.199],[-17.099,30.199],[-31.164,16.134],[-31.164,-30.199],[31.164,-30.199],[31.164,16.134]],"c":true},"ix":2},"nm":"Path 1","mn":"ADBE Vector Shape - Group","hd":false},{"ty":"st","c":{"a":0,"k":[0,0,0,1],"ix":3},"o":{"a":0,"k":100,"ix":4},"w":{"a":0,"k":2,"ix":5},"lc":2,"lj":2,"bm":0,"nm":"Stroke 1","mn":"ADBE Vector Graphic - Stroke","hd":false},{"ty":"tr","p":{"a":0,"k":[432.843,683.825],"ix":2},"a":{"a":0,"k":[0,0],"ix":1},"s":{"a":0,"k":[100,100],"ix":3},"r":{"a":0,"k":0,"ix":6},"o":{"a":0,"k":100,"ix":7},"sk":{"a":0,"k":0,"ix":4},"sa":{"a":0,"k":0,"ix":5},"nm":"Transform"}],"nm":"Group 9","np":2,"cix":2,"bm":0,"ix":9,"mn":"ADBE Vector Group","hd":false},{"ty":"gr","it":[{"ind":0,"ty":"sh","ix":1,"ks":{"a":0,"k":{"i":[[7.768,0],[0,0],[0,7.767],[0,0],[0,0],[0,0]],"o":[[0,0],[-7.768,0],[0,0],[0,0],[0,0],[0,7.767]],"v":[[17.099,30.199],[-17.099,30.199],[-31.164,16.134],[-31.164,-30.199],[31.164,-30.199],[31.164,16.134]],"c":true},"ix":2},"nm":"Path 1","mn":"ADBE Vector Shape - Group","hd":false},{"ty":"gr","it":[{"ty":"tr","p":{"a":0,"k":[0,0],"ix":2},"a":{"a":0,"k":[0,0],"ix":1},"s":{"a":0,"k":[100,100],"ix":3},"r":{"a":0,"k":0,"ix":6},"o":{"a":0,"k":100,"ix":7},"sk":{"a":0,"k":0,"ix":4},"sa":{"a":0,"k":0,"ix":5},"nm":"Transform"}],"nm":"Group 1","np":0,"cix":2,"bm":0,"ix":2,"mn":"ADBE Vector Group","hd":false},{"ty":"mm","mm":4,"nm":"Merge Paths 1","mn":"ADBE Vector Filter - Merge","hd":false},{"ty":"fl","c":{"a":0,"k":[0.105999995213,0.226999993418,0.4,1],"ix":4},"o":{"a":0,"k":100,"ix":5},"r":1,"bm":0,"nm":"Fill 1","mn":"ADBE Vector Graphic - Fill","hd":false},{"ty":"tr","p":{"a":0,"k":[432.843,683.825],"ix":2},"a":{"a":0,"k":[0,0],"ix":1},"s":{"a":0,"k":[100,100],"ix":3},"r":{"a":0,"k":0,"ix":6},"o":{"a":0,"k":100,"ix":7},"sk":{"a":0,"k":0,"ix":4},"sa":{"a":0,"k":0,"ix":5},"nm":"Transform"}],"nm":"Group 10","np":4,"cix":2,"bm":0,"ix":10,"mn":"ADBE Vector Group","hd":false},{"ty":"gr","it":[{"ind":0,"ty":"sh","ix":1,"ks":{"a":0,"k":{"i":[[0,0],[0,0]],"o":[[0,0],[0,0]],"v":[[0.092,-50.378],[-0.092,50.378]],"c":false},"ix":2},"nm":"Path 1","mn":"ADBE Vector Shape - Group","hd":false},{"ty":"st","c":{"a":0,"k":[0,0,0,1],"ix":3},"o":{"a":0,"k":100,"ix":4},"w":{"a":0,"k":2,"ix":5},"lc":2,"lj":2,"bm":0,"nm":"Stroke 1","mn":"ADBE Vector Graphic - Stroke","hd":false},{"ty":"tr","p":{"a":0,"k":[392.808,691.317],"ix":2},"a":{"a":0,"k":[0,0],"ix":1},"s":{"a":0,"k":[100,100],"ix":3},"r":{"a":0,"k":0,"ix":6},"o":{"a":0,"k":100,"ix":7},"sk":{"a":0,"k":0,"ix":4},"sa":{"a":0,"k":0,"ix":5},"nm":"Transform"}],"nm":"Group 11","np":2,"cix":2,"bm":0,"ix":11,"mn":"ADBE Vector Group","hd":false},{"ty":"gr","it":[{"ind":0,"ty":"sh","ix":1,"ks":{"a":0,"k":{"i":[[0,0],[0,0],[0,0]],"o":[[0,0],[0,0],[0,0]],"v":[[-58.054,-25.335],[-0.453,25.466],[58.054,-25.466]],"c":false},"ix":2},"nm":"Path 1","mn":"ADBE Vector Shape - Group","hd":false},{"ty":"st","c":{"a":0,"k":[0,0,0,1],"ix":3},"o":{"a":0,"k":100,"ix":4},"w":{"a":0,"k":2,"ix":5},"lc":1,"lj":2,"bm":0,"nm":"Stroke 1","mn":"ADBE Vector Graphic - Stroke","hd":false},{"ty":"tr","p":{"a":0,"k":[393.169,615.535],"ix":2},"a":{"a":0,"k":[0,0],"ix":1},"s":{"a":0,"k":[100,100],"ix":3},"r":{"a":0,"k":0,"ix":6},"o":{"a":0,"k":100,"ix":7},"sk":{"a":0,"k":0,"ix":4},"sa":{"a":0,"k":0,"ix":5},"nm":"Transform"}],"nm":"Group 12","np":2,"cix":2,"bm":0,"ix":12,"mn":"ADBE Vector Group","hd":false},{"ty":"gr","it":[{"ind":0,"ty":"sh","ix":1,"ks":{"a":0,"k":{"i":[[0,0],[-0.108,0.834],[0,0],[0,0],[-37.532,0],[-0.046,-0.001],[-0.046,0],[-4.751,-34.884],[0,0],[0,0],[-0.077,-0.843],[0,0],[0,0],[0,0],[0,0]],"o":[[0.077,-0.843],[0,0],[0,0],[4.75,-34.884],[0.046,0],[0.046,-0.001],[37.532,0],[0,0],[0,0],[0.107,0.834],[0,0],[0,0],[0,0],[0,0],[0,0]],"v":[[-73.742,-24.123],[-73.46,-26.637],[-73.406,-27.119],[-73.396,-27.121],[-0.138,-88.942],[0,-88.939],[0.138,-88.942],[73.397,-27.121],[73.406,-27.119],[73.461,-26.637],[73.742,-24.123],[86.424,88.942],[0.138,88.942],[-0.138,88.942],[-86.424,88.942]],"c":true},"ix":2},"nm":"Path 1","mn":"ADBE Vector Shape - Group","hd":false},{"ty":"st","c":{"a":0,"k":[0,0,0,1],"ix":3},"o":{"a":0,"k":100,"ix":4},"w":{"a":0,"k":6.021,"ix":5},"lc":1,"lj":2,"bm":0,"nm":"Stroke 1","mn":"ADBE Vector Graphic - Stroke","hd":false},{"ty":"tr","p":{"a":0,"k":[393.221,652.109],"ix":2},"a":{"a":0,"k":[0,0],"ix":1},"s":{"a":0,"k":[100,100],"ix":3},"r":{"a":0,"k":0,"ix":6},"o":{"a":0,"k":100,"ix":7},"sk":{"a":0,"k":0,"ix":4},"sa":{"a":0,"k":0,"ix":5},"nm":"Transform"}],"nm":"Group 13","np":2,"cix":2,"bm":0,"ix":13,"mn":"ADBE Vector Group","hd":false},{"ty":"gr","it":[{"ind":0,"ty":"sh","ix":1,"ks":{"a":0,"k":{"i":[[0,0],[0.108,0.834],[0,0],[0,0],[8.133,9.851],[0,0],[0,0],[1.776,-13.036],[0,0],[0,0],[0.077,-0.843],[0,0],[0,0],[0,0],[0,0]],"o":[[-0.077,-0.843],[0,0],[0,0],[-1.783,-13.094],[0,0],[0,0],[-8.074,9.826],[0,0],[0,0],[-0.107,0.834],[0,0],[0,0],[0,0],[0,0],[0,0]],"v":[[73.742,-37.575],[73.46,-40.089],[73.406,-40.57],[73.396,-40.573],[58.001,-75.491],[-0.506,-24.56],[-58.107,-75.359],[-73.397,-40.573],[-73.406,-40.57],[-73.461,-40.089],[-73.742,-37.575],[-86.424,75.49],[-0.138,75.49],[0.138,75.49],[86.424,75.49]],"c":true},"ix":2},"nm":"Path 1","mn":"ADBE Vector Shape - Group","hd":false},{"ty":"gr","it":[{"ty":"tr","p":{"a":0,"k":[0,0],"ix":2},"a":{"a":0,"k":[0,0],"ix":1},"s":{"a":0,"k":[100,100],"ix":3},"r":{"a":0,"k":0,"ix":6},"o":{"a":0,"k":100,"ix":7},"sk":{"a":0,"k":0,"ix":4},"sa":{"a":0,"k":0,"ix":5},"nm":"Transform"}],"nm":"Group 1","np":0,"cix":2,"bm":0,"ix":2,"mn":"ADBE Vector Group","hd":false},{"ty":"mm","mm":4,"nm":"Merge Paths 1","mn":"ADBE Vector Filter - Merge","hd":false},{"ty":"fl","c":{"a":0,"k":[0.195999998205,0.317999985639,0.497999991623,1],"ix":4},"o":{"a":0,"k":100,"ix":5},"r":1,"bm":0,"nm":"Fill 1","mn":"ADBE Vector Graphic - Fill","hd":false},{"ty":"tr","p":{"a":0,"k":[393.222,665.561],"ix":2},"a":{"a":0,"k":[0,0],"ix":1},"s":{"a":0,"k":[100,100],"ix":3},"r":{"a":0,"k":0,"ix":6},"o":{"a":0,"k":100,"ix":7},"sk":{"a":0,"k":0,"ix":4},"sa":{"a":0,"k":0,"ix":5},"nm":"Transform"}],"nm":"Group 14","np":4,"cix":2,"bm":0,"ix":14,"mn":"ADBE Vector Group","hd":false},{"ty":"gr","it":[{"ind":0,"ty":"sh","ix":1,"ks":{"a":0,"k":{"i":[[0,0],[0.108,0.834],[0,0],[0,0],[8.526,10.008],[23.084,0],[13.857,12.433],[1.815,-13.327],[0,0],[0,0],[0.077,-0.843],[0,0],[0,0]],"o":[[-0.077,-0.843],[0,0],[0,0],[-1.835,-13.474],[-13.861,12.621],[-22.884,0],[-8.374,9.949],[0,0],[0,0],[-0.107,0.834],[0,0],[0,0],[0,0]],"v":[[73.742,11.799],[73.46,9.286],[73.406,8.804],[73.396,8.802],[57.275,-26.958],[-0.322,-6.319],[-57.555,-26.635],[-73.397,8.802],[-73.406,8.804],[-73.461,9.286],[-73.742,11.799],[-75.443,26.958],[75.443,26.958]],"c":true},"ix":2},"nm":"Path 1","mn":"ADBE Vector Shape - Group","hd":false},{"ty":"st","c":{"a":0,"k":[0,0,0,1],"ix":3},"o":{"a":0,"k":100,"ix":4},"w":{"a":0,"k":2.007,"ix":5},"lc":1,"lj":1,"ml":10,"bm":0,"nm":"Stroke 1","mn":"ADBE Vector Graphic - Stroke","hd":false},{"ty":"tr","p":{"a":0,"k":[393.222,616.187],"ix":2},"a":{"a":0,"k":[0,0],"ix":1},"s":{"a":0,"k":[100,100],"ix":3},"r":{"a":0,"k":0,"ix":6},"o":{"a":0,"k":100,"ix":7},"sk":{"a":0,"k":0,"ix":4},"sa":{"a":0,"k":0,"ix":5},"nm":"Transform"}],"nm":"Group 15","np":2,"cix":2,"bm":0,"ix":15,"mn":"ADBE Vector Group","hd":false},{"ty":"gr","it":[{"ind":0,"ty":"sh","ix":1,"ks":{"a":0,"k":{"i":[[0,0],[0.108,0.834],[0,0],[0,0],[8.526,10.008],[23.084,0],[13.857,12.433],[1.815,-13.327],[0,0],[0,0],[0.077,-0.843],[0,0],[0,0]],"o":[[-0.077,-0.843],[0,0],[0,0],[-1.835,-13.474],[-13.861,12.621],[-22.884,0],[-8.374,9.949],[0,0],[0,0],[-0.107,0.834],[0,0],[0,0],[0,0]],"v":[[73.742,11.799],[73.46,9.286],[73.406,8.804],[73.396,8.802],[57.275,-26.958],[-0.322,-6.319],[-57.555,-26.635],[-73.397,8.802],[-73.406,8.804],[-73.461,9.286],[-73.742,11.799],[-75.443,26.958],[75.443,26.958]],"c":true},"ix":2},"nm":"Path 1","mn":"ADBE Vector Shape - Group","hd":false},{"ty":"gr","it":[{"ty":"tr","p":{"a":0,"k":[0,0],"ix":2},"a":{"a":0,"k":[0,0],"ix":1},"s":{"a":0,"k":[100,100],"ix":3},"r":{"a":0,"k":0,"ix":6},"o":{"a":0,"k":100,"ix":7},"sk":{"a":0,"k":0,"ix":4},"sa":{"a":0,"k":0,"ix":5},"nm":"Transform"}],"nm":"Group 1","np":0,"cix":2,"bm":0,"ix":2,"mn":"ADBE Vector Group","hd":false},{"ty":"mm","mm":4,"nm":"Merge Paths 1","mn":"ADBE Vector Filter - Merge","hd":false},{"ty":"fl","c":{"a":0,"k":[0.847000002394,0.823999980852,0.663000009574,1],"ix":4},"o":{"a":0,"k":100,"ix":5},"r":1,"bm":0,"nm":"Fill 1","mn":"ADBE Vector Graphic - Fill","hd":false},{"ty":"tr","p":{"a":0,"k":[393.222,616.187],"ix":2},"a":{"a":0,"k":[0,0],"ix":1},"s":{"a":0,"k":[100,100],"ix":3},"r":{"a":0,"k":0,"ix":6},"o":{"a":0,"k":100,"ix":7},"sk":{"a":0,"k":0,"ix":4},"sa":{"a":0,"k":0,"ix":5},"nm":"Transform"}],"nm":"Group 16","np":4,"cix":2,"bm":0,"ix":16,"mn":"ADBE Vector Group","hd":false},{"ty":"gr","it":[{"ind":0,"ty":"sh","ix":1,"ks":{"a":0,"k":{"i":[[0,0],[0.108,0.834],[0,0],[0,0],[37.532,0],[0.046,-0.001],[0.046,0],[4.751,-34.884],[0,0],[0,0],[0.077,-0.843],[0,0],[0,0],[0,0],[0,0]],"o":[[-0.077,-0.843],[0,0],[0,0],[-4.75,-34.884],[-0.046,0],[-0.046,-0.001],[-37.532,0],[0,0],[0,0],[-0.107,0.834],[0,0],[0,0],[0,0],[0,0],[0,0]],"v":[[73.742,-24.123],[73.46,-26.637],[73.406,-27.119],[73.396,-27.121],[0.138,-88.942],[0,-88.939],[-0.138,-88.942],[-73.397,-27.121],[-73.406,-27.119],[-73.461,-26.637],[-73.742,-24.123],[-86.424,88.942],[-0.138,88.942],[0.138,88.942],[86.424,88.942]],"c":true},"ix":2},"nm":"Path 1","mn":"ADBE Vector Shape - Group","hd":false},{"ty":"gr","it":[{"ty":"tr","p":{"a":0,"k":[0,0],"ix":2},"a":{"a":0,"k":[0,0],"ix":1},"s":{"a":0,"k":[100,100],"ix":3},"r":{"a":0,"k":0,"ix":6},"o":{"a":0,"k":100,"ix":7},"sk":{"a":0,"k":0,"ix":4},"sa":{"a":0,"k":0,"ix":5},"nm":"Transform"}],"nm":"Group 1","np":0,"cix":2,"bm":0,"ix":2,"mn":"ADBE Vector Group","hd":false},{"ty":"mm","mm":4,"nm":"Merge Paths 1","mn":"ADBE Vector Filter - Merge","hd":false},{"ty":"fl","c":{"a":0,"k":[0.948999980852,0.438999998803,0.717999985639,1],"ix":4},"o":{"a":0,"k":100,"ix":5},"r":1,"bm":0,"nm":"Fill 1","mn":"ADBE Vector Graphic - Fill","hd":false},{"ty":"tr","p":{"a":0,"k":[393.222,652.109],"ix":2},"a":{"a":0,"k":[0,0],"ix":1},"s":{"a":0,"k":[100,100],"ix":3},"r":{"a":0,"k":0,"ix":6},"o":{"a":0,"k":100,"ix":7},"sk":{"a":0,"k":0,"ix":4},"sa":{"a":0,"k":0,"ix":5},"nm":"Transform"}],"nm":"Group 17","np":4,"cix":2,"bm":0,"ix":17,"mn":"ADBE Vector Group","hd":false}],"ip":0,"op":120,"st":0,"bm":0}]}],"layers":[{"ddd":0,"ind":1,"ty":0,"nm":"20_Mallow_Eye_Roll","refId":"comp_0","sr":1,"ks":{"o":{"a":0,"k":100,"ix":11},"r":{"a":0,"k":0,"ix":10},"p":{"a":0,"k":[160,160,0],"ix":2},"a":{"a":0,"k":[400,400,0],"ix":1},"s":{"a":0,"k":[40,40,100],"ix":6}},"ao":0,"w":800,"h":800,"ip":0,"op":120,"st":0,"bm":0}],"markers":[]}