{"v":"5.6.2","fr":60,"ip":0,"op":90,"w":320,"h":320,"nm":"19_Mallow_Gasp","ddd":0,"assets":[{"id":"comp_0","layers":[{"ddd":0,"ind":2,"ty":3,"nm":"Overall_Ctrl","sr":1,"ks":{"o":{"a":0,"k":0,"ix":11},"r":{"a":0,"k":0,"ix":10},"p":{"a":0,"k":[400,418,0],"ix":2},"a":{"a":0,"k":[0,0,0],"ix":1},"s":{"a":0,"k":[105,105,100],"ix":6}},"ao":0,"ip":0,"op":120,"st":0,"bm":0},{"ddd":0,"ind":3,"ty":4,"nm":"Extra_Elements","parent":2,"sr":1,"ks":{"o":{"a":0,"k":100,"ix":11},"r":{"a":0,"k":0,"ix":10},"p":{"a":0,"k":[0,0,0],"ix":2},"a":{"a":0,"k":[0,0,0],"ix":1},"s":{"a":0,"k":[100,100,100],"ix":6}},"ao":0,"shapes":[{"ty":"gr","it":[{"ind":0,"ty":"sh","ix":1,"ks":{"a":0,"k":{"i":[[0,0],[0,0]],"o":[[0,0],[0,0]],"v":[[156.005,-60.555],[260.558,-115.439]],"c":false},"ix":2},"nm":"Path 1","mn":"ADBE Vector Shape - Group","hd":false},{"ty":"st","c":{"a":0,"k":[0.976440429688,0.811737060547,0.282348632813,1],"ix":3},"o":{"a":0,"k":100,"ix":4},"w":{"a":0,"k":7,"ix":5},"lc":2,"lj":2,"bm":0,"nm":"Stroke 1","mn":"ADBE Vector Graphic - Stroke","hd":false},{"ty":"tr","p":{"a":0,"k":[0,0],"ix":2},"a":{"a":0,"k":[0,0],"ix":1},"s":{"a":0,"k":[100,100],"ix":3},"r":{"a":0,"k":0,"ix":6},"o":{"a":0,"k":100,"ix":7},"sk":{"a":0,"k":0,"ix":4},"sa":{"a":0,"k":0,"ix":5},"nm":"Transform"}],"nm":"Group 1","np":2,"cix":2,"bm":0,"ix":1,"mn":"ADBE Vector Group","hd":false},{"ty":"gr","it":[{"ind":0,"ty":"sh","ix":1,"ks":{"a":0,"k":{"i":[[0,0],[0,0]],"o":[[0,0],[0,0]],"v":[[141.219,-132.803],[194.024,-170.722]],"c":false},"ix":2},"nm":"Path 1","mn":"ADBE Vector Shape - Group","hd":false},{"ty":"st","c":{"a":0,"k":[0.976440429688,0.811737060547,0.282348632813,1],"ix":3},"o":{"a":0,"k":100,"ix":4},"w":{"a":0,"k":7,"ix":5},"lc":2,"lj":2,"bm":0,"nm":"Stroke 1","mn":"ADBE Vector Graphic - Stroke","hd":false},{"ty":"tr","p":{"a":0,"k":[0,0],"ix":2},"a":{"a":0,"k":[0,0],"ix":1},"s":{"a":0,"k":[100,100],"ix":3},"r":{"a":0,"k":0,"ix":6},"o":{"a":0,"k":100,"ix":7},"sk":{"a":0,"k":0,"ix":4},"sa":{"a":0,"k":0,"ix":5},"nm":"Transform"}],"nm":"Group 2","np":2,"cix":2,"bm":0,"ix":2,"mn":"ADBE Vector Group","hd":false},{"ty":"gr","it":[{"ind":0,"ty":"sh","ix":1,"ks":{"a":0,"k":{"i":[[0,0],[9.505,22.298]],"o":[[0,0],[0,0]],"v":[[-114.355,-167.001],[-152.375,-225.185]],"c":false},"ix":2},"nm":"Path 1","mn":"ADBE Vector Shape - Group","hd":false},{"ty":"st","c":{"a":0,"k":[0.976440429688,0.811737060547,0.282348632813,1],"ix":3},"o":{"a":0,"k":100,"ix":4},"w":{"a":0,"k":7,"ix":5},"lc":2,"lj":2,"bm":0,"nm":"Stroke 1","mn":"ADBE Vector Graphic - Stroke","hd":false},{"ty":"tr","p":{"a":0,"k":[0,0],"ix":2},"a":{"a":0,"k":[0,0],"ix":1},"s":{"a":0,"k":[100,100],"ix":3},"r":{"a":0,"k":0,"ix":6},"o":{"a":0,"k":100,"ix":7},"sk":{"a":0,"k":0,"ix":4},"sa":{"a":0,"k":0,"ix":5},"nm":"Transform"}],"nm":"Group 3","np":2,"cix":2,"bm":0,"ix":3,"mn":"ADBE Vector Group","hd":false},{"ty":"gr","it":[{"ind":0,"ty":"sh","ix":1,"ks":{"a":0,"k":{"i":[[0,0],[20.066,10.376]],"o":[[0,0],[0,0]],"v":[[-185.765,-66.922],[-271.713,-95.59]],"c":false},"ix":2},"nm":"Path 1","mn":"ADBE Vector Shape - Group","hd":false},{"ty":"st","c":{"a":0,"k":[0.976440429688,0.811737060547,0.282348632813,1],"ix":3},"o":{"a":0,"k":100,"ix":4},"w":{"a":0,"k":7,"ix":5},"lc":2,"lj":2,"bm":0,"nm":"Stroke 1","mn":"ADBE Vector Graphic - Stroke","hd":false},{"ty":"tr","p":{"a":0,"k":[0,0],"ix":2},"a":{"a":0,"k":[0,0],"ix":1},"s":{"a":0,"k":[100,100],"ix":3},"r":{"a":0,"k":0,"ix":6},"o":{"a":0,"k":100,"ix":7},"sk":{"a":0,"k":0,"ix":4},"sa":{"a":0,"k":0,"ix":5},"nm":"Transform"}],"nm":"Group 4","np":2,"cix":2,"bm":0,"ix":4,"mn":"ADBE Vector Group","hd":false},{"ty":"tm","s":{"a":1,"k":[{"i":{"x":[0.307],"y":[1]},"o":{"x":[1],"y":[0]},"t":31,"s":[0]},{"t":42,"s":[100]}],"ix":1},"e":{"a":1,"k":[{"i":{"x":[0.307],"y":[1]},"o":{"x":[1],"y":[0]},"t":37,"s":[0]},{"t":48,"s":[100]}],"ix":2},"o":{"a":0,"k":0,"ix":3},"m":1,"ix":5,"nm":"Trim Paths 1","mn":"ADBE Vector Filter - Trim","hd":false}],"ip":0,"op":120,"st":0,"bm":0},{"ddd":0,"ind":4,"ty":4,"nm":"L_Arm","parent":18,"sr":1,"ks":{"o":{"a":0,"k":100,"ix":11},"r":{"a":1,"k":[{"i":{"x":[0.265],"y":[1]},"o":{"x":[0.708],"y":[0]},"t":10,"s":[-27]},{"t":40,"s":[0]}],"ix":10},"p":{"a":1,"k":[{"i":{"x":0.265,"y":1},"o":{"x":0.875,"y":0},"t":10,"s":[11.665,122.152,0],"to":[0,0,0],"ti":[0,0,0]},{"t":40,"s":[16.665,114.152,0]}],"ix":2},"a":{"a":0,"k":[16.665,114.152,0],"ix":1},"s":{"a":0,"k":[100,100,100],"ix":6}},"ao":0,"shapes":[{"ty":"gr","it":[{"ind":0,"ty":"sh","ix":1,"ks":{"a":1,"k":[{"i":{"x":0.833,"y":1},"o":{"x":1,"y":0},"t":10,"s":[{"i":[[0,0],[6.908,2.182]],"o":[[0,0],[0,0]],"v":[[-80.519,195.879],[-111.816,198.899]],"c":false}]},{"i":{"x":0,"y":1},"o":{"x":0.167,"y":0},"t":23.5,"s":[{"i":[[0,0],[0.938,7.183]],"o":[[0,0],[0,0]],"v":[[-77.651,110.705],[-93.6,83.609]],"c":false}]},{"t":40,"s":[{"i":[[0,0],[-3.866,6.127]],"o":[[0,0],[0,0]],"v":[[-32.476,72.821],[-27.444,41.784]],"c":false}]}],"ix":2},"nm":"Path 1","mn":"ADBE Vector Shape - Group","hd":false},{"ty":"st","c":{"a":0,"k":[0,0,0,1],"ix":3},"o":{"a":0,"k":100,"ix":4},"w":{"a":0,"k":1.555,"ix":5},"lc":2,"lj":2,"bm":0,"nm":"Stroke 1","mn":"ADBE Vector Graphic - Stroke","hd":false},{"ty":"tr","p":{"a":0,"k":[0,0],"ix":2},"a":{"a":0,"k":[0,0],"ix":1},"s":{"a":0,"k":[100,100],"ix":3},"r":{"a":0,"k":0,"ix":6},"o":{"a":0,"k":100,"ix":7},"sk":{"a":0,"k":0,"ix":4},"sa":{"a":0,"k":0,"ix":5},"nm":"Transform"}],"nm":"Group 1","np":2,"cix":2,"bm":0,"ix":1,"mn":"ADBE Vector Group","hd":false},{"ty":"gr","it":[{"ind":0,"ty":"sh","ix":1,"ks":{"a":1,"k":[{"i":{"x":0.833,"y":1},"o":{"x":1,"y":0},"t":10,"s":[{"i":[[0,0],[6.908,2.182]],"o":[[0,0],[0,0]],"v":[[-84.044,182.461],[-115.313,187.394]],"c":false}]},{"i":{"x":0,"y":1},"o":{"x":0.167,"y":0},"t":23.5,"s":[{"i":[[0,0],[0.938,7.184]],"o":[[0,0],[0,0]],"v":[[-66.975,101.845],[-84.647,75.581]],"c":false}]},{"t":40,"s":[{"i":[[0,0],[-3.866,6.127]],"o":[[0,0],[0,0]],"v":[[-18.603,72.821],[-15.428,41.325]],"c":false}]}],"ix":2},"nm":"Path 1","mn":"ADBE Vector Shape - Group","hd":false},{"ty":"st","c":{"a":0,"k":[0,0,0,1],"ix":3},"o":{"a":0,"k":100,"ix":4},"w":{"a":0,"k":1.555,"ix":5},"lc":2,"lj":2,"bm":0,"nm":"Stroke 1","mn":"ADBE Vector Graphic - Stroke","hd":false},{"ty":"tr","p":{"a":0,"k":[0,0],"ix":2},"a":{"a":0,"k":[0,0],"ix":1},"s":{"a":0,"k":[100,100],"ix":3},"r":{"a":0,"k":0,"ix":6},"o":{"a":0,"k":100,"ix":7},"sk":{"a":0,"k":0,"ix":4},"sa":{"a":0,"k":0,"ix":5},"nm":"Transform"}],"nm":"Group 2","np":2,"cix":2,"bm":0,"ix":2,"mn":"ADBE Vector Group","hd":false},{"ty":"gr","it":[{"ind":0,"ty":"sh","ix":1,"ks":{"a":1,"k":[{"i":{"x":0.833,"y":1},"o":{"x":1,"y":0},"t":10,"s":[{"i":[[0,0],[0,0]],"o":[[0,0],[0,0]],"v":[[-81.521,164.874],[-95.064,167.702]],"c":false}]},{"i":{"x":0,"y":1},"o":{"x":0.167,"y":0},"t":23.5,"s":[{"i":[[0,0],[0,0]],"o":[[0,0],[0,0]],"v":[[-49.967,96.707],[-58.248,85.624]],"c":false}]},{"t":40,"s":[{"i":[[0,0],[0,0]],"o":[[0,0],[0,0]],"v":[[-2.233,79.73],[-1.528,65.913]],"c":false}]}],"ix":2},"nm":"Path 1","mn":"ADBE Vector Shape - Group","hd":false},{"ty":"st","c":{"a":0,"k":[0,0,0,1],"ix":3},"o":{"a":0,"k":100,"ix":4},"w":{"a":0,"k":3.11,"ix":5},"lc":2,"lj":2,"bm":0,"nm":"Stroke 1","mn":"ADBE Vector Graphic - Stroke","hd":false},{"ty":"fl","c":{"a":0,"k":[0.949019610882,0.439215689898,0.717647075653,1],"ix":4},"o":{"a":0,"k":100,"ix":5},"r":1,"bm":0,"nm":"Fill 1","mn":"ADBE Vector Graphic - Fill","hd":false},{"ty":"tr","p":{"a":0,"k":[0,0],"ix":2},"a":{"a":0,"k":[0,0],"ix":1},"s":{"a":0,"k":[100,100],"ix":3},"r":{"a":0,"k":0,"ix":6},"o":{"a":0,"k":100,"ix":7},"sk":{"a":0,"k":0,"ix":4},"sa":{"a":0,"k":0,"ix":5},"nm":"Transform"}],"nm":"Group 3","np":3,"cix":2,"bm":0,"ix":3,"mn":"ADBE Vector Group","hd":false},{"ty":"gr","it":[{"ind":0,"ty":"sh","ix":1,"ks":{"a":1,"k":[{"i":{"x":0.833,"y":1},"o":{"x":1,"y":0},"t":10,"s":[{"i":[[18.77,9.785],[0,0],[0,0],[0,0],[9.063,-4.557],[0,0],[-21.695,0.325],[0,0],[-10.582,3.819]],"o":[[0,0],[0,0],[0,0],[-5.023,-10.807],[-9.063,4.557],[-39.177,19.208],[20.974,-0.314],[7.594,-0.829],[2.709,-10.236]],"v":[[-35.855,155.128],[-35.813,155.023],[-57.135,160.718],[-60.88,161.702],[-91.534,157.851],[-95.064,167.702],[-87.184,209.129],[-49.352,198.917],[-20.605,191.895]],"c":true}]},{"i":{"x":0,"y":1},"o":{"x":0.167,"y":0},"t":23.5,"s":[{"i":[[-0.946,21.147],[0,0],[0,0],[0,0],[7.957,6.292],[0,0],[-9.454,-19.53],[0,0],[-7.929,-7.98]],"o":[[0,0],[0,0],[0,0],[7.676,-9.115],[-7.957,-6.292],[-33.952,-27.406],[9.14,18.881],[3.958,6.534],[10.423,-1.865]],"v":[[-21.853,133.99],[-21.741,133.984],[-35.904,117.06],[-38.377,114.08],[-47.827,84.666],[-58.248,85.624],[-92.475,110.257],[-67.247,140.241],[-48.745,163.337]],"c":true}]},{"t":40,"s":[{"i":[[-14.233,15.668],[0,0],[0,0],[0,0],[2.104,9.923],[0,0],[5.198,-21.066],[0,0],[-1.005,-11.205]],"o":[[0,0],[0,0],[0,0],[11.728,-2.112],[-2.104,-9.923],[-8.623,-42.772],[-5.025,20.366],[-1.127,7.556],[9.211,5.221]],"v":[[-4.41,126.374],[-4.41,119.245],[-4.41,104.372],[-4.41,100.5],[7.103,71.831],[-1.528,65.913],[-43.597,63.008],[-43.333,102.193],[-43.846,131.781]],"c":true}]}],"ix":2},"nm":"Path 1","mn":"ADBE Vector Shape - Group","hd":false},{"ty":"st","c":{"a":0,"k":[0,0,0,1],"ix":3},"o":{"a":0,"k":100,"ix":4},"w":{"a":0,"k":3.11,"ix":5},"lc":2,"lj":2,"bm":0,"nm":"Stroke 1","mn":"ADBE Vector Graphic - Stroke","hd":false},{"ty":"fl","c":{"a":0,"k":[0.949019610882,0.439215689898,0.717647075653,1],"ix":4},"o":{"a":0,"k":100,"ix":5},"r":1,"bm":0,"nm":"Fill 1","mn":"ADBE Vector Graphic - Fill","hd":false},{"ty":"tr","p":{"a":0,"k":[0,0],"ix":2},"a":{"a":0,"k":[0,0],"ix":1},"s":{"a":0,"k":[100,100],"ix":3},"r":{"a":0,"k":0,"ix":6},"o":{"a":0,"k":100,"ix":7},"sk":{"a":0,"k":0,"ix":4},"sa":{"a":0,"k":0,"ix":5},"nm":"Transform"}],"nm":"Group 4","np":3,"cix":2,"bm":0,"ix":4,"mn":"ADBE Vector Group","hd":false},{"ty":"gr","it":[{"ind":0,"ty":"sh","ix":1,"ks":{"a":1,"k":[{"i":{"x":0.833,"y":1},"o":{"x":1,"y":0},"t":10,"s":[{"i":[[0,0],[0,0]],"o":[[-0.538,-0.275],[0,0]],"v":[[-35.508,154.739],[-35.813,155.023]],"c":false}]},{"i":{"x":0,"y":1},"o":{"x":0.167,"y":0},"t":23.5,"s":[{"i":[[0,0],[0,0]],"o":[[-4.762,-3.55],[0,0]],"v":[[-13.505,142.943],[-21.741,133.984]],"c":false}]},{"t":40,"s":[{"i":[[0,0],[0,0]],"o":[[-2.177,-15.709],[0,0]],"v":[[-2.233,152.116],[-4.41,119.245]],"c":false}]}],"ix":2},"nm":"Path 1","mn":"ADBE Vector Shape - Group","hd":false},{"ty":"st","c":{"a":0,"k":[0,0,0,1],"ix":3},"o":{"a":0,"k":100,"ix":4},"w":{"a":0,"k":3.11,"ix":5},"lc":2,"lj":2,"bm":0,"nm":"Stroke 1","mn":"ADBE Vector Graphic - Stroke","hd":false},{"ty":"tr","p":{"a":0,"k":[0,0],"ix":2},"a":{"a":0,"k":[0,0],"ix":1},"s":{"a":0,"k":[100,100],"ix":3},"r":{"a":0,"k":0,"ix":6},"o":{"a":0,"k":100,"ix":7},"sk":{"a":0,"k":0,"ix":4},"sa":{"a":0,"k":0,"ix":5},"nm":"Transform"}],"nm":"Group 5","np":2,"cix":2,"bm":0,"ix":5,"mn":"ADBE Vector Group","hd":false},{"ty":"gr","it":[{"ind":0,"ty":"sh","ix":1,"ks":{"a":1,"k":[{"i":{"x":0.833,"y":1},"o":{"x":1,"y":0},"t":10,"s":[{"i":[[-9.505,6.337],[3.168,-21.914],[27.434,-13.881],[21.34,-2.33],[20.974,-0.314],[-39.177,19.208],[-9.063,4.557],[-5.023,-10.807],[0,0]],"o":[[7.091,-4.728],[-3.168,21.914],[-22.04,11.151],[0,0],[-21.695,0.325],[0,0],[9.063,-4.557],[0,0],[0,0]],"v":[[7.888,105.335],[30.594,121.885],[-20.729,192.372],[-49.352,198.917],[-87.184,209.129],[-95.064,167.702],[-91.534,157.851],[-60.88,161.702],[-35.813,155.023]],"c":true}]},{"i":{"x":0,"y":1},"o":{"x":0.167,"y":0},"t":23.5,"s":[{"i":[[-9.505,6.337],[3.168,-21.914],[23.121,8.691],[11.121,18.361],[9.14,18.881],[-33.952,-27.406],[-7.957,-6.292],[7.676,-9.115],[0,0]],"o":[[7.091,-4.728],[-3.168,21.914],[-23.121,-8.691],[0,0],[-9.454,-19.53],[0,0],[7.957,6.292],[0,0],[0,0]],"v":[[7.888,105.335],[30.594,121.885],[-20.74,179.179],[-67.247,140.241],[-92.475,110.257],[-58.248,85.624],[-47.827,84.666],[-38.377,114.08],[-21.741,133.984]],"c":true}]},{"t":40,"s":[{"i":[[-9.505,6.337],[3.168,-21.914],[23.121,8.691],[-3.168,21.231],[-5.025,20.366],[-8.623,-42.772],[-2.105,-9.923],[11.728,-2.112],[0,0]],"o":[[7.091,-4.728],[-3.168,21.914],[-23.121,-8.691],[0,0],[5.198,-21.066],[0,0],[2.105,9.923],[0,0],[0,0]],"v":[[7.888,105.335],[30.594,121.885],[-20.74,179.179],[-43.333,102.193],[-43.597,63.008],[-1.528,65.913],[7.103,71.831],[-4.41,100.5],[-4.41,119.245]],"c":true}]}],"ix":2},"nm":"Path 1","mn":"ADBE Vector Shape - Group","hd":false},{"ty":"st","c":{"a":0,"k":[0,0,0,1],"ix":3},"o":{"a":0,"k":100,"ix":4},"w":{"a":0,"k":3.11,"ix":5},"lc":2,"lj":2,"bm":0,"nm":"Stroke 1","mn":"ADBE Vector Graphic - Stroke","hd":false},{"ty":"fl","c":{"a":0,"k":[0.847058832645,0.823529422283,0.662745118141,1],"ix":4},"o":{"a":0,"k":100,"ix":5},"r":1,"bm":0,"nm":"Fill 1","mn":"ADBE Vector Graphic - Fill","hd":false},{"ty":"tr","p":{"a":0,"k":[0,0],"ix":2},"a":{"a":0,"k":[0,0],"ix":1},"s":{"a":0,"k":[100,100],"ix":3},"r":{"a":0,"k":0,"ix":6},"o":{"a":0,"k":100,"ix":7},"sk":{"a":0,"k":0,"ix":4},"sa":{"a":0,"k":0,"ix":5},"nm":"Transform"}],"nm":"Group 6","np":3,"cix":2,"bm":0,"ix":6,"mn":"ADBE Vector Group","hd":false}],"ip":0,"op":120,"st":0,"bm":0},{"ddd":0,"ind":5,"ty":3,"nm":"Face_ctrl","parent":14,"sr":1,"ks":{"o":{"a":0,"k":0,"ix":11},"r":{"a":0,"k":0,"ix":10},"p":{"a":1,"k":[{"i":{"x":0.217,"y":1},"o":{"x":0.929,"y":0},"t":0,"s":[-413,-18,0],"to":[0,0,0],"ti":[0,0,0]},{"t":40,"s":[-24,-18,0]}],"ix":2},"a":{"a":0,"k":[50,50,0],"ix":1},"s":{"a":0,"k":[50,50,100],"ix":6}},"ao":0,"ip":0,"op":120,"st":0,"bm":0},{"ddd":0,"ind":6,"ty":4,"nm":"Head_Mask_04","parent":14,"td":1,"sr":1,"ks":{"o":{"a":0,"k":100,"ix":11},"r":{"a":0,"k":0,"ix":10},"p":{"a":0,"k":[-8.734,-32.694,0],"ix":2},"a":{"a":0,"k":[-8.734,-32.694,0],"ix":1},"s":{"a":0,"k":[97,97,100],"ix":6}},"ao":0,"shapes":[{"ty":"gr","it":[{"ind":0,"ty":"sh","ix":1,"ks":{"a":0,"k":{"i":[[0,0],[20.98,-3.333],[-16.816,-52.608],[-47.578,-30.105],[-95.764,-0.684],[-17.587,8.865],[49.451,38.051],[55.86,21.022]],"o":[[-16.694,-0.492],[-82.169,13.055],[-45.665,35.907],[19.839,12.553],[80.042,0.572],[55.053,-27.749],[14.252,-44.588],[0,0]],"v":[[-1.242,-170.596],[-56.742,-166.871],[-150.144,-45.369],[-151.471,81.611],[-8.71,105.313],[124.653,86.443],[133.37,-45.369],[73.83,-158.33]],"c":false},"ix":2},"nm":"Path 1","mn":"ADBE Vector Shape - Group","hd":false},{"ty":"st","c":{"a":0,"k":[0,0,0,1],"ix":3},"o":{"a":0,"k":100,"ix":4},"w":{"a":0,"k":4.664,"ix":5},"lc":2,"lj":2,"bm":0,"nm":"Stroke 1","mn":"ADBE Vector Graphic - Stroke","hd":false},{"ty":"tr","p":{"a":0,"k":[0,0],"ix":2},"a":{"a":0,"k":[0,0],"ix":1},"s":{"a":0,"k":[100,100],"ix":3},"r":{"a":0,"k":0,"ix":6},"o":{"a":0,"k":100,"ix":7},"sk":{"a":0,"k":0,"ix":4},"sa":{"a":0,"k":0,"ix":5},"nm":"Transform"}],"nm":"Group 1","np":2,"cix":2,"bm":0,"ix":1,"mn":"ADBE Vector Group","hd":false},{"ty":"gr","it":[{"ind":0,"ty":"sh","ix":1,"ks":{"a":0,"k":{"i":[[49.451,38.051],[87.598,10.324],[35.74,-5.678],[-16.816,-52.608],[-47.578,-30.105],[-95.764,-0.684],[-17.587,8.865]],"o":[[17.282,-54.066],[-27.432,-3.233],[-82.169,13.055],[-45.665,35.907],[19.839,12.553],[80.042,0.572],[55.053,-27.749]],"v":[[133.37,-45.369],[33.015,-167.887],[-56.742,-166.871],[-150.144,-45.369],[-151.471,81.611],[-8.71,105.313],[124.653,86.443]],"c":true},"ix":2},"nm":"Path 1","mn":"ADBE Vector Shape - Group","hd":false},{"ty":"fl","c":{"a":0,"k":[0.949019610882,0.439215689898,0.717647075653,1],"ix":4},"o":{"a":0,"k":100,"ix":5},"r":1,"bm":0,"nm":"Fill 1","mn":"ADBE Vector Graphic - Fill","hd":false},{"ty":"tr","p":{"a":0,"k":[0,0],"ix":2},"a":{"a":0,"k":[0,0],"ix":1},"s":{"a":0,"k":[100,100],"ix":3},"r":{"a":0,"k":0,"ix":6},"o":{"a":0,"k":100,"ix":7},"sk":{"a":0,"k":0,"ix":4},"sa":{"a":0,"k":0,"ix":5},"nm":"Transform"}],"nm":"Group 6","np":2,"cix":2,"bm":0,"ix":6,"mn":"ADBE Vector Group","hd":false}],"ip":0,"op":120,"st":0,"bm":0},{"ddd":0,"ind":7,"ty":4,"nm":"Mouth","parent":5,"tt":1,"sr":1,"ks":{"o":{"a":0,"k":100,"ix":11},"r":{"a":0,"k":0,"ix":10},"p":{"a":0,"k":[56.408,168.025,0],"ix":2},"a":{"a":0,"k":[-20.796,41.012,0],"ix":1},"s":{"a":0,"k":[200,200,100],"ix":6}},"ao":0,"shapes":[{"ty":"gr","it":[{"ind":0,"ty":"sh","ix":1,"ks":{"a":1,"k":[{"i":{"x":0.208,"y":1},"o":{"x":0.799,"y":0},"t":20,"s":[{"i":[[-10.209,0],[-8.979,-4.546],[20.486,-0.101],[-2.739,3.419]],"o":[[5.632,0],[10.2,5.164],[-15.772,0.077],[3.168,-3.955]],"v":[[-20.891,17.828],[0.662,23.564],[-20.719,31.436],[-45.709,26.631]],"c":true}]},{"t":35,"s":[{"i":[[-10.209,0],[-8.979,-18.816],[20.486,-0.416],[-2.739,14.15]],"o":[[5.632,0],[10.2,21.374],[-15.772,0.32],[3.168,-16.369]],"v":[[-20.891,12.844],[0.662,36.588],[-20.719,69.169],[-45.709,49.279]],"c":true}]}],"ix":2},"nm":"Path 1","mn":"ADBE Vector Shape - Group","hd":false},{"ty":"st","c":{"a":0,"k":[0,0,0,1],"ix":3},"o":{"a":0,"k":100,"ix":4},"w":{"a":0,"k":1.555,"ix":5},"lc":1,"lj":1,"ml":10,"bm":0,"nm":"Stroke 1","mn":"ADBE Vector Graphic - Stroke","hd":false},{"ty":"tr","p":{"a":0,"k":[0,0],"ix":2},"a":{"a":0,"k":[0,0],"ix":1},"s":{"a":0,"k":[100,100],"ix":3},"r":{"a":0,"k":0,"ix":6},"o":{"a":0,"k":100,"ix":7},"sk":{"a":0,"k":0,"ix":4},"sa":{"a":0,"k":0,"ix":5},"nm":"Transform"}],"nm":"Group 1","np":2,"cix":2,"bm":0,"ix":1,"mn":"ADBE Vector Group","hd":false},{"ty":"gr","it":[{"ind":0,"ty":"sh","ix":1,"ks":{"a":1,"k":[{"i":{"x":0.208,"y":1},"o":{"x":0.799,"y":0},"t":20,"s":[{"i":[[-2.963,0],[0,0],[-1.026,0.586],[0,0],[4.523,0],[4.745,-1.936],[0,0]],"o":[[0,0],[2.633,0],[0,0],[-6.589,-2.657],[-5.537,0],[0,0],[0.771,0.691]],"v":[[-28.543,24.334],[-14.146,24.334],[-8.11,23.368],[-4.41,21.254],[-20.891,17.828],[-37.07,21.191],[-34.871,23.163]],"c":true}]},{"t":35,"s":[{"i":[[-2.963,0],[0,0],[-1.026,2.425],[0,0],[4.523,0],[4.745,-8.014],[0,0]],"o":[[0,0],[2.633,0],[0,0],[-6.589,-10.996],[-5.537,0],[0,0],[0.771,2.861]],"v":[[-28.543,39.774],[-14.146,39.774],[-8.11,35.773],[-4.41,27.025],[-20.891,12.844],[-37.07,26.766],[-34.871,34.926]],"c":true}]}],"ix":2},"nm":"Path 1","mn":"ADBE Vector Shape - Group","hd":false},{"ty":"fl","c":{"a":0,"k":[1,1,1,1],"ix":4},"o":{"a":0,"k":100,"ix":5},"r":1,"bm":0,"nm":"Fill 1","mn":"ADBE Vector Graphic - Fill","hd":false},{"ty":"tr","p":{"a":0,"k":[0,0],"ix":2},"a":{"a":0,"k":[0,0],"ix":1},"s":{"a":0,"k":[100,100],"ix":3},"r":{"a":0,"k":0,"ix":6},"o":{"a":0,"k":100,"ix":7},"sk":{"a":0,"k":0,"ix":4},"sa":{"a":0,"k":0,"ix":5},"nm":"Transform"}],"nm":"Group 2","np":2,"cix":2,"bm":0,"ix":2,"mn":"ADBE Vector Group","hd":false},{"ty":"gr","it":[{"ind":0,"ty":"sh","ix":1,"ks":{"a":1,"k":[{"i":{"x":0.208,"y":1},"o":{"x":0.799,"y":0},"t":20,"s":[{"i":[[-10.209,0],[-8.979,-4.546],[20.486,-0.101],[-2.739,3.419]],"o":[[5.632,0],[10.2,5.164],[-15.772,0.077],[3.168,-3.955]],"v":[[-20.891,17.828],[0.662,23.564],[-20.719,31.436],[-45.709,26.631]],"c":true}]},{"t":35,"s":[{"i":[[-10.209,0],[-8.979,-18.816],[20.486,-0.416],[-2.739,14.15]],"o":[[5.632,0],[10.2,21.374],[-15.772,0.32],[3.168,-16.369]],"v":[[-20.891,12.844],[0.662,36.588],[-20.719,69.169],[-45.709,49.279]],"c":true}]}],"ix":2},"nm":"Path 1","mn":"ADBE Vector Shape - Group","hd":false},{"ty":"fl","c":{"a":0,"k":[0,0,0,1],"ix":4},"o":{"a":0,"k":100,"ix":5},"r":1,"bm":0,"nm":"Fill 1","mn":"ADBE Vector Graphic - Fill","hd":false},{"ty":"tr","p":{"a":0,"k":[0,0],"ix":2},"a":{"a":0,"k":[0,0],"ix":1},"s":{"a":0,"k":[100,100],"ix":3},"r":{"a":0,"k":0,"ix":6},"o":{"a":0,"k":100,"ix":7},"sk":{"a":0,"k":0,"ix":4},"sa":{"a":0,"k":0,"ix":5},"nm":"Transform"}],"nm":"Group 3","np":2,"cix":2,"bm":0,"ix":3,"mn":"ADBE Vector Group","hd":false}],"ip":0,"op":120,"st":0,"bm":0},{"ddd":0,"ind":8,"ty":4,"nm":"Head_Mask_03","parent":14,"td":1,"sr":1,"ks":{"o":{"a":0,"k":100,"ix":11},"r":{"a":0,"k":0,"ix":10},"p":{"a":0,"k":[-8.734,-32.694,0],"ix":2},"a":{"a":0,"k":[-8.734,-32.694,0],"ix":1},"s":{"a":0,"k":[97,97,100],"ix":6}},"ao":0,"shapes":[{"ty":"gr","it":[{"ind":0,"ty":"sh","ix":1,"ks":{"a":0,"k":{"i":[[0,0],[20.98,-3.333],[-16.816,-52.608],[-47.578,-30.105],[-95.764,-0.684],[-17.587,8.865],[49.451,38.051],[55.86,21.022]],"o":[[-16.694,-0.492],[-82.169,13.055],[-45.665,35.907],[19.839,12.553],[80.042,0.572],[55.053,-27.749],[14.252,-44.588],[0,0]],"v":[[-1.242,-170.596],[-56.742,-166.871],[-150.144,-45.369],[-151.471,81.611],[-8.71,105.313],[124.653,86.443],[133.37,-45.369],[73.83,-158.33]],"c":false},"ix":2},"nm":"Path 1","mn":"ADBE Vector Shape - Group","hd":false},{"ty":"st","c":{"a":0,"k":[0,0,0,1],"ix":3},"o":{"a":0,"k":100,"ix":4},"w":{"a":0,"k":4.664,"ix":5},"lc":2,"lj":2,"bm":0,"nm":"Stroke 1","mn":"ADBE Vector Graphic - Stroke","hd":false},{"ty":"tr","p":{"a":0,"k":[0,0],"ix":2},"a":{"a":0,"k":[0,0],"ix":1},"s":{"a":0,"k":[100,100],"ix":3},"r":{"a":0,"k":0,"ix":6},"o":{"a":0,"k":100,"ix":7},"sk":{"a":0,"k":0,"ix":4},"sa":{"a":0,"k":0,"ix":5},"nm":"Transform"}],"nm":"Group 1","np":2,"cix":2,"bm":0,"ix":1,"mn":"ADBE Vector Group","hd":false},{"ty":"gr","it":[{"ind":0,"ty":"sh","ix":1,"ks":{"a":0,"k":{"i":[[49.451,38.051],[87.598,10.324],[35.74,-5.678],[-16.816,-52.608],[-47.578,-30.105],[-95.764,-0.684],[-17.587,8.865]],"o":[[17.282,-54.066],[-27.432,-3.233],[-82.169,13.055],[-45.665,35.907],[19.839,12.553],[80.042,0.572],[55.053,-27.749]],"v":[[133.37,-45.369],[33.015,-167.887],[-56.742,-166.871],[-150.144,-45.369],[-151.471,81.611],[-8.71,105.313],[124.653,86.443]],"c":true},"ix":2},"nm":"Path 1","mn":"ADBE Vector Shape - Group","hd":false},{"ty":"fl","c":{"a":0,"k":[0.949019610882,0.439215689898,0.717647075653,1],"ix":4},"o":{"a":0,"k":100,"ix":5},"r":1,"bm":0,"nm":"Fill 1","mn":"ADBE Vector Graphic - Fill","hd":false},{"ty":"tr","p":{"a":0,"k":[0,0],"ix":2},"a":{"a":0,"k":[0,0],"ix":1},"s":{"a":0,"k":[100,100],"ix":3},"r":{"a":0,"k":0,"ix":6},"o":{"a":0,"k":100,"ix":7},"sk":{"a":0,"k":0,"ix":4},"sa":{"a":0,"k":0,"ix":5},"nm":"Transform"}],"nm":"Group 6","np":2,"cix":2,"bm":0,"ix":6,"mn":"ADBE Vector Group","hd":false}],"ip":0,"op":120,"st":0,"bm":0},{"ddd":0,"ind":9,"ty":4,"nm":"R_Eye","parent":5,"tt":1,"sr":1,"ks":{"o":{"a":0,"k":100,"ix":11},"r":{"a":0,"k":0,"ix":10},"p":{"a":0,"k":[-65.849,-2.39,0],"ix":2},"a":{"a":0,"k":[-81.925,-44.195,0],"ix":1},"s":{"a":0,"k":[200,200,100],"ix":6}},"ao":0,"shapes":[{"ty":"gr","it":[{"ind":0,"ty":"sh","ix":1,"ks":{"a":1,"k":[{"i":{"x":0.542,"y":1},"o":{"x":0.561,"y":0},"t":20,"s":[{"i":[[0,-4.079],[6.513,0],[0,4.079],[-6.512,0]],"o":[[0,4.079],[-6.513,0],[0,-4.079],[6.512,0]],"v":[[-70.133,-43.699],[-81.925,-36.312],[-93.717,-43.699],[-81.925,-51.085]],"c":true}]},{"i":{"x":0.403,"y":1},"o":{"x":0.529,"y":0},"t":40,"s":[{"i":[[0,-14.761],[6.513,0],[0,14.761],[-6.512,0]],"o":[[0,14.761],[-6.513,0],[0,-14.761],[6.512,0]],"v":[[-70.133,-44.245],[-81.925,-17.518],[-93.717,-44.245],[-81.925,-70.973]],"c":true}]},{"t":55,"s":[{"i":[[0,-12.551],[6.512,0],[0,12.551],[-6.513,0]],"o":[[0,12.551],[-6.513,0],[0,-12.551],[6.512,0]],"v":[[-70.133,-44.195],[-81.925,-21.469],[-93.717,-44.195],[-81.925,-66.922]],"c":true}]}],"ix":2},"nm":"Path 1","mn":"ADBE Vector Shape - Group","hd":false},{"ty":"fl","c":{"a":0,"k":[0,0,0,1],"ix":4},"o":{"a":0,"k":100,"ix":5},"r":1,"bm":0,"nm":"Fill 1","mn":"ADBE Vector Graphic - Fill","hd":false},{"ty":"tr","p":{"a":0,"k":[0,0],"ix":2},"a":{"a":0,"k":[0,0],"ix":1},"s":{"a":0,"k":[100,100],"ix":3},"r":{"a":0,"k":0,"ix":6},"o":{"a":0,"k":100,"ix":7},"sk":{"a":0,"k":0,"ix":4},"sa":{"a":0,"k":0,"ix":5},"nm":"Transform"}],"nm":"Group 1","np":2,"cix":2,"bm":0,"ix":1,"mn":"ADBE Vector Group","hd":false}],"ip":0,"op":120,"st":0,"bm":0},{"ddd":0,"ind":10,"ty":4,"nm":"Head_Mask_02","parent":14,"td":1,"sr":1,"ks":{"o":{"a":0,"k":100,"ix":11},"r":{"a":0,"k":0,"ix":10},"p":{"a":0,"k":[-8.734,-32.694,0],"ix":2},"a":{"a":0,"k":[-8.734,-32.694,0],"ix":1},"s":{"a":0,"k":[97,97,100],"ix":6}},"ao":0,"shapes":[{"ty":"gr","it":[{"ind":0,"ty":"sh","ix":1,"ks":{"a":0,"k":{"i":[[0,0],[20.98,-3.333],[-16.816,-52.608],[-47.578,-30.105],[-95.764,-0.684],[-17.587,8.865],[49.451,38.051],[55.86,21.022]],"o":[[-16.694,-0.492],[-82.169,13.055],[-45.665,35.907],[19.839,12.553],[80.042,0.572],[55.053,-27.749],[14.252,-44.588],[0,0]],"v":[[-1.242,-170.596],[-56.742,-166.871],[-150.144,-45.369],[-151.471,81.611],[-8.71,105.313],[124.653,86.443],[133.37,-45.369],[73.83,-158.33]],"c":false},"ix":2},"nm":"Path 1","mn":"ADBE Vector Shape - Group","hd":false},{"ty":"st","c":{"a":0,"k":[0,0,0,1],"ix":3},"o":{"a":0,"k":100,"ix":4},"w":{"a":0,"k":4.664,"ix":5},"lc":2,"lj":2,"bm":0,"nm":"Stroke 1","mn":"ADBE Vector Graphic - Stroke","hd":false},{"ty":"tr","p":{"a":0,"k":[0,0],"ix":2},"a":{"a":0,"k":[0,0],"ix":1},"s":{"a":0,"k":[100,100],"ix":3},"r":{"a":0,"k":0,"ix":6},"o":{"a":0,"k":100,"ix":7},"sk":{"a":0,"k":0,"ix":4},"sa":{"a":0,"k":0,"ix":5},"nm":"Transform"}],"nm":"Group 1","np":2,"cix":2,"bm":0,"ix":1,"mn":"ADBE Vector Group","hd":false},{"ty":"gr","it":[{"ind":0,"ty":"sh","ix":1,"ks":{"a":0,"k":{"i":[[49.451,38.051],[87.598,10.324],[35.74,-5.678],[-16.816,-52.608],[-47.578,-30.105],[-95.764,-0.684],[-17.587,8.865]],"o":[[17.282,-54.066],[-27.432,-3.233],[-82.169,13.055],[-45.665,35.907],[19.839,12.553],[80.042,0.572],[55.053,-27.749]],"v":[[133.37,-45.369],[33.015,-167.887],[-56.742,-166.871],[-150.144,-45.369],[-151.471,81.611],[-8.71,105.313],[124.653,86.443]],"c":true},"ix":2},"nm":"Path 1","mn":"ADBE Vector Shape - Group","hd":false},{"ty":"fl","c":{"a":0,"k":[0.949019610882,0.439215689898,0.717647075653,1],"ix":4},"o":{"a":0,"k":100,"ix":5},"r":1,"bm":0,"nm":"Fill 1","mn":"ADBE Vector Graphic - Fill","hd":false},{"ty":"tr","p":{"a":0,"k":[0,0],"ix":2},"a":{"a":0,"k":[0,0],"ix":1},"s":{"a":0,"k":[100,100],"ix":3},"r":{"a":0,"k":0,"ix":6},"o":{"a":0,"k":100,"ix":7},"sk":{"a":0,"k":0,"ix":4},"sa":{"a":0,"k":0,"ix":5},"nm":"Transform"}],"nm":"Group 6","np":2,"cix":2,"bm":0,"ix":6,"mn":"ADBE Vector Group","hd":false}],"ip":0,"op":120,"st":0,"bm":0},{"ddd":0,"ind":11,"ty":4,"nm":"L_Eye","parent":5,"tt":1,"sr":1,"ks":{"o":{"a":0,"k":100,"ix":11},"r":{"a":0,"k":0,"ix":10},"p":{"a":0,"k":[191.425,-2.39,0],"ix":2},"a":{"a":0,"k":[46.712,-44.195,0],"ix":1},"s":{"a":0,"k":[200,200,100],"ix":6}},"ao":0,"shapes":[{"ty":"gr","it":[{"ind":0,"ty":"sh","ix":1,"ks":{"a":1,"k":[{"i":{"x":0.542,"y":1},"o":{"x":0.561,"y":0},"t":20,"s":[{"i":[[0,-3.737],[6.512,0],[0,3.737],[-6.513,0]],"o":[[0,3.737],[-6.512,0],[0,-3.737],[6.513,0]],"v":[[58.504,-45.136],[46.712,-38.368],[34.92,-45.136],[46.712,-51.903]],"c":true}]},{"i":{"x":0.403,"y":1},"o":{"x":0.529,"y":0},"t":40,"s":[{"i":[[0,-15.083],[6.512,0],[0,15.083],[-6.513,0]],"o":[[0,15.083],[-6.512,0],[0,-15.083],[6.513,0]],"v":[[58.504,-44.596],[46.712,-17.285],[34.92,-44.596],[46.712,-71.906]],"c":true}]},{"t":55,"s":[{"i":[[0,-12.551],[6.513,0],[0,12.551],[-6.512,0]],"o":[[0,12.551],[-6.512,0],[0,-12.551],[6.513,0]],"v":[[58.504,-44.195],[46.712,-21.469],[34.92,-44.195],[46.712,-66.922]],"c":true}]}],"ix":2},"nm":"Path 1","mn":"ADBE Vector Shape - Group","hd":false},{"ty":"fl","c":{"a":0,"k":[0,0,0,1],"ix":4},"o":{"a":0,"k":100,"ix":5},"r":1,"bm":0,"nm":"Fill 1","mn":"ADBE Vector Graphic - Fill","hd":false},{"ty":"tr","p":{"a":0,"k":[0,0],"ix":2},"a":{"a":0,"k":[0,0],"ix":1},"s":{"a":0,"k":[100,100],"ix":3},"r":{"a":0,"k":0,"ix":6},"o":{"a":0,"k":100,"ix":7},"sk":{"a":0,"k":0,"ix":4},"sa":{"a":0,"k":0,"ix":5},"nm":"Transform"}],"nm":"Group 1","np":2,"cix":2,"bm":0,"ix":1,"mn":"ADBE Vector Group","hd":false}],"ip":0,"op":120,"st":0,"bm":0},{"ddd":0,"ind":12,"ty":4,"nm":"Head_Mask_01","parent":14,"td":1,"sr":1,"ks":{"o":{"a":0,"k":100,"ix":11},"r":{"a":0,"k":0,"ix":10},"p":{"a":0,"k":[-8.734,-32.694,0],"ix":2},"a":{"a":0,"k":[-8.734,-32.694,0],"ix":1},"s":{"a":0,"k":[97,97,100],"ix":6}},"ao":0,"shapes":[{"ty":"gr","it":[{"ind":0,"ty":"sh","ix":1,"ks":{"a":0,"k":{"i":[[0,0],[20.98,-3.333],[-16.816,-52.608],[-47.578,-30.105],[-95.764,-0.684],[-17.587,8.865],[49.451,38.051],[55.86,21.022]],"o":[[-16.694,-0.492],[-82.169,13.055],[-45.665,35.907],[19.839,12.553],[80.042,0.572],[55.053,-27.749],[14.252,-44.588],[0,0]],"v":[[-1.242,-170.596],[-56.742,-166.871],[-150.144,-45.369],[-151.471,81.611],[-8.71,105.313],[124.653,86.443],[133.37,-45.369],[73.83,-158.33]],"c":false},"ix":2},"nm":"Path 1","mn":"ADBE Vector Shape - Group","hd":false},{"ty":"st","c":{"a":0,"k":[0,0,0,1],"ix":3},"o":{"a":0,"k":100,"ix":4},"w":{"a":0,"k":4.664,"ix":5},"lc":2,"lj":2,"bm":0,"nm":"Stroke 1","mn":"ADBE Vector Graphic - Stroke","hd":false},{"ty":"tr","p":{"a":0,"k":[0,0],"ix":2},"a":{"a":0,"k":[0,0],"ix":1},"s":{"a":0,"k":[100,100],"ix":3},"r":{"a":0,"k":0,"ix":6},"o":{"a":0,"k":100,"ix":7},"sk":{"a":0,"k":0,"ix":4},"sa":{"a":0,"k":0,"ix":5},"nm":"Transform"}],"nm":"Group 1","np":2,"cix":2,"bm":0,"ix":1,"mn":"ADBE Vector Group","hd":false},{"ty":"gr","it":[{"ind":0,"ty":"sh","ix":1,"ks":{"a":0,"k":{"i":[[49.451,38.051],[87.598,10.324],[35.74,-5.678],[-16.816,-52.608],[-47.578,-30.105],[-95.764,-0.684],[-17.587,8.865]],"o":[[17.282,-54.066],[-27.432,-3.233],[-82.169,13.055],[-45.665,35.907],[19.839,12.553],[80.042,0.572],[55.053,-27.749]],"v":[[133.37,-45.369],[33.015,-167.887],[-56.742,-166.871],[-150.144,-45.369],[-151.471,81.611],[-8.71,105.313],[124.653,86.443]],"c":true},"ix":2},"nm":"Path 1","mn":"ADBE Vector Shape - Group","hd":false},{"ty":"fl","c":{"a":0,"k":[0.949019610882,0.439215689898,0.717647075653,1],"ix":4},"o":{"a":0,"k":100,"ix":5},"r":1,"bm":0,"nm":"Fill 1","mn":"ADBE Vector Graphic - Fill","hd":false},{"ty":"tr","p":{"a":0,"k":[0,0],"ix":2},"a":{"a":0,"k":[0,0],"ix":1},"s":{"a":0,"k":[100,100],"ix":3},"r":{"a":0,"k":0,"ix":6},"o":{"a":0,"k":100,"ix":7},"sk":{"a":0,"k":0,"ix":4},"sa":{"a":0,"k":0,"ix":5},"nm":"Transform"}],"nm":"Group 6","np":2,"cix":2,"bm":0,"ix":6,"mn":"ADBE Vector Group","hd":false}],"ip":0,"op":120,"st":0,"bm":0},{"ddd":0,"ind":13,"ty":4,"nm":"Head_Details","parent":5,"tt":1,"sr":1,"ks":{"o":{"a":0,"k":100,"ix":11},"r":{"a":0,"k":0,"ix":10},"p":{"a":0,"k":[80.501,58.532,0],"ix":2},"a":{"a":0,"k":[-8.749,-13.734,0],"ix":1},"s":{"a":0,"k":[200,200,100],"ix":6}},"ao":0,"shapes":[{"ty":"gr","it":[{"ind":0,"ty":"sh","ix":1,"ks":{"a":0,"k":{"i":[[22.865,-11.525],[80.043,0.572],[19.839,12.553],[4.151,16.678],[-28.908,-18.292],[-95.764,-0.684],[-17.588,8.865],[7.559,31.789]],"o":[[-17.588,8.865],[-95.764,-0.684],[-17.533,-11.094],[-6.73,28.534],[19.839,12.553],[80.043,0.572],[35.29,-17.788],[-4.902,19.981]],"v":[[124.653,52.996],[-8.71,71.866],[-151.471,48.165],[-183.764,5.102],[-151.471,81.611],[-8.71,105.313],[124.653,86.443],[166.294,3.358]],"c":true},"ix":2},"nm":"Path 1","mn":"ADBE Vector Shape - Group","hd":false},{"ty":"fl","c":{"a":0,"k":[0.878431379795,0.298039227724,0.643137276173,1],"ix":4},"o":{"a":0,"k":100,"ix":5},"r":1,"bm":0,"nm":"Fill 1","mn":"ADBE Vector Graphic - Fill","hd":false},{"ty":"tr","p":{"a":0,"k":[0,0],"ix":2},"a":{"a":0,"k":[0,0],"ix":1},"s":{"a":0,"k":[100,100],"ix":3},"r":{"a":0,"k":0,"ix":6},"o":{"a":0,"k":25,"ix":7},"sk":{"a":0,"k":0,"ix":4},"sa":{"a":0,"k":0,"ix":5},"nm":"Transform"}],"nm":"Group 2","np":2,"cix":2,"bm":1,"ix":1,"mn":"ADBE Vector Group","hd":false},{"ty":"gr","it":[{"ind":0,"ty":"sh","ix":1,"ks":{"a":0,"k":{"i":[[-8.485,-9.329],[4.73,-4.302],[8.485,9.329],[-4.73,4.302]],"o":[[8.485,9.329],[-4.73,4.302],[-8.485,-9.329],[4.73,-4.302]],"v":[[106.912,-121.986],[113.71,-97.304],[89.782,-106.407],[82.984,-131.089]],"c":true},"ix":2},"nm":"Path 1","mn":"ADBE Vector Shape - Group","hd":false},{"ty":"fl","c":{"a":0,"k":[1,1,1,1],"ix":4},"o":{"a":0,"k":100,"ix":5},"r":1,"bm":0,"nm":"Fill 1","mn":"ADBE Vector Graphic - Fill","hd":false},{"ty":"tr","p":{"a":0,"k":[0,0],"ix":2},"a":{"a":0,"k":[0,0],"ix":1},"s":{"a":0,"k":[100,100],"ix":3},"r":{"a":0,"k":0,"ix":6},"o":{"a":0,"k":100,"ix":7},"sk":{"a":0,"k":0,"ix":4},"sa":{"a":0,"k":0,"ix":5},"nm":"Transform"}],"nm":"Group 3","np":2,"cix":2,"bm":0,"ix":2,"mn":"ADBE Vector Group","hd":false},{"ty":"gr","it":[{"ind":0,"ty":"sh","ix":1,"ks":{"a":0,"k":{"i":[[0,-29.839],[29.839,0],[0,29.839],[-29.839,0]],"o":[[0,29.839],[-29.839,0],[0,-29.839],[29.839,0]],"v":[[149.552,24.622],[95.523,78.651],[41.494,24.622],[95.523,-29.406]],"c":true},"ix":2},"nm":"Path 1","mn":"ADBE Vector Shape - Group","hd":false},{"ty":"fl","c":{"a":0,"k":[0.878431379795,0.298039227724,0.643137276173,1],"ix":4},"o":{"a":0,"k":100,"ix":5},"r":1,"bm":0,"nm":"Fill 1","mn":"ADBE Vector Graphic - Fill","hd":false},{"ty":"tr","p":{"a":0,"k":[0,0],"ix":2},"a":{"a":0,"k":[0,0],"ix":1},"s":{"a":0,"k":[100,100],"ix":3},"r":{"a":0,"k":0,"ix":6},"o":{"a":0,"k":100,"ix":7},"sk":{"a":0,"k":0,"ix":4},"sa":{"a":0,"k":0,"ix":5},"nm":"Transform"}],"nm":"Group 4","np":2,"cix":2,"bm":0,"ix":3,"mn":"ADBE Vector Group","hd":false},{"ty":"gr","it":[{"ind":0,"ty":"sh","ix":1,"ks":{"a":0,"k":{"i":[[-14.913,0],[0,29.839],[29.839,0],[9.909,-11.571],[-14.744,-21.683]],"o":[[29.839,0],[0,-29.839],[-16.428,0],[-12.403,24.302],[9.776,9.769]],"v":[[-135.953,75.868],[-81.925,21.84],[-135.953,-32.189],[-176.996,-13.276],[-174.144,60.057]],"c":true},"ix":2},"nm":"Path 1","mn":"ADBE Vector Shape - Group","hd":false},{"ty":"fl","c":{"a":0,"k":[0.878431379795,0.298039227724,0.643137276173,1],"ix":4},"o":{"a":0,"k":100,"ix":5},"r":1,"bm":0,"nm":"Fill 1","mn":"ADBE Vector Graphic - Fill","hd":false},{"ty":"tr","p":{"a":0,"k":[0,0],"ix":2},"a":{"a":0,"k":[0,0],"ix":1},"s":{"a":0,"k":[100,100],"ix":3},"r":{"a":0,"k":0,"ix":6},"o":{"a":0,"k":100,"ix":7},"sk":{"a":0,"k":0,"ix":4},"sa":{"a":0,"k":0,"ix":5},"nm":"Transform"}],"nm":"Group 5","np":2,"cix":2,"bm":0,"ix":4,"mn":"ADBE Vector Group","hd":false}],"ip":0,"op":120,"st":0,"bm":0},{"ddd":0,"ind":14,"ty":4,"nm":"HEAD","parent":18,"sr":1,"ks":{"o":{"a":0,"k":100,"ix":11},"r":{"a":1,"k":[{"i":{"x":[0.833],"y":[1]},"o":{"x":[0.333],"y":[0]},"t":0,"s":[-5]},{"i":{"x":[0.833],"y":[1]},"o":{"x":[0.167],"y":[0]},"t":25,"s":[2]},{"t":40,"s":[0]}],"ix":10},"p":{"a":1,"k":[{"i":{"x":0.667,"y":1},"o":{"x":0.333,"y":0},"t":0,"s":[-8.734,105.335,0],"to":[0,0,0],"ti":[0,0,0]},{"i":{"x":0.667,"y":1},"o":{"x":0.333,"y":0},"t":25,"s":[-8.734,117.335,0],"to":[0,0,0],"ti":[0,0,0]},{"t":40,"s":[-8.734,105.335,0]}],"ix":2},"a":{"a":0,"k":[-8.734,105.335,0],"ix":1},"s":{"a":1,"k":[{"i":{"x":[0.833,0.833,0.833],"y":[1,1,1]},"o":{"x":[0.333,0.333,0.333],"y":[0,0,0]},"t":0,"s":[100,100,100]},{"i":{"x":[0.833,0.833,0.833],"y":[1,1,1]},"o":{"x":[0.167,0.167,0.167],"y":[0,0,0]},"t":25,"s":[107,93,100]},{"i":{"x":[0.833,0.833,0.833],"y":[1,1,1]},"o":{"x":[0.167,0.167,0.167],"y":[0,0,0]},"t":40,"s":[92,108,100]},{"i":{"x":[0.833,0.833,0.833],"y":[1,1,1]},"o":{"x":[0.167,0.167,0.167],"y":[0,0,0]},"t":55,"s":[102,98,100]},{"t":65,"s":[100,100,100]}],"ix":6}},"ao":0,"shapes":[{"ty":"gr","it":[{"ind":0,"ty":"sh","ix":1,"ks":{"a":0,"k":{"i":[[49.451,38.051],[87.598,10.324],[35.74,-5.678],[-16.816,-52.608],[-47.578,-30.105],[-95.764,-0.684],[-17.587,8.865]],"o":[[17.282,-54.066],[-27.432,-3.233],[-82.169,13.055],[-45.665,35.907],[19.839,12.553],[80.042,0.572],[55.053,-27.749]],"v":[[133.37,-45.369],[33.015,-167.887],[-56.742,-166.871],[-150.144,-45.369],[-151.471,81.611],[-8.71,105.313],[124.653,86.443]],"c":true},"ix":2},"nm":"Path 1","mn":"ADBE Vector Shape - Group","hd":false},{"ty":"tm","s":{"a":0,"k":0,"ix":1},"e":{"a":0,"k":93,"ix":2},"o":{"a":1,"k":[{"i":{"x":[0.667],"y":[1]},"o":{"x":[0.333],"y":[0]},"t":0,"s":[105]},{"t":40,"s":[75]}],"ix":3},"m":1,"ix":2,"nm":"Trim Paths 1","mn":"ADBE Vector Filter - Trim","hd":false},{"ty":"st","c":{"a":0,"k":[0,0,0,1],"ix":3},"o":{"a":0,"k":100,"ix":4},"w":{"a":0,"k":4.664,"ix":5},"lc":2,"lj":2,"bm":0,"nm":"Stroke 1","mn":"ADBE Vector Graphic - Stroke","hd":false},{"ty":"tr","p":{"a":0,"k":[0,0],"ix":2},"a":{"a":0,"k":[0,0],"ix":1},"s":{"a":0,"k":[100,100],"ix":3},"r":{"a":0,"k":0,"ix":6},"o":{"a":0,"k":100,"ix":7},"sk":{"a":0,"k":0,"ix":4},"sa":{"a":0,"k":0,"ix":5},"nm":"Transform"}],"nm":"Group 7","np":4,"cix":2,"bm":0,"ix":2,"mn":"ADBE Vector Group","hd":false},{"ty":"gr","it":[{"ind":0,"ty":"sh","ix":1,"ks":{"a":0,"k":{"i":[[49.451,38.051],[87.598,10.324],[35.74,-5.678],[-16.816,-52.608],[-47.578,-30.105],[-95.764,-0.684],[-17.587,8.865]],"o":[[17.282,-54.066],[-27.432,-3.233],[-82.169,13.055],[-45.665,35.907],[19.839,12.553],[80.042,0.572],[55.053,-27.749]],"v":[[133.37,-45.369],[33.015,-167.887],[-56.742,-166.871],[-150.144,-45.369],[-151.471,81.611],[-8.71,105.313],[124.653,86.443]],"c":true},"ix":2},"nm":"Path 1","mn":"ADBE Vector Shape - Group","hd":false},{"ty":"fl","c":{"a":0,"k":[0.949019610882,0.439215689898,0.717647075653,1],"ix":4},"o":{"a":0,"k":100,"ix":5},"r":1,"bm":0,"nm":"Fill 1","mn":"ADBE Vector Graphic - Fill","hd":false},{"ty":"tr","p":{"a":0,"k":[0,0],"ix":2},"a":{"a":0,"k":[0,0],"ix":1},"s":{"a":0,"k":[100,100],"ix":3},"r":{"a":0,"k":0,"ix":6},"o":{"a":0,"k":100,"ix":7},"sk":{"a":0,"k":0,"ix":4},"sa":{"a":0,"k":0,"ix":5},"nm":"Transform"}],"nm":"Group 6","np":2,"cix":2,"bm":0,"ix":7,"mn":"ADBE Vector Group","hd":false}],"ip":0,"op":120,"st":0,"bm":0},{"ddd":0,"ind":15,"ty":4,"nm":"L_Ear","parent":14,"sr":1,"ks":{"o":{"a":0,"k":100,"ix":11},"r":{"a":1,"k":[{"i":{"x":[0.431],"y":[1]},"o":{"x":[0.455],"y":[0]},"t":0,"s":[-29]},{"t":40,"s":[0]}],"ix":10},"p":{"a":1,"k":[{"i":{"x":0.431,"y":1},"o":{"x":0.622,"y":0},"t":0,"s":[-41.73,-122.82,0],"to":[0,0,0],"ti":[0,0,0]},{"t":40,"s":[28.27,-137.82,0]}],"ix":2},"a":{"a":0,"k":[28.27,-137.82,0],"ix":1},"s":{"a":0,"k":[100,100,100],"ix":6}},"ao":0,"shapes":[{"ty":"gr","it":[{"ind":0,"ty":"sh","ix":1,"ks":{"a":1,"k":[{"i":{"x":0.397,"y":1},"o":{"x":0.496,"y":0},"t":5,"s":[{"i":[[9.185,3.403],[0,0],[-3.582,9.669],[0,0],[0.045,-0.199],[0,0],[3.582,-9.669],[0,0]],"o":[[0,0],[-9.185,-3.403],[0,0],[3.582,-9.669],[0,0],[-0.037,0.319],[0,0],[-3.582,9.669]],"v":[[6.315,-139.607],[6.315,-139.607],[-3.872,-163.374],[45.15,-299.109],[51.841,-316.224],[51.841,-316.224],[41.359,-290.337],[-2.818,-166.843]],"c":true}]},{"t":40,"s":[{"i":[[9.211,3.331],[0,0],[-3.507,9.697],[0,0],[-9.212,-3.332],[0,0],[3.507,-9.696],[0,0]],"o":[[0,0],[-9.211,-3.331],[0,0],[3.507,-9.696],[0,0],[9.212,3.331],[0,0],[-3.507,9.696]],"v":[[22.993,-127.362],[22.993,-127.362],[12.621,-151.049],[60.583,-287.162],[83.708,-298.734],[83.708,-298.734],[94.08,-275.047],[46.117,-138.935]],"c":true}]}],"ix":2},"nm":"Path 1","mn":"ADBE Vector Shape - Group","hd":false},{"ty":"st","c":{"a":0,"k":[0,0,0,1],"ix":3},"o":{"a":0,"k":100,"ix":4},"w":{"a":0,"k":1.555,"ix":5},"lc":1,"lj":1,"ml":10,"bm":0,"nm":"Stroke 1","mn":"ADBE Vector Graphic - Stroke","hd":false},{"ty":"fl","c":{"a":0,"k":[1,0.713725507259,0.713725507259,1],"ix":4},"o":{"a":0,"k":100,"ix":5},"r":1,"bm":0,"nm":"Fill 1","mn":"ADBE Vector Graphic - Fill","hd":false},{"ty":"tr","p":{"a":0,"k":[0,0],"ix":2},"a":{"a":0,"k":[0,0],"ix":1},"s":{"a":0,"k":[100,100],"ix":3},"r":{"a":0,"k":0,"ix":6},"o":{"a":0,"k":100,"ix":7},"sk":{"a":0,"k":0,"ix":4},"sa":{"a":0,"k":0,"ix":5},"nm":"Transform"}],"nm":"Group 1","np":3,"cix":2,"bm":0,"ix":1,"mn":"ADBE Vector Group","hd":false},{"ty":"gr","it":[{"ind":0,"ty":"sh","ix":1,"ks":{"a":0,"k":{"i":[[19.372,7.006],[0,0],[-7.375,20.392],[0,0],[-19.372,-7.006],[0,0],[7.375,-20.392],[0,0]],"o":[[0,0],[-19.372,-7.006],[0,0],[7.375,-20.392],[0,0],[19.372,7.006],[0,0],[-7.375,20.392]],"v":[[19.389,-117.557],[19.389,-117.557],[-2.424,-167.371],[47.468,-308.475],[96.099,-332.812],[96.099,-332.812],[117.911,-282.998],[68.019,-141.895]],"c":true},"ix":2},"nm":"Path 1","mn":"ADBE Vector Shape - Group","hd":false},{"ty":"st","c":{"a":0,"k":[0,0,0,1],"ix":3},"o":{"a":0,"k":100,"ix":4},"w":{"a":0,"k":4.664,"ix":5},"lc":1,"lj":1,"ml":10,"bm":0,"nm":"Stroke 1","mn":"ADBE Vector Graphic - Stroke","hd":false},{"ty":"fl","c":{"a":0,"k":[0.949019610882,0.439215689898,0.717647075653,1],"ix":4},"o":{"a":0,"k":100,"ix":5},"r":1,"bm":0,"nm":"Fill 1","mn":"ADBE Vector Graphic - Fill","hd":false},{"ty":"tr","p":{"a":0,"k":[0,0],"ix":2},"a":{"a":0,"k":[0,0],"ix":1},"s":{"a":0,"k":[100,100],"ix":3},"r":{"a":0,"k":0,"ix":6},"o":{"a":0,"k":100,"ix":7},"sk":{"a":0,"k":0,"ix":4},"sa":{"a":0,"k":0,"ix":5},"nm":"Transform"}],"nm":"Group 2","np":3,"cix":2,"bm":0,"ix":2,"mn":"ADBE Vector Group","hd":false}],"ip":0,"op":120,"st":0,"bm":0},{"ddd":0,"ind":16,"ty":4,"nm":"R_Ear","parent":14,"sr":1,"ks":{"o":{"a":0,"k":100,"ix":11},"r":{"a":1,"k":[{"i":{"x":[0.431],"y":[1]},"o":{"x":[0.455],"y":[0]},"t":0,"s":[3]},{"t":40,"s":[0]}],"ix":10},"p":{"a":1,"k":[{"i":{"x":0.431,"y":1},"o":{"x":0.622,"y":0},"t":0,"s":[37.3,-132.223,0],"to":[0,0,0],"ti":[0,0,0]},{"t":40,"s":[-46.7,-125.223,0]}],"ix":2},"a":{"a":0,"k":[-46.7,-125.223,0],"ix":1},"s":{"a":0,"k":[100,100,100],"ix":6}},"ao":0,"shapes":[{"ty":"gr","it":[{"ind":0,"ty":"sh","ix":1,"ks":{"a":1,"k":[{"i":{"x":0.397,"y":1},"o":{"x":0.496,"y":0},"t":5,"s":[{"i":[[-9.795,0.045],[0,0],[0.047,10.311],[0,0],[0.235,-0.044],[0,0],[-0.047,-10.311],[0,0]],"o":[[0,0],[9.795,-0.045],[0,0],[-0.047,-10.311],[0,0],[0.107,0.078],[0,0],[0.047,10.311]],"v":[[-65.71,-114.344],[-65.71,-114.344],[-84.09,-142.019],[-83.71,-272.018],[-83.806,-295.062],[-83.806,-295.062],[-83.573,-277.34],[-83.605,-133.01]],"c":true}]},{"t":40,"s":[{"i":[[-9.795,0.045],[0,0],[0.047,10.311],[0,0],[9.795,-0.045],[0,0],[-0.047,-10.311],[0,0]],"o":[[0,0],[9.795,-0.045],[0,0],[-0.047,-10.311],[0,0],[-9.795,0.045],[0,0],[0.047,10.311]],"v":[[-46.817,-113.288],[-46.817,-113.288],[-29.093,-132.117],[-28.563,-276.432],[-46.458,-295.097],[-46.458,-295.097],[-64.182,-276.269],[-64.712,-131.954]],"c":true}]}],"ix":2},"nm":"Path 1","mn":"ADBE Vector Shape - Group","hd":false},{"ty":"st","c":{"a":0,"k":[0,0,0,1],"ix":3},"o":{"a":0,"k":100,"ix":4},"w":{"a":0,"k":1.555,"ix":5},"lc":1,"lj":1,"ml":10,"bm":0,"nm":"Stroke 1","mn":"ADBE Vector Graphic - Stroke","hd":false},{"ty":"fl","c":{"a":0,"k":[1,0.713725507259,0.713725507259,1],"ix":4},"o":{"a":0,"k":100,"ix":5},"r":1,"bm":0,"nm":"Fill 1","mn":"ADBE Vector Graphic - Fill","hd":false},{"ty":"tr","p":{"a":0,"k":[0,0],"ix":2},"a":{"a":0,"k":[0,0],"ix":1},"s":{"a":0,"k":[100,100],"ix":3},"r":{"a":0,"k":0,"ix":6},"o":{"a":0,"k":100,"ix":7},"sk":{"a":0,"k":0,"ix":4},"sa":{"a":0,"k":0,"ix":5},"nm":"Transform"}],"nm":"Group 1","np":3,"cix":2,"bm":0,"ix":1,"mn":"ADBE Vector Group","hd":false},{"ty":"gr","it":[{"ind":0,"ty":"sh","ix":1,"ks":{"a":0,"k":{"i":[[-20.6,0.094],[0,0],[0.099,21.684],[0,0],[20.6,-0.094],[0,0],[-0.099,-21.684],[0,0]],"o":[[0,0],[20.6,-0.094],[0,0],[-0.099,-21.684],[0,0],[-20.599,0.094],[0,0],[0.099,21.684]],"v":[[-46.714,-102.843],[-46.714,-102.843],[-9.441,-142.439],[-9.052,-292.103],[-46.686,-331.357],[-46.686,-331.357],[-83.96,-291.761],[-84.348,-142.097]],"c":true},"ix":2},"nm":"Path 1","mn":"ADBE Vector Shape - Group","hd":false},{"ty":"st","c":{"a":0,"k":[0,0,0,1],"ix":3},"o":{"a":0,"k":100,"ix":4},"w":{"a":0,"k":4.664,"ix":5},"lc":1,"lj":1,"ml":10,"bm":0,"nm":"Stroke 1","mn":"ADBE Vector Graphic - Stroke","hd":false},{"ty":"fl","c":{"a":0,"k":[0.949019610882,0.439215689898,0.717647075653,1],"ix":4},"o":{"a":0,"k":100,"ix":5},"r":1,"bm":0,"nm":"Fill 1","mn":"ADBE Vector Graphic - Fill","hd":false},{"ty":"tr","p":{"a":0,"k":[0,0],"ix":2},"a":{"a":0,"k":[0,0],"ix":1},"s":{"a":0,"k":[100,100],"ix":3},"r":{"a":0,"k":0,"ix":6},"o":{"a":0,"k":100,"ix":7},"sk":{"a":0,"k":0,"ix":4},"sa":{"a":0,"k":0,"ix":5},"nm":"Transform"}],"nm":"Group 2","np":3,"cix":2,"bm":0,"ix":2,"mn":"ADBE Vector Group","hd":false}],"ip":0,"op":120,"st":0,"bm":0},{"ddd":0,"ind":17,"ty":4,"nm":"L_Leg","parent":2,"sr":1,"ks":{"o":{"a":0,"k":100,"ix":11},"r":{"a":0,"k":0,"ix":10},"p":{"a":0,"k":[-23.954,334.855,0],"ix":2},"a":{"a":0,"k":[-23.954,334.855,0],"ix":1},"s":{"a":1,"k":[{"i":{"x":[0.833,0.833,0.833],"y":[1,1,1]},"o":{"x":[0.333,0.333,0.333],"y":[0,0,0]},"t":0,"s":[100,100,100]},{"i":{"x":[0.667,0.667,0.667],"y":[1,1,1]},"o":{"x":[0.167,0.167,0.167],"y":[0,0,0]},"t":25,"s":[100,92,100]},{"i":{"x":[0.667,0.667,0.667],"y":[1,1,1]},"o":{"x":[0.333,0.333,0.333],"y":[0,0,0]},"t":40,"s":[100,102,100]},{"t":55,"s":[100,100,100]}],"ix":6}},"ao":0,"shapes":[{"ty":"gr","it":[{"ind":0,"ty":"sh","ix":1,"ks":{"a":1,"k":[{"i":{"x":0.833,"y":1},"o":{"x":0.333,"y":0},"t":0,"s":[{"i":[[0,0],[6.238,-16.897],[0,0],[0,0],[-9.136,12.937],[-4.171,5.411]],"o":[[0,0],[-6.238,16.897],[0,0],[0,0],[9.136,-12.937],[0,0]],"v":[[-51.782,231.719],[-75.445,270.531],[-72.816,308.726],[1.463,308.726],[3.504,273.963],[44.64,233.962]],"c":false}]},{"i":{"x":0.667,"y":1},"o":{"x":0.167,"y":0},"t":25,"s":[{"i":[[0,0],[8.195,-26.743],[0,0],[0,0],[-6.767,14.319],[-4.171,5.411]],"o":[[0,0],[-5.278,17.222],[0,0],[0,0],[8.996,-19.033],[0,0]],"v":[[-51.782,231.719],[-79.195,270.451],[-72.816,308.726],[1.463,308.726],[-0.246,273.883],[44.64,233.962]],"c":false}]},{"t":40,"s":[{"i":[[0,0],[6.238,-16.897],[0,0],[0,0],[-9.136,12.937],[-4.171,5.411]],"o":[[0,0],[-6.238,16.897],[0,0],[0,0],[9.136,-12.937],[0,0]],"v":[[-51.782,231.719],[-75.445,270.531],[-72.816,308.726],[1.463,308.726],[3.504,273.963],[44.64,233.962]],"c":false}]}],"ix":2},"nm":"Path 1","mn":"ADBE Vector Shape - Group","hd":false},{"ty":"st","c":{"a":0,"k":[0,0,0,1],"ix":3},"o":{"a":0,"k":100,"ix":4},"w":{"a":0,"k":3.11,"ix":5},"lc":2,"lj":2,"bm":0,"nm":"Stroke 1","mn":"ADBE Vector Graphic - Stroke","hd":false},{"ty":"fl","c":{"a":0,"k":[0.274509817362,0.266666680574,0.466666668653,1],"ix":4},"o":{"a":0,"k":100,"ix":5},"r":1,"bm":0,"nm":"Fill 1","mn":"ADBE Vector Graphic - Fill","hd":false},{"ty":"tr","p":{"a":0,"k":[0,0],"ix":2},"a":{"a":0,"k":[0,0],"ix":1},"s":{"a":0,"k":[100,100],"ix":3},"r":{"a":0,"k":0,"ix":6},"o":{"a":0,"k":100,"ix":7},"sk":{"a":0,"k":0,"ix":4},"sa":{"a":0,"k":0,"ix":5},"nm":"Transform"}],"nm":"Group 1","np":3,"cix":2,"bm":0,"ix":1,"mn":"ADBE Vector Group","hd":false},{"ty":"gr","it":[{"ind":0,"ty":"sh","ix":1,"ks":{"a":0,"k":{"i":[[0,0],[-2.119,-11.08]],"o":[[0,0],[0,0]],"v":[[-75.923,316.019],[-83.736,334.169]],"c":false},"ix":2},"nm":"Path 1","mn":"ADBE Vector Shape - Group","hd":false},{"ty":"st","c":{"a":0,"k":[0,0,0,1],"ix":3},"o":{"a":0,"k":100,"ix":4},"w":{"a":0,"k":1.555,"ix":5},"lc":2,"lj":2,"bm":0,"nm":"Stroke 1","mn":"ADBE Vector Graphic - Stroke","hd":false},{"ty":"tr","p":{"a":0,"k":[0,0],"ix":2},"a":{"a":0,"k":[0,0],"ix":1},"s":{"a":0,"k":[100,100],"ix":3},"r":{"a":0,"k":0,"ix":6},"o":{"a":0,"k":100,"ix":7},"sk":{"a":0,"k":0,"ix":4},"sa":{"a":0,"k":0,"ix":5},"nm":"Transform"}],"nm":"Group 2","np":2,"cix":2,"bm":0,"ix":2,"mn":"ADBE Vector Group","hd":false},{"ty":"gr","it":[{"ind":0,"ty":"sh","ix":1,"ks":{"a":0,"k":{"i":[[0,0],[0,0],[19.018,-1.76],[0,0],[-7.921,10.825]],"o":[[0,0],[0,0],[-19.018,1.76],[0,0],[6.926,-9.466]],"v":[[-72.816,308.726],[1.463,308.726],[-8.737,334.072],[-87.249,334.072],[-89.537,320.431]],"c":true},"ix":2},"nm":"Path 1","mn":"ADBE Vector Shape - Group","hd":false},{"ty":"st","c":{"a":0,"k":[0,0,0,1],"ix":3},"o":{"a":0,"k":100,"ix":4},"w":{"a":0,"k":3.11,"ix":5},"lc":2,"lj":2,"bm":0,"nm":"Stroke 1","mn":"ADBE Vector Graphic - Stroke","hd":false},{"ty":"fl","c":{"a":0,"k":[0.949019610882,0.439215689898,0.717647075653,1],"ix":4},"o":{"a":0,"k":100,"ix":5},"r":1,"bm":0,"nm":"Fill 1","mn":"ADBE Vector Graphic - Fill","hd":false},{"ty":"tr","p":{"a":0,"k":[0,0],"ix":2},"a":{"a":0,"k":[0,0],"ix":1},"s":{"a":0,"k":[100,100],"ix":3},"r":{"a":0,"k":0,"ix":6},"o":{"a":0,"k":100,"ix":7},"sk":{"a":0,"k":0,"ix":4},"sa":{"a":0,"k":0,"ix":5},"nm":"Transform"}],"nm":"Group 3","np":3,"cix":2,"bm":0,"ix":3,"mn":"ADBE Vector Group","hd":false}],"ip":0,"op":120,"st":0,"bm":0},{"ddd":0,"ind":18,"ty":4,"nm":"TORSO","parent":2,"sr":1,"ks":{"o":{"a":0,"k":100,"ix":11},"r":{"a":0,"k":0,"ix":10},"p":{"a":1,"k":[{"i":{"x":0.667,"y":1},"o":{"x":0.333,"y":0},"t":0,"s":[-11.787,242.804,0],"to":[0,0,0],"ti":[0,0,0]},{"i":{"x":0.667,"y":1},"o":{"x":0.333,"y":0},"t":25,"s":[-11.787,248.804,0],"to":[0,0,0],"ti":[0,0,0]},{"t":40,"s":[-11.787,242.804,0]}],"ix":2},"a":{"a":0,"k":[-11.787,242.804,0],"ix":1},"s":{"a":1,"k":[{"i":{"x":[0.833,0.833,0.833],"y":[1,1,1]},"o":{"x":[0.333,0.333,0.333],"y":[0,0,0]},"t":0,"s":[100,100,100]},{"i":{"x":[0.833,0.833,0.833],"y":[1,1,1]},"o":{"x":[0.167,0.167,0.167],"y":[0,0,0]},"t":25,"s":[104,96,100]},{"i":{"x":[0.833,0.833,0.833],"y":[1,1,1]},"o":{"x":[0.167,0.167,0.167],"y":[0,0,0]},"t":40,"s":[98,102,100]},{"t":55,"s":[100,100,100]}],"ix":6}},"ao":0,"shapes":[{"ty":"gr","it":[{"ind":0,"ty":"sh","ix":1,"ks":{"a":0,"k":{"i":[[0,19.5],[13.337,0],[0,-19.5],[-13.337,0]],"o":[[0,-19.5],[-13.337,0],[0,19.5],[13.337,0]],"v":[[40.891,137.967],[16.742,102.659],[-7.407,137.967],[16.742,173.274]],"c":true},"ix":2},"nm":"Path 1","mn":"ADBE Vector Shape - Group","hd":false},{"ty":"st","c":{"a":0,"k":[0,0,0,1],"ix":3},"o":{"a":0,"k":100,"ix":4},"w":{"a":0,"k":3.11,"ix":5},"lc":2,"lj":2,"bm":0,"nm":"Stroke 1","mn":"ADBE Vector Graphic - Stroke","hd":false},{"ty":"fl","c":{"a":0,"k":[0.847058832645,0.823529422283,0.662745118141,1],"ix":4},"o":{"a":0,"k":100,"ix":5},"r":1,"bm":0,"nm":"Fill 1","mn":"ADBE Vector Graphic - Fill","hd":false},{"ty":"tr","p":{"a":0,"k":[0,0],"ix":2},"a":{"a":0,"k":[0,0],"ix":1},"s":{"a":0,"k":[100,100],"ix":3},"r":{"a":0,"k":0,"ix":6},"o":{"a":0,"k":100,"ix":7},"sk":{"a":0,"k":0,"ix":4},"sa":{"a":0,"k":0,"ix":5},"nm":"Transform"}],"nm":"Group 1","np":3,"cix":2,"bm":0,"ix":1,"mn":"ADBE Vector Group","hd":false},{"ty":"gr","it":[{"ty":"gr","it":[{"ind":0,"ty":"sh","ix":1,"ks":{"a":1,"k":[{"i":{"x":0.667,"y":1},"o":{"x":0.167,"y":0},"t":0,"s":[{"i":[[0,0],[0,0],[0,0],[0,0]],"o":[[0,0],[0,0],[0,0],[0,0]],"v":[[-32.6,218.191],[-43.463,218.191],[-39.888,194.714],[-29.258,194.714]],"c":true}]},{"t":40,"s":[{"i":[[0,0],[0,0],[0,0],[0,0]],"o":[[0,0],[0,0],[0,0],[0,0]],"v":[[-26.1,217.441],[-36.963,217.441],[-33.388,193.964],[-22.758,193.964]],"c":true}]}],"ix":2},"nm":"Path 1","mn":"ADBE Vector Shape - Group","hd":false},{"ty":"st","c":{"a":0,"k":[0,0,0,1],"ix":3},"o":{"a":0,"k":100,"ix":4},"w":{"a":0,"k":1.555,"ix":5},"lc":1,"lj":1,"ml":10,"bm":0,"nm":"Stroke 1","mn":"ADBE Vector Graphic - Stroke","hd":false},{"ty":"tr","p":{"a":0,"k":[0,0],"ix":2},"a":{"a":0,"k":[0,0],"ix":1},"s":{"a":0,"k":[100,100],"ix":3},"r":{"a":0,"k":0,"ix":6},"o":{"a":0,"k":100,"ix":7},"sk":{"a":0,"k":0,"ix":4},"sa":{"a":0,"k":0,"ix":5},"nm":"Transform"}],"nm":"Group 1","np":2,"cix":2,"bm":0,"ix":1,"mn":"ADBE Vector Group","hd":false},{"ty":"gr","it":[{"ty":"gr","it":[{"ind":0,"ty":"sh","ix":1,"ks":{"a":1,"k":[{"i":{"x":0.667,"y":1},"o":{"x":0.167,"y":0},"t":0,"s":[{"i":[[3.872,0],[0,0],[0.109,3.881],[0,0],[0,0],[0,0]],"o":[[0,0],[-3.872,0],[0,0],[0,0],[0,0],[-1.253,3.881]],"v":[[-22.211,194.714],[-47.145,194.714],[-53.996,188.039],[-54.406,171.237],[-8.028,171.237],[-13.391,188.039]],"c":true}]},{"t":40,"s":[{"i":[[3.872,0],[0,0],[0.109,3.881],[0,0],[0,0],[0,0]],"o":[[0,0],[-3.872,0],[0,0],[0,0],[0,0],[-1.253,3.881]],"v":[[-15.711,193.964],[-40.645,193.964],[-47.496,187.289],[-47.906,170.487],[-1.528,170.487],[-6.891,187.289]],"c":true}]}],"ix":2},"nm":"Path 1","mn":"ADBE Vector Shape - Group","hd":false},{"ty":"st","c":{"a":0,"k":[0,0,0,1],"ix":3},"o":{"a":0,"k":100,"ix":4},"w":{"a":0,"k":1.555,"ix":5},"lc":2,"lj":2,"bm":0,"nm":"Stroke 1","mn":"ADBE Vector Graphic - Stroke","hd":false},{"ty":"tr","p":{"a":0,"k":[0,0],"ix":2},"a":{"a":0,"k":[0,0],"ix":1},"s":{"a":0,"k":[100,100],"ix":3},"r":{"a":0,"k":0,"ix":6},"o":{"a":0,"k":100,"ix":7},"sk":{"a":0,"k":0,"ix":4},"sa":{"a":0,"k":0,"ix":5},"nm":"Transform"}],"nm":"Group 1","np":2,"cix":2,"bm":0,"ix":1,"mn":"ADBE Vector Group","hd":false},{"ty":"gr","it":[{"ind":0,"ty":"sh","ix":1,"ks":{"a":1,"k":[{"i":{"x":0.667,"y":1},"o":{"x":0.167,"y":0},"t":0,"s":[{"i":[[3.872,0],[0,0],[0.109,3.881],[0,0],[0,0],[0,0]],"o":[[0,0],[-3.872,0],[0,0],[0,0],[0,0],[-1.253,3.881]],"v":[[-22.211,194.714],[-47.145,194.714],[-53.996,188.039],[-54.406,171.237],[-8.028,171.237],[-13.391,188.039]],"c":true}]},{"t":40,"s":[{"i":[[3.872,0],[0,0],[0.109,3.881],[0,0],[0,0],[0,0]],"o":[[0,0],[-3.872,0],[0,0],[0,0],[0,0],[-1.253,3.881]],"v":[[-15.711,193.964],[-40.645,193.964],[-47.496,187.289],[-47.906,170.487],[-1.528,170.487],[-6.891,187.289]],"c":true}]}],"ix":2},"nm":"Path 1","mn":"ADBE Vector Shape - Group","hd":false},{"ty":"fl","c":{"a":0,"k":[0.105882354081,0.227450981736,0.40000000596,1],"ix":4},"o":{"a":0,"k":100,"ix":5},"r":1,"bm":0,"nm":"Fill 1","mn":"ADBE Vector Graphic - Fill","hd":false},{"ty":"tr","p":{"a":0,"k":[0,0],"ix":2},"a":{"a":0,"k":[0,0],"ix":1},"s":{"a":0,"k":[100,100],"ix":3},"r":{"a":0,"k":0,"ix":6},"o":{"a":0,"k":100,"ix":7},"sk":{"a":0,"k":0,"ix":4},"sa":{"a":0,"k":0,"ix":5},"nm":"Transform"}],"nm":"Group 2","np":2,"cix":2,"bm":0,"ix":2,"mn":"ADBE Vector Group","hd":false},{"ty":"tr","p":{"a":0,"k":[0,0],"ix":2},"a":{"a":0,"k":[0,0],"ix":1},"s":{"a":0,"k":[100,100],"ix":3},"r":{"a":0,"k":0,"ix":6},"o":{"a":0,"k":100,"ix":7},"sk":{"a":0,"k":0,"ix":4},"sa":{"a":0,"k":0,"ix":5},"nm":"Transform"}],"nm":"Group 2","np":2,"cix":2,"bm":0,"ix":2,"mn":"ADBE Vector Group","hd":false},{"ty":"gr","it":[{"ty":"gr","it":[{"ind":0,"ty":"sh","ix":1,"ks":{"a":1,"k":[{"i":{"x":0.667,"y":1},"o":{"x":0.167,"y":0},"t":0,"s":[{"i":[[6.039,0],[0,0],[-1.024,6.039],[0,0],[0,0],[0,0]],"o":[[0,0],[-6.039,0],[0,0],[0,0],[0,0],[-0.757,6.039]],"v":[[-24.846,218.191],[-51.432,218.191],[-60.512,207.256],[-54.406,171.237],[-8.028,171.237],[-12.541,207.256]],"c":true}]},{"t":40,"s":[{"i":[[6.039,0],[0,0],[-1.024,6.039],[0,0],[0,0],[0,0]],"o":[[0,0],[-6.039,0],[0,0],[0,0],[0,0],[-0.757,6.039]],"v":[[-18.346,217.441],[-44.932,217.441],[-54.012,206.506],[-47.906,170.487],[-1.528,170.487],[-6.041,206.506]],"c":true}]}],"ix":2},"nm":"Path 1","mn":"ADBE Vector Shape - Group","hd":false},{"ty":"st","c":{"a":0,"k":[0,0,0,1],"ix":3},"o":{"a":0,"k":100,"ix":4},"w":{"a":0,"k":1.555,"ix":5},"lc":2,"lj":2,"bm":0,"nm":"Stroke 1","mn":"ADBE Vector Graphic - Stroke","hd":false},{"ty":"tr","p":{"a":0,"k":[0,0],"ix":2},"a":{"a":0,"k":[0,0],"ix":1},"s":{"a":0,"k":[100,100],"ix":3},"r":{"a":0,"k":0,"ix":6},"o":{"a":0,"k":100,"ix":7},"sk":{"a":0,"k":0,"ix":4},"sa":{"a":0,"k":0,"ix":5},"nm":"Transform"}],"nm":"Group 1","np":2,"cix":2,"bm":0,"ix":1,"mn":"ADBE Vector Group","hd":false},{"ty":"gr","it":[{"ind":0,"ty":"sh","ix":1,"ks":{"a":1,"k":[{"i":{"x":0.667,"y":1},"o":{"x":0.167,"y":0},"t":0,"s":[{"i":[[6.039,0],[0,0],[-1.024,6.039],[0,0],[0,0],[0,0]],"o":[[0,0],[-6.039,0],[0,0],[0,0],[0,0],[-0.757,6.039]],"v":[[-24.846,218.191],[-51.432,218.191],[-60.512,207.256],[-54.406,171.237],[-8.028,171.237],[-12.541,207.256]],"c":true}]},{"t":40,"s":[{"i":[[6.039,0],[0,0],[-1.024,6.039],[0,0],[0,0],[0,0]],"o":[[0,0],[-6.039,0],[0,0],[0,0],[0,0],[-0.757,6.039]],"v":[[-18.346,217.441],[-44.932,217.441],[-54.012,206.506],[-47.906,170.487],[-1.528,170.487],[-6.041,206.506]],"c":true}]}],"ix":2},"nm":"Path 1","mn":"ADBE Vector Shape - Group","hd":false},{"ty":"fl","c":{"a":0,"k":[0.105882354081,0.227450981736,0.40000000596,1],"ix":4},"o":{"a":0,"k":100,"ix":5},"r":1,"bm":0,"nm":"Fill 1","mn":"ADBE Vector Graphic - Fill","hd":false},{"ty":"tr","p":{"a":0,"k":[0,0],"ix":2},"a":{"a":0,"k":[0,0],"ix":1},"s":{"a":0,"k":[100,100],"ix":3},"r":{"a":0,"k":0,"ix":6},"o":{"a":0,"k":100,"ix":7},"sk":{"a":0,"k":0,"ix":4},"sa":{"a":0,"k":0,"ix":5},"nm":"Transform"}],"nm":"Group 2","np":2,"cix":2,"bm":0,"ix":2,"mn":"ADBE Vector Group","hd":false},{"ty":"tr","p":{"a":0,"k":[0,0],"ix":2},"a":{"a":0,"k":[0,0],"ix":1},"s":{"a":0,"k":[100,100],"ix":3},"r":{"a":0,"k":0,"ix":6},"o":{"a":0,"k":100,"ix":7},"sk":{"a":0,"k":0,"ix":4},"sa":{"a":0,"k":0,"ix":5},"nm":"Transform"}],"nm":"Group 3","np":2,"cix":2,"bm":0,"ix":3,"mn":"ADBE Vector Group","hd":false},{"ty":"tr","p":{"a":0,"k":[0,0],"ix":2},"a":{"a":0,"k":[0,0],"ix":1},"s":{"a":0,"k":[100,100],"ix":3},"r":{"a":0,"k":0,"ix":6},"o":{"a":0,"k":100,"ix":7},"sk":{"a":0,"k":0,"ix":4},"sa":{"a":0,"k":0,"ix":5},"nm":"Transform"}],"nm":"Group 2","np":3,"cix":2,"bm":0,"ix":2,"mn":"ADBE Vector Group","hd":false},{"ty":"gr","it":[{"ty":"gr","it":[{"ind":0,"ty":"sh","ix":1,"ks":{"a":0,"k":{"i":[[0,0],[0.084,0.648],[0,0],[0,0],[29.177,0],[0.036,-0.001],[0.036,0],[3.693,-27.119],[0,0],[0,0],[0.06,-0.655],[0,0],[0,0],[0,0],[0,0]],"o":[[-0.06,-0.655],[0,0],[0,0],[-3.693,-27.119],[-0.036,0],[-0.036,-0.001],[-29.178,0],[0,0],[0,0],[-0.083,0.648],[0,0],[0,0],[0,0],[0,0],[0,0]],"v":[[48.59,136.012],[48.371,134.058],[48.329,133.683],[48.321,133.681],[-8.63,85.621],[-8.737,85.624],[-8.844,85.621],[-65.796,133.681],[-65.803,133.683],[-65.845,134.058],[-66.065,136.012],[-75.923,223.909],[-8.844,223.909],[-8.63,223.909],[58.449,223.909]],"c":true},"ix":2},"nm":"Path 1","mn":"ADBE Vector Shape - Group","hd":false},{"ty":"st","c":{"a":0,"k":[0,0,0,1],"ix":3},"o":{"a":0,"k":100,"ix":4},"w":{"a":0,"k":4.681,"ix":5},"lc":1,"lj":2,"bm":0,"nm":"Stroke 1","mn":"ADBE Vector Graphic - Stroke","hd":false},{"ty":"tr","p":{"a":0,"k":[0,0],"ix":2},"a":{"a":0,"k":[0,0],"ix":1},"s":{"a":0,"k":[100,100],"ix":3},"r":{"a":0,"k":0,"ix":6},"o":{"a":0,"k":100,"ix":7},"sk":{"a":0,"k":0,"ix":4},"sa":{"a":0,"k":0,"ix":5},"nm":"Transform"}],"nm":"Group 1","np":2,"cix":2,"bm":0,"ix":1,"mn":"ADBE Vector Group","hd":false},{"ty":"gr","it":[{"ind":0,"ty":"sh","ix":1,"ks":{"a":1,"k":[{"i":{"x":0.667,"y":1},"o":{"x":0.167,"y":0},"t":0,"s":[{"i":[[0,0],[0,0],[0,0],[0.084,0.648],[0,0],[0,0],[16.376,8.133],[0,0],[0,0],[0,0]],"o":[[0,0],[0,0],[-0.06,-0.655],[0,0],[0,0],[-2.494,-18.311],[0,0],[0,0],[0,0],[0,0]],"v":[[-8.63,223.909],[58.449,223.909],[48.59,136.012],[48.371,134.058],[48.329,133.683],[48.321,133.681],[17.656,91.754],[-63.298,126.596],[-74.387,224.659],[-8.844,223.909]],"c":true}]},{"t":40,"s":[{"i":[[0,0],[0,0],[0,0],[0.084,0.648],[0,0],[0,0],[16.376,8.133],[0,0],[0,0],[0,0]],"o":[[0,0],[0,0],[-0.06,-0.655],[0,0],[0,0],[-2.494,-18.311],[0,0],[0,0],[0,0],[0,0]],"v":[[-8.63,223.909],[58.449,223.909],[48.59,136.012],[48.371,134.058],[48.329,133.683],[48.321,133.681],[17.656,91.754],[-56.798,125.846],[-67.887,223.909],[-8.844,223.909]],"c":true}]}],"ix":2},"nm":"Path 1","mn":"ADBE Vector Shape - Group","hd":false},{"ty":"st","c":{"a":0,"k":[0,0,0,1],"ix":3},"o":{"a":0,"k":100,"ix":4},"w":{"a":0,"k":1.555,"ix":5},"lc":1,"lj":1,"ml":10,"bm":0,"nm":"Stroke 1","mn":"ADBE Vector Graphic - Stroke","hd":false},{"ty":"fl","c":{"a":0,"k":[0.196078434587,0.317647069693,0.498039215803,1],"ix":4},"o":{"a":0,"k":100,"ix":5},"r":1,"bm":0,"nm":"Fill 1","mn":"ADBE Vector Graphic - Fill","hd":false},{"ty":"tr","p":{"a":0,"k":[0,0],"ix":2},"a":{"a":0,"k":[0,0],"ix":1},"s":{"a":0,"k":[100,100],"ix":3},"r":{"a":0,"k":0,"ix":6},"o":{"a":0,"k":100,"ix":7},"sk":{"a":0,"k":0,"ix":4},"sa":{"a":0,"k":0,"ix":5},"nm":"Transform"}],"nm":"Group 2","np":3,"cix":2,"bm":0,"ix":2,"mn":"ADBE Vector Group","hd":false},{"ty":"gr","it":[{"ind":0,"ty":"sh","ix":1,"ks":{"a":1,"k":[{"i":{"x":0.667,"y":1},"o":{"x":0.167,"y":0},"t":0,"s":[{"i":[[0,0],[0,0],[0,0],[0.633,-4.651],[0,0],[0,0],[0.06,-0.655],[0,0]],"o":[[0,0],[0,0],[-1.755,4.213],[0,0],[0,0],[-0.084,0.648],[0,0],[0,0]],"v":[[-74.052,224.659],[-63.298,126.596],[-62.161,120.355],[-65.796,133.681],[-65.803,133.683],[-65.845,134.058],[-66.065,136.012],[-75.923,223.909]],"c":true}]},{"t":40,"s":[{"i":[[0,0],[0,0],[0,0],[0.633,-4.651],[0,0],[0,0],[0.06,-0.655],[0,0]],"o":[[0,0],[0,0],[-1.755,4.213],[0,0],[0,0],[-0.084,0.648],[0,0],[0,0]],"v":[[-67.552,223.909],[-56.798,125.846],[-62.161,120.355],[-65.796,133.681],[-65.803,133.683],[-65.845,134.058],[-66.065,136.012],[-75.923,223.909]],"c":true}]}],"ix":2},"nm":"Path 1","mn":"ADBE Vector Shape - Group","hd":false},{"ty":"st","c":{"a":0,"k":[0,0,0,1],"ix":3},"o":{"a":0,"k":100,"ix":4},"w":{"a":0,"k":1.555,"ix":5},"lc":1,"lj":1,"ml":10,"bm":0,"nm":"Stroke 1","mn":"ADBE Vector Graphic - Stroke","hd":false},{"ty":"fl","c":{"a":0,"k":[0.196078434587,0.317647069693,0.498039215803,1],"ix":4},"o":{"a":0,"k":100,"ix":5},"r":1,"bm":0,"nm":"Fill 1","mn":"ADBE Vector Graphic - Fill","hd":false},{"ty":"tr","p":{"a":0,"k":[0,0],"ix":2},"a":{"a":0,"k":[0,0],"ix":1},"s":{"a":0,"k":[100,100],"ix":3},"r":{"a":0,"k":0,"ix":6},"o":{"a":0,"k":100,"ix":7},"sk":{"a":0,"k":0,"ix":4},"sa":{"a":0,"k":0,"ix":5},"nm":"Transform"}],"nm":"Group 3","np":3,"cix":2,"bm":0,"ix":3,"mn":"ADBE Vector Group","hd":false},{"ty":"gr","it":[{"ind":0,"ty":"sh","ix":1,"ks":{"a":0,"k":{"i":[[0,0],[0.084,0.648],[0,0],[0,0],[5.167,7.105],[18.003,2.371],[1.107,-8.128],[0,0],[0,0],[0.06,-0.655],[0,0],[0,0],[0,0],[0,0]],"o":[[-0.06,-0.655],[0,0],[0,0],[-1.227,-9.01],[-48.306,4.841],[-4.358,6.621],[0,0],[0,0],[-0.084,0.648],[0,0],[0,0],[0,0],[0,0],[0,0]],"v":[[48.59,136.012],[48.371,134.058],[48.329,133.683],[48.321,133.681],[38.439,109.246],[-57.381,111.367],[-65.796,133.681],[-65.803,133.683],[-65.845,134.058],[-66.065,136.012],[-75.923,223.909],[-8.844,223.909],[-8.63,223.909],[58.449,223.909]],"c":true},"ix":2},"nm":"Path 1","mn":"ADBE Vector Shape - Group","hd":false},{"ty":"st","c":{"a":0,"k":[0,0,0,1],"ix":3},"o":{"a":0,"k":100,"ix":4},"w":{"a":0,"k":1.56,"ix":5},"lc":1,"lj":1,"ml":10,"bm":0,"nm":"Stroke 1","mn":"ADBE Vector Graphic - Stroke","hd":false},{"ty":"fl","c":{"a":0,"k":[0.847058832645,0.823529422283,0.662745118141,1],"ix":4},"o":{"a":0,"k":100,"ix":5},"r":1,"bm":0,"nm":"Fill 1","mn":"ADBE Vector Graphic - Fill","hd":false},{"ty":"tr","p":{"a":0,"k":[0,0],"ix":2},"a":{"a":0,"k":[0,0],"ix":1},"s":{"a":0,"k":[100,100],"ix":3},"r":{"a":0,"k":0,"ix":6},"o":{"a":0,"k":100,"ix":7},"sk":{"a":0,"k":0,"ix":4},"sa":{"a":0,"k":0,"ix":5},"nm":"Transform"}],"nm":"Group 4","np":3,"cix":2,"bm":0,"ix":4,"mn":"ADBE Vector Group","hd":false},{"ty":"gr","it":[{"ind":0,"ty":"sh","ix":1,"ks":{"a":0,"k":{"i":[[0,0],[0.084,0.648],[0,0],[0,0],[29.177,0],[0.036,-0.001],[0.036,0],[3.693,-27.119],[0,0],[0,0],[0.06,-0.655],[0,0],[0,0],[0,0],[0,0]],"o":[[-0.06,-0.655],[0,0],[0,0],[-3.693,-27.119],[-0.036,0],[-0.036,-0.001],[-29.178,0],[0,0],[0,0],[-0.083,0.648],[0,0],[0,0],[0,0],[0,0],[0,0]],"v":[[48.59,136.012],[48.371,134.058],[48.329,133.683],[48.321,133.681],[-8.63,85.621],[-8.737,85.624],[-8.844,85.621],[-65.796,133.681],[-65.803,133.683],[-65.845,134.058],[-66.065,136.012],[-75.923,223.909],[-8.844,223.909],[-8.63,223.909],[58.449,223.909]],"c":true},"ix":2},"nm":"Path 1","mn":"ADBE Vector Shape - Group","hd":false},{"ty":"fl","c":{"a":0,"k":[0.949019610882,0.439215689898,0.717647075653,1],"ix":4},"o":{"a":0,"k":100,"ix":5},"r":1,"bm":0,"nm":"Fill 1","mn":"ADBE Vector Graphic - Fill","hd":false},{"ty":"tr","p":{"a":0,"k":[0,0],"ix":2},"a":{"a":0,"k":[0,0],"ix":1},"s":{"a":0,"k":[100,100],"ix":3},"r":{"a":0,"k":0,"ix":6},"o":{"a":0,"k":100,"ix":7},"sk":{"a":0,"k":0,"ix":4},"sa":{"a":0,"k":0,"ix":5},"nm":"Transform"}],"nm":"Group 5","np":2,"cix":2,"bm":0,"ix":5,"mn":"ADBE Vector Group","hd":false},{"ty":"tr","p":{"a":0,"k":[0,0],"ix":2},"a":{"a":0,"k":[0,0],"ix":1},"s":{"a":0,"k":[100,100],"ix":3},"r":{"a":0,"k":0,"ix":6},"o":{"a":0,"k":100,"ix":7},"sk":{"a":0,"k":0,"ix":4},"sa":{"a":0,"k":0,"ix":5},"nm":"Transform"}],"nm":"Group 3","np":5,"cix":2,"bm":0,"ix":3,"mn":"ADBE Vector Group","hd":false},{"ty":"gr","it":[{"ty":"gr","it":[{"ind":0,"ty":"sh","ix":1,"ks":{"a":0,"k":{"i":[[0,0],[3.581,-6.337],[-2.112,-1.056],[-2.992,6.513]],"o":[[0,0],[-3.581,6.337],[2.112,1.056],[2.992,-6.513]],"v":[[-69.119,173.898],[-75.923,177.418],[-81.44,193.26],[-70.879,179.179]],"c":true},"ix":2},"nm":"Path 1","mn":"ADBE Vector Shape - Group","hd":false},{"ty":"st","c":{"a":0,"k":[0,0,0,1],"ix":3},"o":{"a":0,"k":100,"ix":4},"w":{"a":0,"k":1.555,"ix":5},"lc":2,"lj":2,"bm":0,"nm":"Stroke 1","mn":"ADBE Vector Graphic - Stroke","hd":false},{"ty":"fl","c":{"a":0,"k":[0.105882354081,0.227450981736,0.40000000596,1],"ix":4},"o":{"a":0,"k":100,"ix":5},"r":1,"bm":0,"nm":"Fill 1","mn":"ADBE Vector Graphic - Fill","hd":false},{"ty":"tr","p":{"a":0,"k":[0,0],"ix":2},"a":{"a":0,"k":[0,0],"ix":1},"s":{"a":0,"k":[100,100],"ix":3},"r":{"a":0,"k":0,"ix":6},"o":{"a":0,"k":100,"ix":7},"sk":{"a":0,"k":0,"ix":4},"sa":{"a":0,"k":0,"ix":5},"nm":"Transform"}],"nm":"Group 1","np":3,"cix":2,"bm":0,"ix":1,"mn":"ADBE Vector Group","hd":false},{"ty":"gr","it":[{"ind":0,"ty":"sh","ix":1,"ks":{"a":1,"k":[{"i":{"x":0.667,"y":1},"o":{"x":0.167,"y":0},"t":0,"s":[{"i":[[0,0],[0.176,-10.561],[-8.625,0.704],[0,0]],"o":[[0,0],[-0.176,10.561],[0,0],[0,0]],"v":[[-70.527,173.898],[-80.032,207.341],[-74.387,219.356],[-67.887,173.898]],"c":true}]},{"t":40,"s":[{"i":[[0,0],[0.176,-10.561],[-8.625,0.704],[0,0]],"o":[[0,0],[-0.176,10.561],[0,0],[0,0]],"v":[[-70.527,173.898],[-80.032,207.341],[-67.887,218.606],[-67.887,173.898]],"c":true}]}],"ix":2},"nm":"Path 1","mn":"ADBE Vector Shape - Group","hd":false},{"ty":"st","c":{"a":0,"k":[0,0,0,1],"ix":3},"o":{"a":0,"k":100,"ix":4},"w":{"a":0,"k":1.555,"ix":5},"lc":2,"lj":2,"bm":0,"nm":"Stroke 1","mn":"ADBE Vector Graphic - Stroke","hd":false},{"ty":"fl","c":{"a":0,"k":[0.105882354081,0.227450981736,0.40000000596,1],"ix":4},"o":{"a":0,"k":100,"ix":5},"r":1,"bm":0,"nm":"Fill 1","mn":"ADBE Vector Graphic - Fill","hd":false},{"ty":"tr","p":{"a":0,"k":[0,0],"ix":2},"a":{"a":0,"k":[0,0],"ix":1},"s":{"a":0,"k":[100,100],"ix":3},"r":{"a":0,"k":0,"ix":6},"o":{"a":0,"k":100,"ix":7},"sk":{"a":0,"k":0,"ix":4},"sa":{"a":0,"k":0,"ix":5},"nm":"Transform"}],"nm":"Group 2","np":3,"cix":2,"bm":0,"ix":2,"mn":"ADBE Vector Group","hd":false},{"ty":"tr","p":{"a":0,"k":[0,0],"ix":2},"a":{"a":0,"k":[0,0],"ix":1},"s":{"a":0,"k":[100,100],"ix":3},"r":{"a":0,"k":0,"ix":6},"o":{"a":0,"k":100,"ix":7},"sk":{"a":0,"k":0,"ix":4},"sa":{"a":0,"k":0,"ix":5},"nm":"Transform"}],"nm":"Group 4","np":2,"cix":2,"bm":0,"ix":4,"mn":"ADBE Vector Group","hd":false},{"ty":"gr","it":[{"ind":0,"ty":"sh","ix":1,"ks":{"a":1,"k":[{"i":{"x":0.667,"y":1},"o":{"x":0.167,"y":0},"t":0,"s":[{"i":[[0,0],[-48.006,-0.704],[0,26.05],[0,0]],"o":[[0,0],[48.006,0.704],[0,-7.745],[0,0]],"v":[[-74.387,219.356],[-24.717,242.192],[48.283,220.718],[34.554,214.734]],"c":true}]},{"t":40,"s":[{"i":[[0,0],[-48.006,-0.704],[0,26.05],[0,0]],"o":[[0,0],[48.006,0.704],[0,-7.745],[0,0]],"v":[[-67.887,218.606],[-24.717,242.192],[48.283,220.718],[34.554,214.734]],"c":true}]}],"ix":2},"nm":"Path 1","mn":"ADBE Vector Shape - Group","hd":false},{"ty":"st","c":{"a":0,"k":[0,0,0,1],"ix":3},"o":{"a":0,"k":100,"ix":4},"w":{"a":0,"k":3.11,"ix":5},"lc":2,"lj":2,"bm":0,"nm":"Stroke 1","mn":"ADBE Vector Graphic - Stroke","hd":false},{"ty":"fl","c":{"a":0,"k":[0.274509817362,0.266666680574,0.466666668653,1],"ix":4},"o":{"a":0,"k":100,"ix":5},"r":1,"bm":0,"nm":"Fill 1","mn":"ADBE Vector Graphic - Fill","hd":false},{"ty":"tr","p":{"a":0,"k":[0,0],"ix":2},"a":{"a":0,"k":[0,0],"ix":1},"s":{"a":0,"k":[100,100],"ix":3},"r":{"a":0,"k":0,"ix":6},"o":{"a":0,"k":100,"ix":7},"sk":{"a":0,"k":0,"ix":4},"sa":{"a":0,"k":0,"ix":5},"nm":"Transform"}],"nm":"Group 5","np":3,"cix":2,"bm":0,"ix":5,"mn":"ADBE Vector Group","hd":false}],"ip":0,"op":120,"st":0,"bm":0},{"ddd":0,"ind":19,"ty":4,"nm":"R_Leg","parent":2,"sr":1,"ks":{"o":{"a":0,"k":100,"ix":11},"r":{"a":0,"k":0,"ix":10},"p":{"a":0,"k":[18.166,334.855,0],"ix":2},"a":{"a":0,"k":[18.166,334.855,0],"ix":1},"s":{"a":1,"k":[{"i":{"x":[0.833,0.833,0.833],"y":[1,1,1]},"o":{"x":[0.333,0.333,0.333],"y":[0,0,0]},"t":0,"s":[100,100,100]},{"i":{"x":[0.667,0.667,0.667],"y":[1,1,1]},"o":{"x":[0.167,0.167,0.167],"y":[0,0,0]},"t":25,"s":[100,92,100]},{"i":{"x":[0.667,0.667,0.667],"y":[1,1,1]},"o":{"x":[0.333,0.333,0.333],"y":[0,0,0]},"t":40,"s":[100,100,100]},{"t":55,"s":[100,100,100]}],"ix":6}},"ao":0,"shapes":[{"ty":"gr","it":[{"ind":0,"ty":"sh","ix":1,"ks":{"a":1,"k":[{"i":{"x":0.833,"y":1},"o":{"x":0.333,"y":0},"t":0,"s":[{"i":[[0,0],[7.921,9.857],[-4.576,24.114],[0,0],[0,0],[-31.571,-43.828]],"o":[[0,0],[-7.921,-9.857],[4.576,-24.114],[0,0],[0,0],[0,0]],"v":[[64.151,308.726],[48.283,285.492],[40.891,233.215],[40.891,210.685],[-22.758,210.685],[-10.128,308.022]],"c":true}]},{"i":{"x":0.667,"y":1},"o":{"x":0.167,"y":0},"t":25,"s":[{"i":[[0,0],[7.921,9.857],[-4.576,24.114],[0,0],[0,0],[-31.571,-43.828]],"o":[[0,0],[-7.921,-9.857],[4.576,-24.114],[0,0],[0,0],[0,0]],"v":[[64.151,308.726],[45.033,285.428],[37.641,233.151],[40.891,210.685],[-22.758,210.685],[-10.128,308.022]],"c":true}]},{"t":40,"s":[{"i":[[0,0],[7.921,9.857],[-4.576,24.114],[0,0],[0,0],[-31.571,-43.828]],"o":[[0,0],[-7.921,-9.857],[4.576,-24.114],[0,0],[0,0],[0,0]],"v":[[64.151,308.726],[48.283,285.492],[40.891,233.215],[40.891,210.685],[-22.758,210.685],[-10.128,308.022]],"c":true}]}],"ix":2},"nm":"Path 1","mn":"ADBE Vector Shape - Group","hd":false},{"ty":"st","c":{"a":0,"k":[0,0,0,1],"ix":3},"o":{"a":0,"k":100,"ix":4},"w":{"a":0,"k":3.11,"ix":5},"lc":2,"lj":2,"bm":0,"nm":"Stroke 1","mn":"ADBE Vector Graphic - Stroke","hd":false},{"ty":"fl","c":{"a":0,"k":[0.274509817362,0.266666680574,0.466666668653,1],"ix":4},"o":{"a":0,"k":100,"ix":5},"r":1,"bm":0,"nm":"Fill 1","mn":"ADBE Vector Graphic - Fill","hd":false},{"ty":"tr","p":{"a":0,"k":[0,0],"ix":2},"a":{"a":0,"k":[0,0],"ix":1},"s":{"a":0,"k":[100,100],"ix":3},"r":{"a":0,"k":0,"ix":6},"o":{"a":0,"k":100,"ix":7},"sk":{"a":0,"k":0,"ix":4},"sa":{"a":0,"k":0,"ix":5},"nm":"Transform"}],"nm":"Group 1","np":3,"cix":2,"bm":0,"ix":1,"mn":"ADBE Vector Group","hd":false},{"ty":"gr","it":[{"ind":0,"ty":"sh","ix":1,"ks":{"a":0,"k":{"i":[[0,0],[-2.119,-11.08]],"o":[[0,0],[0,0]],"v":[[-13.235,316.019],[-21.048,334.169]],"c":false},"ix":2},"nm":"Path 1","mn":"ADBE Vector Shape - Group","hd":false},{"ty":"st","c":{"a":0,"k":[0,0,0,1],"ix":3},"o":{"a":0,"k":100,"ix":4},"w":{"a":0,"k":1.555,"ix":5},"lc":2,"lj":2,"bm":0,"nm":"Stroke 1","mn":"ADBE Vector Graphic - Stroke","hd":false},{"ty":"tr","p":{"a":0,"k":[0,0],"ix":2},"a":{"a":0,"k":[0,0],"ix":1},"s":{"a":0,"k":[100,100],"ix":3},"r":{"a":0,"k":0,"ix":6},"o":{"a":0,"k":100,"ix":7},"sk":{"a":0,"k":0,"ix":4},"sa":{"a":0,"k":0,"ix":5},"nm":"Transform"}],"nm":"Group 2","np":2,"cix":2,"bm":0,"ix":2,"mn":"ADBE Vector Group","hd":false},{"ty":"gr","it":[{"ind":0,"ty":"sh","ix":1,"ks":{"a":0,"k":{"i":[[0,0],[0,0],[19.018,-1.76],[0,0],[-7.921,10.825]],"o":[[0,0],[0,0],[-19.018,1.76],[0,0],[6.926,-9.466]],"v":[[-10.128,308.726],[64.151,308.726],[53.951,334.072],[-24.561,334.072],[-26.849,320.431]],"c":true},"ix":2},"nm":"Path 1","mn":"ADBE Vector Shape - Group","hd":false},{"ty":"st","c":{"a":0,"k":[0,0,0,1],"ix":3},"o":{"a":0,"k":100,"ix":4},"w":{"a":0,"k":3.11,"ix":5},"lc":2,"lj":2,"bm":0,"nm":"Stroke 1","mn":"ADBE Vector Graphic - Stroke","hd":false},{"ty":"fl","c":{"a":0,"k":[0.949019610882,0.439215689898,0.717647075653,1],"ix":4},"o":{"a":0,"k":100,"ix":5},"r":1,"bm":0,"nm":"Fill 1","mn":"ADBE Vector Graphic - Fill","hd":false},{"ty":"tr","p":{"a":0,"k":[0,0],"ix":2},"a":{"a":0,"k":[0,0],"ix":1},"s":{"a":0,"k":[100,100],"ix":3},"r":{"a":0,"k":0,"ix":6},"o":{"a":0,"k":100,"ix":7},"sk":{"a":0,"k":0,"ix":4},"sa":{"a":0,"k":0,"ix":5},"nm":"Transform"}],"nm":"Group 3","np":3,"cix":2,"bm":0,"ix":3,"mn":"ADBE Vector Group","hd":false}],"ip":0,"op":120,"st":0,"bm":0},{"ddd":0,"ind":20,"ty":4,"nm":"Shadow","parent":2,"sr":1,"ks":{"o":{"a":0,"k":30,"ix":11},"r":{"a":0,"k":0,"ix":10},"p":{"a":0,"k":[0,0,0],"ix":2},"a":{"a":0,"k":[0,0,0],"ix":1},"s":{"a":0,"k":[100,100,100],"ix":6}},"ao":0,"shapes":[{"ty":"gr","it":[{"ind":0,"ty":"sh","ix":1,"ks":{"a":0,"k":{"i":[[0,-9.755],[90.986,0],[0,9.755],[-90.986,0]],"o":[[0,9.755],[-90.986,0],[0,-9.755],[90.986,0]],"v":[[157.338,324.919],[-7.407,342.582],[-172.152,324.919],[-7.407,307.257]],"c":true},"ix":2},"nm":"Path 1","mn":"ADBE Vector Shape - Group","hd":false},{"ty":"fl","c":{"a":0,"k":[0,0,0,1],"ix":4},"o":{"a":0,"k":100,"ix":5},"r":1,"bm":0,"nm":"Fill 1","mn":"ADBE Vector Graphic - Fill","hd":false},{"ty":"tr","p":{"a":0,"k":[0,0],"ix":2},"a":{"a":0,"k":[0,0],"ix":1},"s":{"a":0,"k":[100,100],"ix":3},"r":{"a":0,"k":0,"ix":6},"o":{"a":0,"k":100,"ix":7},"sk":{"a":0,"k":0,"ix":4},"sa":{"a":0,"k":0,"ix":5},"nm":"Transform"}],"nm":"Group 1","np":2,"cix":2,"bm":0,"ix":1,"mn":"ADBE Vector Group","hd":false}],"ip":0,"op":120,"st":0,"bm":0}]}],"layers":[{"ddd":0,"ind":1,"ty":0,"nm":"19_Mallow_Gasp","refId":"comp_0","sr":1,"ks":{"o":{"a":0,"k":100,"ix":11},"r":{"a":0,"k":0,"ix":10},"p":{"a":0,"k":[160,160,0],"ix":2},"a":{"a":0,"k":[400,400,0],"ix":1},"s":{"a":0,"k":[40,40,100],"ix":6}},"ao":0,"w":800,"h":800,"ip":0,"op":10,"st":-80,"bm":0},{"ddd":0,"ind":2,"ty":0,"nm":"19_Mallow_Gasp","refId":"comp_0","sr":1,"ks":{"o":{"a":0,"k":100,"ix":11},"r":{"a":0,"k":0,"ix":10},"p":{"a":0,"k":[160,160,0],"ix":2},"a":{"a":0,"k":[400,400,0],"ix":1},"s":{"a":0,"k":[40,40,100],"ix":6}},"ao":0,"w":800,"h":800,"ip":10,"op":90,"st":10,"bm":0}],"markers":[]}