{"v":"5.6.2","fr":60,"ip":0,"op":120,"w":320,"h":320,"nm":"24_Mallow_Glare","ddd":0,"assets":[{"id":"comp_0","layers":[{"ddd":0,"ind":1,"ty":4,"nm":"Extra_Elemnt","sr":1,"ks":{"o":{"a":0,"k":100,"ix":11},"r":{"a":0,"k":0,"ix":10},"p":{"a":0,"k":[400,400,0],"ix":2},"a":{"a":0,"k":[0,0,0],"ix":1},"s":{"a":0,"k":[100,100,100],"ix":6}},"ao":0,"shapes":[{"ty":"gr","it":[{"ind":0,"ty":"sh","ix":1,"ks":{"a":0,"k":{"i":[[0,0],[0,0]],"o":[[0,0],[0,0]],"v":[[-186.851,-56.747],[-303.114,-63.668]],"c":false},"ix":2},"nm":"Path 1","mn":"ADBE Vector Shape - Group","hd":false},{"ty":"st","c":{"a":0,"k":[0.976470588235,0.811764705882,0.282352941176,1],"ix":3},"o":{"a":0,"k":100,"ix":4},"w":{"a":0,"k":10,"ix":5},"lc":1,"lj":1,"ml":4,"bm":0,"nm":"Stroke 1","mn":"ADBE Vector Graphic - Stroke","hd":false},{"ty":"tr","p":{"a":0,"k":[0,0],"ix":2},"a":{"a":0,"k":[0,0],"ix":1},"s":{"a":0,"k":[100,100],"ix":3},"r":{"a":0,"k":0,"ix":6},"o":{"a":0,"k":100,"ix":7},"sk":{"a":0,"k":0,"ix":4},"sa":{"a":0,"k":0,"ix":5},"nm":"Transform"}],"nm":"Shape 3","np":3,"cix":2,"bm":0,"ix":1,"mn":"ADBE Vector Group","hd":false},{"ty":"gr","it":[{"ind":0,"ty":"sh","ix":1,"ks":{"a":0,"k":{"i":[[0,0],[0,0]],"o":[[0,0],[0,0]],"v":[[196.54,-177.163],[316.955,-290.657]],"c":false},"ix":2},"nm":"Path 1","mn":"ADBE Vector Shape - Group","hd":false},{"ty":"st","c":{"a":0,"k":[0.976470588235,0.811764705882,0.282352941176,1],"ix":3},"o":{"a":0,"k":100,"ix":4},"w":{"a":0,"k":10,"ix":5},"lc":1,"lj":1,"ml":4,"bm":0,"nm":"Stroke 1","mn":"ADBE Vector Graphic - Stroke","hd":false},{"ty":"tr","p":{"a":0,"k":[0,0],"ix":2},"a":{"a":0,"k":[0,0],"ix":1},"s":{"a":0,"k":[100,100],"ix":3},"r":{"a":0,"k":0,"ix":6},"o":{"a":0,"k":100,"ix":7},"sk":{"a":0,"k":0,"ix":4},"sa":{"a":0,"k":0,"ix":5},"nm":"Transform"}],"nm":"Shape 2","np":3,"cix":2,"bm":0,"ix":2,"mn":"ADBE Vector Group","hd":false},{"ty":"gr","it":[{"ind":0,"ty":"sh","ix":1,"ks":{"a":0,"k":{"i":[[0,0],[0,0]],"o":[[0,0],[0,0]],"v":[[-160.554,-167.474],[-286.505,-325.26]],"c":false},"ix":2},"nm":"Path 1","mn":"ADBE Vector Shape - Group","hd":false},{"ty":"st","c":{"a":0,"k":[0.976470588235,0.811764705882,0.282352941176,1],"ix":3},"o":{"a":0,"k":100,"ix":4},"w":{"a":0,"k":10,"ix":5},"lc":2,"lj":1,"ml":4,"bm":0,"nm":"Stroke 1","mn":"ADBE Vector Graphic - Stroke","hd":false},{"ty":"tr","p":{"a":0,"k":[0,0],"ix":2},"a":{"a":0,"k":[0,0],"ix":1},"s":{"a":0,"k":[100,100],"ix":3},"r":{"a":0,"k":0,"ix":6},"o":{"a":0,"k":100,"ix":7},"sk":{"a":0,"k":0,"ix":4},"sa":{"a":0,"k":0,"ix":5},"nm":"Transform"}],"nm":"Shape 1","np":3,"cix":2,"bm":0,"ix":3,"mn":"ADBE Vector Group","hd":false},{"ty":"tm","s":{"a":1,"k":[{"i":{"x":[0.667],"y":[1]},"o":{"x":[0.333],"y":[0]},"t":22.143,"s":[0]},{"t":29,"s":[100]}],"ix":1},"e":{"a":1,"k":[{"i":{"x":[0.667],"y":[1]},"o":{"x":[0.333],"y":[0]},"t":13,"s":[0]},{"t":24.427734375,"s":[100]}],"ix":2},"o":{"a":0,"k":0,"ix":3},"m":1,"ix":4,"nm":"Trim Paths 1","mn":"ADBE Vector Filter - Trim","hd":false}],"ip":0,"op":120,"st":0,"bm":0},{"ddd":0,"ind":2,"ty":3,"nm":"ZOOM","sr":1,"ks":{"o":{"a":0,"k":0,"ix":11},"r":{"a":0,"k":0,"ix":10},"p":{"a":1,"k":[{"i":{"x":0.15,"y":1},"o":{"x":0.6,"y":0},"t":50,"s":[416.609,568.858,0],"to":[2.333,42.333,0],"ti":[-2.333,-42.333,0]},{"t":86,"s":[430.609,822.858,0]}],"ix":2},"a":{"a":0,"k":[0,0,0],"ix":1},"s":{"a":1,"k":[{"i":{"x":[0.15,0.15,0.15],"y":[1,1,1]},"o":{"x":[0.6,0.6,0.6],"y":[0,0,0]},"t":50,"s":[100,100,100]},{"t":86,"s":[167,167,100]}],"ix":6}},"ao":0,"ip":0,"op":120,"st":0,"bm":0},{"ddd":0,"ind":3,"ty":4,"nm":"02_L_Ear","parent":16,"sr":1,"ks":{"o":{"a":1,"k":[{"t":58,"s":[0],"h":1},{"t":59,"s":[100],"h":1}],"ix":11},"r":{"a":1,"k":[{"i":{"x":[0.22],"y":[1]},"o":{"x":[0.45],"y":[0]},"t":53,"s":[-15]},{"t":88,"s":[10]}],"ix":10},"p":{"a":1,"k":[{"i":{"x":0.22,"y":1},"o":{"x":0.45,"y":0},"t":51,"s":[-33.67,-154.297,0],"to":[14.422,-0.964,0],"ti":[-14.422,0.964,0]},{"t":83,"s":[52.864,-160.084,0]}],"ix":2},"a":{"a":0,"k":[52.864,-160.084,0],"ix":1},"s":{"a":0,"k":[100,100,100],"ix":6}},"ao":0,"shapes":[{"ty":"gr","it":[{"ind":0,"ty":"sh","ix":1,"ks":{"a":1,"k":[{"i":{"x":0.667,"y":1},"o":{"x":0.333,"y":0},"t":55,"s":[{"i":[[-3.219,9.58],[18.164,51.026],[10.179,-3.606],[-2.812,-12.516],[0,0]],"o":[[3.219,-9.58],[-4.707,-10.084],[-10.093,3.575],[14.559,45.863],[0,0]],"v":[[71.54,-166.564],[65.62,-285.971],[40.725,-297.932],[28.833,-273.188],[32.953,-173.12]],"c":false}]},{"t":85,"s":[{"i":[[0,0],[0,0],[10.772,0.758],[0.817,-10.677],[0,0]],"o":[[0,0],[0.821,-10.768],[-10.681,-0.752],[0,0],[0,0]],"v":[[71.54,-166.564],[79.901,-276.235],[61.852,-297.14],[41.069,-279.201],[32.953,-173.12]],"c":false}]}],"ix":2},"nm":"Path 1","mn":"ADBE Vector Shape - Group","hd":false},{"ty":"st","c":{"a":0,"k":[0,0,0,1],"ix":3},"o":{"a":0,"k":100,"ix":4},"w":{"a":0,"k":1.651,"ix":5},"lc":2,"lj":1,"ml":10,"bm":0,"nm":"Stroke 1","mn":"ADBE Vector Graphic - Stroke","hd":false},{"ty":"tr","p":{"a":0,"k":[0,0],"ix":2},"a":{"a":0,"k":[0,0],"ix":1},"s":{"a":0,"k":[100,100],"ix":3},"r":{"a":0,"k":0,"ix":6},"o":{"a":0,"k":100,"ix":7},"sk":{"a":0,"k":0,"ix":4},"sa":{"a":0,"k":0,"ix":5},"nm":"Transform"}],"nm":"Group 1","np":2,"cix":2,"bm":0,"ix":1,"mn":"ADBE Vector Group","hd":false},{"ty":"gr","it":[{"ind":0,"ty":"sh","ix":1,"ks":{"a":1,"k":[{"i":{"x":0.667,"y":1},"o":{"x":0.333,"y":0},"t":55,"s":[{"i":[[0,0],[13.174,49.974],[-20.801,6.303],[0,0],[-10.947,-22.285],[0,0]],"o":[[0,0],[-9.238,-32.119],[0,0],[19.985,-6.056],[17.627,33.606],[0,0]],"v":[[16.511,-174.401],[11.014,-276.531],[33.335,-334.808],[33.335,-334.808],[81.233,-310.214],[94.351,-160.75]],"c":false}]},{"t":85,"s":[{"i":[[0,0],[0,0],[-21.588,-2.525],[0,0],[1.728,-20.811],[0,0]],"o":[[0,0],[2.032,-21.64],[0,0],[20.741,2.426],[0,0],[0,0]],"v":[[16.511,-174.401],[26.74,-299.055],[69.798,-333.9],[69.798,-333.9],[103.894,-292.229],[94.351,-160.75]],"c":false}]}],"ix":2},"nm":"Path 1","mn":"ADBE Vector Shape - Group","hd":false},{"ty":"st","c":{"a":0,"k":[0,0,0,1],"ix":3},"o":{"a":0,"k":100,"ix":4},"w":{"a":0,"k":4.953,"ix":5},"lc":2,"lj":1,"ml":10,"bm":0,"nm":"Stroke 1","mn":"ADBE Vector Graphic - Stroke","hd":false},{"ty":"tr","p":{"a":0,"k":[0,0],"ix":2},"a":{"a":0,"k":[0,0],"ix":1},"s":{"a":0,"k":[100,100],"ix":3},"r":{"a":0,"k":0,"ix":6},"o":{"a":0,"k":100,"ix":7},"sk":{"a":0,"k":0,"ix":4},"sa":{"a":0,"k":0,"ix":5},"nm":"Transform"}],"nm":"Group 2","np":2,"cix":2,"bm":0,"ix":2,"mn":"ADBE Vector Group","hd":false},{"ty":"gr","it":[{"ind":0,"ty":"sh","ix":1,"ks":{"a":1,"k":[{"i":{"x":0.667,"y":1},"o":{"x":0.333,"y":0},"t":55,"s":[{"i":[[0,0],[-14.271,-3.459],[20.416,69.403],[10.179,-3.606],[-2.501,-11.888]],"o":[[8.861,1.015],[0,0],[-3.504,-8.523],[-10.093,3.575],[11.813,41.478]],"v":[[32.953,-173.12],[71.54,-166.564],[65.62,-285.971],[40.725,-297.932],[28.833,-273.188]],"c":true}]},{"t":85,"s":[{"i":[[0,0],[-14.271,-3.459],[0,0],[10.772,0.758],[0.817,-10.677]],"o":[[8.861,1.015],[0,0],[0.821,-10.768],[-10.681,-0.752],[0,0]],"v":[[32.953,-173.12],[71.54,-166.564],[79.901,-276.235],[61.852,-297.14],[41.069,-279.201]],"c":true}]}],"ix":2},"nm":"Path 1","mn":"ADBE Vector Shape - Group","hd":false},{"ty":"fl","c":{"a":0,"k":[1,0.713725507259,0.713725507259,1],"ix":4},"o":{"a":0,"k":100,"ix":5},"r":1,"bm":0,"nm":"Fill 1","mn":"ADBE Vector Graphic - Fill","hd":false},{"ty":"tr","p":{"a":0,"k":[0,0],"ix":2},"a":{"a":0,"k":[0,0],"ix":1},"s":{"a":0,"k":[100,100],"ix":3},"r":{"a":0,"k":0,"ix":6},"o":{"a":0,"k":100,"ix":7},"sk":{"a":0,"k":0,"ix":4},"sa":{"a":0,"k":0,"ix":5},"nm":"Transform"}],"nm":"Group 3","np":2,"cix":2,"bm":0,"ix":3,"mn":"ADBE Vector Group","hd":false},{"ty":"gr","it":[{"ind":0,"ty":"sh","ix":1,"ks":{"a":1,"k":[{"i":{"x":0.667,"y":1},"o":{"x":0.333,"y":0},"t":55,"s":[{"i":[[-1.942,20.681],[14.174,47.091],[-20.801,6.303],[0,0],[-12.403,-23.205],[0,0],[21.975,2.976],[0,0]],"o":[[0,0],[-9.434,-30.208],[0,0],[19.985,-6.056],[19.046,52.321],[-1.835,22.1],[0,0],[-20.584,-2.788]],"v":[[15.633,-163.708],[11.282,-276.856],[33.335,-334.808],[33.335,-334.808],[81.233,-310.214],[94.058,-156.71],[50.265,-121.537],[48.994,-121.709]],"c":true}]},{"t":85,"s":[{"i":[[-1.942,20.681],[0,0],[-21.588,-2.525],[0,0],[1.728,-20.811],[0,0],[21.976,2.976],[0,0]],"o":[[0,0],[2.032,-21.64],[0,0],[20.741,2.426],[0,0],[-1.835,22.1],[0,0],[-20.584,-2.788]],"v":[[15.633,-163.708],[26.74,-299.055],[69.798,-333.9],[69.798,-333.9],[103.894,-292.229],[94.058,-156.71],[50.265,-121.537],[48.994,-121.709]],"c":true}]}],"ix":2},"nm":"Path 1","mn":"ADBE Vector Shape - Group","hd":false},{"ty":"fl","c":{"a":0,"k":[0.949019610882,0.439215689898,0.717647075653,1],"ix":4},"o":{"a":0,"k":100,"ix":5},"r":1,"bm":0,"nm":"Fill 1","mn":"ADBE Vector Graphic - Fill","hd":false},{"ty":"tr","p":{"a":0,"k":[0,0],"ix":2},"a":{"a":0,"k":[0,0],"ix":1},"s":{"a":0,"k":[100,100],"ix":3},"r":{"a":0,"k":0,"ix":6},"o":{"a":0,"k":100,"ix":7},"sk":{"a":0,"k":0,"ix":4},"sa":{"a":0,"k":0,"ix":5},"nm":"Transform"}],"nm":"Group 4","np":2,"cix":2,"bm":0,"ix":4,"mn":"ADBE Vector Group","hd":false}],"ip":0,"op":120,"st":0,"bm":0},{"ddd":0,"ind":4,"ty":4,"nm":"02_L_Arm","parent":18,"sr":1,"ks":{"o":{"a":1,"k":[{"t":56,"s":[0],"h":1},{"t":57,"s":[100],"h":1}],"ix":11},"r":{"a":0,"k":0,"ix":10},"p":{"a":1,"k":[{"i":{"x":0.22,"y":1},"o":{"x":0.08,"y":0},"t":57,"s":[-33.609,99.448,0],"to":[2.75,0,0],"ti":[-2.75,0,0]},{"t":83,"s":[-17.109,99.448,0]}],"ix":2},"a":{"a":0,"k":[-10.109,99.448,0],"ix":1},"s":{"a":0,"k":[100,100,100],"ix":6}},"ao":0,"shapes":[{"ty":"gr","it":[{"ind":0,"ty":"sh","ix":1,"ks":{"a":1,"k":[{"i":{"x":0.22,"y":1},"o":{"x":0.08,"y":0},"t":57,"s":[{"i":[[0,0],[-0.932,-2.511]],"o":[[0,0],[0,0]],"v":[[-54.265,101.468],[-51.443,104.261]],"c":false}]},{"t":83,"s":[{"i":[[0,0],[-4.257,-1.743]],"o":[[0,0],[0,0]],"v":[[-96.668,111.503],[-86.15,111.408]],"c":false}]}],"ix":2},"nm":"Path 1","mn":"ADBE Vector Shape - Group","hd":false},{"ty":"st","c":{"a":0,"k":[0,0,0,1],"ix":3},"o":{"a":0,"k":100,"ix":4},"w":{"a":0,"k":1.651,"ix":5},"lc":2,"lj":2,"bm":0,"nm":"Stroke 1","mn":"ADBE Vector Graphic - Stroke","hd":false},{"ty":"tr","p":{"a":0,"k":[0,0],"ix":2},"a":{"a":0,"k":[0,0],"ix":1},"s":{"a":0,"k":[100,100],"ix":3},"r":{"a":0,"k":0,"ix":6},"o":{"a":0,"k":100,"ix":7},"sk":{"a":0,"k":0,"ix":4},"sa":{"a":0,"k":0,"ix":5},"nm":"Transform"}],"nm":"Group 1","np":2,"cix":2,"bm":0,"ix":1,"mn":"ADBE Vector Group","hd":false},{"ty":"gr","it":[{"ind":0,"ty":"sh","ix":1,"ks":{"a":1,"k":[{"i":{"x":0.22,"y":1},"o":{"x":0.08,"y":0},"t":57,"s":[{"i":[[0,0],[-0.98,-3.55]],"o":[[0,0],[0,0]],"v":[[-65.256,105.893],[-62.63,108.25]],"c":false}]},{"t":83,"s":[{"i":[[0,0],[-7.715,-1.445]],"o":[[0,0],[0,0]],"v":[[-112.685,133.603],[-97.256,122.844]],"c":false}]}],"ix":2},"nm":"Path 1","mn":"ADBE Vector Shape - Group","hd":false},{"ty":"st","c":{"a":0,"k":[0,0,0,1],"ix":3},"o":{"a":0,"k":100,"ix":4},"w":{"a":0,"k":1.651,"ix":5},"lc":2,"lj":2,"bm":0,"nm":"Stroke 1","mn":"ADBE Vector Graphic - Stroke","hd":false},{"ty":"tr","p":{"a":0,"k":[0,0],"ix":2},"a":{"a":0,"k":[0,0],"ix":1},"s":{"a":0,"k":[100,100],"ix":3},"r":{"a":0,"k":0,"ix":6},"o":{"a":0,"k":100,"ix":7},"sk":{"a":0,"k":0,"ix":4},"sa":{"a":0,"k":0,"ix":5},"nm":"Transform"}],"nm":"Group 2","np":2,"cix":2,"bm":0,"ix":2,"mn":"ADBE Vector Group","hd":false},{"ty":"gr","it":[{"ind":0,"ty":"sh","ix":1,"ks":{"a":1,"k":[{"i":{"x":0.22,"y":1},"o":{"x":0.08,"y":0},"t":57,"s":[{"i":[[0,0],[-1.847,3.269]],"o":[[0,0],[0,0]],"v":[[-74.001,132.54],[-72.082,125.243]],"c":false}]},{"t":83,"s":[{"i":[[0,0],[1.096,3.896]],"o":[[0,0],[0,0]],"v":[[-93.037,152.265],[-100.299,145.625]],"c":false}]}],"ix":2},"nm":"Path 1","mn":"ADBE Vector Shape - Group","hd":false},{"ty":"st","c":{"a":0,"k":[0,0,0,1],"ix":3},"o":{"a":0,"k":100,"ix":4},"w":{"a":0,"k":3.302,"ix":5},"lc":2,"lj":2,"bm":0,"nm":"Stroke 1","mn":"ADBE Vector Graphic - Stroke","hd":false},{"ty":"tr","p":{"a":0,"k":[0,0],"ix":2},"a":{"a":0,"k":[0,0],"ix":1},"s":{"a":0,"k":[100,100],"ix":3},"r":{"a":0,"k":0,"ix":6},"o":{"a":0,"k":100,"ix":7},"sk":{"a":0,"k":0,"ix":4},"sa":{"a":0,"k":0,"ix":5},"nm":"Transform"}],"nm":"Group 3","np":2,"cix":2,"bm":0,"ix":3,"mn":"ADBE Vector Group","hd":false},{"ty":"gr","it":[{"ind":0,"ty":"sh","ix":1,"ks":{"a":1,"k":[{"i":{"x":0.22,"y":1},"o":{"x":0.08,"y":0},"t":57,"s":[{"i":[[0,0],[7.244,-0.437],[5.556,-5.044],[0.562,-5.904],[-5.249,1.585],[-1.201,-1.134],[-0.589,-8.074],[-12.416,0.279]],"o":[[3.347,-9.127],[-3.912,0.236],[-5.361,4.868],[-0.239,2.51],[0,0],[0,0],[4.158,-9.121],[0,0]],"v":[[-46.998,118.106],[-51.869,100.437],[-67.402,107.643],[-79.525,124.329],[-74.001,132.54],[-72.769,134.821],[-70.972,147.976],[-47.487,122.607]],"c":true}]},{"t":83,"s":[{"i":[[0,0],[9.303,-6.863],[4.221,-8.536],[-8.041,-4.449],[-3.994,2.441],[-4.404,0.367],[-6.63,-7.471],[-19.705,5.481]],"o":[[-7.015,-9.188],[-5.878,4.336],[-4.074,8.237],[3.418,1.891],[0,0],[0,0],[0.242,-10.466],[0,0]],"v":[[-65.633,114.623],[-95.075,110.28],[-111.209,129.291],[-104.377,152.153],[-93.037,152.265],[-86.764,152.632],[-75.888,165.586],[-52.511,131.81]],"c":true}]}],"ix":2},"nm":"Path 1","mn":"ADBE Vector Shape - Group","hd":false},{"ty":"st","c":{"a":0,"k":[0,0,0,1],"ix":3},"o":{"a":0,"k":100,"ix":4},"w":{"a":0,"k":3.302,"ix":5},"lc":2,"lj":2,"bm":0,"nm":"Stroke 1","mn":"ADBE Vector Graphic - Stroke","hd":false},{"ty":"fl","c":{"a":0,"k":[0.949019610882,0.439215689898,0.717647075653,1],"ix":4},"o":{"a":0,"k":100,"ix":5},"r":1,"bm":0,"nm":"Fill 1","mn":"ADBE Vector Graphic - Fill","hd":false},{"ty":"tr","p":{"a":0,"k":[0,0],"ix":2},"a":{"a":0,"k":[0,0],"ix":1},"s":{"a":0,"k":[100,100],"ix":3},"r":{"a":0,"k":0,"ix":6},"o":{"a":0,"k":100,"ix":7},"sk":{"a":0,"k":0,"ix":4},"sa":{"a":0,"k":0,"ix":5},"nm":"Transform"}],"nm":"Group 4","np":3,"cix":2,"bm":0,"ix":4,"mn":"ADBE Vector Group","hd":false},{"ty":"gr","it":[{"ind":0,"ty":"sh","ix":1,"ks":{"a":1,"k":[{"i":{"x":0.22,"y":1},"o":{"x":0.08,"y":0},"t":57,"s":[{"i":[[0,0],[0,0]],"o":[[0,0],[0,0]],"v":[[-47.689,124.766],[-54.857,150.857]],"c":false}]},{"t":83,"s":[{"i":[[0,0],[0,0]],"o":[[0,0],[0,0]],"v":[[-50.064,135.016],[-56.686,150.857]],"c":false}]}],"ix":2},"nm":"Path 1","mn":"ADBE Vector Shape - Group","hd":false},{"ty":"st","c":{"a":0,"k":[0,0,0,1],"ix":3},"o":{"a":0,"k":100,"ix":4},"w":{"a":0,"k":3.302,"ix":5},"lc":2,"lj":2,"bm":0,"nm":"Stroke 1","mn":"ADBE Vector Graphic - Stroke","hd":false},{"ty":"tr","p":{"a":0,"k":[0,0],"ix":2},"a":{"a":0,"k":[0,0],"ix":1},"s":{"a":0,"k":[100,100],"ix":3},"r":{"a":0,"k":0,"ix":6},"o":{"a":0,"k":100,"ix":7},"sk":{"a":0,"k":0,"ix":4},"sa":{"a":0,"k":0,"ix":5},"nm":"Transform"}],"nm":"Group 5","np":2,"cix":2,"bm":0,"ix":5,"mn":"ADBE Vector Group","hd":false},{"ty":"gr","it":[{"ind":0,"ty":"sh","ix":1,"ks":{"a":1,"k":[{"i":{"x":0.22,"y":1},"o":{"x":0.08,"y":0},"t":57,"s":[{"i":[[0,0],[0,0]],"o":[[0,0],[0,0]],"v":[[-28.121,166.579],[-12.013,106.754]],"c":false}]},{"t":83,"s":[{"i":[[0,0],[0,0]],"o":[[0,0],[0,0]],"v":[[-17.034,166.579],[7.798,106.754]],"c":false}]}],"ix":2},"nm":"Path 1","mn":"ADBE Vector Shape - Group","hd":false},{"ty":"st","c":{"a":0,"k":[0,0,0,1],"ix":3},"o":{"a":0,"k":100,"ix":4},"w":{"a":0,"k":3.302,"ix":5},"lc":2,"lj":2,"bm":0,"nm":"Stroke 1","mn":"ADBE Vector Graphic - Stroke","hd":false},{"ty":"tr","p":{"a":0,"k":[0,0],"ix":2},"a":{"a":0,"k":[0,0],"ix":1},"s":{"a":0,"k":[100,100],"ix":3},"r":{"a":0,"k":0,"ix":6},"o":{"a":0,"k":100,"ix":7},"sk":{"a":0,"k":0,"ix":4},"sa":{"a":0,"k":0,"ix":5},"nm":"Transform"}],"nm":"Group 6","np":2,"cix":2,"bm":0,"ix":6,"mn":"ADBE Vector Group","hd":false},{"ty":"gr","it":[{"ind":0,"ty":"sh","ix":1,"ks":{"a":1,"k":[{"i":{"x":0.22,"y":1},"o":{"x":0.08,"y":0},"t":57,"s":[{"i":[[0,0],[-7.363,47.846],[4.602,-17.891],[0,0],[0,0],[5.813,-2.166],[5.556,-5.044],[0.562,-5.904],[-5.749,1.96],[-1.201,-1.134],[-8.844,-12.432],[-4.984,20.037]],"o":[[0,0],[3.294,-21.408],[-2.012,7.822],[0,0],[3.347,-9.127],[-3.673,1.368],[-5.361,4.868],[-0.239,2.51],[0,0],[0,0],[10.888,15.304],[0,0]],"v":[[-22.865,165.845],[-7.268,106.627],[-42.059,101.464],[-47.689,124.766],[-46.998,118.106],[-51.869,100.437],[-67.902,107.893],[-79.525,124.329],[-74.001,132.54],[-72.769,134.821],[-61.295,176.639],[-28.121,166.579]],"c":true}]},{"t":83,"s":[{"i":[[0,0],[-4.738,48.311],[14.313,-30.461],[0,0],[0,0],[9.303,-6.863],[4.221,-8.536],[-8.041,-4.449],[-3.994,2.441],[-4.404,0.367],[-12.219,-12.432],[-7.684,20.037]],"o":[[0,0],[4.738,-48.311],[-14.313,30.461],[0,0],[-7.015,-9.188],[-5.878,4.336],[-4.074,8.237],[3.418,1.891],[0,0],[0,0],[15.043,15.304],[0,0]],"v":[[-17.034,166.579],[17.725,117.767],[-34.283,97.215],[-50.064,135.016],[-65.633,114.623],[-95.075,110.28],[-111.209,129.291],[-104.377,152.153],[-93.037,152.265],[-86.764,152.632],[-65.581,176.639],[-17.034,166.579]],"c":true}]}],"ix":2},"nm":"Path 1","mn":"ADBE Vector Shape - Group","hd":false},{"ty":"st","c":{"a":0,"k":[0,0,0,1],"ix":3},"o":{"a":0,"k":100,"ix":4},"w":{"a":0,"k":3.302,"ix":5},"lc":2,"lj":2,"bm":0,"nm":"Stroke 1","mn":"ADBE Vector Graphic - Stroke","hd":false},{"ty":"fl","c":{"a":0,"k":[0.847058832645,0.823529422283,0.662745118141,1],"ix":4},"o":{"a":0,"k":100,"ix":5},"r":1,"bm":0,"nm":"Fill 1","mn":"ADBE Vector Graphic - Fill","hd":false},{"ty":"tr","p":{"a":0,"k":[0,0],"ix":2},"a":{"a":0,"k":[0,0],"ix":1},"s":{"a":0,"k":[100,100],"ix":3},"r":{"a":0,"k":0,"ix":6},"o":{"a":0,"k":100,"ix":7},"sk":{"a":0,"k":0,"ix":4},"sa":{"a":0,"k":0,"ix":5},"nm":"Transform"}],"nm":"Group 7","np":3,"cix":2,"bm":0,"ix":7,"mn":"ADBE Vector Group","hd":false}],"ip":0,"op":120,"st":0,"bm":0},{"ddd":0,"ind":5,"ty":4,"nm":"01_L_Ear","parent":16,"sr":1,"ks":{"o":{"a":0,"k":100,"ix":11},"r":{"a":1,"k":[{"i":{"x":[0.595],"y":[1]},"o":{"x":[0.256],"y":[0]},"t":10,"s":[0]},{"i":{"x":[0.615],"y":[0.97]},"o":{"x":[0.269],"y":[0]},"t":13,"s":[6]},{"i":{"x":[0.15],"y":[1]},"o":{"x":[0.312],"y":[-0.115]},"t":21,"s":[-9]},{"i":{"x":[0.833],"y":[1]},"o":{"x":[0.417],"y":[0.152]},"t":44,"s":[0]},{"i":{"x":[0.22],"y":[1]},"o":{"x":[0.45],"y":[0]},"t":51,"s":[0]},{"t":83,"s":[-7]}],"ix":10},"p":{"a":1,"k":[{"i":{"x":0.22,"y":1},"o":{"x":0.45,"y":0},"t":51,"s":[52.831,-169.61,0],"to":[-7.833,0,0],"ti":[7.833,0,0]},{"t":83,"s":[5.831,-169.61,0]}],"ix":2},"a":{"a":0,"k":[52.831,-169.61,0],"ix":1},"s":{"a":0,"k":[100,100,100],"ix":6}},"ao":0,"shapes":[{"ty":"gr","it":[{"ty":"gr","it":[{"ind":0,"ty":"sh","ix":1,"ks":{"a":1,"k":[{"i":{"x":0.833,"y":1},"o":{"x":0.167,"y":0},"t":51,"s":[{"i":[[0,0],[0,0],[-21.398,-4.534],[0,0],[4.534,-21.398],[0,0]],"o":[[0,0],[4.534,-21.398],[0,0],[21.398,4.534],[0,0],[0,0]],"v":[[15.932,-182.591],[40.393,-298.026],[87.541,-328.687],[87.541,-328.687],[118.202,-281.539],[94.524,-169.796]],"c":false}]},{"i":{"x":0.667,"y":1},"o":{"x":0.333,"y":0},"t":59,"s":[{"i":[[0,0],[-42.084,56.493],[-18.272,-12.022],[0,0],[11.446,-17.554],[0,0]],"o":[[0,0],[15.157,-18.87],[0,0],[18.273,12.022],[-36.357,45.393],[0,0]],"v":[[15.932,-182.591],[78.98,-307.054],[134.06,-318.418],[134.06,-318.418],[145.425,-263.337],[94.524,-169.796]],"c":false}]},{"t":83,"s":[{"i":[[0,0],[0,0],[-21.398,-4.534],[0,0],[4.534,-21.398],[0,0]],"o":[[0,0],[4.534,-21.398],[0,0],[21.398,4.534],[0,0],[0,0]],"v":[[15.932,-182.591],[40.393,-298.026],[87.541,-328.687],[87.541,-328.687],[118.202,-281.539],[94.524,-169.796]],"c":false}]}],"ix":2},"nm":"Path 1","mn":"ADBE Vector Shape - Group","hd":false},{"ty":"st","c":{"a":0,"k":[0,0,0,1],"ix":3},"o":{"a":0,"k":100,"ix":4},"w":{"a":0,"k":4.953,"ix":5},"lc":2,"lj":1,"ml":10,"bm":0,"nm":"Stroke 1","mn":"ADBE Vector Graphic - Stroke","hd":false},{"ty":"tr","p":{"a":0,"k":[0,0],"ix":2},"a":{"a":0,"k":[0,0],"ix":1},"s":{"a":0,"k":[100,100],"ix":3},"r":{"a":0,"k":0,"ix":6},"o":{"a":0,"k":100,"ix":7},"sk":{"a":0,"k":0,"ix":4},"sa":{"a":0,"k":0,"ix":5},"nm":"Transform"}],"nm":"Group 1","np":2,"cix":2,"bm":0,"ix":1,"mn":"ADBE Vector Group","hd":false},{"ty":"tr","p":{"a":0,"k":[0,0],"ix":2},"a":{"a":0,"k":[0,0],"ix":1},"s":{"a":0,"k":[100,100],"ix":3},"r":{"a":0,"k":0,"ix":6},"o":{"a":0,"k":100,"ix":7},"sk":{"a":0,"k":0,"ix":4},"sa":{"a":0,"k":0,"ix":5},"nm":"Transform"}],"nm":"Group 1","np":1,"cix":2,"bm":0,"ix":1,"mn":"ADBE Vector Group","hd":false},{"ty":"gr","it":[{"ty":"gr","it":[{"ind":0,"ty":"sh","ix":1,"ks":{"a":1,"k":[{"i":{"x":0.833,"y":1},"o":{"x":0.167,"y":0},"t":51,"s":[{"i":[[21.398,4.534],[0,0],[-4.534,21.398],[0,0],[-21.398,-4.534],[0,0],[4.534,-21.398],[0,0]],"o":[[0,0],[-21.398,-4.534],[0,0],[4.534,-21.398],[0,0],[21.398,4.534],[0,0],[-4.534,21.398]],"v":[[46.593,-135.443],[46.593,-135.443],[15.932,-182.591],[40.393,-298.026],[87.541,-328.687],[87.541,-328.687],[118.202,-281.539],[93.742,-166.104]],"c":true}]},{"i":{"x":0.667,"y":1},"o":{"x":0.333,"y":0},"t":59,"s":[{"i":[[21.398,4.534],[0,0],[-4.534,21.398],[-44.275,61.571],[-18.272,-12.022],[0,0],[10.449,-14.82],[0,0]],"o":[[0,0],[-21.398,-4.534],[0,0],[15.157,-18.87],[0,0],[18.273,12.022],[-34.433,37.897],[-4.534,21.398]],"v":[[46.593,-135.443],[46.593,-135.443],[15.932,-182.591],[78.98,-307.054],[134.06,-318.418],[134.06,-318.418],[145.425,-263.337],[93.742,-166.104]],"c":true}]},{"t":83,"s":[{"i":[[21.398,4.534],[0,0],[-4.534,21.398],[0,0],[-21.398,-4.534],[0,0],[4.534,-21.398],[0,0]],"o":[[0,0],[-21.398,-4.534],[0,0],[4.534,-21.398],[0,0],[21.398,4.534],[0,0],[-4.534,21.398]],"v":[[46.593,-135.443],[46.593,-135.443],[15.932,-182.591],[40.393,-298.026],[87.541,-328.687],[87.541,-328.687],[118.202,-281.539],[93.742,-166.104]],"c":true}]}],"ix":2},"nm":"Path 1","mn":"ADBE Vector Shape - Group","hd":false},{"ty":"fl","c":{"a":0,"k":[0.949019610882,0.439215689898,0.717647075653,1],"ix":4},"o":{"a":0,"k":100,"ix":5},"r":1,"bm":0,"nm":"Fill 1","mn":"ADBE Vector Graphic - Fill","hd":false},{"ty":"tr","p":{"a":0,"k":[0,0],"ix":2},"a":{"a":0,"k":[0,0],"ix":1},"s":{"a":0,"k":[100,100],"ix":3},"r":{"a":0,"k":0,"ix":6},"o":{"a":0,"k":100,"ix":7},"sk":{"a":0,"k":0,"ix":4},"sa":{"a":0,"k":0,"ix":5},"nm":"Transform"}],"nm":"Group 1","np":2,"cix":2,"bm":0,"ix":1,"mn":"ADBE Vector Group","hd":false},{"ty":"tr","p":{"a":0,"k":[0,0],"ix":2},"a":{"a":0,"k":[0,0],"ix":1},"s":{"a":0,"k":[100,100],"ix":3},"r":{"a":0,"k":0,"ix":6},"o":{"a":0,"k":100,"ix":7},"sk":{"a":0,"k":0,"ix":4},"sa":{"a":0,"k":0,"ix":5},"nm":"Transform"}],"nm":"Group 2","np":1,"cix":2,"bm":0,"ix":2,"mn":"ADBE Vector Group","hd":false}],"ip":0,"op":59,"st":0,"bm":0},{"ddd":0,"ind":6,"ty":4,"nm":"01_R_Ear","parent":16,"sr":1,"ks":{"o":{"a":1,"k":[{"t":58,"s":[100],"h":1},{"t":59,"s":[0],"h":1}],"ix":11},"r":{"a":1,"k":[{"i":{"x":[0.667],"y":[1]},"o":{"x":[0.333],"y":[0]},"t":10,"s":[0]},{"i":{"x":[0.667],"y":[1]},"o":{"x":[0.333],"y":[0]},"t":13,"s":[-6]},{"i":{"x":[0.15],"y":[1]},"o":{"x":[0.333],"y":[0]},"t":21,"s":[16]},{"i":{"x":[0.833],"y":[1]},"o":{"x":[0.333],"y":[0]},"t":44,"s":[0]},{"t":51,"s":[0]}],"ix":10},"p":{"a":0,"k":[-26.667,-169.14,0],"ix":2},"a":{"a":0,"k":[-26.667,-169.14,0],"ix":1},"s":{"a":0,"k":[100,100,100],"ix":6}},"ao":0,"shapes":[{"ty":"gr","it":[{"ty":"gr","it":[{"ind":0,"ty":"sh","ix":1,"ks":{"a":0,"k":{"i":[[0,0],[0,0],[21.398,-4.534],[0,0],[-4.534,-21.398],[0,0]],"o":[[0,0],[-4.534,-21.398],[0,0],[-21.398,4.534],[0,0],[0,0]],"v":[[10.512,-182.591],[-13.949,-298.026],[-61.097,-328.687],[-61.097,-328.687],[-91.758,-281.539],[-68.08,-169.796]],"c":false},"ix":2},"nm":"Path 1","mn":"ADBE Vector Shape - Group","hd":false},{"ty":"st","c":{"a":0,"k":[0,0,0,1],"ix":3},"o":{"a":0,"k":100,"ix":4},"w":{"a":0,"k":4.953,"ix":5},"lc":2,"lj":2,"bm":0,"nm":"Stroke 1","mn":"ADBE Vector Graphic - Stroke","hd":false},{"ty":"tr","p":{"a":0,"k":[0,0],"ix":2},"a":{"a":0,"k":[0,0],"ix":1},"s":{"a":0,"k":[100,100],"ix":3},"r":{"a":0,"k":0,"ix":6},"o":{"a":0,"k":100,"ix":7},"sk":{"a":0,"k":0,"ix":4},"sa":{"a":0,"k":0,"ix":5},"nm":"Transform"}],"nm":"Group 1","np":2,"cix":2,"bm":0,"ix":1,"mn":"ADBE Vector Group","hd":false},{"ty":"tr","p":{"a":0,"k":[0,0],"ix":2},"a":{"a":0,"k":[0,0],"ix":1},"s":{"a":0,"k":[100,100],"ix":3},"r":{"a":0,"k":0,"ix":6},"o":{"a":0,"k":100,"ix":7},"sk":{"a":0,"k":0,"ix":4},"sa":{"a":0,"k":0,"ix":5},"nm":"Transform"}],"nm":"Group 1","np":1,"cix":2,"bm":0,"ix":1,"mn":"ADBE Vector Group","hd":false},{"ty":"gr","it":[{"ty":"gr","it":[{"ind":0,"ty":"sh","ix":1,"ks":{"a":0,"k":{"i":[[-21.398,4.534],[0,0],[4.534,21.398],[0,0],[21.398,-4.534],[0,0],[-4.534,-21.398],[0,0]],"o":[[0,0],[21.398,-4.534],[0,0],[-4.534,-21.398],[0,0],[-21.398,4.534],[0,0],[4.534,21.398]],"v":[[-20.149,-135.443],[-20.149,-135.443],[10.512,-182.591],[-13.949,-298.026],[-61.097,-328.687],[-61.097,-328.687],[-91.758,-281.539],[-67.298,-166.104]],"c":true},"ix":2},"nm":"Path 1","mn":"ADBE Vector Shape - Group","hd":false},{"ty":"fl","c":{"a":0,"k":[0.949019610882,0.439215689898,0.717647075653,1],"ix":4},"o":{"a":0,"k":100,"ix":5},"r":1,"bm":0,"nm":"Fill 1","mn":"ADBE Vector Graphic - Fill","hd":false},{"ty":"tr","p":{"a":0,"k":[0,0],"ix":2},"a":{"a":0,"k":[0,0],"ix":1},"s":{"a":0,"k":[100,100],"ix":3},"r":{"a":0,"k":0,"ix":6},"o":{"a":0,"k":100,"ix":7},"sk":{"a":0,"k":0,"ix":4},"sa":{"a":0,"k":0,"ix":5},"nm":"Transform"}],"nm":"Group 1","np":2,"cix":2,"bm":0,"ix":1,"mn":"ADBE Vector Group","hd":false},{"ty":"tr","p":{"a":0,"k":[0,0],"ix":2},"a":{"a":0,"k":[0,0],"ix":1},"s":{"a":0,"k":[100,100],"ix":3},"r":{"a":0,"k":0,"ix":6},"o":{"a":0,"k":100,"ix":7},"sk":{"a":0,"k":0,"ix":4},"sa":{"a":0,"k":0,"ix":5},"nm":"Transform"}],"nm":"Group 2","np":1,"cix":2,"bm":0,"ix":2,"mn":"ADBE Vector Group","hd":false}],"ip":0,"op":120,"st":0,"bm":0},{"ddd":0,"ind":7,"ty":4,"nm":"Stroke_Head","parent":16,"sr":1,"ks":{"o":{"a":0,"k":100,"ix":11},"r":{"a":0,"k":0,"ix":10},"p":{"a":0,"k":[0,0,0],"ix":2},"a":{"a":0,"k":[0,0,0],"ix":1},"s":{"a":0,"k":[100,100,100],"ix":6}},"ao":0,"shapes":[{"ty":"gr","it":[{"ind":0,"ty":"sh","ix":1,"ks":{"a":0,"k":{"i":[[52.506,40.402],[93.011,10.962],[37.948,-6.029],[-17.855,-55.859],[-50.518,-31.966],[-101.682,-0.726],[-18.674,9.413]],"o":[[18.35,-57.407],[-29.127,-3.433],[-87.246,13.862],[-48.487,38.125],[21.065,13.329],[84.989,0.607],[58.455,-29.464]],"v":[[164.442,-60.944],[57.886,-191.033],[-37.417,-189.954],[-136.591,-60.944],[-138,73.882],[13.583,99.049],[155.187,79.013]],"c":true},"ix":2},"nm":"Path 1","mn":"ADBE Vector Shape - Group","hd":false},{"ty":"st","c":{"a":0,"k":[0,0,0,1],"ix":3},"o":{"a":0,"k":100,"ix":4},"w":{"a":0,"k":4.953,"ix":5},"lc":2,"lj":2,"bm":0,"nm":"Stroke 1","mn":"ADBE Vector Graphic - Stroke","hd":false},{"ty":"tr","p":{"a":0,"k":[0,0],"ix":2},"a":{"a":0,"k":[0,0],"ix":1},"s":{"a":0,"k":[100,100],"ix":3},"r":{"a":0,"k":0,"ix":6},"o":{"a":0,"k":100,"ix":7},"sk":{"a":0,"k":0,"ix":4},"sa":{"a":0,"k":0,"ix":5},"nm":"Transform"}],"nm":"Group 1","np":2,"cix":2,"bm":0,"ix":1,"mn":"ADBE Vector Group","hd":false}],"ip":0,"op":120,"st":0,"bm":0},{"ddd":0,"ind":8,"ty":4,"nm":"Shine_Head","parent":16,"sr":1,"ks":{"o":{"a":0,"k":100,"ix":11},"r":{"a":0,"k":0,"ix":10},"p":{"a":0,"k":[0,0,0],"ix":2},"a":{"a":0,"k":[0,0,0],"ix":1},"s":{"a":0,"k":[100,100,100],"ix":6}},"ao":0,"shapes":[{"ty":"gr","it":[{"ind":0,"ty":"sh","ix":1,"ks":{"a":0,"k":{"i":[[-9.906,9.009],[-4.568,-5.023],[9.906,-9.009],[4.568,5.023]],"o":[[9.906,-9.009],[4.568,5.023],[-9.906,9.009],[-4.568,-5.023]],"v":[[-93.631,-143.119],[-67.424,-150.337],[-77.088,-124.931],[-103.296,-117.712]],"c":true},"ix":2},"nm":"Path 1","mn":"ADBE Vector Shape - Group","hd":false},{"ty":"fl","c":{"a":0,"k":[1,1,1,1],"ix":4},"o":{"a":0,"k":100,"ix":5},"r":1,"bm":0,"nm":"Fill 1","mn":"ADBE Vector Graphic - Fill","hd":false},{"ty":"tr","p":{"a":0,"k":[0,0],"ix":2},"a":{"a":0,"k":[0,0],"ix":1},"s":{"a":0,"k":[100,100],"ix":3},"r":{"a":0,"k":0,"ix":6},"o":{"a":0,"k":100,"ix":7},"sk":{"a":0,"k":0,"ix":4},"sa":{"a":0,"k":0,"ix":5},"nm":"Transform"}],"nm":"Group 1","np":2,"cix":2,"bm":0,"ix":1,"mn":"ADBE Vector Group","hd":false}],"ip":0,"op":120,"st":0,"bm":0},{"ddd":0,"ind":9,"ty":4,"nm":"Shadow_Head","parent":16,"sr":1,"ks":{"o":{"a":0,"k":25,"ix":11},"r":{"a":0,"k":0,"ix":10},"p":{"a":0,"k":[0,0,0],"ix":2},"a":{"a":0,"k":[0,0,0],"ix":1},"s":{"a":0,"k":[100,100,100],"ix":6}},"ao":0,"shapes":[{"ty":"gr","it":[{"ind":0,"ty":"sh","ix":1,"ks":{"a":0,"k":{"i":[[24.278,-12.237],[84.989,0.607],[21.065,13.329],[4.407,17.708],[-30.694,-19.422],[-101.682,-0.726],[-18.674,9.412],[8.026,33.754]],"o":[[-18.674,9.413],[-101.682,-0.727],[-18.616,-11.78],[-7.146,30.298],[21.065,13.329],[84.989,0.607],[37.471,-18.887],[-5.204,21.216]],"v":[[155.187,43.499],[13.583,63.536],[-138,38.369],[-172.288,-7.354],[-138,73.882],[13.583,99.049],[155.187,79.013],[199.401,-9.206]],"c":true},"ix":2},"nm":"Path 1","mn":"ADBE Vector Shape - Group","hd":false},{"ty":"fl","c":{"a":0,"k":[0.878431379795,0.298039227724,0.643137276173,1],"ix":4},"o":{"a":0,"k":100,"ix":5},"r":1,"bm":0,"nm":"Fill 1","mn":"ADBE Vector Graphic - Fill","hd":false},{"ty":"tr","p":{"a":0,"k":[0,0],"ix":2},"a":{"a":0,"k":[0,0],"ix":1},"s":{"a":0,"k":[100,100],"ix":3},"r":{"a":0,"k":0,"ix":6},"o":{"a":0,"k":100,"ix":7},"sk":{"a":0,"k":0,"ix":4},"sa":{"a":0,"k":0,"ix":5},"nm":"Transform"}],"nm":"Group 1","np":2,"cix":2,"bm":1,"ix":1,"mn":"ADBE Vector Group","hd":false}],"ip":0,"op":120,"st":0,"bm":1},{"ddd":0,"ind":10,"ty":4,"nm":"MASK_03","parent":16,"td":1,"sr":1,"ks":{"o":{"a":0,"k":100,"ix":11},"r":{"a":0,"k":0,"ix":10},"p":{"a":0,"k":[13.557,99.072,0],"ix":2},"a":{"a":0,"k":[13.557,99.072,0],"ix":1},"s":{"a":0,"k":[100,100,100],"ix":6}},"ao":0,"shapes":[{"ty":"gr","it":[{"ind":0,"ty":"sh","ix":1,"ks":{"a":0,"k":{"i":[[52.506,40.402],[93.011,10.962],[37.948,-6.029],[-17.855,-55.859],[-50.518,-31.966],[-101.682,-0.726],[-18.674,9.413]],"o":[[18.35,-57.407],[-29.127,-3.433],[-87.246,13.862],[-48.487,38.125],[21.065,13.329],[84.989,0.607],[58.455,-29.464]],"v":[[164.442,-60.944],[57.886,-191.033],[-37.417,-189.954],[-136.591,-60.944],[-138,73.882],[13.583,99.049],[155.187,79.013]],"c":true},"ix":2},"nm":"Path 1","mn":"ADBE Vector Shape - Group","hd":false},{"ty":"fl","c":{"a":0,"k":[0.949019610882,0.439215689898,0.717647075653,1],"ix":4},"o":{"a":0,"k":100,"ix":5},"r":1,"bm":0,"nm":"Fill 1","mn":"ADBE Vector Graphic - Fill","hd":false},{"ty":"tr","p":{"a":0,"k":[0,0],"ix":2},"a":{"a":0,"k":[0,0],"ix":1},"s":{"a":0,"k":[100,100],"ix":3},"r":{"a":0,"k":0,"ix":6},"o":{"a":0,"k":100,"ix":7},"sk":{"a":0,"k":0,"ix":4},"sa":{"a":0,"k":0,"ix":5},"nm":"Transform"}],"nm":"Group 1","np":2,"cix":2,"bm":0,"ix":1,"mn":"ADBE Vector Group","hd":false}],"ip":0,"op":120,"st":0,"bm":0},{"ddd":0,"ind":11,"ty":4,"nm":"Mouth","parent":16,"tt":1,"sr":1,"ks":{"o":{"a":0,"k":100,"ix":11},"r":{"a":0,"k":0,"ix":10},"p":{"a":1,"k":[{"i":{"x":0.22,"y":1},"o":{"x":0.45,"y":0},"t":51,"s":[-331.415,-9.073,0],"to":[41.833,0,0],"ti":[-41.833,0,0]},{"t":83,"s":[-80.415,-9.073,0]}],"ix":2},"a":{"a":0,"k":[-80.415,-9.073,0],"ix":1},"s":{"a":0,"k":[100,100,100],"ix":6}},"ao":0,"shapes":[{"ty":"gr","it":[{"ind":0,"ty":"sh","ix":1,"ks":{"a":0,"k":{"i":[[0,0],[0,0],[0,0]],"o":[[0,0],[0,0],[0,0]],"v":[[-86.837,-16.806],[-94.054,-9.497],[-73.33,-9.506]],"c":false},"ix":2},"nm":"Path 1","mn":"ADBE Vector Shape - Group","hd":false},{"ty":"st","c":{"a":0,"k":[0,0,0,1],"ix":3},"o":{"a":0,"k":100,"ix":4},"w":{"a":0,"k":1.651,"ix":5},"lc":2,"lj":2,"bm":0,"nm":"Stroke 1","mn":"ADBE Vector Graphic - Stroke","hd":false},{"ty":"tr","p":{"a":0,"k":[0,0],"ix":2},"a":{"a":0,"k":[0,0],"ix":1},"s":{"a":0,"k":[100,100],"ix":3},"r":{"a":0,"k":0,"ix":6},"o":{"a":0,"k":100,"ix":7},"sk":{"a":0,"k":0,"ix":4},"sa":{"a":0,"k":0,"ix":5},"nm":"Transform"}],"nm":"Group 1","np":2,"cix":2,"bm":0,"ix":1,"mn":"ADBE Vector Group","hd":false},{"ty":"gr","it":[{"ind":0,"ty":"sh","ix":1,"ks":{"a":1,"k":[{"i":{"x":0.15,"y":1},"o":{"x":0.6,"y":0},"t":59,"s":[{"i":[[0,0],[-2.186,-2.577]],"o":[[0,0],[0,0]],"v":[[-73.03,-15.298],[-72.319,-4.039]],"c":false}]},{"t":96,"s":[{"i":[[0,0],[-11.651,-4.958]],"o":[[0,0],[0,0]],"v":[[-70.567,-19.903],[-66.777,1.758]],"c":false}]}],"ix":2},"nm":"Path 1","mn":"ADBE Vector Shape - Group","hd":false},{"ty":"st","c":{"a":0,"k":[0,0,0,1],"ix":3},"o":{"a":0,"k":100,"ix":4},"w":{"a":0,"k":1.651,"ix":5},"lc":2,"lj":2,"bm":0,"nm":"Stroke 1","mn":"ADBE Vector Graphic - Stroke","hd":false},{"ty":"tr","p":{"a":0,"k":[0,0],"ix":2},"a":{"a":0,"k":[0,0],"ix":1},"s":{"a":0,"k":[100,100],"ix":3},"r":{"a":0,"k":0,"ix":6},"o":{"a":0,"k":100,"ix":7},"sk":{"a":0,"k":0,"ix":4},"sa":{"a":0,"k":0,"ix":5},"nm":"Transform"}],"nm":"Group 2","np":2,"cix":2,"bm":0,"ix":2,"mn":"ADBE Vector Group","hd":false}],"ip":0,"op":120,"st":0,"bm":0},{"ddd":0,"ind":12,"ty":4,"nm":"MASK_02","parent":16,"td":1,"sr":1,"ks":{"o":{"a":0,"k":100,"ix":11},"r":{"a":0,"k":0,"ix":10},"p":{"a":0,"k":[13.557,99.072,0],"ix":2},"a":{"a":0,"k":[13.557,99.072,0],"ix":1},"s":{"a":0,"k":[100,100,100],"ix":6}},"ao":0,"shapes":[{"ty":"gr","it":[{"ind":0,"ty":"sh","ix":1,"ks":{"a":0,"k":{"i":[[52.506,40.402],[93.011,10.962],[37.948,-6.029],[-17.855,-55.859],[-50.518,-31.966],[-101.682,-0.726],[-18.674,9.413]],"o":[[18.35,-57.407],[-29.127,-3.433],[-87.246,13.862],[-48.487,38.125],[21.065,13.329],[84.989,0.607],[58.455,-29.464]],"v":[[164.442,-60.944],[57.886,-191.033],[-37.417,-189.954],[-136.591,-60.944],[-138,73.882],[13.583,99.049],[155.187,79.013]],"c":true},"ix":2},"nm":"Path 1","mn":"ADBE Vector Shape - Group","hd":false},{"ty":"fl","c":{"a":0,"k":[0.949019610882,0.439215689898,0.717647075653,1],"ix":4},"o":{"a":0,"k":100,"ix":5},"r":1,"bm":0,"nm":"Fill 1","mn":"ADBE Vector Graphic - Fill","hd":false},{"ty":"tr","p":{"a":0,"k":[0,0],"ix":2},"a":{"a":0,"k":[0,0],"ix":1},"s":{"a":0,"k":[100,100],"ix":3},"r":{"a":0,"k":0,"ix":6},"o":{"a":0,"k":100,"ix":7},"sk":{"a":0,"k":0,"ix":4},"sa":{"a":0,"k":0,"ix":5},"nm":"Transform"}],"nm":"Group 1","np":2,"cix":2,"bm":0,"ix":1,"mn":"ADBE Vector Group","hd":false}],"ip":0,"op":120,"st":0,"bm":0},{"ddd":0,"ind":13,"ty":4,"nm":"Eyes","parent":16,"tt":1,"sr":1,"ks":{"o":{"a":0,"k":100,"ix":11},"r":{"a":0,"k":0,"ix":10},"p":{"a":1,"k":[{"i":{"x":0.22,"y":1},"o":{"x":0.45,"y":0},"t":51,"s":[-319.972,-46.625,0],"to":[46.167,0,0],"ti":[-46.167,0,0]},{"t":83,"s":[-42.972,-46.625,0]}],"ix":2},"a":{"a":0,"k":[-42.972,-46.625,0],"ix":1},"s":{"a":0,"k":[100,100,100],"ix":6}},"ao":0,"shapes":[{"ty":"gr","it":[{"ind":0,"ty":"sh","ix":1,"ks":{"a":1,"k":[{"i":{"x":0.15,"y":1},"o":{"x":0.6,"y":0},"t":58,"s":[{"i":[[0,0],[0,0]],"o":[[0,0],[0,0]],"v":[[45.656,-37.625],[9.443,-35.672]],"c":false}]},{"t":91,"s":[{"i":[[0,0],[0,0]],"o":[[0,0],[0,0]],"v":[[45.656,-37.625],[-2.071,-35.396]],"c":false}]}],"ix":2},"nm":"Path 1","mn":"ADBE Vector Shape - Group","hd":false},{"ty":"st","c":{"a":0,"k":[0,0,0,1],"ix":3},"o":{"a":0,"k":100,"ix":4},"w":{"a":0,"k":1.651,"ix":5},"lc":2,"lj":2,"bm":0,"nm":"Stroke 1","mn":"ADBE Vector Graphic - Stroke","hd":false},{"ty":"tr","p":{"a":0,"k":[0,0],"ix":2},"a":{"a":0,"k":[0,0],"ix":1},"s":{"a":0,"k":[100,100],"ix":3},"r":{"a":0,"k":0,"ix":6},"o":{"a":0,"k":100,"ix":7},"sk":{"a":0,"k":0,"ix":4},"sa":{"a":0,"k":0,"ix":5},"nm":"Transform"}],"nm":"Group 1","np":2,"cix":2,"bm":0,"ix":1,"mn":"ADBE Vector Group","hd":false},{"ty":"gr","it":[{"ind":0,"ty":"sh","ix":1,"ks":{"a":1,"k":[{"i":{"x":0.15,"y":1},"o":{"x":0.6,"y":0},"t":58,"s":[{"i":[[0,0],[0,0]],"o":[[0,0],[0,0]],"v":[[50.797,-63.451],[3.598,-56.428]],"c":false}]},{"t":91,"s":[{"i":[[0,0],[0,0]],"o":[[0,0],[0,0]],"v":[[56.83,-62.19],[-3.223,-42.173]],"c":false}]}],"ix":2},"nm":"Path 1","mn":"ADBE Vector Shape - Group","hd":false},{"ty":"st","c":{"a":0,"k":[0,0,0,1],"ix":3},"o":{"a":0,"k":100,"ix":4},"w":{"a":0,"k":1.651,"ix":5},"lc":2,"lj":2,"bm":0,"nm":"Stroke 1","mn":"ADBE Vector Graphic - Stroke","hd":false},{"ty":"tr","p":{"a":0,"k":[0,0],"ix":2},"a":{"a":0,"k":[0,0],"ix":1},"s":{"a":0,"k":[100,100],"ix":3},"r":{"a":0,"k":0,"ix":6},"o":{"a":0,"k":100,"ix":7},"sk":{"a":0,"k":0,"ix":4},"sa":{"a":0,"k":0,"ix":5},"nm":"Transform"}],"nm":"Group 2","np":2,"cix":2,"bm":0,"ix":2,"mn":"ADBE Vector Group","hd":false},{"ty":"gr","it":[{"ind":0,"ty":"sh","ix":1,"ks":{"a":1,"k":[{"i":{"x":0.15,"y":1},"o":{"x":0.6,"y":0},"t":58,"s":[{"i":[[0,0],[-0.146,1.569],[0.533,4.2],[0,0],[-0.609,-3.767]],"o":[[0.304,-1.469],[0.478,-5.142],[0,0],[-0.417,3.879],[0,0]],"v":[[38.499,-37.291],[39.18,-41.852],[38.981,-62.393],[13.979,-58.486],[15.197,-36.202]],"c":true}]},{"t":91,"s":[{"i":[[0,0],[-0.146,1.569],[1.223,4.053],[0,0],[-0.609,-3.767]],"o":[[0.304,-1.469],[0.478,-5.142],[0,0],[0.233,3.894],[0,0]],"v":[[38.499,-37.291],[39.18,-41.852],[37.944,-55.895],[13.936,-47.893],[15.197,-36.202]],"c":true}]}],"ix":2},"nm":"Path 1","mn":"ADBE Vector Shape - Group","hd":false},{"ty":"fl","c":{"a":0,"k":[0,0,0,1],"ix":4},"o":{"a":0,"k":100,"ix":5},"r":1,"bm":0,"nm":"Fill 1","mn":"ADBE Vector Graphic - Fill","hd":false},{"ty":"tr","p":{"a":0,"k":[0,0],"ix":2},"a":{"a":0,"k":[0,0],"ix":1},"s":{"a":0,"k":[100,100],"ix":3},"r":{"a":0,"k":0,"ix":6},"o":{"a":0,"k":100,"ix":7},"sk":{"a":0,"k":0,"ix":4},"sa":{"a":0,"k":0,"ix":5},"nm":"Transform"}],"nm":"Group 3","np":2,"cix":2,"bm":0,"ix":3,"mn":"ADBE Vector Group","hd":false},{"ty":"gr","it":[{"ind":0,"ty":"sh","ix":1,"ks":{"a":1,"k":[{"i":{"x":0.15,"y":1},"o":{"x":0.6,"y":0},"t":58,"s":[{"i":[[0,0],[0,0]],"o":[[0,0],[0,0]],"v":[[-127.658,-30.983],[-92.603,-32.252]],"c":false}]},{"t":91,"s":[{"i":[[0,0],[0,0]],"o":[[0,0],[0,0]],"v":[[-135.308,-31.061],[-90.422,-32.532]],"c":false}]}],"ix":2},"nm":"Path 1","mn":"ADBE Vector Shape - Group","hd":false},{"ty":"st","c":{"a":0,"k":[0,0,0,1],"ix":3},"o":{"a":0,"k":100,"ix":4},"w":{"a":0,"k":1.651,"ix":5},"lc":2,"lj":2,"bm":0,"nm":"Stroke 1","mn":"ADBE Vector Graphic - Stroke","hd":false},{"ty":"tr","p":{"a":0,"k":[0,0],"ix":2},"a":{"a":0,"k":[0,0],"ix":1},"s":{"a":0,"k":[100,100],"ix":3},"r":{"a":0,"k":0,"ix":6},"o":{"a":0,"k":100,"ix":7},"sk":{"a":0,"k":0,"ix":4},"sa":{"a":0,"k":0,"ix":5},"nm":"Transform"}],"nm":"Group 4","np":2,"cix":2,"bm":0,"ix":4,"mn":"ADBE Vector Group","hd":false},{"ty":"gr","it":[{"ind":0,"ty":"sh","ix":1,"ks":{"a":1,"k":[{"i":{"x":0.15,"y":1},"o":{"x":0.6,"y":0},"t":58,"s":[{"i":[[0,0],[0,0]],"o":[[0,0],[0,0]],"v":[[-129.228,-53.063],[-91.247,-54.172]],"c":false}]},{"t":91,"s":[{"i":[[0,0],[0,0]],"o":[[0,0],[0,0]],"v":[[-142.775,-56.668],[-89.554,-41.865]],"c":false}]}],"ix":2},"nm":"Path 1","mn":"ADBE Vector Shape - Group","hd":false},{"ty":"st","c":{"a":0,"k":[0,0,0,1],"ix":3},"o":{"a":0,"k":100,"ix":4},"w":{"a":0,"k":1.651,"ix":5},"lc":2,"lj":2,"bm":0,"nm":"Stroke 1","mn":"ADBE Vector Graphic - Stroke","hd":false},{"ty":"tr","p":{"a":0,"k":[0,0],"ix":2},"a":{"a":0,"k":[0,0],"ix":1},"s":{"a":0,"k":[100,100],"ix":3},"r":{"a":0,"k":0,"ix":6},"o":{"a":0,"k":100,"ix":7},"sk":{"a":0,"k":0,"ix":4},"sa":{"a":0,"k":0,"ix":5},"nm":"Transform"}],"nm":"Group 5","np":2,"cix":2,"bm":0,"ix":5,"mn":"ADBE Vector Group","hd":false},{"ty":"gr","it":[{"ind":0,"ty":"sh","ix":1,"ks":{"a":1,"k":[{"i":{"x":0.15,"y":1},"o":{"x":0.6,"y":0},"t":58,"s":[{"i":[[0,0],[-0.227,2.439],[0.494,1.471],[0,0],[0.248,-2.665],[-0.939,-3.309]],"o":[[0.495,-2.011],[0.152,-1.634],[0,0],[0.206,2.26],[-0.385,4.139],[0,0]],"v":[[-97.599,-32.297],[-95.254,-42.003],[-95.412,-54.21],[-119.497,-53.66],[-120.581,-42.869],[-119.644,-31.574]],"c":true}]},{"t":91,"s":[{"i":[[0,0],[-0.227,2.439],[0.046,1.551],[0,0],[0.248,-2.665],[-0.939,-3.309]],"o":[[0.495,-2.011],[0.152,-1.634],[0,0],[-0.458,2.223],[-0.385,4.139],[0,0]],"v":[[-97.599,-32.297],[-96.505,-38.971],[-96.353,-43.756],[-119.564,-50.212],[-120.581,-42.869],[-119.644,-31.574]],"c":true}]}],"ix":2},"nm":"Path 1","mn":"ADBE Vector Shape - Group","hd":false},{"ty":"fl","c":{"a":0,"k":[0,0,0,1],"ix":4},"o":{"a":0,"k":100,"ix":5},"r":1,"bm":0,"nm":"Fill 1","mn":"ADBE Vector Graphic - Fill","hd":false},{"ty":"tr","p":{"a":0,"k":[0,0],"ix":2},"a":{"a":0,"k":[0,0],"ix":1},"s":{"a":0,"k":[100,100],"ix":3},"r":{"a":0,"k":0,"ix":6},"o":{"a":0,"k":100,"ix":7},"sk":{"a":0,"k":0,"ix":4},"sa":{"a":0,"k":0,"ix":5},"nm":"Transform"}],"nm":"Group 6","np":2,"cix":2,"bm":0,"ix":6,"mn":"ADBE Vector Group","hd":false}],"ip":0,"op":120,"st":0,"bm":0},{"ddd":0,"ind":14,"ty":4,"nm":"MASK_01","parent":16,"td":1,"sr":1,"ks":{"o":{"a":0,"k":100,"ix":11},"r":{"a":0,"k":0,"ix":10},"p":{"a":0,"k":[13.557,99.072,0],"ix":2},"a":{"a":0,"k":[13.557,99.072,0],"ix":1},"s":{"a":0,"k":[100,100,100],"ix":6}},"ao":0,"shapes":[{"ty":"gr","it":[{"ind":0,"ty":"sh","ix":1,"ks":{"a":0,"k":{"i":[[52.506,40.402],[93.011,10.962],[37.948,-6.029],[-17.855,-55.859],[-50.518,-31.966],[-101.682,-0.726],[-18.674,9.413]],"o":[[18.35,-57.407],[-29.127,-3.433],[-87.246,13.862],[-48.487,38.125],[21.065,13.329],[84.989,0.607],[58.455,-29.464]],"v":[[164.442,-60.944],[57.886,-191.033],[-37.417,-189.954],[-136.591,-60.944],[-138,73.882],[13.583,99.049],[155.187,79.013]],"c":true},"ix":2},"nm":"Path 1","mn":"ADBE Vector Shape - Group","hd":false},{"ty":"fl","c":{"a":0,"k":[0.949019610882,0.439215689898,0.717647075653,1],"ix":4},"o":{"a":0,"k":100,"ix":5},"r":1,"bm":0,"nm":"Fill 1","mn":"ADBE Vector Graphic - Fill","hd":false},{"ty":"tr","p":{"a":0,"k":[0,0],"ix":2},"a":{"a":0,"k":[0,0],"ix":1},"s":{"a":0,"k":[100,100],"ix":3},"r":{"a":0,"k":0,"ix":6},"o":{"a":0,"k":100,"ix":7},"sk":{"a":0,"k":0,"ix":4},"sa":{"a":0,"k":0,"ix":5},"nm":"Transform"}],"nm":"Group 1","np":2,"cix":2,"bm":0,"ix":1,"mn":"ADBE Vector Group","hd":false}],"ip":0,"op":120,"st":0,"bm":0},{"ddd":0,"ind":15,"ty":4,"nm":"Cheeks","parent":16,"tt":1,"sr":1,"ks":{"o":{"a":0,"k":100,"ix":11},"r":{"a":0,"k":0,"ix":10},"p":{"a":1,"k":[{"i":{"x":0.22,"y":1},"o":{"x":0.45,"y":0},"t":51,"s":[-354.443,16.846,0],"to":[52.123,0.092,0],"ti":[-52.123,-0.092,0]},{"t":83,"s":[-41.703,17.398,0]}],"ix":2},"a":{"a":0,"k":[-41.703,17.398,0],"ix":1},"s":{"a":0,"k":[100,100,100],"ix":6}},"ao":0,"shapes":[{"ty":"gr","it":[{"ind":0,"ty":"sh","ix":1,"ks":{"a":0,"k":{"i":[[0.552,-31.678],[-31.678,-0.552],[-0.552,31.678],[31.678,0.552]],"o":[[-0.553,31.678],[31.678,0.552],[0.552,-31.678],[-31.678,-0.552]],"v":[[-218.39,16.398],[-162.032,74.757],[-103.673,18.399],[-160.032,-39.96]],"c":true},"ix":2},"nm":"Path 1","mn":"ADBE Vector Shape - Group","hd":false},{"ty":"fl","c":{"a":0,"k":[0.878431379795,0.298039227724,0.643137276173,1],"ix":4},"o":{"a":0,"k":100,"ix":5},"r":1,"bm":0,"nm":"Fill 1","mn":"ADBE Vector Graphic - Fill","hd":false},{"ty":"tr","p":{"a":0,"k":[0,0],"ix":2},"a":{"a":0,"k":[0,0],"ix":1},"s":{"a":0,"k":[100,100],"ix":3},"r":{"a":0,"k":0,"ix":6},"o":{"a":0,"k":100,"ix":7},"sk":{"a":0,"k":0,"ix":4},"sa":{"a":0,"k":0,"ix":5},"nm":"Transform"}],"nm":"Group 1","np":2,"cix":2,"bm":0,"ix":1,"mn":"ADBE Vector Group","hd":false},{"ty":"gr","it":[{"ind":0,"ty":"sh","ix":1,"ks":{"a":0,"k":{"i":[[0.552,-31.678],[-31.678,-0.552],[-0.552,31.678],[31.678,0.552]],"o":[[-0.553,31.678],[31.678,0.552],[0.552,-31.678],[-31.678,-0.552]],"v":[[20.268,16.398],[76.626,74.757],[134.985,18.399],[78.627,-39.96]],"c":true},"ix":2},"nm":"Path 1","mn":"ADBE Vector Shape - Group","hd":false},{"ty":"fl","c":{"a":0,"k":[0.878431379795,0.298039227724,0.643137276173,1],"ix":4},"o":{"a":0,"k":100,"ix":5},"r":1,"bm":0,"nm":"Fill 1","mn":"ADBE Vector Graphic - Fill","hd":false},{"ty":"tr","p":{"a":0,"k":[0,0],"ix":2},"a":{"a":0,"k":[0,0],"ix":1},"s":{"a":0,"k":[100,100],"ix":3},"r":{"a":0,"k":0,"ix":6},"o":{"a":0,"k":100,"ix":7},"sk":{"a":0,"k":0,"ix":4},"sa":{"a":0,"k":0,"ix":5},"nm":"Transform"}],"nm":"Group 2","np":2,"cix":2,"bm":0,"ix":2,"mn":"ADBE Vector Group","hd":false}],"ip":0,"op":120,"st":0,"bm":0},{"ddd":0,"ind":16,"ty":4,"nm":"01_Head","parent":18,"sr":1,"ks":{"o":{"a":0,"k":100,"ix":11},"r":{"a":1,"k":[{"i":{"x":[0.667],"y":[1]},"o":{"x":[0.333],"y":[0]},"t":10,"s":[0]},{"i":{"x":[0.667],"y":[1]},"o":{"x":[0.333],"y":[0]},"t":13,"s":[-2]},{"i":{"x":[0.667],"y":[1]},"o":{"x":[0.333],"y":[0]},"t":21,"s":[4]},{"i":{"x":[0.667],"y":[1]},"o":{"x":[0.333],"y":[0]},"t":31,"s":[4]},{"i":{"x":[0.667],"y":[1]},"o":{"x":[0.333],"y":[0]},"t":50,"s":[4]},{"t":71,"s":[-8]}],"ix":10},"p":{"a":0,"k":[13.557,99.072,0],"ix":2},"a":{"a":0,"k":[13.557,99.072,0],"ix":1},"s":{"a":1,"k":[{"i":{"x":[0.667,0.667,0.667],"y":[1,1,1]},"o":{"x":[0.333,0.333,0.333],"y":[0,0,0]},"t":9,"s":[100,100,100]},{"i":{"x":[0.667,0.667,0.667],"y":[1,1,1]},"o":{"x":[0.333,0.333,0.333],"y":[0,0,0]},"t":12,"s":[107,93,100]},{"i":{"x":[0.667,0.667,0.667],"y":[1,1,1]},"o":{"x":[0.333,0.333,0.333],"y":[0,0,0]},"t":20,"s":[96,104,100]},{"i":{"x":[0.667,0.667,0.667],"y":[1,1,1]},"o":{"x":[0.333,0.333,0.333],"y":[0,0,0]},"t":30,"s":[100,100,100]},{"i":{"x":[0.667,0.667,0.667],"y":[1,1,1]},"o":{"x":[0.333,0.333,0.333],"y":[0,0,0]},"t":49,"s":[100,100,100]},{"t":61,"s":[104,96,100]}],"ix":6}},"ao":0,"shapes":[{"ty":"gr","it":[{"ind":0,"ty":"sh","ix":1,"ks":{"a":0,"k":{"i":[[52.506,40.402],[93.011,10.962],[37.948,-6.029],[-17.855,-55.859],[-50.518,-31.966],[-101.682,-0.726],[-18.674,9.413]],"o":[[18.35,-57.407],[-29.127,-3.433],[-87.246,13.862],[-48.487,38.125],[21.065,13.329],[84.989,0.607],[58.455,-29.464]],"v":[[164.442,-60.944],[57.886,-191.033],[-37.417,-189.954],[-136.591,-60.944],[-138,73.882],[13.583,99.049],[155.187,79.013]],"c":true},"ix":2},"nm":"Path 1","mn":"ADBE Vector Shape - Group","hd":false},{"ty":"fl","c":{"a":0,"k":[0.949019610882,0.439215689898,0.717647075653,1],"ix":4},"o":{"a":0,"k":100,"ix":5},"r":1,"bm":0,"nm":"Fill 1","mn":"ADBE Vector Graphic - Fill","hd":false},{"ty":"tr","p":{"a":0,"k":[0,0],"ix":2},"a":{"a":0,"k":[0,0],"ix":1},"s":{"a":0,"k":[100,100],"ix":3},"r":{"a":0,"k":0,"ix":6},"o":{"a":0,"k":100,"ix":7},"sk":{"a":0,"k":0,"ix":4},"sa":{"a":0,"k":0,"ix":5},"nm":"Transform"}],"nm":"Group 1","np":2,"cix":2,"bm":0,"ix":1,"mn":"ADBE Vector Group","hd":false}],"ip":0,"op":120,"st":0,"bm":0},{"ddd":0,"ind":17,"ty":4,"nm":"01_L_Ear 2","parent":16,"sr":1,"ks":{"o":{"a":0,"k":100,"ix":11},"r":{"a":1,"k":[{"i":{"x":[0.595],"y":[1]},"o":{"x":[0.256],"y":[0]},"t":10,"s":[0]},{"i":{"x":[0.615],"y":[0.97]},"o":{"x":[0.269],"y":[0]},"t":13,"s":[6]},{"i":{"x":[0.15],"y":[1]},"o":{"x":[0.312],"y":[-0.115]},"t":21,"s":[-9]},{"i":{"x":[0.833],"y":[1]},"o":{"x":[0.417],"y":[0.152]},"t":44,"s":[0]},{"i":{"x":[0.22],"y":[1]},"o":{"x":[0.45],"y":[0]},"t":51,"s":[0]},{"t":83,"s":[-7]}],"ix":10},"p":{"a":1,"k":[{"i":{"x":0.22,"y":1},"o":{"x":0.45,"y":0},"t":51,"s":[52.831,-169.61,0],"to":[-7.833,0,0],"ti":[7.833,0,0]},{"t":83,"s":[5.831,-169.61,0]}],"ix":2},"a":{"a":0,"k":[52.831,-169.61,0],"ix":1},"s":{"a":0,"k":[100,100,100],"ix":6}},"ao":0,"shapes":[{"ty":"gr","it":[{"ty":"gr","it":[{"ind":0,"ty":"sh","ix":1,"ks":{"a":1,"k":[{"i":{"x":0.833,"y":1},"o":{"x":0.167,"y":0},"t":51,"s":[{"i":[[0,0],[0,0],[-21.398,-4.534],[0,0],[4.534,-21.398],[0,0]],"o":[[0,0],[4.534,-21.398],[0,0],[21.398,4.534],[0,0],[0,0]],"v":[[15.932,-182.591],[40.393,-298.026],[87.541,-328.687],[87.541,-328.687],[118.202,-281.539],[94.524,-169.796]],"c":false}]},{"i":{"x":0.667,"y":1},"o":{"x":0.333,"y":0},"t":59,"s":[{"i":[[0,0],[-42.084,56.493],[-18.272,-12.022],[0,0],[11.446,-17.554],[0,0]],"o":[[0,0],[15.157,-18.87],[0,0],[18.273,12.022],[-36.357,45.393],[0,0]],"v":[[15.932,-182.591],[78.98,-307.054],[134.06,-318.418],[134.06,-318.418],[145.425,-263.337],[94.524,-169.796]],"c":false}]},{"t":83,"s":[{"i":[[0,0],[0,0],[-21.398,-4.534],[0,0],[4.534,-21.398],[0,0]],"o":[[0,0],[4.534,-21.398],[0,0],[21.398,4.534],[0,0],[0,0]],"v":[[15.932,-182.591],[40.393,-298.026],[87.541,-328.687],[87.541,-328.687],[118.202,-281.539],[94.524,-169.796]],"c":false}]}],"ix":2},"nm":"Path 1","mn":"ADBE Vector Shape - Group","hd":false},{"ty":"st","c":{"a":0,"k":[0,0,0,1],"ix":3},"o":{"a":0,"k":100,"ix":4},"w":{"a":0,"k":4.953,"ix":5},"lc":2,"lj":1,"ml":10,"bm":0,"nm":"Stroke 1","mn":"ADBE Vector Graphic - Stroke","hd":false},{"ty":"tr","p":{"a":0,"k":[0,0],"ix":2},"a":{"a":0,"k":[0,0],"ix":1},"s":{"a":0,"k":[100,100],"ix":3},"r":{"a":0,"k":0,"ix":6},"o":{"a":0,"k":100,"ix":7},"sk":{"a":0,"k":0,"ix":4},"sa":{"a":0,"k":0,"ix":5},"nm":"Transform"}],"nm":"Group 1","np":2,"cix":2,"bm":0,"ix":1,"mn":"ADBE Vector Group","hd":false},{"ty":"tr","p":{"a":0,"k":[0,0],"ix":2},"a":{"a":0,"k":[0,0],"ix":1},"s":{"a":0,"k":[100,100],"ix":3},"r":{"a":0,"k":0,"ix":6},"o":{"a":0,"k":100,"ix":7},"sk":{"a":0,"k":0,"ix":4},"sa":{"a":0,"k":0,"ix":5},"nm":"Transform"}],"nm":"Group 1","np":1,"cix":2,"bm":0,"ix":1,"mn":"ADBE Vector Group","hd":false},{"ty":"gr","it":[{"ty":"gr","it":[{"ind":0,"ty":"sh","ix":1,"ks":{"a":1,"k":[{"i":{"x":0.833,"y":1},"o":{"x":0.167,"y":0},"t":51,"s":[{"i":[[21.398,4.534],[0,0],[-4.534,21.398],[0,0],[-21.398,-4.534],[0,0],[4.534,-21.398],[0,0]],"o":[[0,0],[-21.398,-4.534],[0,0],[4.534,-21.398],[0,0],[21.398,4.534],[0,0],[-4.534,21.398]],"v":[[46.593,-135.443],[46.593,-135.443],[15.932,-182.591],[40.393,-298.026],[87.541,-328.687],[87.541,-328.687],[118.202,-281.539],[93.742,-166.104]],"c":true}]},{"i":{"x":0.667,"y":1},"o":{"x":0.333,"y":0},"t":59,"s":[{"i":[[21.398,4.534],[0,0],[-4.534,21.398],[-44.275,61.571],[-18.272,-12.022],[0,0],[10.449,-14.82],[0,0]],"o":[[0,0],[-21.398,-4.534],[0,0],[15.157,-18.87],[0,0],[18.273,12.022],[-34.433,37.897],[-4.534,21.398]],"v":[[46.593,-135.443],[46.593,-135.443],[15.932,-182.591],[78.98,-307.054],[134.06,-318.418],[134.06,-318.418],[145.425,-263.337],[93.742,-166.104]],"c":true}]},{"t":83,"s":[{"i":[[21.398,4.534],[0,0],[-4.534,21.398],[0,0],[-21.398,-4.534],[0,0],[4.534,-21.398],[0,0]],"o":[[0,0],[-21.398,-4.534],[0,0],[4.534,-21.398],[0,0],[21.398,4.534],[0,0],[-4.534,21.398]],"v":[[46.593,-135.443],[46.593,-135.443],[15.932,-182.591],[40.393,-298.026],[87.541,-328.687],[87.541,-328.687],[118.202,-281.539],[93.742,-166.104]],"c":true}]}],"ix":2},"nm":"Path 1","mn":"ADBE Vector Shape - Group","hd":false},{"ty":"fl","c":{"a":0,"k":[0.949019610882,0.439215689898,0.717647075653,1],"ix":4},"o":{"a":0,"k":100,"ix":5},"r":1,"bm":0,"nm":"Fill 1","mn":"ADBE Vector Graphic - Fill","hd":false},{"ty":"tr","p":{"a":0,"k":[0,0],"ix":2},"a":{"a":0,"k":[0,0],"ix":1},"s":{"a":0,"k":[100,100],"ix":3},"r":{"a":0,"k":0,"ix":6},"o":{"a":0,"k":100,"ix":7},"sk":{"a":0,"k":0,"ix":4},"sa":{"a":0,"k":0,"ix":5},"nm":"Transform"}],"nm":"Group 1","np":2,"cix":2,"bm":0,"ix":1,"mn":"ADBE Vector Group","hd":false},{"ty":"tr","p":{"a":0,"k":[0,0],"ix":2},"a":{"a":0,"k":[0,0],"ix":1},"s":{"a":0,"k":[100,100],"ix":3},"r":{"a":0,"k":0,"ix":6},"o":{"a":0,"k":100,"ix":7},"sk":{"a":0,"k":0,"ix":4},"sa":{"a":0,"k":0,"ix":5},"nm":"Transform"}],"nm":"Group 2","np":1,"cix":2,"bm":0,"ix":2,"mn":"ADBE Vector Group","hd":false}],"ip":59,"op":120,"st":0,"bm":0},{"ddd":0,"ind":18,"ty":4,"nm":"01_Body","parent":21,"sr":1,"ks":{"o":{"a":0,"k":100,"ix":11},"r":{"a":0,"k":0,"ix":10},"p":{"a":0,"k":[14,249.846,0],"ix":2},"a":{"a":0,"k":[14,249.846,0],"ix":1},"s":{"a":1,"k":[{"i":{"x":[0.667,0.667,0.667],"y":[1,1,1]},"o":{"x":[0.333,0.333,0.333],"y":[0,0,0]},"t":10,"s":[100,100,100]},{"i":{"x":[0.667,0.667,0.667],"y":[1,1,1]},"o":{"x":[0.333,0.333,0.333],"y":[0,0,0]},"t":13,"s":[101,99,100]},{"i":{"x":[0.667,0.667,0.667],"y":[1,1,1]},"o":{"x":[0.333,0.333,0.333],"y":[0,0,0]},"t":21,"s":[98,102,100]},{"i":{"x":[0.667,0.667,0.667],"y":[1,1,1]},"o":{"x":[0.333,0.333,0.333],"y":[0,0,0]},"t":31,"s":[100,100,100]},{"i":{"x":[0.667,0.667,0.667],"y":[1,1,1]},"o":{"x":[0.333,0.333,0.333],"y":[0,0,0]},"t":50,"s":[100,100,100]},{"t":62,"s":[101,99,100]}],"ix":6}},"ao":0,"shapes":[{"ty":"gr","it":[{"ind":0,"ty":"sh","ix":1,"ks":{"a":0,"k":{"i":[[0,0],[-0.089,0.688],[0,0],[0,0],[-30.98,0],[-0.038,-0.001],[-0.038,0],[-3.921,-28.795],[0,0],[0,0],[-0.064,-0.696],[0,0],[0,0],[0,0],[0,0]],"o":[[0.064,-0.696],[0,0],[0,0],[3.921,-28.795],[0.038,0],[0.038,-0.001],[30.98,0],[0,0],[0,0],[0.089,0.688],[0,0],[0,0],[0,0],[0,0],[0,0]],"v":[[-46.869,126.753],[-46.637,124.679],[-46.592,124.28],[-46.584,124.279],[13.887,73.249],[14,73.251],[14.114,73.249],[74.585,124.279],[74.593,124.28],[74.638,124.679],[74.87,126.753],[85.338,220.082],[14.114,220.082],[13.887,220.082],[-57.337,220.082]],"c":true},"ix":2},"nm":"Path 1","mn":"ADBE Vector Shape - Group","hd":false},{"ty":"st","c":{"a":0,"k":[0,0,0,1],"ix":3},"o":{"a":0,"k":100,"ix":4},"w":{"a":0,"k":4.97,"ix":5},"lc":2,"lj":2,"bm":0,"nm":"Stroke 1","mn":"ADBE Vector Graphic - Stroke","hd":false},{"ty":"tr","p":{"a":0,"k":[0,0],"ix":2},"a":{"a":0,"k":[0,0],"ix":1},"s":{"a":0,"k":[100,100],"ix":3},"r":{"a":0,"k":0,"ix":6},"o":{"a":0,"k":100,"ix":7},"sk":{"a":0,"k":0,"ix":4},"sa":{"a":0,"k":0,"ix":5},"nm":"Transform"}],"nm":"Group 1","np":2,"cix":2,"bm":0,"ix":1,"mn":"ADBE Vector Group","hd":false},{"ty":"gr","it":[{"ind":0,"ty":"sh","ix":1,"ks":{"a":0,"k":{"i":[[0,0],[0.089,0.688],[0,0],[0,0],[30.98,0],[0.038,-0.001],[0.038,0],[3.921,-28.795],[0,0],[0,0],[0.064,-0.696],[0,0],[0,0],[0,0],[0,0]],"o":[[-0.064,-0.696],[0,0],[0,0],[-3.921,-28.795],[-0.038,0],[-0.038,-0.001],[-30.98,0],[0,0],[0,0],[-0.089,0.688],[0,0],[0,0],[0,0],[0,0],[0,0]],"v":[[74.87,126.753],[74.638,124.679],[74.593,124.28],[74.585,124.279],[14.114,73.249],[14.001,73.251],[13.887,73.249],[-46.584,124.279],[-46.592,124.28],[-46.637,124.679],[-46.869,126.753],[-57.337,220.082],[13.887,220.082],[14.114,220.082],[85.338,220.082]],"c":true},"ix":2},"nm":"Path 1","mn":"ADBE Vector Shape - Group","hd":false},{"ty":"fl","c":{"a":0,"k":[0.196078434587,0.317647069693,0.498039215803,1],"ix":4},"o":{"a":0,"k":100,"ix":5},"r":1,"bm":0,"nm":"Fill 1","mn":"ADBE Vector Graphic - Fill","hd":false},{"ty":"tr","p":{"a":0,"k":[0,0],"ix":2},"a":{"a":0,"k":[0,0],"ix":1},"s":{"a":0,"k":[100,100],"ix":3},"r":{"a":0,"k":0,"ix":6},"o":{"a":0,"k":100,"ix":7},"sk":{"a":0,"k":0,"ix":4},"sa":{"a":0,"k":0,"ix":5},"nm":"Transform"}],"nm":"Group 2","np":2,"cix":2,"bm":0,"ix":2,"mn":"ADBE Vector Group","hd":false},{"ty":"gr","it":[{"ty":"gr","it":[{"ind":0,"ty":"sh","ix":1,"ks":{"a":0,"k":{"i":[[0,0],[0,0]],"o":[[0,0],[0,0]],"v":[[-12.247,249.846],[45.318,249.846]],"c":false},"ix":2},"nm":"Path 1","mn":"ADBE Vector Shape - Group","hd":false},{"ty":"st","c":{"a":0,"k":[0,0,0,1],"ix":3},"o":{"a":0,"k":100,"ix":4},"w":{"a":0,"k":3.302,"ix":5},"lc":2,"lj":2,"bm":0,"nm":"Stroke 1","mn":"ADBE Vector Graphic - Stroke","hd":false},{"ty":"tr","p":{"a":0,"k":[0,0],"ix":2},"a":{"a":0,"k":[0,0],"ix":1},"s":{"a":0,"k":[100,100],"ix":3},"r":{"a":0,"k":0,"ix":6},"o":{"a":0,"k":100,"ix":7},"sk":{"a":0,"k":0,"ix":4},"sa":{"a":0,"k":0,"ix":5},"nm":"Transform"}],"nm":"Group 1","np":2,"cix":2,"bm":0,"ix":1,"mn":"ADBE Vector Group","hd":false},{"ty":"gr","it":[{"ind":0,"ty":"sh","ix":1,"ks":{"a":0,"k":{"i":[[-24.919,0],[0,0],[2.014,24.743],[0,0]],"o":[[0,0],[24.824,0],[0,0],[-2.161,24.825]],"v":[[-9.523,249.846],[36.417,249.846],[78.764,203.911],[-51.851,203.674]],"c":true},"ix":2},"nm":"Path 1","mn":"ADBE Vector Shape - Group","hd":false},{"ty":"fl","c":{"a":0,"k":[0.274509817362,0.266666680574,0.466666668653,1],"ix":4},"o":{"a":0,"k":100,"ix":5},"r":1,"bm":0,"nm":"Fill 1","mn":"ADBE Vector Graphic - Fill","hd":false},{"ty":"tr","p":{"a":0,"k":[0,0],"ix":2},"a":{"a":0,"k":[0,0],"ix":1},"s":{"a":0,"k":[100,100],"ix":3},"r":{"a":0,"k":0,"ix":6},"o":{"a":0,"k":100,"ix":7},"sk":{"a":0,"k":0,"ix":4},"sa":{"a":0,"k":0,"ix":5},"nm":"Transform"}],"nm":"Group 2","np":2,"cix":2,"bm":0,"ix":2,"mn":"ADBE Vector Group","hd":false},{"ty":"tr","p":{"a":0,"k":[0,0],"ix":2},"a":{"a":0,"k":[0,0],"ix":1},"s":{"a":0,"k":[100,100],"ix":3},"r":{"a":0,"k":0,"ix":6},"o":{"a":0,"k":100,"ix":7},"sk":{"a":0,"k":0,"ix":4},"sa":{"a":0,"k":0,"ix":5},"nm":"Transform"}],"nm":"Group 3","np":2,"cix":2,"bm":0,"ix":3,"mn":"ADBE Vector Group","hd":false}],"ip":0,"op":120,"st":0,"bm":0},{"ddd":0,"ind":19,"ty":4,"nm":"01_L_Arm","parent":18,"sr":1,"ks":{"o":{"a":1,"k":[{"t":56,"s":[100],"h":1},{"t":57,"s":[0],"h":1}],"ix":11},"r":{"a":0,"k":0,"ix":10},"p":{"a":1,"k":[{"i":{"x":0.667,"y":1},"o":{"x":0.333,"y":0},"t":42,"s":[-48.869,119.584,0],"to":[-1.167,0,0],"ti":[1.167,0,0]},{"t":57,"s":[-55.869,119.584,0]}],"ix":2},"a":{"a":0,"k":[-55.869,119.584,0],"ix":1},"s":{"a":0,"k":[112,112,100],"ix":6}},"ao":0,"shapes":[{"ty":"gr","it":[{"ind":0,"ty":"sh","ix":1,"ks":{"a":0,"k":{"i":[[4.129,-7.883],[8.964,-19.672],[-7.788,-4.573],[0,0],[-4.27,9.619],[-9.068,16.618],[9.303,3.936],[0,0]],"o":[[-8.147,15.554],[-3.745,8.219],[0,0],[9.076,5.329],[7.593,-17.105],[4.838,-8.867],[0,0],[-8.196,-3.468]],"v":[[-56.066,81.299],[-86.338,142.099],[-79.218,164.605],[-79.218,164.605],[-54.181,156.563],[-25.899,97.391],[-34.259,73.484],[-34.259,73.484]],"c":true},"ix":2},"nm":"Path 1","mn":"ADBE Vector Shape - Group","hd":false},{"ty":"st","c":{"a":0,"k":[0,0,0,1],"ix":3},"o":{"a":0,"k":100,"ix":4},"w":{"a":0,"k":3.302,"ix":5},"lc":2,"lj":2,"bm":0,"nm":"Stroke 1","mn":"ADBE Vector Graphic - Stroke","hd":false},{"ty":"fl","c":{"a":0,"k":[0.847058832645,0.823529422283,0.662745118141,1],"ix":4},"o":{"a":0,"k":100,"ix":5},"r":1,"bm":0,"nm":"Fill 1","mn":"ADBE Vector Graphic - Fill","hd":false},{"ty":"tr","p":{"a":0,"k":[0,0],"ix":2},"a":{"a":0,"k":[0,0],"ix":1},"s":{"a":0,"k":[100,100],"ix":3},"r":{"a":0,"k":0,"ix":6},"o":{"a":0,"k":100,"ix":7},"sk":{"a":0,"k":0,"ix":4},"sa":{"a":0,"k":0,"ix":5},"nm":"Transform"}],"nm":"Group 1","np":3,"cix":2,"bm":0,"ix":1,"mn":"ADBE Vector Group","hd":false},{"ty":"gr","it":[{"ind":0,"ty":"sh","ix":1,"ks":{"a":0,"k":{"i":[[0,0],[0,0],[4.966,5.803],[0,0],[1.89,-10.734]],"o":[[0,0],[6.274,-4.355],[0,0],[-7.086,-8.281],[0,0]],"v":[[-62.763,165.342],[-37.342,147.698],[-34.896,128.716],[-34.896,128.716],[-57.398,134.866]],"c":true},"ix":2},"nm":"Path 1","mn":"ADBE Vector Shape - Group","hd":false},{"ty":"st","c":{"a":0,"k":[0,0,0,1],"ix":3},"o":{"a":0,"k":100,"ix":4},"w":{"a":0,"k":3.302,"ix":5},"lc":2,"lj":2,"bm":0,"nm":"Stroke 1","mn":"ADBE Vector Graphic - Stroke","hd":false},{"ty":"fl","c":{"a":0,"k":[0.847058832645,0.823529422283,0.662745118141,1],"ix":4},"o":{"a":0,"k":100,"ix":5},"r":1,"bm":0,"nm":"Fill 1","mn":"ADBE Vector Graphic - Fill","hd":false},{"ty":"tr","p":{"a":0,"k":[0,0],"ix":2},"a":{"a":0,"k":[0,0],"ix":1},"s":{"a":0,"k":[100,100],"ix":3},"r":{"a":0,"k":0,"ix":6},"o":{"a":0,"k":100,"ix":7},"sk":{"a":0,"k":0,"ix":4},"sa":{"a":0,"k":0,"ix":5},"nm":"Transform"}],"nm":"Group 2","np":3,"cix":2,"bm":0,"ix":2,"mn":"ADBE Vector Group","hd":false}],"ip":0,"op":120,"st":0,"bm":0},{"ddd":0,"ind":20,"ty":4,"nm":"01_R_Arm","parent":18,"sr":1,"ks":{"o":{"a":0,"k":100,"ix":11},"r":{"a":0,"k":0,"ix":10},"p":{"a":1,"k":[{"i":{"x":0.22,"y":1},"o":{"x":0.45,"y":0},"t":42,"s":[75.428,119.584,0],"to":[0,0,0],"ti":[0,0,0]},{"t":83,"s":[28.428,119.584,0]}],"ix":2},"a":{"a":0,"k":[82.428,119.584,0],"ix":1},"s":{"a":0,"k":[112,112,100],"ix":6}},"ao":0,"shapes":[{"ty":"gr","it":[{"ind":0,"ty":"sh","ix":1,"ks":{"a":0,"k":{"i":[[-4.129,-7.883],[-8.964,-19.672],[7.788,-4.573],[0,0],[4.27,9.619],[9.068,16.618],[-9.303,3.936],[0,0]],"o":[[8.147,15.554],[3.745,8.219],[0,0],[-9.076,5.329],[-7.593,-17.105],[-4.838,-8.867],[0,0],[8.196,-3.468]],"v":[[82.625,81.299],[112.897,142.099],[105.777,164.605],[105.777,164.605],[80.74,156.563],[52.458,97.391],[60.818,73.484],[60.818,73.484]],"c":true},"ix":2},"nm":"Path 1","mn":"ADBE Vector Shape - Group","hd":false},{"ty":"st","c":{"a":0,"k":[0,0,0,1],"ix":3},"o":{"a":0,"k":100,"ix":4},"w":{"a":0,"k":3.302,"ix":5},"lc":2,"lj":2,"bm":0,"nm":"Stroke 1","mn":"ADBE Vector Graphic - Stroke","hd":false},{"ty":"fl","c":{"a":0,"k":[0.847058832645,0.823529422283,0.662745118141,1],"ix":4},"o":{"a":0,"k":100,"ix":5},"r":1,"bm":0,"nm":"Fill 1","mn":"ADBE Vector Graphic - Fill","hd":false},{"ty":"tr","p":{"a":0,"k":[0,0],"ix":2},"a":{"a":0,"k":[0,0],"ix":1},"s":{"a":0,"k":[100,100],"ix":3},"r":{"a":0,"k":0,"ix":6},"o":{"a":0,"k":100,"ix":7},"sk":{"a":0,"k":0,"ix":4},"sa":{"a":0,"k":0,"ix":5},"nm":"Transform"}],"nm":"Group 1","np":3,"cix":2,"bm":0,"ix":1,"mn":"ADBE Vector Group","hd":false},{"ty":"gr","it":[{"ind":0,"ty":"sh","ix":1,"ks":{"a":0,"k":{"i":[[0,0],[0,0],[-4.966,5.803],[0,0],[-1.89,-10.734]],"o":[[0,0],[-6.274,-4.355],[0,0],[7.086,-8.281],[0,0]],"v":[[89.322,165.342],[63.9,147.698],[61.455,128.716],[61.455,128.716],[83.957,134.866]],"c":true},"ix":2},"nm":"Path 1","mn":"ADBE Vector Shape - Group","hd":false},{"ty":"st","c":{"a":0,"k":[0,0,0,1],"ix":3},"o":{"a":0,"k":100,"ix":4},"w":{"a":0,"k":3.302,"ix":5},"lc":2,"lj":2,"bm":0,"nm":"Stroke 1","mn":"ADBE Vector Graphic - Stroke","hd":false},{"ty":"fl","c":{"a":0,"k":[0.847058832645,0.823529422283,0.662745118141,1],"ix":4},"o":{"a":0,"k":100,"ix":5},"r":1,"bm":0,"nm":"Fill 1","mn":"ADBE Vector Graphic - Fill","hd":false},{"ty":"tr","p":{"a":0,"k":[0,0],"ix":2},"a":{"a":0,"k":[0,0],"ix":1},"s":{"a":0,"k":[100,100],"ix":3},"r":{"a":0,"k":0,"ix":6},"o":{"a":0,"k":100,"ix":7},"sk":{"a":0,"k":0,"ix":4},"sa":{"a":0,"k":0,"ix":5},"nm":"Transform"}],"nm":"Group 2","np":3,"cix":2,"bm":0,"ix":2,"mn":"ADBE Vector Group","hd":false}],"ip":0,"op":120,"st":0,"bm":0},{"ddd":0,"ind":21,"ty":4,"nm":"01_L_Leg","parent":2,"sr":1,"ks":{"o":{"a":0,"k":100,"ix":11},"r":{"a":0,"k":0,"ix":10},"p":{"a":0,"k":[-4.832,152.592,0],"ix":2},"a":{"a":0,"k":[11.777,321.45,0],"ix":1},"s":{"a":1,"k":[{"i":{"x":[0.667,0.667,0.667],"y":[1,1,1]},"o":{"x":[0.333,0.333,0.333],"y":[0,0,0]},"t":11,"s":[100,100,100]},{"i":{"x":[0.667,0.667,0.667],"y":[1,1,1]},"o":{"x":[0.333,0.333,0.333],"y":[0,0,0]},"t":14,"s":[101,99,100]},{"i":{"x":[0.667,0.667,0.667],"y":[1,1,1]},"o":{"x":[0.333,0.333,0.333],"y":[0,0,0]},"t":22,"s":[98,102,100]},{"i":{"x":[0.667,0.667,0.667],"y":[1,1,1]},"o":{"x":[0.333,0.333,0.333],"y":[0,0,0]},"t":32,"s":[100,100,100]},{"i":{"x":[0.667,0.667,0.667],"y":[1,1,1]},"o":{"x":[0.333,0.333,0.333],"y":[0,0,0]},"t":51,"s":[100,100,100]},{"t":63,"s":[101,99,100]}],"ix":6}},"ao":0,"shapes":[{"ty":"gr","it":[{"ty":"gr","it":[{"ind":0,"ty":"sh","ix":1,"ks":{"a":0,"k":{"i":[[0,0],[18.315,-0.561],[0,0],[-10.84,12.148],[0,0]],"o":[[0,0],[-18.315,0.561],[0,0],[10.84,-12.148],[0,0]],"v":[[9.693,292.418],[-3.763,320.825],[-66.932,320.825],[-72.913,303.631],[-60.391,292.418]],"c":true},"ix":2},"nm":"Path 1","mn":"ADBE Vector Shape - Group","hd":false},{"ty":"st","c":{"a":0,"k":[0,0,0,1],"ix":3},"o":{"a":0,"k":100,"ix":4},"w":{"a":0,"k":3.302,"ix":5},"lc":2,"lj":2,"bm":0,"nm":"Stroke 1","mn":"ADBE Vector Graphic - Stroke","hd":false},{"ty":"fl","c":{"a":0,"k":[0.949019610882,0.439215689898,0.717647075653,1],"ix":4},"o":{"a":0,"k":100,"ix":5},"r":1,"bm":0,"nm":"Fill 1","mn":"ADBE Vector Graphic - Fill","hd":false},{"ty":"tr","p":{"a":0,"k":[0,0],"ix":2},"a":{"a":0,"k":[0,0],"ix":1},"s":{"a":0,"k":[100,100],"ix":3},"r":{"a":0,"k":0,"ix":6},"o":{"a":0,"k":100,"ix":7},"sk":{"a":0,"k":0,"ix":4},"sa":{"a":0,"k":0,"ix":5},"nm":"Transform"}],"nm":"Group 1","np":3,"cix":2,"bm":0,"ix":1,"mn":"ADBE Vector Group","hd":false},{"ty":"tr","p":{"a":0,"k":[0,0],"ix":2},"a":{"a":0,"k":[0,0],"ix":1},"s":{"a":0,"k":[100,100],"ix":3},"r":{"a":0,"k":0,"ix":6},"o":{"a":0,"k":100,"ix":7},"sk":{"a":0,"k":0,"ix":4},"sa":{"a":0,"k":0,"ix":5},"nm":"Transform"}],"nm":"Group 1","np":1,"cix":2,"bm":0,"ix":1,"mn":"ADBE Vector Group","hd":false},{"ty":"gr","it":[{"ind":0,"ty":"sh","ix":1,"ks":{"a":0,"k":{"i":[[0,0],[18.315,-0.561],[0,0],[-10.84,12.148],[0,0],[0,0],[-9.824,-0.197],[0,0],[-0.107,-10.06]],"o":[[0,0],[-18.315,0.561],[0,0],[10.84,-12.148],[0,0],[0.818,-9.792],[0,0],[10.059,0.202],[0,0]],"v":[[9.693,292.418],[-3.763,320.825],[-66.932,320.825],[-72.913,303.631],[-60.391,292.418],[-54.387,220.538],[-35.459,203.472],[-9.294,203.997],[8.951,222.415]],"c":true},"ix":2},"nm":"Path 1","mn":"ADBE Vector Shape - Group","hd":false},{"ty":"st","c":{"a":0,"k":[0,0,0,1],"ix":3},"o":{"a":0,"k":100,"ix":4},"w":{"a":0,"k":3.302,"ix":5},"lc":2,"lj":2,"bm":0,"nm":"Stroke 1","mn":"ADBE Vector Graphic - Stroke","hd":false},{"ty":"fl","c":{"a":0,"k":[0.274509817362,0.266666680574,0.466666668653,1],"ix":4},"o":{"a":0,"k":100,"ix":5},"r":1,"bm":0,"nm":"Fill 1","mn":"ADBE Vector Graphic - Fill","hd":false},{"ty":"tr","p":{"a":0,"k":[0,0],"ix":2},"a":{"a":0,"k":[0,0],"ix":1},"s":{"a":0,"k":[100,100],"ix":3},"r":{"a":0,"k":0,"ix":6},"o":{"a":0,"k":100,"ix":7},"sk":{"a":0,"k":0,"ix":4},"sa":{"a":0,"k":0,"ix":5},"nm":"Transform"}],"nm":"Group 2","np":3,"cix":2,"bm":0,"ix":2,"mn":"ADBE Vector Group","hd":false}],"ip":0,"op":120,"st":0,"bm":0},{"ddd":0,"ind":22,"ty":4,"nm":"01_R_Leg","parent":21,"sr":1,"ks":{"o":{"a":0,"k":100,"ix":11},"r":{"a":0,"k":0,"ix":10},"p":{"a":0,"k":[58.806,203.469,0],"ix":2},"a":{"a":0,"k":[58.806,203.469,0],"ix":1},"s":{"a":0,"k":[100,100,100],"ix":6}},"ao":0,"shapes":[{"ty":"gr","it":[{"ty":"gr","it":[{"ind":0,"ty":"sh","ix":1,"ks":{"a":0,"k":{"i":[[0,0],[-18.315,-0.561],[0,0],[10.84,12.148],[0,0]],"o":[[0,0],[18.315,0.561],[0,0],[-10.84,-12.148],[0,0]],"v":[[15.974,292.418],[29.431,320.825],[92.6,320.825],[98.581,303.631],[86.059,292.418]],"c":true},"ix":2},"nm":"Path 1","mn":"ADBE Vector Shape - Group","hd":false},{"ty":"st","c":{"a":0,"k":[0,0,0,1],"ix":3},"o":{"a":0,"k":100,"ix":4},"w":{"a":0,"k":3.302,"ix":5},"lc":2,"lj":2,"bm":0,"nm":"Stroke 1","mn":"ADBE Vector Graphic - Stroke","hd":false},{"ty":"fl","c":{"a":0,"k":[0.949019610882,0.439215689898,0.717647075653,1],"ix":4},"o":{"a":0,"k":100,"ix":5},"r":1,"bm":0,"nm":"Fill 1","mn":"ADBE Vector Graphic - Fill","hd":false},{"ty":"tr","p":{"a":0,"k":[0,0],"ix":2},"a":{"a":0,"k":[0,0],"ix":1},"s":{"a":0,"k":[100,100],"ix":3},"r":{"a":0,"k":0,"ix":6},"o":{"a":0,"k":100,"ix":7},"sk":{"a":0,"k":0,"ix":4},"sa":{"a":0,"k":0,"ix":5},"nm":"Transform"}],"nm":"Group 1","np":3,"cix":2,"bm":0,"ix":1,"mn":"ADBE Vector Group","hd":false},{"ty":"tr","p":{"a":0,"k":[0,0],"ix":2},"a":{"a":0,"k":[0,0],"ix":1},"s":{"a":0,"k":[100,100],"ix":3},"r":{"a":0,"k":0,"ix":6},"o":{"a":0,"k":100,"ix":7},"sk":{"a":0,"k":0,"ix":4},"sa":{"a":0,"k":0,"ix":5},"nm":"Transform"}],"nm":"Group 1","np":1,"cix":2,"bm":0,"ix":1,"mn":"ADBE Vector Group","hd":false},{"ty":"gr","it":[{"ind":0,"ty":"sh","ix":1,"ks":{"a":0,"k":{"i":[[0,0],[-18.315,-0.561],[0,0],[10.84,12.148],[0,0],[0,0],[9.824,-0.197],[0,0],[0.107,-10.06]],"o":[[0,0],[18.315,0.561],[0,0],[-10.84,-12.148],[0,0],[-0.818,-9.792],[0,0],[-10.059,0.202],[0,0]],"v":[[15.974,292.418],[29.431,320.825],[92.6,320.825],[98.581,303.631],[86.059,292.418],[80.055,220.538],[61.127,203.472],[34.962,203.997],[16.717,222.415]],"c":true},"ix":2},"nm":"Path 1","mn":"ADBE Vector Shape - Group","hd":false},{"ty":"st","c":{"a":0,"k":[0,0,0,1],"ix":3},"o":{"a":0,"k":100,"ix":4},"w":{"a":0,"k":3.302,"ix":5},"lc":2,"lj":2,"bm":0,"nm":"Stroke 1","mn":"ADBE Vector Graphic - Stroke","hd":false},{"ty":"fl","c":{"a":0,"k":[0.274509817362,0.266666680574,0.466666668653,1],"ix":4},"o":{"a":0,"k":100,"ix":5},"r":1,"bm":0,"nm":"Fill 1","mn":"ADBE Vector Graphic - Fill","hd":false},{"ty":"tr","p":{"a":0,"k":[0,0],"ix":2},"a":{"a":0,"k":[0,0],"ix":1},"s":{"a":0,"k":[100,100],"ix":3},"r":{"a":0,"k":0,"ix":6},"o":{"a":0,"k":100,"ix":7},"sk":{"a":0,"k":0,"ix":4},"sa":{"a":0,"k":0,"ix":5},"nm":"Transform"}],"nm":"Group 2","np":3,"cix":2,"bm":0,"ix":2,"mn":"ADBE Vector Group","hd":false}],"ip":0,"op":120,"st":0,"bm":0},{"ddd":0,"ind":23,"ty":4,"nm":"01_Shadow","parent":2,"sr":1,"ks":{"o":{"a":0,"k":30,"ix":11},"r":{"a":0,"k":0,"ix":10},"p":{"a":0,"k":[-2.526,152.378,0],"ix":2},"a":{"a":0,"k":[14.083,321.236,0],"ix":1},"s":{"a":0,"k":[100,100,100],"ix":6}},"ao":0,"shapes":[{"ty":"gr","it":[{"ind":0,"ty":"sh","ix":1,"ks":{"a":0,"k":{"i":[[0,-10.357],[96.609,0],[0,10.357],[-96.608,0]],"o":[[0,10.357],[-96.608,0],[0,-10.357],[96.609,0]],"v":[[189.008,321.236],[14.083,339.989],[-160.842,321.236],[14.083,302.482]],"c":true},"ix":2},"nm":"Path 1","mn":"ADBE Vector Shape - Group","hd":false},{"ty":"fl","c":{"a":0,"k":[0,0,0,1],"ix":4},"o":{"a":0,"k":100,"ix":5},"r":1,"bm":0,"nm":"Fill 1","mn":"ADBE Vector Graphic - Fill","hd":false},{"ty":"tr","p":{"a":0,"k":[0,0],"ix":2},"a":{"a":0,"k":[0,0],"ix":1},"s":{"a":0,"k":[100,100],"ix":3},"r":{"a":0,"k":0,"ix":6},"o":{"a":0,"k":100,"ix":7},"sk":{"a":0,"k":0,"ix":4},"sa":{"a":0,"k":0,"ix":5},"nm":"Transform"}],"nm":"Group 1","np":2,"cix":2,"bm":0,"ix":1,"mn":"ADBE Vector Group","hd":false}],"ip":0,"op":120,"st":0,"bm":0}]}],"layers":[{"ddd":0,"ind":1,"ty":0,"nm":"24_Mallow_Glare","refId":"comp_0","sr":1,"ks":{"o":{"a":0,"k":100,"ix":11},"r":{"a":0,"k":0,"ix":10},"p":{"a":0,"k":[160,160,0],"ix":2},"a":{"a":0,"k":[400,400,0],"ix":1},"s":{"a":0,"k":[40,40,100],"ix":6}},"ao":0,"w":800,"h":800,"ip":0,"op":30,"st":-90,"bm":0},{"ddd":0,"ind":2,"ty":0,"nm":"24_Mallow_Glare","refId":"comp_0","sr":1,"ks":{"o":{"a":0,"k":100,"ix":11},"r":{"a":0,"k":0,"ix":10},"p":{"a":0,"k":[160,160,0],"ix":2},"a":{"a":0,"k":[400,400,0],"ix":1},"s":{"a":0,"k":[40,40,100],"ix":6}},"ao":0,"w":800,"h":800,"ip":30,"op":120,"st":30,"bm":0}],"markers":[]}