{"v":"5.6.2","fr":60,"ip":0,"op":120,"w":320,"h":320,"nm":"22_Mallow_Heartbreak","ddd":0,"assets":[{"id":"comp_0","layers":[{"ddd":0,"ind":1,"ty":3,"nm":"Null 11","sr":1,"ks":{"o":{"a":0,"k":0,"ix":11},"r":{"a":0,"k":0,"ix":10},"p":{"a":0,"k":[400,400,0],"ix":2},"a":{"a":0,"k":[0,0,0],"ix":1},"s":{"a":0,"k":[109,109,100],"ix":6}},"ao":0,"ip":0,"op":120,"st":0,"bm":0},{"ddd":0,"ind":2,"ty":3,"nm":"Null 6","parent":1,"sr":1,"ks":{"o":{"a":0,"k":0,"ix":11},"r":{"a":1,"k":[{"i":{"x":[0.667],"y":[1]},"o":{"x":[0.333],"y":[0]},"t":4,"s":[0]},{"t":16,"s":[-7]}],"ix":10},"p":{"a":0,"k":[207.916,-47.493,0],"ix":2},"a":{"a":0,"k":[0,0,0],"ix":1},"s":{"a":0,"k":[100,100,100],"ix":6}},"ao":0,"ip":0,"op":120,"st":0,"bm":0},{"ddd":0,"ind":3,"ty":4,"nm":"4","parent":7,"sr":1,"ks":{"o":{"a":0,"k":100,"ix":11},"r":{"a":0,"k":3,"ix":10},"p":{"a":1,"k":[{"i":{"x":0.05,"y":1},"o":{"x":0.02,"y":0},"t":9,"s":[231.853,-174.183,0],"to":[-0.08,-3.259,0],"ti":[0.08,3.259,0]},{"t":34,"s":[231.376,-193.735,0]}],"ix":2},"a":{"a":0,"k":[0,0,0],"ix":1},"s":{"a":0,"k":[100,100,100],"ix":6}},"ao":0,"shapes":[{"ty":"gr","it":[{"ind":0,"ty":"sh","ix":1,"ks":{"a":0,"k":{"i":[[0,0],[0,0],[0,0]],"o":[[0,0],[0,0],[0,0]],"v":[[-5.18,-10.448],[7.18,-3.213],[-7.18,10.448]],"c":true},"ix":2},"nm":"Path 1","mn":"ADBE Vector Shape - Group","hd":false},{"ty":"fl","c":{"a":0,"k":[0.917647063732,0.329411774874,0.443137258291,1],"ix":4},"o":{"a":0,"k":100,"ix":5},"r":1,"bm":0,"nm":"Fill 1","mn":"ADBE Vector Graphic - Fill","hd":false},{"ty":"tr","p":{"a":0,"k":[0,0],"ix":2},"a":{"a":0,"k":[0,0],"ix":1},"s":{"a":0,"k":[100,100],"ix":3},"r":{"a":0,"k":0,"ix":6},"o":{"a":0,"k":100,"ix":7},"sk":{"a":0,"k":0,"ix":4},"sa":{"a":0,"k":0,"ix":5},"nm":"Transform"}],"nm":"Group 1","np":2,"cix":2,"bm":0,"ix":1,"mn":"ADBE Vector Group","hd":false}],"ip":9,"op":120,"st":0,"bm":0},{"ddd":0,"ind":4,"ty":4,"nm":"03","parent":7,"sr":1,"ks":{"o":{"a":0,"k":100,"ix":11},"r":{"a":0,"k":3,"ix":10},"p":{"a":1,"k":[{"i":{"x":0.05,"y":1},"o":{"x":0.02,"y":0},"t":9,"s":[214.37,-133.317,0],"to":[3.447,1.099,0],"ti":[-3.447,-1.099,0]},{"t":34,"s":[235.054,-126.725,0]}],"ix":2},"a":{"a":0,"k":[0,0,0],"ix":1},"s":{"a":0,"k":[100,100,100],"ix":6}},"ao":0,"shapes":[{"ty":"gr","it":[{"ind":0,"ty":"sh","ix":1,"ks":{"a":0,"k":{"i":[[0,0],[0,0],[0,0]],"o":[[0,0],[0,0],[0,0]],"v":[[-12.36,-3.015],[7.536,6.029],[12.36,-6.029]],"c":true},"ix":2},"nm":"Path 1","mn":"ADBE Vector Shape - Group","hd":false},{"ty":"fl","c":{"a":0,"k":[0.917647063732,0.329411774874,0.443137258291,1],"ix":4},"o":{"a":0,"k":100,"ix":5},"r":1,"bm":0,"nm":"Fill 1","mn":"ADBE Vector Graphic - Fill","hd":false},{"ty":"tr","p":{"a":0,"k":[0,0],"ix":2},"a":{"a":0,"k":[0,0],"ix":1},"s":{"a":0,"k":[100,100],"ix":3},"r":{"a":0,"k":0,"ix":6},"o":{"a":0,"k":100,"ix":7},"sk":{"a":0,"k":0,"ix":4},"sa":{"a":0,"k":0,"ix":5},"nm":"Transform"}],"nm":"Group 1","np":2,"cix":2,"bm":0,"ix":1,"mn":"ADBE Vector Group","hd":false}],"ip":9,"op":120,"st":0,"bm":0},{"ddd":0,"ind":5,"ty":4,"nm":"02_Extra_Heart 2","parent":7,"sr":1,"ks":{"o":{"a":0,"k":100,"ix":11},"r":{"a":0,"k":3,"ix":10},"p":{"a":1,"k":[{"i":{"x":0.05,"y":1},"o":{"x":0.02,"y":0},"t":9,"s":[286.877,-148.927,0],"to":[2.57,-1.979,0],"ti":[-2.57,1.979,0]},{"t":28,"s":[302.296,-160.802,0]}],"ix":2},"a":{"a":0,"k":[0,0,0],"ix":1},"s":{"a":0,"k":[100,100,100],"ix":6}},"ao":0,"shapes":[{"ty":"gr","it":[{"ind":0,"ty":"sh","ix":1,"ks":{"a":0,"k":{"i":[[0,0],[-22.182,20.013],[32.854,29.986],[0,0],[19.091,-15.559],[0,0],[0,0],[0,0],[0,0],[0,0]],"o":[[43.901,-8.563],[33.026,-29.796],[0,0],[-18.191,-16.603],[0,0],[0,0],[0,0],[0,0],[0,0],[0,0]],"v":[[-61.196,85.986],[36.388,38.609],[36.592,-72.998],[36.592,-72.998],[-28.299,-74.814],[-46.554,-59.936],[-54.815,-26.36],[-17.434,-39.022],[-57.83,14.035],[-31.302,31.52]],"c":true},"ix":2},"nm":"Path 1","mn":"ADBE Vector Shape - Group","hd":false},{"ty":"fl","c":{"a":0,"k":[0.917647063732,0.329411774874,0.443137258291,1],"ix":4},"o":{"a":0,"k":100,"ix":5},"r":1,"bm":0,"nm":"Fill 1","mn":"ADBE Vector Graphic - Fill","hd":false},{"ty":"tr","p":{"a":0,"k":[0,0],"ix":2},"a":{"a":0,"k":[0,0],"ix":1},"s":{"a":0,"k":[100,100],"ix":3},"r":{"a":0,"k":0,"ix":6},"o":{"a":0,"k":100,"ix":7},"sk":{"a":0,"k":0,"ix":4},"sa":{"a":0,"k":0,"ix":5},"nm":"Transform"}],"nm":"Group 1","np":2,"cix":2,"bm":0,"ix":1,"mn":"ADBE Vector Group","hd":false}],"ip":9,"op":120,"st":0,"bm":0},{"ddd":0,"ind":6,"ty":4,"nm":"02_Extra_Heart","parent":7,"sr":1,"ks":{"o":{"a":0,"k":100,"ix":11},"r":{"a":0,"k":3,"ix":10},"p":{"a":1,"k":[{"i":{"x":0.05,"y":1},"o":{"x":0.02,"y":0},"t":9,"s":[190.238,-141.119,0],"to":[-2.487,0.398,0],"ti":[2.487,-0.398,0]},{"t":28,"s":[175.317,-138.731,0]}],"ix":2},"a":{"a":0,"k":[0,0,0],"ix":1},"s":{"a":0,"k":[100,100,100],"ix":6}},"ao":0,"shapes":[{"ty":"gr","it":[{"ind":0,"ty":"sh","ix":1,"ks":{"a":0,"k":{"i":[[0,0],[0,0],[0,0],[0,0],[0,0],[20.073,22.127],[-35.684,26.556],[0,0],[-17.443,-17.388],[0,0]],"o":[[0,0],[0,0],[0,0],[0,0],[-42.827,-12.903],[-29.886,-32.945],[0,0],[19.758,-14.704],[0,0],[0,0]],"v":[[32.85,-28.518],[67.819,-49.62],[37.674,11.989],[67.819,21.524],[44.034,88.89],[-48.331,32.007],[-37.392,-79.062],[-37.392,-79.062],[27.356,-74.391],[37.077,-64.7]],"c":true},"ix":2},"nm":"Path 1","mn":"ADBE Vector Shape - Group","hd":false},{"ty":"fl","c":{"a":0,"k":[0.917647063732,0.329411774874,0.443137258291,1],"ix":4},"o":{"a":0,"k":100,"ix":5},"r":1,"bm":0,"nm":"Fill 1","mn":"ADBE Vector Graphic - Fill","hd":false},{"ty":"tr","p":{"a":0,"k":[0,0],"ix":2},"a":{"a":0,"k":[0,0],"ix":1},"s":{"a":0,"k":[100,100],"ix":3},"r":{"a":0,"k":0,"ix":6},"o":{"a":0,"k":100,"ix":7},"sk":{"a":0,"k":0,"ix":4},"sa":{"a":0,"k":0,"ix":5},"nm":"Transform"}],"nm":"Group 1","np":2,"cix":2,"bm":0,"ix":1,"mn":"ADBE Vector Group","hd":false}],"ip":9,"op":120,"st":0,"bm":0},{"ddd":0,"ind":7,"ty":4,"nm":"01_Extra_Heart","parent":2,"sr":1,"ks":{"o":{"a":0,"k":100,"ix":11},"r":{"a":0,"k":0,"ix":10},"p":{"a":0,"k":[-0.89,-89.406,0],"ix":2},"a":{"a":0,"k":[207.025,-136.9,0],"ix":1},"s":{"a":1,"k":[{"i":{"x":[0.667,0.667,0.667],"y":[1,1,1]},"o":{"x":[0.333,0.333,0.333],"y":[0,0,0]},"t":4,"s":[100,100,100]},{"i":{"x":[0.667,0.667,0.667],"y":[1,1,1]},"o":{"x":[0.333,0.333,0.333],"y":[0,0,0]},"t":9,"s":[78,105,100]},{"t":18,"s":[100,100,100]}],"ix":6}},"ao":0,"shapes":[{"ty":"gr","it":[{"ind":0,"ty":"sh","ix":1,"ks":{"a":0,"k":{"i":[[35.684,26.556],[0,0],[17.443,-17.388],[0,0],[0,0],[19.758,-14.704],[0,0],[-29.886,-32.945],[-42.827,-12.903],[-20.073,22.127]],"o":[[0,0],[-19.758,-14.704],[0,0],[0,0],[-17.443,-17.388],[0,0],[-35.684,26.556],[20.073,22.127],[42.827,-12.903],[29.886,-32.945]],"v":[[288.452,-215.962],[288.452,-215.962],[223.704,-211.29],[207.025,-194.664],[190.347,-211.29],[125.599,-215.962],[125.599,-215.962],[114.66,-104.893],[207.025,-48.01],[299.391,-104.893]],"c":true},"ix":2},"nm":"Path 1","mn":"ADBE Vector Shape - Group","hd":false},{"ty":"fl","c":{"a":0,"k":[0.917647063732,0.329411774874,0.443137258291,1],"ix":4},"o":{"a":0,"k":100,"ix":5},"r":1,"bm":0,"nm":"Fill 1","mn":"ADBE Vector Graphic - Fill","hd":false},{"ty":"tr","p":{"a":0,"k":[0,0],"ix":2},"a":{"a":0,"k":[0,0],"ix":1},"s":{"a":0,"k":[100,100],"ix":3},"r":{"a":0,"k":0,"ix":6},"o":{"a":0,"k":100,"ix":7},"sk":{"a":0,"k":0,"ix":4},"sa":{"a":0,"k":0,"ix":5},"nm":"Transform"}],"nm":"Group 1","np":2,"cix":2,"bm":0,"ix":1,"mn":"ADBE Vector Group","hd":false}],"ip":0,"op":9,"st":0,"bm":0},{"ddd":0,"ind":8,"ty":3,"nm":"Null 7","parent":26,"sr":1,"ks":{"o":{"a":0,"k":0,"ix":11},"r":{"a":0,"k":0,"ix":10},"p":{"a":1,"k":[{"i":{"x":0.16,"y":1},"o":{"x":0.333,"y":0},"t":17,"s":[60.411,14.583,0],"to":[0,0,0],"ti":[0,0,0]},{"i":{"x":0.667,"y":1},"o":{"x":0.333,"y":0},"t":40,"s":[60.411,53.583,0],"to":[0,0,0],"ti":[0,0,0]},{"t":55,"s":[16.55,-209.809,0]}],"ix":2},"a":{"a":0,"k":[50,50,0],"ix":1},"s":{"a":0,"k":[100,100,100],"ix":6}},"ao":0,"ip":0,"op":120,"st":0,"bm":0},{"ddd":0,"ind":9,"ty":4,"nm":"MASK 2","parent":26,"td":1,"sr":1,"ks":{"o":{"a":0,"k":100,"ix":11},"r":{"a":0,"k":0,"ix":10},"p":{"a":0,"k":[0,0,0],"ix":2},"a":{"a":0,"k":[0,0,0],"ix":1},"s":{"a":0,"k":[100,100,100],"ix":6}},"ao":0,"shapes":[{"ty":"gr","it":[{"ind":0,"ty":"sh","ix":1,"ks":{"a":1,"k":[{"i":{"x":0.16,"y":1},"o":{"x":0.333,"y":0},"t":16,"s":[{"i":[[0,0],[-36.285,-5.765],[21.631,-67.671],[61.202,-38.726],[123.185,-0.88],[22.623,11.403],[-63.61,48.946],[-56.815,29.973]],"o":[[27.939,-2.271],[105.697,16.793],[58.74,46.188],[-25.519,16.147],[-102.962,0.735],[-70.816,-35.695],[-16.606,-51.951],[0,0]],"v":[[-31.421,-176.16],[61.753,-172.597],[181.9,-16.305],[183.607,147.034],[-0.032,177.523],[-171.581,153.249],[-182.794,-16.305],[-125.226,-153.096]],"c":false}]},{"i":{"x":0.667,"y":1},"o":{"x":0.333,"y":0},"t":39,"s":[{"i":[[0,0],[-36.285,-5.765],[21.631,-67.671],[61.202,-38.726],[123.185,-0.88],[22.623,11.403],[-63.61,48.946],[-56.815,29.973]],"o":[[27.939,-2.271],[105.697,16.793],[58.74,46.188],[-25.519,16.147],[-102.962,0.735],[-70.816,-35.695],[-16.606,-51.951],[0,0]],"v":[[-31.421,-176.16],[61.753,-172.597],[181.924,-26.305],[183.607,147.034],[-0.032,177.523],[-171.581,153.249],[-182.77,-26.305],[-125.226,-153.096]],"c":false}]},{"t":58,"s":[{"i":[[0,0],[-36.285,-5.765],[-1.86,-63.257],[61.202,-38.726],[123.185,-0.88],[22.623,11.403],[-63.61,48.946],[-40.711,22.078]],"o":[[27.939,-2.271],[105.697,16.793],[58.74,46.188],[-25.519,16.147],[-102.962,0.735],[-70.816,-35.695],[3.041,-47.723],[0,0]],"v":[[-31.421,-176.16],[61.753,-172.597],[198.81,-46.402],[183.607,147.034],[-0.032,177.523],[-171.581,153.249],[-182.38,-50.285],[-125.226,-153.096]],"c":false}]}],"ix":2},"nm":"Path 1","mn":"ADBE Vector Shape - Group","hd":false},{"ty":"fl","c":{"a":0,"k":[0.949019610882,0.439215689898,0.717647075653,1],"ix":4},"o":{"a":0,"k":100,"ix":5},"r":1,"bm":0,"nm":"Fill 1","mn":"ADBE Vector Graphic - Fill","hd":false},{"ty":"tr","p":{"a":0,"k":[0,0],"ix":2},"a":{"a":0,"k":[0,0],"ix":1},"s":{"a":0,"k":[100,100],"ix":3},"r":{"a":0,"k":0,"ix":6},"o":{"a":0,"k":100,"ix":7},"sk":{"a":0,"k":0,"ix":4},"sa":{"a":0,"k":0,"ix":5},"nm":"Transform"}],"nm":"Group 1","np":2,"cix":2,"bm":0,"ix":1,"mn":"ADBE Vector Group","hd":false}],"ip":0,"op":120,"st":0,"bm":0},{"ddd":0,"ind":10,"ty":4,"nm":"01_R_Eye","parent":8,"tt":1,"sr":1,"ks":{"o":{"a":0,"k":100,"ix":11},"r":{"a":0,"k":0,"ix":10},"p":{"a":0,"k":[47.816,32.085,0],"ix":2},"a":{"a":0,"k":[18.185,79.942,0],"ix":1},"s":{"a":0,"k":[100,100,100],"ix":6}},"ao":0,"shapes":[{"ty":"gr","it":[{"ind":0,"ty":"sh","ix":1,"ks":{"a":0,"k":{"i":[[0,0],[-16.121,-15.512]],"o":[[0,0],[0,0]],"v":[[-80.884,82.889],[-46.209,82.889]],"c":false},"ix":2},"nm":"Path 1","mn":"ADBE Vector Shape - Group","hd":false},{"ty":"st","c":{"a":0,"k":[0,0,0,1],"ix":3},"o":{"a":0,"k":100,"ix":4},"w":{"a":0,"k":16,"ix":5},"lc":2,"lj":2,"bm":0,"nm":"Stroke 1","mn":"ADBE Vector Graphic - Stroke","hd":false},{"ty":"tr","p":{"a":0,"k":[0,0],"ix":2},"a":{"a":0,"k":[0,0],"ix":1},"s":{"a":0,"k":[100,100],"ix":3},"r":{"a":0,"k":0,"ix":6},"o":{"a":0,"k":100,"ix":7},"sk":{"a":0,"k":0,"ix":4},"sa":{"a":0,"k":0,"ix":5},"nm":"Transform"}],"nm":"Group 1","np":2,"cix":2,"bm":0,"ix":1,"mn":"ADBE Vector Group","hd":false},{"ty":"gr","it":[{"ind":0,"ty":"sh","ix":1,"ks":{"a":0,"k":{"i":[[0,0],[-16.121,-15.512]],"o":[[0,0],[0,0]],"v":[[82.58,83.89],[117.255,83.89]],"c":false},"ix":2},"nm":"Path 1","mn":"ADBE Vector Shape - Group","hd":false},{"ty":"st","c":{"a":0,"k":[0,0,0,1],"ix":3},"o":{"a":0,"k":100,"ix":4},"w":{"a":0,"k":16,"ix":5},"lc":2,"lj":2,"bm":0,"nm":"Stroke 1","mn":"ADBE Vector Graphic - Stroke","hd":false},{"ty":"tr","p":{"a":0,"k":[0,0],"ix":2},"a":{"a":0,"k":[0,0],"ix":1},"s":{"a":0,"k":[100,100],"ix":3},"r":{"a":0,"k":0,"ix":6},"o":{"a":0,"k":100,"ix":7},"sk":{"a":0,"k":0,"ix":4},"sa":{"a":0,"k":0,"ix":5},"nm":"Transform"}],"nm":"Group 2","np":2,"cix":2,"bm":0,"ix":2,"mn":"ADBE Vector Group","hd":false}],"ip":0,"op":120,"st":0,"bm":0},{"ddd":0,"ind":11,"ty":4,"nm":"MASK 3","parent":26,"td":1,"sr":1,"ks":{"o":{"a":0,"k":100,"ix":11},"r":{"a":0,"k":0,"ix":10},"p":{"a":0,"k":[0,0,0],"ix":2},"a":{"a":0,"k":[0,0,0],"ix":1},"s":{"a":0,"k":[100,100,100],"ix":6}},"ao":0,"shapes":[{"ty":"gr","it":[{"ind":0,"ty":"sh","ix":1,"ks":{"a":1,"k":[{"i":{"x":0.16,"y":1},"o":{"x":0.333,"y":0},"t":16,"s":[{"i":[[0,0],[-36.285,-5.765],[21.631,-67.671],[61.202,-38.726],[123.185,-0.88],[22.623,11.403],[-63.61,48.946],[-56.815,29.973]],"o":[[27.939,-2.271],[105.697,16.793],[58.74,46.188],[-25.519,16.147],[-102.962,0.735],[-70.816,-35.695],[-16.606,-51.951],[0,0]],"v":[[-31.421,-176.16],[61.753,-172.597],[181.9,-16.305],[183.607,147.034],[-0.032,177.523],[-171.581,153.249],[-182.794,-16.305],[-125.226,-153.096]],"c":false}]},{"i":{"x":0.667,"y":1},"o":{"x":0.333,"y":0},"t":39,"s":[{"i":[[0,0],[-36.285,-5.765],[21.631,-67.671],[61.202,-38.726],[123.185,-0.88],[22.623,11.403],[-63.61,48.946],[-56.815,29.973]],"o":[[27.939,-2.271],[105.697,16.793],[58.74,46.188],[-25.519,16.147],[-102.962,0.735],[-70.816,-35.695],[-16.606,-51.951],[0,0]],"v":[[-31.421,-176.16],[61.753,-172.597],[181.924,-26.305],[183.607,147.034],[-0.032,177.523],[-171.581,153.249],[-182.77,-26.305],[-125.226,-153.096]],"c":false}]},{"t":58,"s":[{"i":[[0,0],[-36.285,-5.765],[-1.86,-63.257],[61.202,-38.726],[123.185,-0.88],[22.623,11.403],[-63.61,48.946],[-40.711,22.078]],"o":[[27.939,-2.271],[105.697,16.793],[58.74,46.188],[-25.519,16.147],[-102.962,0.735],[-70.816,-35.695],[3.041,-47.723],[0,0]],"v":[[-31.421,-176.16],[61.753,-172.597],[198.81,-46.402],[183.607,147.034],[-0.032,177.523],[-171.581,153.249],[-182.38,-50.285],[-125.226,-153.096]],"c":false}]}],"ix":2},"nm":"Path 1","mn":"ADBE Vector Shape - Group","hd":false},{"ty":"fl","c":{"a":0,"k":[0.949019610882,0.439215689898,0.717647075653,1],"ix":4},"o":{"a":0,"k":100,"ix":5},"r":1,"bm":0,"nm":"Fill 1","mn":"ADBE Vector Graphic - Fill","hd":false},{"ty":"tr","p":{"a":0,"k":[0,0],"ix":2},"a":{"a":0,"k":[0,0],"ix":1},"s":{"a":0,"k":[100,100],"ix":3},"r":{"a":0,"k":0,"ix":6},"o":{"a":0,"k":100,"ix":7},"sk":{"a":0,"k":0,"ix":4},"sa":{"a":0,"k":0,"ix":5},"nm":"Transform"}],"nm":"Group 1","np":2,"cix":2,"bm":0,"ix":1,"mn":"ADBE Vector Group","hd":false}],"ip":0,"op":120,"st":0,"bm":0},{"ddd":0,"ind":12,"ty":4,"nm":"Tears","parent":10,"tt":1,"sr":1,"ks":{"o":{"a":0,"k":60,"ix":11},"r":{"a":0,"k":0,"ix":10},"p":{"a":0,"k":[18.307,92.835,0],"ix":2},"a":{"a":0,"k":[21,154.5,0],"ix":1},"s":{"a":0,"k":[95.588,110.171,100],"ix":6}},"ao":0,"shapes":[{"ty":"gr","it":[{"ind":0,"ty":"sh","ix":1,"ks":{"a":1,"k":[{"i":{"x":0.667,"y":1},"o":{"x":0.333,"y":0},"t":16,"s":[{"i":[[-3.311,0],[0,-1.842],[3.311,0],[0,1.842]],"o":[[3.311,0],[0,1.842],[-3.311,0],[0,-1.842]],"v":[[-2.155,-10.5],[3.839,-7.164],[-2.155,-3.828],[-8.15,-7.164]],"c":true}]},{"t":35,"s":[{"i":[[-8.975,0],[0,-5.799],[8.975,0],[0,5.799]],"o":[[8.975,0],[0,5.799],[-8.975,0],[0,-5.799]],"v":[[0,-10.5],[16.25,0],[0,10.5],[-16.25,0]],"c":true}]}],"ix":2},"nm":"Path 1","mn":"ADBE Vector Shape - Group","hd":false},{"ty":"fl","c":{"a":0,"k":[0.466666666667,1,1,1],"ix":4},"o":{"a":0,"k":100,"ix":5},"r":1,"bm":0,"nm":"Fill 1","mn":"ADBE Vector Graphic - Fill","hd":false},{"ty":"tr","p":{"a":0,"k":[125.75,156],"ix":2},"a":{"a":0,"k":[0,0],"ix":1},"s":{"a":0,"k":[100,100],"ix":3},"r":{"a":0,"k":0,"ix":6},"o":{"a":0,"k":100,"ix":7},"sk":{"a":0,"k":0,"ix":4},"sa":{"a":0,"k":0,"ix":5},"nm":"Transform"}],"nm":"Ellipse 2","np":3,"cix":2,"bm":0,"ix":1,"mn":"ADBE Vector Group","hd":false},{"ty":"gr","it":[{"ind":0,"ty":"sh","ix":1,"ks":{"a":1,"k":[{"i":{"x":0.667,"y":1},"o":{"x":0.333,"y":0},"t":16,"s":[{"i":[[-3.218,0],[0,-2.469],[3.218,0],[0,2.469]],"o":[[3.218,0],[0,2.469],[-3.218,0],[0,-2.469]],"v":[[-0.788,-11.236],[5.039,-6.765],[-0.788,-2.294],[-6.616,-6.765]],"c":true}]},{"t":35,"s":[{"i":[[-9.665,0],[0,-5.937],[9.665,0],[0,5.937]],"o":[[9.665,0],[0,5.937],[-9.665,0],[0,-5.937]],"v":[[0,-10.75],[17.5,0],[0,10.75],[-17.5,0]],"c":true}]}],"ix":2},"nm":"Path 1","mn":"ADBE Vector Shape - Group","hd":false},{"ty":"fl","c":{"a":0,"k":[0.466666666667,1,1,1],"ix":4},"o":{"a":0,"k":100,"ix":5},"r":1,"bm":0,"nm":"Fill 1","mn":"ADBE Vector Graphic - Fill","hd":false},{"ty":"tr","p":{"a":0,"k":[-82.5,153.25],"ix":2},"a":{"a":0,"k":[0,0],"ix":1},"s":{"a":0,"k":[100,100],"ix":3},"r":{"a":0,"k":0,"ix":6},"o":{"a":0,"k":100,"ix":7},"sk":{"a":0,"k":0,"ix":4},"sa":{"a":0,"k":0,"ix":5},"nm":"Transform"}],"nm":"Ellipse 1","np":3,"cix":2,"bm":0,"ix":2,"mn":"ADBE Vector Group","hd":false}],"ip":0,"op":120,"st":0,"bm":0},{"ddd":0,"ind":13,"ty":4,"nm":"02_Mouth","parent":15,"sr":1,"ks":{"o":{"a":1,"k":[{"t":52,"s":[0],"h":1},{"t":53,"s":[100],"h":1}],"ix":11},"r":{"a":0,"k":0,"ix":10},"p":{"a":0,"k":[9.225,166.545,0],"ix":2},"a":{"a":0,"k":[0,0,0],"ix":1},"s":{"a":0,"k":[103.064,97.141,100],"ix":6}},"ao":0,"shapes":[{"ty":"gr","it":[{"ind":0,"ty":"sh","ix":1,"ks":{"a":1,"k":[{"i":{"x":0.35,"y":1},"o":{"x":0.02,"y":0},"t":52,"s":[{"i":[[-0.154,1.72],[-24.536,15.608],[-8.428,0],[0,0],[-3.691,-2.801],[5.638,-12.633],[1.315,0.79],[15.034,0],[11.26,-4.163]],"o":[[0.666,-7.448],[3.995,-2.541],[0,0],[8.974,0],[10.395,7.889],[-0.401,0.899],[-5.939,-3.566],[-15.421,0],[-3.416,1.263]],"v":[[-56.217,-44.427],[-25.13,-78.684],[-4.986,-82.82],[-4.986,-82.82],[15.821,-78.221],[38.212,-43.879],[32.995,-43.554],[-0.693,-53.491],[-46.785,-43.106]],"c":true}]},{"i":{"x":0.35,"y":1},"o":{"x":0.65,"y":0},"t":70,"s":[{"i":[[-0.269,8.781],[-42.883,79.66],[-14.731,0],[0,0],[-6.451,-14.296],[9.854,-64.477],[2.298,4.03],[26.276,0],[19.679,-21.245]],"o":[[1.164,-38.013],[6.982,-12.971],[0,0],[15.684,0],[18.168,40.262],[-0.701,4.586],[-10.38,-18.2],[-26.952,0],[-5.97,6.445]],"v":[[-91.625,126.702],[-39.239,-61.709],[-4.034,-82.82],[-4.034,-82.82],[32.333,-59.345],[73.411,129.504],[64.294,131.158],[5.415,80.442],[-75.141,133.446]],"c":true}]},{"i":{"x":0.35,"y":1},"o":{"x":0.65,"y":0},"t":81,"s":[{"i":[[-0.269,6.934],[-42.883,62.905],[-14.731,0],[0,0],[-6.451,-11.289],[9.854,-50.915],[2.298,3.182],[26.276,0],[19.679,-16.776]],"o":[[1.164,-30.018],[6.982,-10.242],[0,0],[15.684,0],[18.169,31.793],[-0.701,3.622],[-10.38,-14.372],[-26.952,0],[-5.97,5.089]],"v":[[-91.625,106.054],[-39.239,-42.728],[-4.034,-59.398],[-4.034,-59.398],[32.333,-40.861],[73.411,108.267],[64.294,109.573],[5.415,69.525],[-75.141,111.38]],"c":true}]},{"i":{"x":0.35,"y":1},"o":{"x":0.65,"y":0},"t":91,"s":[{"i":[[-0.269,8.781],[-42.883,79.66],[-14.731,0],[0,0],[-6.451,-14.296],[9.854,-64.477],[2.298,4.03],[26.276,0],[19.679,-21.245]],"o":[[1.164,-38.013],[6.982,-12.971],[0,0],[15.684,0],[18.168,40.262],[-0.701,4.586],[-10.38,-18.2],[-26.952,0],[-5.97,6.445]],"v":[[-91.625,126.702],[-39.239,-61.709],[-4.034,-82.82],[-4.034,-82.82],[32.333,-59.345],[73.411,129.504],[64.294,131.158],[5.415,80.442],[-75.141,133.446]],"c":true}]},{"i":{"x":0.35,"y":1},"o":{"x":0.65,"y":0},"t":101,"s":[{"i":[[-0.269,6.934],[-42.883,62.905],[-14.731,0],[0,0],[-6.451,-11.289],[9.854,-50.915],[2.298,3.182],[26.276,0],[19.679,-16.776]],"o":[[1.164,-30.018],[6.982,-10.242],[0,0],[15.684,0],[18.169,31.793],[-0.701,3.622],[-10.38,-14.372],[-26.952,0],[-5.97,5.089]],"v":[[-91.625,106.054],[-39.239,-42.728],[-4.034,-59.398],[-4.034,-59.398],[32.333,-40.861],[73.411,108.267],[64.294,109.573],[5.415,69.525],[-75.141,111.38]],"c":true}]},{"i":{"x":0.35,"y":1},"o":{"x":0.65,"y":0},"t":112,"s":[{"i":[[-0.269,8.781],[-42.883,79.66],[-14.731,0],[0,0],[-6.451,-14.296],[9.854,-64.477],[2.298,4.03],[26.276,0],[19.679,-21.245]],"o":[[1.164,-38.013],[6.982,-12.971],[0,0],[15.684,0],[18.168,40.262],[-0.701,4.586],[-10.38,-18.2],[-26.952,0],[-5.97,6.445]],"v":[[-91.625,126.702],[-39.239,-61.709],[-4.034,-82.82],[-4.034,-82.82],[32.333,-59.345],[73.411,129.504],[64.294,131.158],[5.415,80.442],[-75.141,133.446]],"c":true}]},{"t":122,"s":[{"i":[[-0.269,6.934],[-42.883,62.905],[-14.731,0],[0,0],[-6.451,-11.289],[9.854,-50.915],[2.298,3.182],[26.276,0],[19.679,-16.776]],"o":[[1.164,-30.018],[6.982,-10.242],[0,0],[15.684,0],[18.169,31.793],[-0.701,3.622],[-10.38,-14.372],[-26.952,0],[-5.97,5.089]],"v":[[-91.625,106.054],[-39.239,-42.728],[-4.034,-59.398],[-4.034,-59.398],[32.333,-40.861],[73.411,108.267],[64.294,109.573],[5.415,69.525],[-75.141,111.38]],"c":true}]}],"ix":2},"nm":"Path 1","mn":"ADBE Vector Shape - Group","hd":false},{"ty":"st","c":{"a":0,"k":[0,0,0,1],"ix":3},"o":{"a":0,"k":100,"ix":4},"w":{"a":0,"k":2,"ix":5},"lc":1,"lj":1,"ml":10,"bm":0,"nm":"Stroke 1","mn":"ADBE Vector Graphic - Stroke","hd":false},{"ty":"tr","p":{"a":0,"k":[0,0],"ix":2},"a":{"a":0,"k":[0,0],"ix":1},"s":{"a":0,"k":[100,100],"ix":3},"r":{"a":0,"k":0,"ix":6},"o":{"a":0,"k":100,"ix":7},"sk":{"a":0,"k":0,"ix":4},"sa":{"a":0,"k":0,"ix":5},"nm":"Transform"}],"nm":"Group 1","np":2,"cix":2,"bm":0,"ix":1,"mn":"ADBE Vector Group","hd":false},{"ty":"gr","it":[{"ind":0,"ty":"sh","ix":1,"ks":{"a":1,"k":[{"i":{"x":0.35,"y":1},"o":{"x":0.02,"y":0},"t":52,"s":[{"i":[[0,0],[-9.577,-7.529]],"o":[[0,0],[0,0]],"v":[[-21.731,-42.665],[10.434,-42.759]],"c":false}]},{"i":{"x":0.35,"y":1},"o":{"x":0.65,"y":0},"t":70,"s":[{"i":[[0,0],[-16.739,-38.425]],"o":[[0,0],[0,0]],"v":[[-31.353,111.717],[24.862,111.234]],"c":false}]},{"i":{"x":0.35,"y":1},"o":{"x":0.65,"y":0},"t":81,"s":[{"i":[[0,0],[-22.862,-18.238]],"o":[[0,0],[0,0]],"v":[[-31.353,94.221],[24.862,93.84]],"c":false}]},{"i":{"x":0.35,"y":1},"o":{"x":0.65,"y":0},"t":91,"s":[{"i":[[0,0],[-16.739,-38.425]],"o":[[0,0],[0,0]],"v":[[-31.353,111.717],[24.862,111.234]],"c":false}]},{"i":{"x":0.35,"y":1},"o":{"x":0.65,"y":0},"t":101,"s":[{"i":[[0,0],[-22.862,-18.238]],"o":[[0,0],[0,0]],"v":[[-31.353,94.221],[24.862,93.84]],"c":false}]},{"i":{"x":0.35,"y":1},"o":{"x":0.65,"y":0},"t":112,"s":[{"i":[[0,0],[-16.739,-38.425]],"o":[[0,0],[0,0]],"v":[[-31.353,111.717],[24.862,111.234]],"c":false}]},{"t":122,"s":[{"i":[[0,0],[-22.862,-18.238]],"o":[[0,0],[0,0]],"v":[[-31.353,94.221],[24.862,93.84]],"c":false}]}],"ix":2},"nm":"Path 1","mn":"ADBE Vector Shape - Group","hd":false},{"ty":"st","c":{"a":0,"k":[0,0,0,1],"ix":3},"o":{"a":0,"k":100,"ix":4},"w":{"a":0,"k":2,"ix":5},"lc":2,"lj":2,"bm":0,"nm":"Stroke 1","mn":"ADBE Vector Graphic - Stroke","hd":false},{"ty":"tr","p":{"a":0,"k":[0,0],"ix":2},"a":{"a":0,"k":[0,0],"ix":1},"s":{"a":0,"k":[100,100],"ix":3},"r":{"a":0,"k":0,"ix":6},"o":{"a":0,"k":100,"ix":7},"sk":{"a":0,"k":0,"ix":4},"sa":{"a":0,"k":0,"ix":5},"nm":"Transform"}],"nm":"Group 2","np":2,"cix":2,"bm":0,"ix":2,"mn":"ADBE Vector Group","hd":false},{"ty":"gr","it":[{"ind":0,"ty":"sh","ix":1,"ks":{"a":1,"k":[{"i":{"x":0.35,"y":1},"o":{"x":0.02,"y":0},"t":52,"s":[{"i":[[0,0],[6.079,0],[0,0],[4.229,-1.46],[0,0],[-3.891,0],[0,0],[-0.822,1.233]],"o":[[-4.191,-1.403],[0,0],[-6.181,0],[0,0],[0.612,1.316],[0,0],[3.693,0],[0,0]],"v":[[10.975,-80.59],[-4.986,-82.82],[-4.986,-82.82],[-21.19,-80.5],[-18.162,-73.99],[-10.344,-71.705],[-1.26,-71.705],[6.458,-73.813]],"c":true}]},{"i":{"x":0.35,"y":1},"o":{"x":0.65,"y":0},"t":70,"s":[{"i":[[0,0],[10.624,0],[0,0],[7.391,-7.45],[0,0],[-6.801,0],[0,0],[-1.436,6.293]],"o":[[-7.324,-7.161],[0,0],[-10.802,0],[0,0],[1.07,6.716],[0,0],[6.455,0],[0,0]],"v":[[23.862,-71.438],[-4.034,-82.82],[-4.034,-82.82],[-32.353,-70.979],[-27.061,-37.753],[-13.398,-26.094],[2.479,-26.094],[15.967,-36.85]],"c":true}]},{"i":{"x":0.35,"y":1},"o":{"x":0.65,"y":0},"t":81,"s":[{"i":[[0,0],[10.624,0],[0,0],[7.391,-5.883],[0,0],[-6.801,0],[0,0],[-1.436,4.969]],"o":[[-7.324,-5.654],[0,0],[-10.802,0],[0,0],[1.07,5.304],[0,0],[6.455,0],[0,0]],"v":[[23.862,-50.41],[-4.034,-59.398],[-4.034,-59.398],[-32.353,-50.048],[-27.061,-23.811],[-13.398,-14.603],[2.479,-14.603],[15.967,-23.098]],"c":true}]},{"i":{"x":0.35,"y":1},"o":{"x":0.65,"y":0},"t":91,"s":[{"i":[[0,0],[10.624,0],[0,0],[7.391,-7.45],[0,0],[-6.801,0],[0,0],[-1.436,6.293]],"o":[[-7.324,-7.161],[0,0],[-10.802,0],[0,0],[1.07,6.716],[0,0],[6.455,0],[0,0]],"v":[[23.862,-71.438],[-4.034,-82.82],[-4.034,-82.82],[-32.353,-70.979],[-27.061,-37.753],[-13.398,-26.094],[2.479,-26.094],[15.967,-36.85]],"c":true}]},{"i":{"x":0.35,"y":1},"o":{"x":0.65,"y":0},"t":101,"s":[{"i":[[0,0],[10.624,0],[0,0],[7.391,-5.883],[0,0],[-6.801,0],[0,0],[-1.436,4.969]],"o":[[-7.324,-5.654],[0,0],[-10.802,0],[0,0],[1.07,5.304],[0,0],[6.455,0],[0,0]],"v":[[23.862,-50.41],[-4.034,-59.398],[-4.034,-59.398],[-32.353,-50.048],[-27.061,-23.811],[-13.398,-14.603],[2.479,-14.603],[15.967,-23.098]],"c":true}]},{"i":{"x":0.35,"y":1},"o":{"x":0.65,"y":0},"t":112,"s":[{"i":[[0,0],[10.624,0],[0,0],[7.391,-7.45],[0,0],[-6.801,0],[0,0],[-1.436,6.293]],"o":[[-7.324,-7.161],[0,0],[-10.802,0],[0,0],[1.07,6.716],[0,0],[6.455,0],[0,0]],"v":[[23.862,-71.438],[-4.034,-82.82],[-4.034,-82.82],[-32.353,-70.979],[-27.061,-37.753],[-13.398,-26.094],[2.479,-26.094],[15.967,-36.85]],"c":true}]},{"t":122,"s":[{"i":[[0,0],[10.624,0],[0,0],[7.391,-5.883],[0,0],[-6.801,0],[0,0],[-1.436,4.969]],"o":[[-7.324,-5.654],[0,0],[-10.802,0],[0,0],[1.07,5.304],[0,0],[6.455,0],[0,0]],"v":[[23.862,-50.41],[-4.034,-59.398],[-4.034,-59.398],[-32.353,-50.048],[-27.061,-23.811],[-13.398,-14.603],[2.479,-14.603],[15.967,-23.098]],"c":true}]}],"ix":2},"nm":"Path 1","mn":"ADBE Vector Shape - Group","hd":false},{"ty":"fl","c":{"a":0,"k":[1,1,1,1],"ix":4},"o":{"a":0,"k":100,"ix":5},"r":1,"bm":0,"nm":"Fill 1","mn":"ADBE Vector Graphic - Fill","hd":false},{"ty":"tr","p":{"a":0,"k":[0,0],"ix":2},"a":{"a":0,"k":[0,0],"ix":1},"s":{"a":0,"k":[100,100],"ix":3},"r":{"a":0,"k":0,"ix":6},"o":{"a":0,"k":100,"ix":7},"sk":{"a":0,"k":0,"ix":4},"sa":{"a":0,"k":0,"ix":5},"nm":"Transform"}],"nm":"Group 3","np":2,"cix":2,"bm":0,"ix":3,"mn":"ADBE Vector Group","hd":false},{"ty":"gr","it":[{"ind":0,"ty":"sh","ix":1,"ks":{"a":1,"k":[{"i":{"x":0.35,"y":1},"o":{"x":0.02,"y":0},"t":52,"s":[{"i":[[-0.154,1.72],[-24.536,15.608],[-8.428,0],[0,0],[-3.691,-2.801],[5.638,-12.633],[1.315,0.79],[15.034,0],[11.26,-4.163]],"o":[[0.666,-7.448],[3.995,-2.541],[0,0],[8.974,0],[10.395,7.889],[-0.401,0.899],[-5.939,-3.566],[-15.421,0],[-3.416,1.263]],"v":[[-56.217,-44.427],[-25.13,-78.684],[-4.986,-82.82],[-4.986,-82.82],[15.821,-78.221],[38.212,-43.879],[32.995,-43.554],[-0.693,-53.491],[-46.785,-43.106]],"c":true}]},{"i":{"x":0.35,"y":1},"o":{"x":0.65,"y":0},"t":70,"s":[{"i":[[-0.269,8.781],[-42.883,79.66],[-14.731,0],[0,0],[-6.451,-14.296],[9.854,-64.477],[2.298,4.03],[26.276,0],[19.679,-21.245]],"o":[[1.164,-38.013],[6.982,-12.971],[0,0],[15.684,0],[18.168,40.262],[-0.701,4.586],[-10.38,-18.2],[-26.952,0],[-5.97,6.445]],"v":[[-91.625,126.702],[-39.239,-61.709],[-4.034,-82.82],[-4.034,-82.82],[32.333,-59.345],[73.411,129.504],[64.294,131.158],[5.415,80.442],[-75.141,133.446]],"c":true}]},{"i":{"x":0.35,"y":1},"o":{"x":0.65,"y":0},"t":81,"s":[{"i":[[-0.269,6.934],[-42.883,62.905],[-14.731,0],[0,0],[-6.451,-11.289],[9.854,-50.915],[2.298,3.182],[26.276,0],[19.679,-16.776]],"o":[[1.164,-30.018],[6.982,-10.242],[0,0],[15.684,0],[18.169,31.793],[-0.701,3.622],[-10.38,-14.372],[-26.952,0],[-5.97,5.089]],"v":[[-91.625,106.054],[-39.239,-42.728],[-4.034,-59.398],[-4.034,-59.398],[32.333,-40.861],[73.411,108.267],[64.294,109.573],[5.415,69.525],[-75.141,111.38]],"c":true}]},{"i":{"x":0.35,"y":1},"o":{"x":0.65,"y":0},"t":91,"s":[{"i":[[-0.269,8.781],[-42.883,79.66],[-14.731,0],[0,0],[-6.451,-14.296],[9.854,-64.477],[2.298,4.03],[26.276,0],[19.679,-21.245]],"o":[[1.164,-38.013],[6.982,-12.971],[0,0],[15.684,0],[18.168,40.262],[-0.701,4.586],[-10.38,-18.2],[-26.952,0],[-5.97,6.445]],"v":[[-91.625,126.702],[-39.239,-61.709],[-4.034,-82.82],[-4.034,-82.82],[32.333,-59.345],[73.411,129.504],[64.294,131.158],[5.415,80.442],[-75.141,133.446]],"c":true}]},{"i":{"x":0.35,"y":1},"o":{"x":0.65,"y":0},"t":101,"s":[{"i":[[-0.269,6.934],[-42.883,62.905],[-14.731,0],[0,0],[-6.451,-11.289],[9.854,-50.915],[2.298,3.182],[26.276,0],[19.679,-16.776]],"o":[[1.164,-30.018],[6.982,-10.242],[0,0],[15.684,0],[18.169,31.793],[-0.701,3.622],[-10.38,-14.372],[-26.952,0],[-5.97,5.089]],"v":[[-91.625,106.054],[-39.239,-42.728],[-4.034,-59.398],[-4.034,-59.398],[32.333,-40.861],[73.411,108.267],[64.294,109.573],[5.415,69.525],[-75.141,111.38]],"c":true}]},{"i":{"x":0.35,"y":1},"o":{"x":0.65,"y":0},"t":112,"s":[{"i":[[-0.269,8.781],[-42.883,79.66],[-14.731,0],[0,0],[-6.451,-14.296],[9.854,-64.477],[2.298,4.03],[26.276,0],[19.679,-21.245]],"o":[[1.164,-38.013],[6.982,-12.971],[0,0],[15.684,0],[18.168,40.262],[-0.701,4.586],[-10.38,-18.2],[-26.952,0],[-5.97,6.445]],"v":[[-91.625,126.702],[-39.239,-61.709],[-4.034,-82.82],[-4.034,-82.82],[32.333,-59.345],[73.411,129.504],[64.294,131.158],[5.415,80.442],[-75.141,133.446]],"c":true}]},{"t":122,"s":[{"i":[[-0.269,6.934],[-42.883,62.905],[-14.731,0],[0,0],[-6.451,-11.289],[9.854,-50.915],[2.298,3.182],[26.276,0],[19.679,-16.776]],"o":[[1.164,-30.018],[6.982,-10.242],[0,0],[15.684,0],[18.169,31.793],[-0.701,3.622],[-10.38,-14.372],[-26.952,0],[-5.97,5.089]],"v":[[-91.625,106.054],[-39.239,-42.728],[-4.034,-59.398],[-4.034,-59.398],[32.333,-40.861],[73.411,108.267],[64.294,109.573],[5.415,69.525],[-75.141,111.38]],"c":true}]}],"ix":2},"nm":"Path 1","mn":"ADBE Vector Shape - Group","hd":false},{"ty":"fl","c":{"a":0,"k":[0,0,0,1],"ix":4},"o":{"a":0,"k":100,"ix":5},"r":1,"bm":0,"nm":"Fill 1","mn":"ADBE Vector Graphic - Fill","hd":false},{"ty":"tr","p":{"a":0,"k":[0,0],"ix":2},"a":{"a":0,"k":[0,0],"ix":1},"s":{"a":0,"k":[100,100],"ix":3},"r":{"a":0,"k":0,"ix":6},"o":{"a":0,"k":100,"ix":7},"sk":{"a":0,"k":0,"ix":4},"sa":{"a":0,"k":0,"ix":5},"nm":"Transform"}],"nm":"Group 4","np":2,"cix":2,"bm":0,"ix":4,"mn":"ADBE Vector Group","hd":false}],"ip":0,"op":120,"st":0,"bm":0},{"ddd":0,"ind":14,"ty":4,"nm":"Mouth","parent":15,"sr":1,"ks":{"o":{"a":1,"k":[{"t":24,"s":[0],"h":1},{"t":25,"s":[100],"h":1},{"t":52,"s":[100],"h":1},{"t":53,"s":[0],"h":1}],"ix":11},"r":{"a":0,"k":0,"ix":10},"p":{"a":0,"k":[18.455,117.008,0],"ix":2},"a":{"a":0,"k":[17.403,154.691,0],"ix":1},"s":{"a":0,"k":[98.331,103.515,100],"ix":6}},"ao":0,"shapes":[{"ty":"gr","it":[{"ind":0,"ty":"sh","ix":1,"ks":{"a":1,"k":[{"i":{"x":0.05,"y":1},"o":{"x":0.02,"y":0},"t":24,"s":[{"i":[[0,0],[-4.579,0],[-7.381,0],[-11.729,0],[-6.315,0],[-4.421,0],[0,0]],"o":[[0,0],[4.579,0],[7.381,0],[11.729,0],[6.315,0],[4.421,0],[0,0]],"v":[[-22.394,156.064],[-13.082,162.843],[3.337,151.887],[21.921,160.495],[39.018,151.887],[50.859,161.278],[56.849,155.183]],"c":false}]},{"i":{"x":0.05,"y":1},"o":{"x":0.167,"y":0},"t":42,"s":[{"i":[[0,0],[-7.565,0],[-12.196,0],[-19.381,0],[-10.435,0],[-7.304,0],[0,0]],"o":[[0,0],[7.565,0],[12.196,0],[19.381,0],[10.435,0],[7.304,0],[0,0]],"v":[[-48.355,156.064],[-32.969,162.843],[-5.838,151.887],[24.868,160.495],[53.118,151.887],[72.683,161.278],[82.58,155.183]],"c":false}]},{"t":52,"s":[{"i":[[0,0],[-4.579,0],[-7.381,0],[-11.729,0],[-6.315,0],[-4.421,0],[0,0]],"o":[[0,0],[4.579,0],[7.381,0],[11.729,0],[6.315,0],[4.421,0],[0,0]],"v":[[-22.394,156.064],[-13.082,162.843],[3.337,151.887],[21.921,160.495],[39.018,151.887],[50.859,161.278],[56.849,155.183]],"c":false}]}],"ix":2},"nm":"Path 1","mn":"ADBE Vector Shape - Group","hd":false},{"ty":"st","c":{"a":0,"k":[0,0,0,1],"ix":3},"o":{"a":0,"k":100,"ix":4},"w":{"a":0,"k":2,"ix":5},"lc":2,"lj":2,"bm":0,"nm":"Stroke 1","mn":"ADBE Vector Graphic - Stroke","hd":false},{"ty":"tr","p":{"a":0,"k":[0,0],"ix":2},"a":{"a":0,"k":[0,0],"ix":1},"s":{"a":0,"k":[100,100],"ix":3},"r":{"a":0,"k":0,"ix":6},"o":{"a":0,"k":100,"ix":7},"sk":{"a":0,"k":0,"ix":4},"sa":{"a":0,"k":0,"ix":5},"nm":"Transform"}],"nm":"Group 1","np":2,"cix":2,"bm":0,"ix":1,"mn":"ADBE Vector Group","hd":false},{"ty":"gr","it":[{"ind":0,"ty":"sh","ix":1,"ks":{"a":1,"k":[{"i":{"x":0.05,"y":1},"o":{"x":0.02,"y":0},"t":24,"s":[{"i":[[0,0],[0,12.13]],"o":[[0,0],[0,-12.13]],"v":[[62.809,165.843],[54.52,143.539]],"c":false}]},{"i":{"x":0.05,"y":1},"o":{"x":0.167,"y":0},"t":42,"s":[{"i":[[0,0],[0,12.13]],"o":[[0,0],[0,-12.13]],"v":[[92.428,165.843],[78.732,143.539]],"c":false}]},{"t":52,"s":[{"i":[[0,0],[0,12.13]],"o":[[0,0],[0,-12.13]],"v":[[62.809,165.843],[54.52,143.539]],"c":false}]}],"ix":2},"nm":"Path 1","mn":"ADBE Vector Shape - Group","hd":false},{"ty":"st","c":{"a":0,"k":[0,0,0,1],"ix":3},"o":{"a":0,"k":100,"ix":4},"w":{"a":0,"k":2,"ix":5},"lc":2,"lj":2,"bm":0,"nm":"Stroke 1","mn":"ADBE Vector Graphic - Stroke","hd":false},{"ty":"tr","p":{"a":0,"k":[0,0],"ix":2},"a":{"a":0,"k":[0,0],"ix":1},"s":{"a":0,"k":[100,100],"ix":3},"r":{"a":0,"k":0,"ix":6},"o":{"a":0,"k":100,"ix":7},"sk":{"a":0,"k":0,"ix":4},"sa":{"a":0,"k":0,"ix":5},"nm":"Transform"}],"nm":"Group 2","np":2,"cix":2,"bm":0,"ix":2,"mn":"ADBE Vector Group","hd":false},{"ty":"gr","it":[{"ind":0,"ty":"sh","ix":1,"ks":{"a":1,"k":[{"i":{"x":0.05,"y":1},"o":{"x":0.02,"y":0},"t":24,"s":[{"i":[[0,0],[0,12.13]],"o":[[0,0],[0,-12.13]],"v":[[-28.002,165.843],[-19.713,143.539]],"c":false}]},{"i":{"x":0.05,"y":1},"o":{"x":0.167,"y":0},"t":42,"s":[{"i":[[0,0],[0,12.13]],"o":[[0,0],[0,-12.13]],"v":[[-57.621,165.843],[-43.925,143.539]],"c":false}]},{"t":52,"s":[{"i":[[0,0],[0,12.13]],"o":[[0,0],[0,-12.13]],"v":[[-28.002,165.843],[-19.713,143.539]],"c":false}]}],"ix":2},"nm":"Path 1","mn":"ADBE Vector Shape - Group","hd":false},{"ty":"st","c":{"a":0,"k":[0,0,0,1],"ix":3},"o":{"a":0,"k":100,"ix":4},"w":{"a":0,"k":2,"ix":5},"lc":2,"lj":2,"bm":0,"nm":"Stroke 1","mn":"ADBE Vector Graphic - Stroke","hd":false},{"ty":"tr","p":{"a":0,"k":[0,0],"ix":2},"a":{"a":0,"k":[0,0],"ix":1},"s":{"a":0,"k":[100,100],"ix":3},"r":{"a":0,"k":0,"ix":6},"o":{"a":0,"k":100,"ix":7},"sk":{"a":0,"k":0,"ix":4},"sa":{"a":0,"k":0,"ix":5},"nm":"Transform"}],"nm":"Group 3","np":2,"cix":2,"bm":0,"ix":3,"mn":"ADBE Vector Group","hd":false}],"ip":0,"op":120,"st":0,"bm":0},{"ddd":0,"ind":15,"ty":4,"nm":"01_Mouth","parent":26,"sr":1,"ks":{"o":{"a":1,"k":[{"t":24,"s":[100],"h":1},{"t":25,"s":[0],"h":1}],"ix":11},"r":{"a":0,"k":0,"ix":10},"p":{"a":1,"k":[{"i":{"x":0.16,"y":1},"o":{"x":0.333,"y":0},"t":17,"s":[62.612,32.578,0],"to":[0,0,0],"ti":[0,0,0]},{"i":{"x":0.667,"y":1},"o":{"x":0.333,"y":0},"t":40,"s":[62.612,78.578,0],"to":[0,0,0],"ti":[0,0,0]},{"t":55,"s":[54.612,-126.422,0]}],"ix":2},"a":{"a":0,"k":[22.554,115.773,0],"ix":1},"s":{"a":0,"k":[100.028,99.945,100],"ix":6}},"ao":0,"shapes":[{"ty":"gr","it":[{"ty":"gr","it":[{"ind":0,"ty":"sh","ix":1,"ks":{"a":1,"k":[{"i":{"x":0.667,"y":1},"o":{"x":0.333,"y":0},"t":17,"s":[{"i":[[0,0],[6.128,2.284],[-1.217,-5.286],[-4.441,0],[0,0],[-0.87,4.5],[-0.955,5.962]],"o":[[-8.928,7.936],[0.904,5.725],[0.997,4.328],[0,0],[4.583,0],[0.98,-5.069],[-9.036,2.286]],"v":[[26.519,103.877],[3.706,110.054],[7.003,127.86],[16.312,135.239],[33.446,135.239],[42.835,127.49],[46.03,109.697]],"c":true}]},{"t":24,"s":[{"i":[[0,0],[6.128,1.377],[-1.217,-1.18],[-4.441,0],[0,0],[-0.87,1.005],[-0.955,3.596]],"o":[[-8.928,4.786],[0.904,3.453],[0.997,0.966],[0,0],[4.583,0],[0.98,-1.132],[-9.036,1.379]],"v":[[26.519,116.326],[3.706,120.051],[7.717,123.446],[17.027,125.094],[34.161,125.094],[43.549,123.363],[46.03,119.836]],"c":true}]}],"ix":2},"nm":"Path 1","mn":"ADBE Vector Shape - Group","hd":false},{"ty":"st","c":{"a":0,"k":[0,0,0,1],"ix":3},"o":{"a":0,"k":100,"ix":4},"w":{"a":0,"k":2,"ix":5},"lc":2,"lj":2,"bm":0,"nm":"Stroke 1","mn":"ADBE Vector Graphic - Stroke","hd":false},{"ty":"fl","c":{"a":0,"k":[1,1,1,1],"ix":4},"o":{"a":0,"k":100,"ix":5},"r":1,"bm":0,"nm":"Fill 1","mn":"ADBE Vector Graphic - Fill","hd":false},{"ty":"tr","p":{"a":0,"k":[0,0],"ix":2},"a":{"a":0,"k":[0,0],"ix":1},"s":{"a":0,"k":[100,100],"ix":3},"r":{"a":0,"k":0,"ix":6},"o":{"a":0,"k":100,"ix":7},"sk":{"a":0,"k":0,"ix":4},"sa":{"a":0,"k":0,"ix":5},"nm":"Transform"}],"nm":"Group 1","np":3,"cix":2,"bm":0,"ix":1,"mn":"ADBE Vector Group","hd":false},{"ty":"tr","p":{"a":0,"k":[0,0],"ix":2},"a":{"a":0,"k":[0,0],"ix":1},"s":{"a":0,"k":[100,100],"ix":3},"r":{"a":0,"k":0,"ix":6},"o":{"a":0,"k":100,"ix":7},"sk":{"a":0,"k":0,"ix":4},"sa":{"a":0,"k":0,"ix":5},"nm":"Transform"}],"nm":"Group 1","np":1,"cix":2,"bm":0,"ix":1,"mn":"ADBE Vector Group","hd":false},{"ty":"gr","it":[{"ind":0,"ty":"sh","ix":1,"ks":{"a":1,"k":[{"i":{"x":0.667,"y":1},"o":{"x":0.333,"y":0},"t":17,"s":[{"i":[[0,0],[-22.711,20.187],[-7.57,23.071]],"o":[[0,0],[0,0],[0,0]],"v":[[-11.332,96.306],[26.519,103.877],[56.44,98.109]],"c":false}]},{"t":24,"s":[{"i":[[0,0],[-22.711,12.174],[-7.57,13.913]],"o":[[0,0],[0,0],[0,0]],"v":[[-11.332,111.76],[26.519,116.326],[56.44,112.847]],"c":false}]}],"ix":2},"nm":"Path 1","mn":"ADBE Vector Shape - Group","hd":false},{"ty":"st","c":{"a":0,"k":[0,0,0,1],"ix":3},"o":{"a":0,"k":100,"ix":4},"w":{"a":0,"k":2,"ix":5},"lc":2,"lj":2,"bm":0,"nm":"Stroke 1","mn":"ADBE Vector Graphic - Stroke","hd":false},{"ty":"tr","p":{"a":0,"k":[0,0],"ix":2},"a":{"a":0,"k":[0,0],"ix":1},"s":{"a":0,"k":[100,100],"ix":3},"r":{"a":0,"k":0,"ix":6},"o":{"a":0,"k":100,"ix":7},"sk":{"a":0,"k":0,"ix":4},"sa":{"a":0,"k":0,"ix":5},"nm":"Transform"}],"nm":"Group 2","np":2,"cix":2,"bm":0,"ix":2,"mn":"ADBE Vector Group","hd":false}],"ip":0,"op":120,"st":0,"bm":0},{"ddd":0,"ind":16,"ty":4,"nm":"02_Head","parent":26,"sr":1,"ks":{"o":{"a":1,"k":[{"i":{"x":[0.667],"y":[1]},"o":{"x":[0.333],"y":[0]},"t":43,"s":[0]},{"t":44,"s":[100]}],"ix":11},"r":{"a":0,"k":0,"ix":10},"p":{"a":0,"k":[41.203,-76.408,0],"ix":2},"a":{"a":0,"k":[0,0,0],"ix":1},"s":{"a":0,"k":[102.9,97.367,100],"ix":6}},"ao":0,"shapes":[{"ty":"gr","it":[{"ind":0,"ty":"sh","ix":1,"ks":{"a":1,"k":[{"i":{"x":0.667,"y":1},"o":{"x":0.333,"y":0},"t":39,"s":[{"i":[[-61.878,50.5],[-109.612,13.702],[-44.721,-7.536],[14.188,-63],[59.535,-39.955],[119.83,-0.908],[22.787,9.956]],"o":[[-20.873,-70.065],[34.325,-4.291],[102.818,17.327],[57.141,47.655],[-24.824,16.66],[-100.157,0.759],[-78.953,-34.498]],"v":[[-217.197,52.66],[-89.393,-99.53],[22.92,-98.181],[137.396,51.3],[139.751,230.888],[-32.555,260.774],[-199.433,238.348]],"c":true}]},{"t":58,"s":[{"i":[[-61.878,50.5],[-109.612,13.702],[-44.721,-7.536],[-0.519,-62.456],[59.535,-39.955],[119.83,-0.908],[22.787,9.956]],"o":[[0.786,-51.799],[34.325,-4.291],[102.818,17.327],[57.141,47.655],[-24.824,16.66],[-100.157,0.759],[-78.953,-34.498]],"v":[[-218.122,29.837],[-84.766,-101.812],[27.547,-100.464],[152.205,31.9],[139.751,230.888],[-32.555,260.774],[-199.433,238.348]],"c":true}]}],"ix":2},"nm":"Path 1","mn":"ADBE Vector Shape - Group","hd":false},{"ty":"st","c":{"a":0,"k":[0,0,0,1],"ix":3},"o":{"a":0,"k":100,"ix":4},"w":{"a":0,"k":6,"ix":5},"lc":2,"lj":2,"bm":0,"nm":"Stroke 1","mn":"ADBE Vector Graphic - Stroke","hd":false},{"ty":"tr","p":{"a":0,"k":[0,0],"ix":2},"a":{"a":0,"k":[0,0],"ix":1},"s":{"a":0,"k":[100,100],"ix":3},"r":{"a":0,"k":0,"ix":6},"o":{"a":0,"k":100,"ix":7},"sk":{"a":0,"k":0,"ix":4},"sa":{"a":0,"k":0,"ix":5},"nm":"Transform"}],"nm":"Group 1","np":2,"cix":2,"bm":0,"ix":1,"mn":"ADBE Vector Group","hd":false}],"ip":0,"op":120,"st":0,"bm":0},{"ddd":0,"ind":17,"ty":4,"nm":"Stroke","parent":26,"sr":1,"ks":{"o":{"a":1,"k":[{"i":{"x":[0.667],"y":[1]},"o":{"x":[0.333],"y":[0]},"t":43,"s":[100]},{"t":44,"s":[0]}],"ix":11},"r":{"a":0,"k":0,"ix":10},"p":{"a":0,"k":[0,0,0],"ix":2},"a":{"a":0,"k":[0,0,0],"ix":1},"s":{"a":0,"k":[100,100,100],"ix":6}},"ao":0,"shapes":[{"ty":"gr","it":[{"ind":0,"ty":"sh","ix":1,"ks":{"a":1,"k":[{"i":{"x":0.16,"y":1},"o":{"x":0.333,"y":0},"t":16,"s":[{"i":[[0,0],[-36.285,-5.765],[21.631,-67.671],[61.202,-38.726],[123.185,-0.88],[22.623,11.403],[-63.61,48.946],[-56.815,29.973]],"o":[[27.939,-2.271],[105.697,16.793],[58.74,46.188],[-25.519,16.147],[-102.962,0.735],[-70.816,-35.695],[-16.606,-51.951],[0,0]],"v":[[-31.421,-176.16],[61.753,-172.597],[181.9,-16.305],[183.607,147.034],[-0.032,177.523],[-171.581,153.249],[-182.794,-16.305],[-125.226,-153.096]],"c":false}]},{"i":{"x":0.667,"y":1},"o":{"x":0.333,"y":0},"t":39,"s":[{"i":[[0,0],[-36.285,-5.765],[21.631,-67.671],[61.202,-38.726],[123.185,-0.88],[22.623,11.403],[-63.61,48.946],[-56.815,29.973]],"o":[[29.08,-5.528],[105.697,16.793],[58.74,46.188],[-25.519,16.147],[-102.962,0.735],[-70.816,-35.695],[-16.606,-51.951],[0,0]],"v":[[-54.755,-173.938],[61.753,-172.597],[181.924,-26.305],[183.607,147.034],[-0.032,177.523],[-171.581,153.249],[-182.77,-26.305],[-125.226,-153.096]],"c":false}]},{"t":58,"s":[{"i":[[0,0],[-36.285,-5.765],[-1.86,-63.257],[61.202,-38.726],[123.185,-0.88],[22.623,11.403],[-63.61,48.946],[-40.711,22.078]],"o":[[27.939,-2.271],[105.697,16.793],[58.74,46.188],[-25.519,16.147],[-102.962,0.735],[-70.816,-35.695],[3.041,-47.723],[0,0]],"v":[[-31.421,-176.16],[61.753,-172.597],[198.81,-46.402],[183.607,147.034],[-0.032,177.523],[-171.581,153.249],[-182.38,-50.285],[-125.226,-153.096]],"c":false}]}],"ix":2},"nm":"Path 1","mn":"ADBE Vector Shape - Group","hd":false},{"ty":"st","c":{"a":0,"k":[0,0,0,1],"ix":3},"o":{"a":0,"k":100,"ix":4},"w":{"a":0,"k":6,"ix":5},"lc":2,"lj":2,"bm":0,"nm":"Stroke 1","mn":"ADBE Vector Graphic - Stroke","hd":false},{"ty":"tr","p":{"a":0,"k":[0,0],"ix":2},"a":{"a":0,"k":[0,0],"ix":1},"s":{"a":0,"k":[100,100],"ix":3},"r":{"a":0,"k":0,"ix":6},"o":{"a":0,"k":100,"ix":7},"sk":{"a":0,"k":0,"ix":4},"sa":{"a":0,"k":0,"ix":5},"nm":"Transform"}],"nm":"Group 1","np":2,"cix":2,"bm":0,"ix":1,"mn":"ADBE Vector Group","hd":false}],"ip":0,"op":120,"st":0,"bm":0},{"ddd":0,"ind":18,"ty":4,"nm":"Shadow","parent":26,"sr":1,"ks":{"o":{"a":0,"k":25,"ix":11},"r":{"a":0,"k":0,"ix":10},"p":{"a":0,"k":[0.004,111.963,0],"ix":2},"a":{"a":0,"k":[0,0,0],"ix":1},"s":{"a":0,"k":[100,100,100],"ix":6}},"ao":0,"shapes":[{"ty":"gr","it":[{"ind":0,"ty":"sh","ix":1,"ks":{"a":0,"k":{"i":[[-29.412,-14.825],[-102.962,0.735],[-25.519,16.148],[-5.339,21.453],[37.185,-23.529],[123.185,-0.88],[22.623,11.403],[-9.723,40.892]],"o":[[22.623,11.403],[123.185,-0.88],[22.553,-14.271],[8.657,36.705],[-25.519,16.147],[-102.962,0.735],[-45.395,-22.881],[6.305,25.703]],"v":[[-171.585,-1.737],[-0.035,22.536],[183.604,-7.952],[225.143,-63.345],[183.604,35.071],[-0.035,65.559],[-171.585,41.286],[-225.149,-65.588]],"c":true},"ix":2},"nm":"Path 1","mn":"ADBE Vector Shape - Group","hd":false},{"ty":"fl","c":{"a":0,"k":[0.878431379795,0.298039227724,0.643137276173,1],"ix":4},"o":{"a":0,"k":100,"ix":5},"r":1,"bm":0,"nm":"Fill 1","mn":"ADBE Vector Graphic - Fill","hd":false},{"ty":"tr","p":{"a":0,"k":[0,0],"ix":2},"a":{"a":0,"k":[0,0],"ix":1},"s":{"a":0,"k":[100,100],"ix":3},"r":{"a":0,"k":0,"ix":6},"o":{"a":0,"k":100,"ix":7},"sk":{"a":0,"k":0,"ix":4},"sa":{"a":0,"k":0,"ix":5},"nm":"Transform"}],"nm":"Group 1","np":2,"cix":2,"bm":1,"ix":1,"mn":"ADBE Vector Group","hd":false}],"ip":0,"op":120,"st":0,"bm":1},{"ddd":0,"ind":19,"ty":4,"nm":"Head 3","parent":25,"td":1,"sr":1,"ks":{"o":{"a":0,"k":100,"ix":11},"r":{"a":0,"k":0,"ix":10},"p":{"a":0,"k":[50,50,0],"ix":2},"a":{"a":0,"k":[0,177.551,0],"ix":1},"s":{"a":1,"k":[{"i":{"x":[0.16,0.16,0.16],"y":[1,1,1]},"o":{"x":[0.333,0.333,0.333],"y":[0,0,0]},"t":16,"s":[100,100,100]},{"i":{"x":[0.833,0.833,0.833],"y":[1,1,1]},"o":{"x":[0.333,0.333,0.333],"y":[0,0,0]},"t":39,"s":[105,90,100]},{"t":58,"s":[97,103,100]}],"ix":6}},"ao":0,"shapes":[{"ty":"gr","it":[{"ind":0,"ty":"sh","ix":1,"ks":{"a":1,"k":[{"i":{"x":0.16,"y":1},"o":{"x":0.333,"y":0},"t":16,"s":[{"i":[[-63.61,48.946],[-112.681,13.28],[-45.973,-7.304],[21.631,-67.671],[61.202,-38.726],[123.185,-0.88],[22.623,11.403]],"o":[[-22.23,-69.547],[35.286,-4.159],[105.697,16.793],[58.74,46.188],[-25.519,16.147],[-102.962,0.735],[-70.816,-35.695]],"v":[[-182.794,-16.305],[-53.704,-173.904],[61.753,-172.597],[181.9,-16.305],[183.607,147.034],[-0.032,177.523],[-171.581,153.249]],"c":true}]},{"i":{"x":0.667,"y":1},"o":{"x":0.333,"y":0},"t":39,"s":[{"i":[[-63.61,48.946],[-112.681,13.28],[-45.973,-7.304],[21.631,-67.671],[61.202,-38.726],[123.185,-0.88],[22.623,11.403]],"o":[[-22.23,-69.547],[35.286,-4.159],[105.697,16.793],[58.74,46.188],[-25.519,16.147],[-102.962,0.735],[-70.816,-35.695]],"v":[[-182.838,-27.416],[-53.704,-173.904],[61.753,-172.597],[181.857,-27.416],[183.607,147.034],[-0.032,177.523],[-171.581,153.249]],"c":true}]},{"t":58,"s":[{"i":[[-63.61,48.946],[-101.923,15.701],[-45.973,-7.304],[1.647,-59.373],[61.202,-38.726],[123.185,-0.88],[22.623,11.403]],"o":[[3.455,-55.49],[35.116,-5.41],[105.697,16.793],[61.441,45.481],[-25.519,16.147],[-102.962,0.735],[-70.816,-35.695]],"v":[[-181.763,-48.344],[-53.704,-173.904],[61.753,-172.597],[197.364,-47.373],[183.607,147.034],[-0.032,177.523],[-171.581,153.249]],"c":true}]}],"ix":2},"nm":"Path 1","mn":"ADBE Vector Shape - Group","hd":false},{"ty":"fl","c":{"a":0,"k":[0.949019610882,0.439215689898,0.717647075653,1],"ix":4},"o":{"a":0,"k":100,"ix":5},"r":1,"bm":0,"nm":"Fill 1","mn":"ADBE Vector Graphic - Fill","hd":false},{"ty":"tr","p":{"a":0,"k":[0,0],"ix":2},"a":{"a":0,"k":[0,0],"ix":1},"s":{"a":0,"k":[100,100],"ix":3},"r":{"a":0,"k":0,"ix":6},"o":{"a":0,"k":100,"ix":7},"sk":{"a":0,"k":0,"ix":4},"sa":{"a":0,"k":0,"ix":5},"nm":"Transform"}],"nm":"Group 1","np":2,"cix":2,"bm":0,"ix":1,"mn":"ADBE Vector Group","hd":false}],"ip":0,"op":120,"st":0,"bm":0},{"ddd":0,"ind":20,"ty":4,"nm":"Tears 2","parent":1,"tt":1,"sr":1,"ks":{"o":{"a":0,"k":60,"ix":11},"r":{"a":0,"k":-5,"ix":10},"p":{"a":1,"k":[{"i":{"x":0.833,"y":0.833},"o":{"x":0.167,"y":0.177},"t":48,"s":[45.806,-947.861,0],"to":[22.001,250.026,0],"ti":[-22.001,-250.026,0]},{"t":119,"s":[177.811,552.298,0]}],"ix":2},"a":{"a":0,"k":[-335.614,-403.861,0],"ix":1},"s":{"a":0,"k":[-100,100,100],"ix":6}},"ao":0,"shapes":[{"ty":"gr","it":[{"ind":0,"ty":"sh","ix":1,"ks":{"a":0,"k":{"i":[[0,0],[0,0]],"o":[[0,0],[0,0]],"v":[[-335.614,400.785],[-335.614,-1208.506]],"c":false},"ix":2},"nm":"Path 1","mn":"ADBE Vector Shape - Group","hd":false},{"ty":"st","c":{"a":0,"k":[0.466666668653,1,1,1],"ix":3},"o":{"a":0,"k":100,"ix":4},"w":{"a":0,"k":97,"ix":5},"lc":2,"lj":1,"ml":10,"bm":0,"nm":"Stroke 1","mn":"ADBE Vector Graphic - Stroke","hd":false},{"ty":"tr","p":{"a":0,"k":[0,0],"ix":2},"a":{"a":0,"k":[0,0],"ix":1},"s":{"a":0,"k":[100,100],"ix":3},"r":{"a":0,"k":0,"ix":6},"o":{"a":0,"k":100,"ix":7},"sk":{"a":0,"k":0,"ix":4},"sa":{"a":0,"k":0,"ix":5},"nm":"Transform"}],"nm":"Group 1","np":3,"cix":2,"bm":0,"ix":1,"mn":"ADBE Vector Group","hd":false}],"ip":0,"op":120,"st":0,"bm":0},{"ddd":0,"ind":21,"ty":4,"nm":"Head 2","parent":25,"td":1,"sr":1,"ks":{"o":{"a":0,"k":100,"ix":11},"r":{"a":0,"k":0,"ix":10},"p":{"a":0,"k":[50,50,0],"ix":2},"a":{"a":0,"k":[0,177.551,0],"ix":1},"s":{"a":1,"k":[{"i":{"x":[0.16,0.16,0.16],"y":[1,1,1]},"o":{"x":[0.333,0.333,0.333],"y":[0,0,0]},"t":16,"s":[100,100,100]},{"i":{"x":[0.833,0.833,0.833],"y":[1,1,1]},"o":{"x":[0.333,0.333,0.333],"y":[0,0,0]},"t":39,"s":[105,90,100]},{"t":58,"s":[97,103,100]}],"ix":6}},"ao":0,"shapes":[{"ty":"gr","it":[{"ind":0,"ty":"sh","ix":1,"ks":{"a":1,"k":[{"i":{"x":0.16,"y":1},"o":{"x":0.333,"y":0},"t":16,"s":[{"i":[[-63.61,48.946],[-112.681,13.28],[-45.973,-7.304],[21.631,-67.671],[61.202,-38.726],[123.185,-0.88],[22.623,11.403]],"o":[[-22.23,-69.547],[35.286,-4.159],[105.697,16.793],[58.74,46.188],[-25.519,16.147],[-102.962,0.735],[-70.816,-35.695]],"v":[[-182.794,-16.305],[-53.704,-173.904],[61.753,-172.597],[181.9,-16.305],[183.607,147.034],[-0.032,177.523],[-171.581,153.249]],"c":true}]},{"i":{"x":0.667,"y":1},"o":{"x":0.333,"y":0},"t":39,"s":[{"i":[[-63.61,48.946],[-112.681,13.28],[-45.973,-7.304],[21.631,-67.671],[61.202,-38.726],[123.185,-0.88],[22.623,11.403]],"o":[[-22.23,-69.547],[35.286,-4.159],[105.697,16.793],[58.74,46.188],[-25.519,16.147],[-102.962,0.735],[-70.816,-35.695]],"v":[[-182.838,-27.416],[-53.704,-173.904],[61.753,-172.597],[181.857,-27.416],[183.607,147.034],[-0.032,177.523],[-171.581,153.249]],"c":true}]},{"t":58,"s":[{"i":[[-63.61,48.946],[-101.923,15.701],[-45.973,-7.304],[1.647,-59.373],[61.202,-38.726],[123.185,-0.88],[22.623,11.403]],"o":[[3.455,-55.49],[35.116,-5.41],[105.697,16.793],[61.441,45.481],[-25.519,16.147],[-102.962,0.735],[-70.816,-35.695]],"v":[[-181.763,-48.344],[-53.704,-173.904],[61.753,-172.597],[197.364,-47.373],[183.607,147.034],[-0.032,177.523],[-171.581,153.249]],"c":true}]}],"ix":2},"nm":"Path 1","mn":"ADBE Vector Shape - Group","hd":false},{"ty":"fl","c":{"a":0,"k":[0.949019610882,0.439215689898,0.717647075653,1],"ix":4},"o":{"a":0,"k":100,"ix":5},"r":1,"bm":0,"nm":"Fill 1","mn":"ADBE Vector Graphic - Fill","hd":false},{"ty":"tr","p":{"a":0,"k":[0,0],"ix":2},"a":{"a":0,"k":[0,0],"ix":1},"s":{"a":0,"k":[100,100],"ix":3},"r":{"a":0,"k":0,"ix":6},"o":{"a":0,"k":100,"ix":7},"sk":{"a":0,"k":0,"ix":4},"sa":{"a":0,"k":0,"ix":5},"nm":"Transform"}],"nm":"Group 1","np":2,"cix":2,"bm":0,"ix":1,"mn":"ADBE Vector Group","hd":false}],"ip":0,"op":120,"st":0,"bm":0},{"ddd":0,"ind":22,"ty":4,"nm":"Tears","parent":1,"tt":1,"sr":1,"ks":{"o":{"a":0,"k":60,"ix":11},"r":{"a":0,"k":5,"ix":10},"p":{"a":1,"k":[{"i":{"x":0.833,"y":0.833},"o":{"x":0.167,"y":0.177},"t":48,"s":[-53.614,-947.861,0],"to":[-22.001,250.026,0],"ti":[22.001,-250.026,0]},{"t":119,"s":[-185.619,552.298,0]}],"ix":2},"a":{"a":0,"k":[-335.614,-403.861,0],"ix":1},"s":{"a":0,"k":[100,100,100],"ix":6}},"ao":0,"shapes":[{"ty":"gr","it":[{"ind":0,"ty":"sh","ix":1,"ks":{"a":0,"k":{"i":[[0,0],[0,0]],"o":[[0,0],[0,0]],"v":[[-335.614,400.785],[-335.614,-1208.506]],"c":false},"ix":2},"nm":"Path 1","mn":"ADBE Vector Shape - Group","hd":false},{"ty":"st","c":{"a":0,"k":[0.466666668653,1,1,1],"ix":3},"o":{"a":0,"k":100,"ix":4},"w":{"a":0,"k":97,"ix":5},"lc":2,"lj":1,"ml":10,"bm":0,"nm":"Stroke 1","mn":"ADBE Vector Graphic - Stroke","hd":false},{"ty":"tr","p":{"a":0,"k":[0,0],"ix":2},"a":{"a":0,"k":[0,0],"ix":1},"s":{"a":0,"k":[100,100],"ix":3},"r":{"a":0,"k":0,"ix":6},"o":{"a":0,"k":100,"ix":7},"sk":{"a":0,"k":0,"ix":4},"sa":{"a":0,"k":0,"ix":5},"nm":"Transform"}],"nm":"Group 1","np":3,"cix":2,"bm":0,"ix":1,"mn":"ADBE Vector Group","hd":false}],"ip":0,"op":120,"st":0,"bm":0},{"ddd":0,"ind":23,"ty":4,"nm":"MASK","parent":26,"td":1,"sr":1,"ks":{"o":{"a":0,"k":100,"ix":11},"r":{"a":0,"k":0,"ix":10},"p":{"a":0,"k":[0,0,0],"ix":2},"a":{"a":0,"k":[0,0,0],"ix":1},"s":{"a":0,"k":[100,100,100],"ix":6}},"ao":0,"shapes":[{"ty":"gr","it":[{"ind":0,"ty":"sh","ix":1,"ks":{"a":1,"k":[{"i":{"x":0.16,"y":1},"o":{"x":0.333,"y":0},"t":16,"s":[{"i":[[0,0],[-36.285,-5.765],[21.631,-67.671],[61.202,-38.726],[123.185,-0.88],[22.623,11.403],[-63.61,48.946],[-56.815,29.973]],"o":[[27.939,-2.271],[105.697,16.793],[58.74,46.188],[-25.519,16.147],[-102.962,0.735],[-70.816,-35.695],[-16.606,-51.951],[0,0]],"v":[[-31.421,-176.16],[61.753,-172.597],[181.9,-16.305],[183.607,147.034],[-0.032,177.523],[-171.581,153.249],[-182.794,-16.305],[-125.226,-153.096]],"c":false}]},{"i":{"x":0.667,"y":1},"o":{"x":0.333,"y":0},"t":39,"s":[{"i":[[0,0],[-36.285,-5.765],[21.631,-67.671],[61.202,-38.726],[123.185,-0.88],[22.623,11.403],[-63.61,48.946],[-56.815,29.973]],"o":[[27.939,-2.271],[105.697,16.793],[58.74,46.188],[-25.519,16.147],[-102.962,0.735],[-70.816,-35.695],[-16.606,-51.951],[0,0]],"v":[[-31.421,-176.16],[61.753,-172.597],[181.924,-26.305],[183.607,147.034],[-0.032,177.523],[-171.581,153.249],[-182.77,-26.305],[-125.226,-153.096]],"c":false}]},{"t":58,"s":[{"i":[[0,0],[-36.285,-5.765],[-1.86,-63.257],[61.202,-38.726],[123.185,-0.88],[22.623,11.403],[-63.61,48.946],[-40.711,22.078]],"o":[[27.939,-2.271],[105.697,16.793],[58.74,46.188],[-25.519,16.147],[-102.962,0.735],[-70.816,-35.695],[3.041,-47.723],[0,0]],"v":[[-31.421,-176.16],[61.753,-172.597],[198.81,-46.402],[183.607,147.034],[-0.032,177.523],[-171.581,153.249],[-182.38,-50.285],[-125.226,-153.096]],"c":false}]}],"ix":2},"nm":"Path 1","mn":"ADBE Vector Shape - Group","hd":false},{"ty":"fl","c":{"a":0,"k":[0.949019610882,0.439215689898,0.717647075653,1],"ix":4},"o":{"a":0,"k":100,"ix":5},"r":1,"bm":0,"nm":"Fill 1","mn":"ADBE Vector Graphic - Fill","hd":false},{"ty":"tr","p":{"a":0,"k":[0,0],"ix":2},"a":{"a":0,"k":[0,0],"ix":1},"s":{"a":0,"k":[100,100],"ix":3},"r":{"a":0,"k":0,"ix":6},"o":{"a":0,"k":100,"ix":7},"sk":{"a":0,"k":0,"ix":4},"sa":{"a":0,"k":0,"ix":5},"nm":"Transform"}],"nm":"Group 1","np":2,"cix":2,"bm":0,"ix":1,"mn":"ADBE Vector Group","hd":false}],"ip":0,"op":120,"st":0,"bm":0},{"ddd":0,"ind":24,"ty":4,"nm":"Cheek","parent":26,"tt":1,"sr":1,"ks":{"o":{"a":0,"k":100,"ix":11},"r":{"a":0,"k":0,"ix":10},"p":{"a":1,"k":[{"i":{"x":0.16,"y":1},"o":{"x":0.333,"y":0},"t":17,"s":[55.555,75.728,0],"to":[0,0,0],"ti":[4.434,0.061,0]},{"i":{"x":0.3,"y":1},"o":{"x":0.333,"y":0},"t":40,"s":[49.254,100.728,0],"to":[-4.434,-0.061,0],"ti":[2.896,-0.176,0]},{"i":{"x":0.54,"y":1},"o":{"x":0.47,"y":0},"t":55.756,"s":[38.409,65.315,0],"to":[-2.896,0.176,0],"ti":[0.674,-9.741,0]},{"i":{"x":0.54,"y":1},"o":{"x":0.167,"y":0},"t":72,"s":[30.301,85.094,0],"to":[-0.036,-4.095,0],"ti":[0,0,0]},{"i":{"x":0.54,"y":1},"o":{"x":0.167,"y":0},"t":83,"s":[30.301,73.094,0],"to":[0,0,0],"ti":[0.674,-9.741,0]},{"i":{"x":0.54,"y":1},"o":{"x":0.167,"y":0},"t":93,"s":[30.301,85.094,0],"to":[0.092,-4.798,0],"ti":[0,0,0]},{"i":{"x":0.54,"y":1},"o":{"x":0.167,"y":0},"t":103,"s":[30.301,73.094,0],"to":[0,0,0],"ti":[0.674,-9.741,0]},{"t":114,"s":[30.301,85.094,0]}],"ix":2},"a":{"a":0,"k":[15.513,159.003,0],"ix":1},"s":{"a":0,"k":[100,100,100],"ix":6}},"ao":0,"shapes":[{"ty":"gr","it":[{"ind":0,"ty":"sh","ix":1,"ks":{"a":0,"k":{"i":[[0,-38.383],[-38.383,0],[0,38.383],[38.383,0]],"o":[[0,38.383],[38.383,0],[0,-38.383],[-38.383,0]],"v":[[94.228,159.003],[163.727,228.502],[233.226,159.003],[163.727,89.504]],"c":true},"ix":2},"nm":"Path 1","mn":"ADBE Vector Shape - Group","hd":false},{"ty":"fl","c":{"a":0,"k":[0.878431379795,0.298039227724,0.643137276173,1],"ix":4},"o":{"a":0,"k":100,"ix":5},"r":1,"bm":0,"nm":"Fill 1","mn":"ADBE Vector Graphic - Fill","hd":false},{"ty":"tr","p":{"a":0,"k":[0,0],"ix":2},"a":{"a":0,"k":[0,0],"ix":1},"s":{"a":0,"k":[100,100],"ix":3},"r":{"a":0,"k":0,"ix":6},"o":{"a":0,"k":100,"ix":7},"sk":{"a":0,"k":0,"ix":4},"sa":{"a":0,"k":0,"ix":5},"nm":"Transform"}],"nm":"Group 1","np":2,"cix":2,"bm":0,"ix":1,"mn":"ADBE Vector Group","hd":false},{"ty":"gr","it":[{"ind":0,"ty":"sh","ix":1,"ks":{"a":0,"k":{"i":[[0,-38.383],[-38.383,0],[0,38.383],[38.383,0]],"o":[[0,38.383],[38.383,0],[0,-38.383],[-38.383,0]],"v":[[-202.2,159.003],[-132.701,228.502],[-63.202,159.003],[-132.701,89.504]],"c":true},"ix":2},"nm":"Path 1","mn":"ADBE Vector Shape - Group","hd":false},{"ty":"fl","c":{"a":0,"k":[0.878431379795,0.298039227724,0.643137276173,1],"ix":4},"o":{"a":0,"k":100,"ix":5},"r":1,"bm":0,"nm":"Fill 1","mn":"ADBE Vector Graphic - Fill","hd":false},{"ty":"tr","p":{"a":0,"k":[0,0],"ix":2},"a":{"a":0,"k":[0,0],"ix":1},"s":{"a":0,"k":[100,100],"ix":3},"r":{"a":0,"k":0,"ix":6},"o":{"a":0,"k":100,"ix":7},"sk":{"a":0,"k":0,"ix":4},"sa":{"a":0,"k":0,"ix":5},"nm":"Transform"}],"nm":"Group 2","np":2,"cix":2,"bm":0,"ix":2,"mn":"ADBE Vector Group","hd":false}],"ip":0,"op":120,"st":0,"bm":0},{"ddd":0,"ind":25,"ty":3,"nm":"NULL Head","parent":1,"sr":1,"ks":{"o":{"a":0,"k":0,"ix":11},"r":{"a":0,"k":0,"ix":10},"p":{"a":1,"k":[{"i":{"x":0.16,"y":1},"o":{"x":0.333,"y":0},"t":17,"s":[-40.042,260.826,0],"to":[0,2.667,0],"ti":[0,0,0]},{"i":{"x":0.833,"y":1},"o":{"x":0.333,"y":0},"t":40,"s":[-40.042,276.826,0],"to":[0,0,0],"ti":[0,0,0]},{"i":{"x":0.667,"y":1},"o":{"x":0.333,"y":0},"t":60,"s":[-40.042,260.826,0],"to":[0,0,0],"ti":[0,0,0]},{"i":{"x":0.667,"y":1},"o":{"x":0.333,"y":0},"t":70,"s":[-40.042,276.826,0],"to":[0,0,0],"ti":[0,0,0]},{"i":{"x":0.667,"y":1},"o":{"x":0.333,"y":0},"t":81,"s":[-40.042,260.826,0],"to":[0,0,0],"ti":[0,0,0]},{"i":{"x":0.667,"y":1},"o":{"x":0.333,"y":0},"t":91,"s":[-40.042,276.826,0],"to":[0,0,0],"ti":[0,0,0]},{"i":{"x":0.667,"y":1},"o":{"x":0.333,"y":0},"t":101,"s":[-40.042,260.826,0],"to":[0,0,0],"ti":[0,0,0]},{"i":{"x":0.667,"y":1},"o":{"x":0.333,"y":0},"t":112,"s":[-40.042,276.826,0],"to":[0,0,0],"ti":[0,2.667,0]},{"t":122,"s":[-40.042,260.826,0]}],"ix":2},"a":{"a":0,"k":[50,50,0],"ix":1},"s":{"a":1,"k":[{"i":{"x":[0.667,0.667,0.667],"y":[1,1,1]},"o":{"x":[0.333,0.333,0.333],"y":[0,0,0]},"t":58,"s":[100,100,100]},{"i":{"x":[0.667,0.667,0.667],"y":[1,1,1]},"o":{"x":[0.333,0.333,0.333],"y":[0,0,0]},"t":68,"s":[103,95,100]},{"i":{"x":[0.667,0.667,0.667],"y":[1,1,1]},"o":{"x":[0.333,0.333,0.333],"y":[0,0,0]},"t":79,"s":[100,100,100]},{"i":{"x":[0.667,0.667,0.667],"y":[1,1,1]},"o":{"x":[0.333,0.333,0.333],"y":[0,0,0]},"t":89,"s":[103,95,100]},{"i":{"x":[0.667,0.667,0.667],"y":[1,1,1]},"o":{"x":[0.333,0.333,0.333],"y":[0,0,0]},"t":99,"s":[100,100,100]},{"i":{"x":[0.667,0.667,0.667],"y":[1,1,1]},"o":{"x":[0.333,0.333,0.333],"y":[0,0,0]},"t":110,"s":[103,95,100]},{"t":120,"s":[100,100,100]}],"ix":6}},"ao":0,"ip":0,"op":120,"st":0,"bm":0},{"ddd":0,"ind":26,"ty":4,"nm":"Head","parent":25,"sr":1,"ks":{"o":{"a":0,"k":100,"ix":11},"r":{"a":0,"k":0,"ix":10},"p":{"a":0,"k":[50,50,0],"ix":2},"a":{"a":0,"k":[0,177.551,0],"ix":1},"s":{"a":1,"k":[{"i":{"x":[0.16,0.16,0.16],"y":[1,1,1]},"o":{"x":[0.333,0.333,0.333],"y":[0,0,0]},"t":16,"s":[100,100,100]},{"i":{"x":[0.833,0.833,0.833],"y":[1,1,1]},"o":{"x":[0.333,0.333,0.333],"y":[0,0,0]},"t":39,"s":[105,90,100]},{"t":58,"s":[97,103,100]}],"ix":6}},"ao":0,"shapes":[{"ty":"gr","it":[{"ind":0,"ty":"sh","ix":1,"ks":{"a":1,"k":[{"i":{"x":0.16,"y":1},"o":{"x":0.333,"y":0},"t":16,"s":[{"i":[[-63.61,48.946],[-112.681,13.28],[-45.973,-7.304],[21.631,-67.671],[61.202,-38.726],[123.185,-0.88],[22.623,11.403]],"o":[[-22.23,-69.547],[35.286,-4.159],[105.697,16.793],[58.74,46.188],[-25.519,16.147],[-102.962,0.735],[-70.816,-35.695]],"v":[[-182.794,-16.305],[-53.704,-173.904],[61.753,-172.597],[181.9,-16.305],[183.607,147.034],[-0.032,177.523],[-171.581,153.249]],"c":true}]},{"i":{"x":0.667,"y":1},"o":{"x":0.333,"y":0},"t":39,"s":[{"i":[[-63.61,48.946],[-112.681,13.28],[-45.973,-7.304],[21.631,-67.671],[61.202,-38.726],[123.185,-0.88],[22.623,11.403]],"o":[[-22.23,-69.547],[35.286,-4.159],[105.697,16.793],[58.74,46.188],[-25.519,16.147],[-102.962,0.735],[-70.816,-35.695]],"v":[[-182.838,-27.416],[-53.704,-173.904],[61.753,-172.597],[181.857,-27.416],[183.607,147.034],[-0.032,177.523],[-171.581,153.249]],"c":true}]},{"t":58,"s":[{"i":[[-63.61,48.946],[-101.923,15.701],[-45.973,-7.304],[1.647,-59.373],[61.202,-38.726],[123.185,-0.88],[22.623,11.403]],"o":[[3.455,-55.49],[35.116,-5.41],[105.697,16.793],[61.441,45.481],[-25.519,16.147],[-102.962,0.735],[-70.816,-35.695]],"v":[[-181.763,-48.344],[-53.704,-173.904],[61.753,-172.597],[197.364,-47.373],[183.607,147.034],[-0.032,177.523],[-171.581,153.249]],"c":true}]}],"ix":2},"nm":"Path 1","mn":"ADBE Vector Shape - Group","hd":false},{"ty":"fl","c":{"a":0,"k":[0.949019610882,0.439215689898,0.717647075653,1],"ix":4},"o":{"a":0,"k":100,"ix":5},"r":1,"bm":0,"nm":"Fill 1","mn":"ADBE Vector Graphic - Fill","hd":false},{"ty":"tr","p":{"a":0,"k":[0,0],"ix":2},"a":{"a":0,"k":[0,0],"ix":1},"s":{"a":0,"k":[100,100],"ix":3},"r":{"a":0,"k":0,"ix":6},"o":{"a":0,"k":100,"ix":7},"sk":{"a":0,"k":0,"ix":4},"sa":{"a":0,"k":0,"ix":5},"nm":"Transform"}],"nm":"Group 1","np":2,"cix":2,"bm":0,"ix":1,"mn":"ADBE Vector Group","hd":false}],"ip":0,"op":120,"st":0,"bm":0},{"ddd":0,"ind":27,"ty":4,"nm":"01_L_Ear","parent":26,"sr":1,"ks":{"o":{"a":0,"k":100,"ix":11},"r":{"a":1,"k":[{"i":{"x":[0.04],"y":[1]},"o":{"x":[0.47],"y":[0]},"t":16,"s":[0]},{"t":39,"s":[98]}],"ix":10},"p":{"a":1,"k":[{"i":{"x":0.04,"y":1},"o":{"x":0.37,"y":0},"t":39,"s":[25.266,-152.932,0],"to":[-2.575,13.449,0],"ti":[2.575,-13.449,0]},{"t":59,"s":[9.815,-72.237,0]}],"ix":2},"a":{"a":0,"k":[-14.776,-69.657,0],"ix":1},"s":{"a":0,"k":[100,100,100],"ix":6}},"ao":0,"shapes":[{"ty":"gr","it":[{"ind":0,"ty":"sh","ix":1,"ks":{"a":1,"k":[{"i":{"x":0.04,"y":1},"o":{"x":0.47,"y":0},"t":16,"s":[{"i":[[-12.324,-2.625],[0,0],[-2.625,12.324],[0,0],[12.324,2.625],[0,0],[2.625,-12.324],[0,0]],"o":[[0,0],[12.324,2.625],[0,0],[2.625,-12.324],[0,0],[-12.324,-2.625],[0,0],[-2.625,12.324]],"v":[[-22.273,-35.809],[-22.273,-35.809],[4.907,-53.443],[33.475,-186.832],[15.841,-214.012],[15.841,-214.012],[-11.339,-196.378],[-39.907,-62.989]],"c":true}]},{"t":39,"s":[{"i":[[-4.813,5.638],[0,0],[2.408,11.268],[0,0],[5.286,-2.376],[0,0],[-1.015,-12.374],[0,0]],"o":[[0,0],[4.813,-5.638],[0,0],[-1.015,-12.374],[0,0],[-5.286,2.376],[0,0],[2.408,11.268]],"v":[[51.966,-37.869],[51.966,-37.869],[56.339,-68.608],[51.73,-123.549],[40.274,-141.728],[40.274,-141.728],[32.509,-114.91],[38.835,-48.106]],"c":true}]}],"ix":2},"nm":"Path 1","mn":"ADBE Vector Shape - Group","hd":false},{"ty":"st","c":{"a":0,"k":[0,0,0,1],"ix":3},"o":{"a":0,"k":100,"ix":4},"w":{"a":0,"k":2,"ix":5},"lc":1,"lj":1,"ml":10,"bm":0,"nm":"Stroke 1","mn":"ADBE Vector Graphic - Stroke","hd":false},{"ty":"fl","c":{"a":0,"k":[1,0.713725507259,0.713725507259,1],"ix":4},"o":{"a":0,"k":100,"ix":5},"r":1,"bm":0,"nm":"Fill 1","mn":"ADBE Vector Graphic - Fill","hd":false},{"ty":"tr","p":{"a":0,"k":[0,0],"ix":2},"a":{"a":0,"k":[0,0],"ix":1},"s":{"a":0,"k":[100,100],"ix":3},"r":{"a":0,"k":0,"ix":6},"o":{"a":0,"k":100,"ix":7},"sk":{"a":0,"k":0,"ix":4},"sa":{"a":0,"k":0,"ix":5},"nm":"Transform"}],"nm":"Group 1","np":3,"cix":2,"bm":0,"ix":1,"mn":"ADBE Vector Group","hd":false},{"ty":"gr","it":[{"ind":0,"ty":"sh","ix":1,"ks":{"a":1,"k":[{"i":{"x":0.04,"y":1},"o":{"x":0.47,"y":0},"t":16,"s":[{"i":[[-25.917,-5.521],[0,0],[-5.521,25.917],[0,0],[25.917,5.521],[0,0],[5.521,-25.917],[0,0]],"o":[[0,0],[25.917,5.521],[0,0],[5.521,-25.917],[0,0],[-25.917,-5.521],[0,0],[-5.521,25.917]],"v":[[-24.864,-23.31],[-24.864,-23.31],[32.295,-60.393],[62.078,-200.208],[24.994,-257.367],[24.994,-257.367],[-32.164,-220.283],[-61.948,-80.469]],"c":true}]},{"t":39,"s":[{"i":[[-23.697,11.857],[0,0],[11.857,23.697],[0,0],[21.125,15.996],[0,0],[33.093,-15.422],[-48.062,-33.965]],"o":[[0,0],[23.697,-11.857],[0,0],[15.996,-21.125],[0,0],[-21.125,-15.996],[-33.093,15.422],[12.42,17.163]],"v":[[32.938,-18.507],[32.938,-18.507],[54.465,-83.151],[48.219,-98.23],[38.894,-165.724],[38.894,-165.724],[-26.186,-171.164],[-31.707,-40.034]],"c":true}]}],"ix":2},"nm":"Path 1","mn":"ADBE Vector Shape - Group","hd":false},{"ty":"st","c":{"a":0,"k":[0,0,0,1],"ix":3},"o":{"a":0,"k":100,"ix":4},"w":{"a":0,"k":6,"ix":5},"lc":1,"lj":1,"ml":10,"bm":0,"nm":"Stroke 1","mn":"ADBE Vector Graphic - Stroke","hd":false},{"ty":"fl","c":{"a":0,"k":[0.949019610882,0.439215689898,0.717647075653,1],"ix":4},"o":{"a":0,"k":100,"ix":5},"r":1,"bm":0,"nm":"Fill 1","mn":"ADBE Vector Graphic - Fill","hd":false},{"ty":"tr","p":{"a":0,"k":[0,0],"ix":2},"a":{"a":0,"k":[0,0],"ix":1},"s":{"a":0,"k":[100,100],"ix":3},"r":{"a":0,"k":0,"ix":6},"o":{"a":0,"k":100,"ix":7},"sk":{"a":0,"k":0,"ix":4},"sa":{"a":0,"k":0,"ix":5},"nm":"Transform"}],"nm":"Group 2","np":3,"cix":2,"bm":0,"ix":2,"mn":"ADBE Vector Group","hd":false}],"ip":0,"op":120,"st":0,"bm":0},{"ddd":0,"ind":28,"ty":4,"nm":"01_R_Ear","parent":26,"sr":1,"ks":{"o":{"a":1,"k":[{"t":39,"s":[100],"h":1},{"t":40,"s":[0],"h":1}],"ix":11},"r":{"a":1,"k":[{"i":{"x":[0.04],"y":[1]},"o":{"x":[0.43],"y":[0]},"t":16,"s":[0]},{"t":39,"s":[-90]}],"ix":10},"p":{"a":0,"k":[-73.943,-149.766,0],"ix":2},"a":{"a":0,"k":[-113.984,-66.491,0],"ix":1},"s":{"a":0,"k":[100,100,100],"ix":6}},"ao":0,"shapes":[{"ty":"gr","it":[{"ind":0,"ty":"sh","ix":1,"ks":{"a":1,"k":[{"i":{"x":0.04,"y":1},"o":{"x":0.43,"y":0},"t":16,"s":[{"i":[[-12.327,2.612],[0,0],[2.612,12.327],[0,0],[12.327,-2.612],[0,0],[-2.612,-12.327],[0,0]],"o":[[0,0],[12.327,-2.612],[0,0],[-2.612,-12.327],[0,0],[-12.327,2.612],[0,0],[2.612,12.327]],"v":[[-108.872,-35.756],[-108.872,-35.756],[-91.209,-62.917],[-119.339,-196.399],[-146.5,-214.062],[-146.5,-214.062],[-164.163,-186.901],[-136.033,-53.419]],"c":true}]},{"t":39,"s":[{"i":[[2.399,1.82],[0,0],[6.392,5.11],[0,0],[-1.459,-1.069],[0,0],[-6.67,-5.318],[0,0]],"o":[[0,0],[-2.399,-1.82],[0,0],[-6.67,-5.318],[0,0],[1.459,1.069],[0,0],[6.392,5.11]],"v":[[-171.44,-74.577],[-171.44,-74.577],[-187.423,-87.176],[-258.011,-143.448],[-267.485,-151.173],[-267.485,-151.173],[-252.706,-139.56],[-178.701,-80.56]],"c":true}]}],"ix":2},"nm":"Path 1","mn":"ADBE Vector Shape - Group","hd":false},{"ty":"st","c":{"a":0,"k":[0,0,0,1],"ix":3},"o":{"a":0,"k":100,"ix":4},"w":{"a":0,"k":2,"ix":5},"lc":1,"lj":1,"ml":10,"bm":0,"nm":"Stroke 1","mn":"ADBE Vector Graphic - Stroke","hd":false},{"ty":"fl","c":{"a":0,"k":[1,0.713725507259,0.713725507259,1],"ix":4},"o":{"a":0,"k":100,"ix":5},"r":1,"bm":0,"nm":"Fill 1","mn":"ADBE Vector Graphic - Fill","hd":false},{"ty":"tr","p":{"a":0,"k":[0,0],"ix":2},"a":{"a":0,"k":[0,0],"ix":1},"s":{"a":0,"k":[100,100],"ix":3},"r":{"a":0,"k":0,"ix":6},"o":{"a":0,"k":100,"ix":7},"sk":{"a":0,"k":0,"ix":4},"sa":{"a":0,"k":0,"ix":5},"nm":"Transform"}],"nm":"Group 1","np":3,"cix":2,"bm":0,"ix":1,"mn":"ADBE Vector Group","hd":false},{"ty":"gr","it":[{"ind":0,"ty":"sh","ix":1,"ks":{"a":1,"k":[{"i":{"x":0.04,"y":1},"o":{"x":0.43,"y":0},"t":16,"s":[{"i":[[-25.923,5.493],[0,0],[5.493,25.923],[0,0],[25.923,-5.493],[0,0],[-5.493,-25.923],[0,0]],"o":[[0,0],[25.923,-5.493],[0,0],[-5.493,-25.923],[0,0],[-25.923,5.493],[0,0],[5.493,25.923]],"v":[[-106.157,-23.283],[-106.157,-23.283],[-69.012,-80.402],[-98.645,-220.249],[-155.764,-257.394],[-155.764,-257.394],[-192.909,-200.275],[-163.276,-60.428]],"c":true}]},{"t":39,"s":[{"i":[[-24.869,9.147],[0,0],[6.444,24.17],[42.414,9.376],[18.178,-28.322],[0,0],[-26.946,-16.155],[0,0]],"o":[[0,0],[24.869,-9.147],[-11.444,-107.98],[-42.414,-9.376],[0,0],[-18.178,28.322],[0,0],[9.147,24.869]],"v":[[-102.536,-24.585],[-102.536,-24.585],[-73.951,-86.433],[-242.425,-245.99],[-324.469,-223.868],[-324.469,-223.868],[-308.529,-143],[-164.385,-53.171]],"c":true}]}],"ix":2},"nm":"Path 1","mn":"ADBE Vector Shape - Group","hd":false},{"ty":"st","c":{"a":0,"k":[0,0,0,1],"ix":3},"o":{"a":0,"k":100,"ix":4},"w":{"a":0,"k":6,"ix":5},"lc":1,"lj":1,"ml":10,"bm":0,"nm":"Stroke 1","mn":"ADBE Vector Graphic - Stroke","hd":false},{"ty":"fl","c":{"a":0,"k":[0.949019610882,0.439215689898,0.717647075653,1],"ix":4},"o":{"a":0,"k":100,"ix":5},"r":1,"bm":0,"nm":"Fill 1","mn":"ADBE Vector Graphic - Fill","hd":false},{"ty":"tr","p":{"a":0,"k":[0,0],"ix":2},"a":{"a":0,"k":[0,0],"ix":1},"s":{"a":0,"k":[100,100],"ix":3},"r":{"a":0,"k":0,"ix":6},"o":{"a":0,"k":100,"ix":7},"sk":{"a":0,"k":0,"ix":4},"sa":{"a":0,"k":0,"ix":5},"nm":"Transform"}],"nm":"Group 2","np":3,"cix":2,"bm":0,"ix":2,"mn":"ADBE Vector Group","hd":false}],"ip":0,"op":120,"st":0,"bm":0},{"ddd":0,"ind":29,"ty":4,"nm":"02_L_Ear","parent":26,"sr":1,"ks":{"o":{"a":0,"k":100,"ix":11},"r":{"a":1,"k":[{"i":{"x":[0.667],"y":[1]},"o":{"x":[0.333],"y":[0]},"t":41,"s":[-10]},{"i":{"x":[0.667],"y":[1]},"o":{"x":[0.333],"y":[0]},"t":60,"s":[0]},{"i":{"x":[0.667],"y":[1]},"o":{"x":[0.333],"y":[0]},"t":70,"s":[5]},{"i":{"x":[0.667],"y":[1]},"o":{"x":[0.333],"y":[0]},"t":81,"s":[0]},{"i":{"x":[0.667],"y":[1]},"o":{"x":[0.333],"y":[0]},"t":91,"s":[5]},{"i":{"x":[0.667],"y":[1]},"o":{"x":[0.333],"y":[0]},"t":101,"s":[0]},{"i":{"x":[0.667],"y":[1]},"o":{"x":[0.333],"y":[0]},"t":112,"s":[5]},{"t":122,"s":[0]}],"ix":10},"p":{"a":1,"k":[{"i":{"x":0.04,"y":1},"o":{"x":0.37,"y":0},"t":39,"s":[52.423,-114.386,0],"to":[-0.794,11.852,0],"ti":[0.794,-11.852,0]},{"t":59,"s":[47.661,-43.275,0]}],"ix":2},"a":{"a":0,"k":[7.619,40,0],"ix":1},"s":{"a":0,"k":[100,100,100],"ix":6}},"ao":0,"shapes":[{"ty":"gr","it":[{"ind":0,"ty":"sh","ix":1,"ks":{"a":0,"k":{"i":[[26.829,-25.67],[-1.641,-140.274],[-35.162,-3.341],[0,0],[-2.516,38.989],[-9.24,40.991],[9.264,32.041],[0,0]],"o":[[-36.965,35.368],[0.413,35.318],[0,0],[38.895,3.696],[2.622,-40.628],[7.334,-32.537],[0,0],[-10.313,-35.67]],"v":[[-30.267,5.647],[-100.561,255.492],[-37.866,323.419],[-37.866,323.419],[37.792,258.941],[54.586,126.522],[51.481,28.069],[51.481,28.069]],"c":true},"ix":2},"nm":"Path 1","mn":"ADBE Vector Shape - Group","hd":false},{"ty":"st","c":{"a":0,"k":[0,0,0,1],"ix":3},"o":{"a":0,"k":100,"ix":4},"w":{"a":0,"k":6,"ix":5},"lc":1,"lj":1,"ml":10,"bm":0,"nm":"Stroke 1","mn":"ADBE Vector Graphic - Stroke","hd":false},{"ty":"fl","c":{"a":0,"k":[0.949019610882,0.439215689898,0.717647075653,1],"ix":4},"o":{"a":0,"k":100,"ix":5},"r":1,"bm":0,"nm":"Fill 1","mn":"ADBE Vector Graphic - Fill","hd":false},{"ty":"tr","p":{"a":0,"k":[0,0],"ix":2},"a":{"a":0,"k":[0,0],"ix":1},"s":{"a":0,"k":[100,100],"ix":3},"r":{"a":0,"k":0,"ix":6},"o":{"a":0,"k":100,"ix":7},"sk":{"a":0,"k":0,"ix":4},"sa":{"a":0,"k":0,"ix":5},"nm":"Transform"}],"nm":"Group 1","np":3,"cix":2,"bm":0,"ix":1,"mn":"ADBE Vector Group","hd":false}],"ip":0,"op":120,"st":0,"bm":0},{"ddd":0,"ind":30,"ty":4,"nm":"02_R_Ear","parent":26,"sr":1,"ks":{"o":{"a":1,"k":[{"t":39,"s":[0],"h":1},{"t":40,"s":[100],"h":1}],"ix":11},"r":{"a":1,"k":[{"i":{"x":[0.667],"y":[1]},"o":{"x":[0.333],"y":[0]},"t":40,"s":[15]},{"i":{"x":[0.667],"y":[1]},"o":{"x":[0.333],"y":[0]},"t":59,"s":[0]},{"i":{"x":[0.667],"y":[1]},"o":{"x":[0.333],"y":[0]},"t":69,"s":[5]},{"i":{"x":[0.667],"y":[1]},"o":{"x":[0.333],"y":[0]},"t":80,"s":[0]},{"i":{"x":[0.667],"y":[1]},"o":{"x":[0.333],"y":[0]},"t":90,"s":[5]},{"i":{"x":[0.667],"y":[1]},"o":{"x":[0.333],"y":[0]},"t":100,"s":[0]},{"i":{"x":[0.667],"y":[1]},"o":{"x":[0.333],"y":[0]},"t":111,"s":[5]},{"t":121,"s":[0]}],"ix":10},"p":{"a":1,"k":[{"i":{"x":0.04,"y":1},"o":{"x":0.43,"y":0},"t":39,"s":[-110.435,-131.053,0],"to":[-6.032,15.741,0],"ti":[6.032,-15.741,0]},{"t":59,"s":[-146.625,-36.608,0]}],"ix":2},"a":{"a":0,"k":[-186.667,46.667,0],"ix":1},"s":{"a":0,"k":[100,100,100],"ix":6}},"ao":0,"shapes":[{"ty":"gr","it":[{"ind":0,"ty":"sh","ix":1,"ks":{"a":1,"k":[{"i":{"x":0.833,"y":0.833},"o":{"x":0.167,"y":0.167},"t":39,"s":[{"i":[[33.135,-16.89],[3.154,-125.129],[-46.739,-5.979],[0,0],[-1.792,31.771],[-10.161,45.253],[9.328,32.261],[0,0]],"o":[[-78.884,40.209],[-1.187,47.105],[0,0],[31.564,4.038],[2.379,-42.187],[7.357,-32.767],[0,0],[-10.33,-35.728]],"v":[[-193.074,-6.431],[-294.238,206.975],[-213.816,300.344],[-213.816,300.344],[-152.053,249.049],[-108.19,114.682],[-111.315,15.552],[-111.315,15.552]],"c":true}]},{"t":47,"s":[{"i":[[26.844,-25.742],[3.154,-125.129],[-46.739,-5.979],[0,0],[-1.792,31.771],[-10.161,45.253],[9.328,32.262],[0,0]],"o":[[-34.987,33.551],[-1.187,47.104],[0,0],[31.564,4.038],[2.379,-42.187],[7.357,-32.767],[0,0],[-10.33,-35.728]],"v":[[-221.362,5.75],[-296.134,229.339],[-215.711,322.707],[-215.711,322.707],[-153.948,271.413],[-136.478,126.862],[-139.602,27.732],[-139.602,27.732]],"c":true}]}],"ix":2},"nm":"Path 1","mn":"ADBE Vector Shape - Group","hd":false},{"ty":"st","c":{"a":0,"k":[0,0,0,1],"ix":3},"o":{"a":0,"k":100,"ix":4},"w":{"a":0,"k":6,"ix":5},"lc":1,"lj":1,"ml":10,"bm":0,"nm":"Stroke 1","mn":"ADBE Vector Graphic - Stroke","hd":false},{"ty":"fl","c":{"a":0,"k":[0.949019610882,0.439215689898,0.717647075653,1],"ix":4},"o":{"a":0,"k":100,"ix":5},"r":1,"bm":0,"nm":"Fill 1","mn":"ADBE Vector Graphic - Fill","hd":false},{"ty":"tr","p":{"a":0,"k":[0,0],"ix":2},"a":{"a":0,"k":[0,0],"ix":1},"s":{"a":0,"k":[100,100],"ix":3},"r":{"a":0,"k":0,"ix":6},"o":{"a":0,"k":100,"ix":7},"sk":{"a":0,"k":0,"ix":4},"sa":{"a":0,"k":0,"ix":5},"nm":"Transform"}],"nm":"Group 1","np":3,"cix":2,"bm":0,"ix":1,"mn":"ADBE Vector Group","hd":false}],"ip":0,"op":120,"st":0,"bm":0}]}],"layers":[{"ddd":0,"ind":1,"ty":0,"nm":"22_Mallow_Heartbreak","refId":"comp_0","sr":1,"ks":{"o":{"a":0,"k":100,"ix":11},"r":{"a":0,"k":0,"ix":10},"p":{"a":0,"k":[160,160,0],"ix":2},"a":{"a":0,"k":[400,400,0],"ix":1},"s":{"a":0,"k":[40,40,100],"ix":6}},"ao":0,"w":800,"h":800,"ip":0,"op":30,"st":-90,"bm":0},{"ddd":0,"ind":2,"ty":0,"nm":"22_Mallow_Heartbreak","refId":"comp_0","sr":1,"ks":{"o":{"a":0,"k":100,"ix":11},"r":{"a":0,"k":0,"ix":10},"p":{"a":0,"k":[160,160,0],"ix":2},"a":{"a":0,"k":[400,400,0],"ix":1},"s":{"a":0,"k":[40,40,100],"ix":6}},"ao":0,"w":800,"h":800,"ip":30,"op":120,"st":30,"bm":0}],"markers":[]}