{"v":"5.6.2","fr":60,"ip":0,"op":120,"w":320,"h":320,"nm":"08_Mallow_Hopeful","ddd":0,"assets":[{"id":"comp_0","layers":[{"ddd":0,"ind":2,"ty":3,"nm":"Overall_Ctrl","sr":1,"ks":{"o":{"a":0,"k":0,"ix":11},"r":{"a":0,"k":0,"ix":10},"p":{"a":0,"k":[416,622,0],"ix":2},"a":{"a":0,"k":[50,50,0],"ix":1},"s":{"a":0,"k":[100,100,100],"ix":6}},"ao":0,"ip":0,"op":120,"st":0,"bm":0},{"ddd":0,"ind":3,"ty":3,"nm":"Face_Ctrl","parent":11,"sr":1,"ks":{"o":{"a":0,"k":0,"ix":11},"r":{"a":0,"k":0,"ix":10},"p":{"a":1,"k":[{"i":{"x":0.833,"y":1},"o":{"x":0.167,"y":0.167},"t":0,"s":[63,-28.126,0],"to":[0,0,0],"ti":[0,0,0]},{"i":{"x":0.595,"y":1},"o":{"x":0.333,"y":0},"t":4,"s":[63,-29,0],"to":[0,0,0],"ti":[0,0,0]},{"i":{"x":0.833,"y":1},"o":{"x":0.374,"y":0},"t":12,"s":[63,-25.812,0],"to":[0,0,0],"ti":[0,0,0]},{"i":{"x":0.595,"y":1},"o":{"x":0.333,"y":0},"t":24,"s":[63,-29,0],"to":[0,0,0],"ti":[0,0,0]},{"i":{"x":0.833,"y":1},"o":{"x":0.374,"y":0},"t":32,"s":[63,-25.812,0],"to":[0,0,0],"ti":[0,0,0]},{"i":{"x":0.595,"y":1},"o":{"x":0.333,"y":0},"t":44,"s":[63,-29,0],"to":[0,0,0],"ti":[0,0,0]},{"i":{"x":0.656,"y":1},"o":{"x":0.374,"y":0},"t":52,"s":[63,-25.812,0],"to":[0,0,0],"ti":[0,0,0]},{"t":64,"s":[63,-29,0]}],"ix":2},"a":{"a":0,"k":[50,50,0],"ix":1},"s":{"a":0,"k":[50,50,100],"ix":6}},"ao":0,"ip":0,"op":120,"st":0,"bm":0},{"ddd":0,"ind":4,"ty":4,"nm":"L_Arm_Front","parent":15,"sr":1,"ks":{"o":{"a":0,"k":100,"ix":11},"r":{"a":1,"k":[{"i":{"x":[0.833],"y":[1]},"o":{"x":[0.167],"y":[0.167]},"t":0,"s":[0.339]},{"i":{"x":[0.762],"y":[1]},"o":{"x":[0.333],"y":[0]},"t":2,"s":[0]},{"i":{"x":[0.833],"y":[1]},"o":{"x":[0.215],"y":[0]},"t":10,"s":[5]},{"i":{"x":[0.762],"y":[1]},"o":{"x":[0.333],"y":[0]},"t":22,"s":[0]},{"i":{"x":[0.833],"y":[1]},"o":{"x":[0.215],"y":[0]},"t":30,"s":[5]},{"i":{"x":[0.762],"y":[1]},"o":{"x":[0.333],"y":[0]},"t":42,"s":[0]},{"i":{"x":[0.682],"y":[1]},"o":{"x":[0.215],"y":[0]},"t":50,"s":[5]},{"t":62,"s":[0]}],"ix":10},"p":{"a":0,"k":[103.023,131.824,0],"ix":2},"a":{"a":0,"k":[103.023,131.824,0],"ix":1},"s":{"a":0,"k":[100,100,100],"ix":6}},"ao":0,"shapes":[{"ty":"gr","it":[{"ind":0,"ty":"sh","ix":1,"ks":{"a":0,"k":{"i":[[2.206,4.593],[8.165,-4.127],[5.179,1.913],[-4.141,-5.537],[-2.335,-2.093],[-8.194,5.411],[5.419,11.348]],"o":[[-0.814,8.716],[-8.374,4.232],[3.299,7.176],[2.155,2.881],[7.134,6.396],[19.009,-12.552],[0,0]],"v":[[105.179,88.872],[93.329,110.995],[68.246,113.592],[79.465,133.078],[86.208,140.598],[109.434,143.754],[108.823,96.54]],"c":true},"ix":2},"nm":"Path 1","mn":"ADBE Vector Shape - Group","hd":false},{"ty":"st","c":{"a":0,"k":[0,0,0,1],"ix":3},"o":{"a":0,"k":100,"ix":4},"w":{"a":0,"k":3.36,"ix":5},"lc":2,"lj":2,"bm":0,"nm":"Stroke 1","mn":"ADBE Vector Graphic - Stroke","hd":false},{"ty":"fl","c":{"a":0,"k":[0.847058832645,0.823529422283,0.662745118141,1],"ix":4},"o":{"a":0,"k":100,"ix":5},"r":1,"bm":0,"nm":"Fill 1","mn":"ADBE Vector Graphic - Fill","hd":false},{"ty":"tr","p":{"a":0,"k":[0,0],"ix":2},"a":{"a":0,"k":[0,0],"ix":1},"s":{"a":0,"k":[100,100],"ix":3},"r":{"a":0,"k":0,"ix":6},"o":{"a":0,"k":100,"ix":7},"sk":{"a":0,"k":0,"ix":4},"sa":{"a":0,"k":0,"ix":5},"nm":"Transform"}],"nm":"Group 1","np":3,"cix":2,"bm":0,"ix":1,"mn":"ADBE Vector Group","hd":false},{"ty":"gr","it":[{"ind":0,"ty":"sh","ix":1,"ks":{"a":0,"k":{"i":[[2.206,4.593],[8.165,-4.127],[5.179,1.913],[-4.141,-5.537],[-2.335,-2.093],[-8.194,5.411],[5.419,11.348]],"o":[[-0.814,8.716],[-8.374,4.232],[3.299,7.176],[2.155,2.881],[7.134,6.396],[19.009,-12.552],[0,0]],"v":[[105.179,88.872],[93.329,110.995],[68.246,113.592],[79.465,133.078],[86.208,140.598],[109.434,143.754],[108.823,96.54]],"c":true},"ix":2},"nm":"Path 1","mn":"ADBE Vector Shape - Group","hd":false},{"ty":"fl","c":{"a":0,"k":[0.847058832645,0.823529422283,0.662745118141,1],"ix":4},"o":{"a":0,"k":100,"ix":5},"r":1,"bm":0,"nm":"Fill 1","mn":"ADBE Vector Graphic - Fill","hd":false},{"ty":"tr","p":{"a":0,"k":[0,0],"ix":2},"a":{"a":0,"k":[0,0],"ix":1},"s":{"a":0,"k":[100,100],"ix":3},"r":{"a":0,"k":0,"ix":6},"o":{"a":0,"k":100,"ix":7},"sk":{"a":0,"k":0,"ix":4},"sa":{"a":0,"k":0,"ix":5},"nm":"Transform"}],"nm":"Group 2","np":2,"cix":2,"bm":0,"ix":2,"mn":"ADBE Vector Group","hd":false},{"ty":"gr","it":[{"ty":"gr","it":[{"ind":0,"ty":"sh","ix":1,"ks":{"a":0,"k":{"i":[[0,0],[0,0]],"o":[[0,0],[0,0]],"v":[[60.838,55.591],[65.593,64.967]],"c":false},"ix":2},"nm":"Path 1","mn":"ADBE Vector Shape - Group","hd":false},{"ty":"st","c":{"a":0,"k":[0,0,0,1],"ix":3},"o":{"a":0,"k":100,"ix":4},"w":{"a":0,"k":3.36,"ix":5},"lc":2,"lj":2,"bm":0,"nm":"Stroke 1","mn":"ADBE Vector Graphic - Stroke","hd":false},{"ty":"fl","c":{"a":0,"k":[0.949019610882,0.439215689898,0.717647075653,1],"ix":4},"o":{"a":0,"k":100,"ix":5},"r":1,"bm":0,"nm":"Fill 1","mn":"ADBE Vector Graphic - Fill","hd":false},{"ty":"tr","p":{"a":0,"k":[0,0],"ix":2},"a":{"a":0,"k":[0,0],"ix":1},"s":{"a":0,"k":[100,100],"ix":3},"r":{"a":0,"k":0,"ix":6},"o":{"a":0,"k":100,"ix":7},"sk":{"a":0,"k":0,"ix":4},"sa":{"a":0,"k":0,"ix":5},"nm":"Transform"}],"nm":"Group 1","np":3,"cix":2,"bm":0,"ix":1,"mn":"ADBE Vector Group","hd":false},{"ty":"gr","it":[{"ind":0,"ty":"sh","ix":1,"ks":{"a":0,"k":{"i":[[0,0],[8.749,12.363],[1.223,-3.614],[-11.031,4.945]],"o":[[0,0],[-8.749,-12.363],[-1.223,3.614],[0,0]],"v":[[77.385,69.342],[76.054,48.23],[53.883,48.23],[63.31,60.593]],"c":false},"ix":2},"nm":"Path 1","mn":"ADBE Vector Shape - Group","hd":false},{"ty":"st","c":{"a":0,"k":[0,0,0,1],"ix":3},"o":{"a":0,"k":100,"ix":4},"w":{"a":0,"k":3.36,"ix":5},"lc":2,"lj":2,"bm":0,"nm":"Stroke 1","mn":"ADBE Vector Graphic - Stroke","hd":false},{"ty":"fl","c":{"a":0,"k":[0.949019610882,0.439215689898,0.717647075653,1],"ix":4},"o":{"a":0,"k":100,"ix":5},"r":1,"bm":0,"nm":"Fill 1","mn":"ADBE Vector Graphic - Fill","hd":false},{"ty":"tr","p":{"a":0,"k":[0,0],"ix":2},"a":{"a":0,"k":[0,0],"ix":1},"s":{"a":0,"k":[100,100],"ix":3},"r":{"a":0,"k":0,"ix":6},"o":{"a":0,"k":100,"ix":7},"sk":{"a":0,"k":0,"ix":4},"sa":{"a":0,"k":0,"ix":5},"nm":"Transform"}],"nm":"Group 2","np":3,"cix":2,"bm":0,"ix":2,"mn":"ADBE Vector Group","hd":false},{"ty":"gr","it":[{"ind":0,"ty":"sh","ix":1,"ks":{"a":0,"k":{"i":[[0,0],[2.544,10.323],[7.798,-1.712],[-0.24,-5.472],[-2.092,0]],"o":[[0,0],[-2.544,-10.323],[-7.798,1.712],[0.24,5.472],[0,0]],"v":[[90.509,64.967],[94.574,49.804],[77.385,34.726],[66.544,46.518],[75.483,55.838]],"c":false},"ix":2},"nm":"Path 1","mn":"ADBE Vector Shape - Group","hd":false},{"ty":"st","c":{"a":0,"k":[0,0,0,1],"ix":3},"o":{"a":0,"k":100,"ix":4},"w":{"a":0,"k":3.36,"ix":5},"lc":2,"lj":2,"bm":0,"nm":"Stroke 1","mn":"ADBE Vector Graphic - Stroke","hd":false},{"ty":"fl","c":{"a":0,"k":[0.949019610882,0.439215689898,0.717647075653,1],"ix":4},"o":{"a":0,"k":100,"ix":5},"r":1,"bm":0,"nm":"Fill 1","mn":"ADBE Vector Graphic - Fill","hd":false},{"ty":"tr","p":{"a":0,"k":[0,0],"ix":2},"a":{"a":0,"k":[0,0],"ix":1},"s":{"a":0,"k":[100,100],"ix":3},"r":{"a":0,"k":0,"ix":6},"o":{"a":0,"k":100,"ix":7},"sk":{"a":0,"k":0,"ix":4},"sa":{"a":0,"k":0,"ix":5},"nm":"Transform"}],"nm":"Group 3","np":3,"cix":2,"bm":0,"ix":3,"mn":"ADBE Vector Group","hd":false},{"ty":"gr","it":[{"ind":0,"ty":"sh","ix":1,"ks":{"a":0,"k":{"i":[[0,0],[-1.482,12.688],[8.749,0.19],[1.141,-8.178],[0,0]],"o":[[0,0],[1.482,-12.688],[-8.749,-0.19],[-1.141,8.178],[0,0]],"v":[[87.369,74.667],[109.187,54.07],[96.595,29.971],[79.858,40.051],[84.803,50.893]],"c":false},"ix":2},"nm":"Path 1","mn":"ADBE Vector Shape - Group","hd":false},{"ty":"st","c":{"a":0,"k":[0,0,0,1],"ix":3},"o":{"a":0,"k":100,"ix":4},"w":{"a":0,"k":3.36,"ix":5},"lc":2,"lj":2,"bm":0,"nm":"Stroke 1","mn":"ADBE Vector Graphic - Stroke","hd":false},{"ty":"fl","c":{"a":0,"k":[0.949019610882,0.439215689898,0.717647075653,1],"ix":4},"o":{"a":0,"k":100,"ix":5},"r":1,"bm":0,"nm":"Fill 1","mn":"ADBE Vector Graphic - Fill","hd":false},{"ty":"tr","p":{"a":0,"k":[0,0],"ix":2},"a":{"a":0,"k":[0,0],"ix":1},"s":{"a":0,"k":[100,100],"ix":3},"r":{"a":0,"k":0,"ix":6},"o":{"a":0,"k":100,"ix":7},"sk":{"a":0,"k":0,"ix":4},"sa":{"a":0,"k":0,"ix":5},"nm":"Transform"}],"nm":"Group 4","np":3,"cix":2,"bm":0,"ix":4,"mn":"ADBE Vector Group","hd":false},{"ty":"gr","it":[{"ind":0,"ty":"sh","ix":1,"ks":{"a":0,"k":{"i":[[5.419,11.348],[6.201,7.608],[8.129,-5.106],[-33.054,21.827]],"o":[[0,0],[-6.201,-7.608],[-7.3,4.586],[19.009,-12.552]],"v":[[108.823,96.54],[84.327,49.804],[55.441,59.451],[109.434,143.754]],"c":true},"ix":2},"nm":"Path 1","mn":"ADBE Vector Shape - Group","hd":false},{"ty":"st","c":{"a":0,"k":[0,0,0,1],"ix":3},"o":{"a":0,"k":100,"ix":4},"w":{"a":0,"k":3.36,"ix":5},"lc":2,"lj":2,"bm":0,"nm":"Stroke 1","mn":"ADBE Vector Graphic - Stroke","hd":false},{"ty":"fl","c":{"a":0,"k":[0.949019610882,0.439215689898,0.717647075653,1],"ix":4},"o":{"a":0,"k":100,"ix":5},"r":1,"bm":0,"nm":"Fill 1","mn":"ADBE Vector Graphic - Fill","hd":false},{"ty":"tr","p":{"a":0,"k":[0,0],"ix":2},"a":{"a":0,"k":[0,0],"ix":1},"s":{"a":0,"k":[100,100],"ix":3},"r":{"a":0,"k":0,"ix":6},"o":{"a":0,"k":100,"ix":7},"sk":{"a":0,"k":0,"ix":4},"sa":{"a":0,"k":0,"ix":5},"nm":"Transform"}],"nm":"Group 5","np":3,"cix":2,"bm":0,"ix":5,"mn":"ADBE Vector Group","hd":false},{"ty":"gr","it":[{"ind":0,"ty":"sh","ix":1,"ks":{"a":0,"k":{"i":[[-1.331,8.262],[6.086,1.522],[0.951,-6.36],[-7.988,0.951]],"o":[[0.52,-3.224],[-6.086,-1.522],[-0.951,6.36],[7.988,-0.951]],"v":[[86.705,34.452],[78.526,24.265],[58.746,34.452],[69.587,48.23]],"c":true},"ix":2},"nm":"Path 1","mn":"ADBE Vector Shape - Group","hd":false},{"ty":"st","c":{"a":0,"k":[0,0,0,1],"ix":3},"o":{"a":0,"k":100,"ix":4},"w":{"a":0,"k":3.36,"ix":5},"lc":2,"lj":2,"bm":0,"nm":"Stroke 1","mn":"ADBE Vector Graphic - Stroke","hd":false},{"ty":"fl","c":{"a":0,"k":[0.949019610882,0.439215689898,0.717647075653,1],"ix":4},"o":{"a":0,"k":100,"ix":5},"r":1,"bm":0,"nm":"Fill 1","mn":"ADBE Vector Graphic - Fill","hd":false},{"ty":"tr","p":{"a":0,"k":[0,0],"ix":2},"a":{"a":0,"k":[0,0],"ix":1},"s":{"a":0,"k":[100,100],"ix":3},"r":{"a":0,"k":0,"ix":6},"o":{"a":0,"k":100,"ix":7},"sk":{"a":0,"k":0,"ix":4},"sa":{"a":0,"k":0,"ix":5},"nm":"Transform"}],"nm":"Group 6","np":3,"cix":2,"bm":0,"ix":6,"mn":"ADBE Vector Group","hd":false},{"ty":"tr","p":{"a":0,"k":[0,0],"ix":2},"a":{"a":0,"k":[0,0],"ix":1},"s":{"a":0,"k":[100,100],"ix":3},"r":{"a":0,"k":0,"ix":6},"o":{"a":0,"k":100,"ix":7},"sk":{"a":0,"k":0,"ix":4},"sa":{"a":0,"k":0,"ix":5},"nm":"Transform"}],"nm":"Group 3","np":6,"cix":2,"bm":0,"ix":3,"mn":"ADBE Vector Group","hd":false}],"ip":0,"op":120,"st":0,"bm":0},{"ddd":0,"ind":5,"ty":4,"nm":"R_Arm","parent":14,"sr":1,"ks":{"o":{"a":0,"k":100,"ix":11},"r":{"a":1,"k":[{"i":{"x":[0.833],"y":[1]},"o":{"x":[0.167],"y":[0.167]},"t":0,"s":[-0.407]},{"i":{"x":[0.762],"y":[1]},"o":{"x":[0.333],"y":[0]},"t":2,"s":[0]},{"i":{"x":[0.833],"y":[1]},"o":{"x":[0.215],"y":[0]},"t":10,"s":[-6]},{"i":{"x":[0.762],"y":[1]},"o":{"x":[0.333],"y":[0]},"t":22,"s":[0]},{"i":{"x":[0.833],"y":[1]},"o":{"x":[0.215],"y":[0]},"t":30,"s":[-6]},{"i":{"x":[0.762],"y":[1]},"o":{"x":[0.333],"y":[0]},"t":42,"s":[0]},{"i":{"x":[0.682],"y":[1]},"o":{"x":[0.215],"y":[0]},"t":50,"s":[-6]},{"t":62,"s":[0]}],"ix":10},"p":{"a":0,"k":[-33,98,0],"ix":2},"a":{"a":0,"k":[-33,98,0],"ix":1},"s":{"a":0,"k":[100,100,100],"ix":6}},"ao":0,"shapes":[{"ty":"gr","it":[{"ind":0,"ty":"sh","ix":1,"ks":{"a":0,"k":{"i":[[0,0],[0,0]],"o":[[0,0],[0,0]],"v":[[34.553,55.591],[29.798,64.967]],"c":false},"ix":2},"nm":"Path 1","mn":"ADBE Vector Shape - Group","hd":false},{"ty":"st","c":{"a":0,"k":[0,0,0,1],"ix":3},"o":{"a":0,"k":100,"ix":4},"w":{"a":0,"k":3.36,"ix":5},"lc":2,"lj":2,"bm":0,"nm":"Stroke 1","mn":"ADBE Vector Graphic - Stroke","hd":false},{"ty":"fl","c":{"a":0,"k":[0.949019610882,0.439215689898,0.717647075653,1],"ix":4},"o":{"a":0,"k":100,"ix":5},"r":1,"bm":0,"nm":"Fill 1","mn":"ADBE Vector Graphic - Fill","hd":false},{"ty":"tr","p":{"a":0,"k":[0,0],"ix":2},"a":{"a":0,"k":[0,0],"ix":1},"s":{"a":0,"k":[100,100],"ix":3},"r":{"a":0,"k":0,"ix":6},"o":{"a":0,"k":100,"ix":7},"sk":{"a":0,"k":0,"ix":4},"sa":{"a":0,"k":0,"ix":5},"nm":"Transform"}],"nm":"Group 1","np":3,"cix":2,"bm":0,"ix":1,"mn":"ADBE Vector Group","hd":false},{"ty":"gr","it":[{"ind":0,"ty":"sh","ix":1,"ks":{"a":0,"k":{"i":[[0,0],[-8.749,12.363],[-1.223,-3.614],[11.031,4.945]],"o":[[0,0],[8.749,-12.363],[1.223,3.614],[0,0]],"v":[[18.006,69.342],[19.337,48.23],[41.508,48.23],[32.08,60.593]],"c":false},"ix":2},"nm":"Path 1","mn":"ADBE Vector Shape - Group","hd":false},{"ty":"st","c":{"a":0,"k":[0,0,0,1],"ix":3},"o":{"a":0,"k":100,"ix":4},"w":{"a":0,"k":3.36,"ix":5},"lc":2,"lj":2,"bm":0,"nm":"Stroke 1","mn":"ADBE Vector Graphic - Stroke","hd":false},{"ty":"fl","c":{"a":0,"k":[0.949019610882,0.439215689898,0.717647075653,1],"ix":4},"o":{"a":0,"k":100,"ix":5},"r":1,"bm":0,"nm":"Fill 1","mn":"ADBE Vector Graphic - Fill","hd":false},{"ty":"tr","p":{"a":0,"k":[0,0],"ix":2},"a":{"a":0,"k":[0,0],"ix":1},"s":{"a":0,"k":[100,100],"ix":3},"r":{"a":0,"k":0,"ix":6},"o":{"a":0,"k":100,"ix":7},"sk":{"a":0,"k":0,"ix":4},"sa":{"a":0,"k":0,"ix":5},"nm":"Transform"}],"nm":"Group 2","np":3,"cix":2,"bm":0,"ix":2,"mn":"ADBE Vector Group","hd":false},{"ty":"gr","it":[{"ind":0,"ty":"sh","ix":1,"ks":{"a":0,"k":{"i":[[0,0],[-2.544,10.323],[-7.798,-1.712],[0.24,-5.472],[2.092,0]],"o":[[0,0],[2.544,-10.323],[7.798,1.712],[-0.24,5.472],[0,0]],"v":[[4.882,64.967],[0.816,49.804],[18.006,34.726],[28.847,46.518],[19.908,55.838]],"c":false},"ix":2},"nm":"Path 1","mn":"ADBE Vector Shape - Group","hd":false},{"ty":"st","c":{"a":0,"k":[0,0,0,1],"ix":3},"o":{"a":0,"k":100,"ix":4},"w":{"a":0,"k":3.36,"ix":5},"lc":2,"lj":2,"bm":0,"nm":"Stroke 1","mn":"ADBE Vector Graphic - Stroke","hd":false},{"ty":"fl","c":{"a":0,"k":[0.949019610882,0.439215689898,0.717647075653,1],"ix":4},"o":{"a":0,"k":100,"ix":5},"r":1,"bm":0,"nm":"Fill 1","mn":"ADBE Vector Graphic - Fill","hd":false},{"ty":"tr","p":{"a":0,"k":[0,0],"ix":2},"a":{"a":0,"k":[0,0],"ix":1},"s":{"a":0,"k":[100,100],"ix":3},"r":{"a":0,"k":0,"ix":6},"o":{"a":0,"k":100,"ix":7},"sk":{"a":0,"k":0,"ix":4},"sa":{"a":0,"k":0,"ix":5},"nm":"Transform"}],"nm":"Group 3","np":3,"cix":2,"bm":0,"ix":3,"mn":"ADBE Vector Group","hd":false},{"ty":"gr","it":[{"ind":0,"ty":"sh","ix":1,"ks":{"a":0,"k":{"i":[[0,0],[1.482,12.688],[-8.749,0.19],[-1.141,-8.178],[0,0]],"o":[[0,0],[-1.482,-12.688],[8.749,-0.19],[1.141,8.178],[0,0]],"v":[[8.022,74.667],[-13.796,54.07],[-1.204,29.971],[15.533,40.051],[10.588,50.893]],"c":false},"ix":2},"nm":"Path 1","mn":"ADBE Vector Shape - Group","hd":false},{"ty":"st","c":{"a":0,"k":[0,0,0,1],"ix":3},"o":{"a":0,"k":100,"ix":4},"w":{"a":0,"k":3.36,"ix":5},"lc":2,"lj":2,"bm":0,"nm":"Stroke 1","mn":"ADBE Vector Graphic - Stroke","hd":false},{"ty":"fl","c":{"a":0,"k":[0.949019610882,0.439215689898,0.717647075653,1],"ix":4},"o":{"a":0,"k":100,"ix":5},"r":1,"bm":0,"nm":"Fill 1","mn":"ADBE Vector Graphic - Fill","hd":false},{"ty":"tr","p":{"a":0,"k":[0,0],"ix":2},"a":{"a":0,"k":[0,0],"ix":1},"s":{"a":0,"k":[100,100],"ix":3},"r":{"a":0,"k":0,"ix":6},"o":{"a":0,"k":100,"ix":7},"sk":{"a":0,"k":0,"ix":4},"sa":{"a":0,"k":0,"ix":5},"nm":"Transform"}],"nm":"Group 4","np":3,"cix":2,"bm":0,"ix":4,"mn":"ADBE Vector Group","hd":false},{"ty":"gr","it":[{"ind":0,"ty":"sh","ix":1,"ks":{"a":0,"k":{"i":[[0,0],[0,0]],"o":[[0,0],[0,0]],"v":[[-25.366,118.846],[-12.799,95.193]],"c":false},"ix":2},"nm":"Path 1","mn":"ADBE Vector Shape - Group","hd":false},{"ty":"st","c":{"a":0,"k":[0,0,0,1],"ix":3},"o":{"a":0,"k":100,"ix":4},"w":{"a":0,"k":3.36,"ix":5},"lc":2,"lj":2,"bm":0,"nm":"Stroke 1","mn":"ADBE Vector Graphic - Stroke","hd":false},{"ty":"fl","c":{"a":0,"k":[0.949019610882,0.439215689898,0.717647075653,1],"ix":4},"o":{"a":0,"k":100,"ix":5},"r":1,"bm":0,"nm":"Fill 1","mn":"ADBE Vector Graphic - Fill","hd":false},{"ty":"tr","p":{"a":0,"k":[0,0],"ix":2},"a":{"a":0,"k":[0,0],"ix":1},"s":{"a":0,"k":[100,100],"ix":3},"r":{"a":0,"k":0,"ix":6},"o":{"a":0,"k":100,"ix":7},"sk":{"a":0,"k":0,"ix":4},"sa":{"a":0,"k":0,"ix":5},"nm":"Transform"}],"nm":"Group 5","np":3,"cix":2,"bm":0,"ix":5,"mn":"ADBE Vector Group","hd":false},{"ty":"gr","it":[{"ind":0,"ty":"sh","ix":1,"ks":{"a":0,"k":{"i":[[-9.887,16.924],[2.7,9.764],[0,0],[18.726,-7.227],[-32.355,0]],"o":[[-25.513,4.667],[-0.408,0.865],[0,0],[-18.726,7.227],[13.881,0]],"v":[[24.002,119.208],[-12.799,95.193],[-13.432,96.54],[-37.826,85.699],[-12.806,150.021]],"c":true},"ix":2},"nm":"Path 1","mn":"ADBE Vector Shape - Group","hd":false},{"ty":"st","c":{"a":0,"k":[0,0,0,1],"ix":3},"o":{"a":0,"k":100,"ix":4},"w":{"a":0,"k":3.36,"ix":5},"lc":2,"lj":2,"bm":0,"nm":"Stroke 1","mn":"ADBE Vector Graphic - Stroke","hd":false},{"ty":"fl","c":{"a":0,"k":[0.847058832645,0.823529422283,0.662745118141,1],"ix":4},"o":{"a":0,"k":100,"ix":5},"r":1,"bm":0,"nm":"Fill 1","mn":"ADBE Vector Graphic - Fill","hd":false},{"ty":"tr","p":{"a":0,"k":[0,0],"ix":2},"a":{"a":0,"k":[0,0],"ix":1},"s":{"a":0,"k":[100,100],"ix":3},"r":{"a":0,"k":0,"ix":6},"o":{"a":0,"k":100,"ix":7},"sk":{"a":0,"k":0,"ix":4},"sa":{"a":0,"k":0,"ix":5},"nm":"Transform"}],"nm":"Group 6","np":3,"cix":2,"bm":0,"ix":6,"mn":"ADBE Vector Group","hd":false},{"ty":"gr","it":[{"ind":0,"ty":"sh","ix":1,"ks":{"a":0,"k":{"i":[[0,0],[18.726,-7.227],[-32.355,0],[10.439,6.557],[6.201,-7.608]],"o":[[0,0],[-18.726,7.227],[34.14,0],[-8.129,-5.106],[-6.201,7.608]],"v":[[-13.432,96.54],[-37.826,85.699],[-12.806,150.021],[39.949,59.451],[11.063,49.804]],"c":true},"ix":2},"nm":"Path 1","mn":"ADBE Vector Shape - Group","hd":false},{"ty":"st","c":{"a":0,"k":[0,0,0,1],"ix":3},"o":{"a":0,"k":100,"ix":4},"w":{"a":0,"k":3.36,"ix":5},"lc":2,"lj":2,"bm":0,"nm":"Stroke 1","mn":"ADBE Vector Graphic - Stroke","hd":false},{"ty":"fl","c":{"a":0,"k":[0.949019610882,0.439215689898,0.717647075653,1],"ix":4},"o":{"a":0,"k":100,"ix":5},"r":1,"bm":0,"nm":"Fill 1","mn":"ADBE Vector Graphic - Fill","hd":false},{"ty":"tr","p":{"a":0,"k":[0,0],"ix":2},"a":{"a":0,"k":[0,0],"ix":1},"s":{"a":0,"k":[100,100],"ix":3},"r":{"a":0,"k":0,"ix":6},"o":{"a":0,"k":100,"ix":7},"sk":{"a":0,"k":0,"ix":4},"sa":{"a":0,"k":0,"ix":5},"nm":"Transform"}],"nm":"Group 7","np":3,"cix":2,"bm":0,"ix":7,"mn":"ADBE Vector Group","hd":false},{"ty":"gr","it":[{"ind":0,"ty":"sh","ix":1,"ks":{"a":0,"k":{"i":[[1.331,8.262],[-6.086,1.522],[-0.951,-6.36],[7.988,0.951]],"o":[[-0.52,-3.224],[6.086,-1.522],[0.951,6.36],[-7.988,-0.951]],"v":[[8.686,34.452],[16.864,24.265],[36.645,34.452],[25.804,48.23]],"c":true},"ix":2},"nm":"Path 1","mn":"ADBE Vector Shape - Group","hd":false},{"ty":"st","c":{"a":0,"k":[0,0,0,1],"ix":3},"o":{"a":0,"k":100,"ix":4},"w":{"a":0,"k":3.36,"ix":5},"lc":2,"lj":2,"bm":0,"nm":"Stroke 1","mn":"ADBE Vector Graphic - Stroke","hd":false},{"ty":"fl","c":{"a":0,"k":[0.949019610882,0.439215689898,0.717647075653,1],"ix":4},"o":{"a":0,"k":100,"ix":5},"r":1,"bm":0,"nm":"Fill 1","mn":"ADBE Vector Graphic - Fill","hd":false},{"ty":"tr","p":{"a":0,"k":[0,0],"ix":2},"a":{"a":0,"k":[0,0],"ix":1},"s":{"a":0,"k":[100,100],"ix":3},"r":{"a":0,"k":0,"ix":6},"o":{"a":0,"k":100,"ix":7},"sk":{"a":0,"k":0,"ix":4},"sa":{"a":0,"k":0,"ix":5},"nm":"Transform"}],"nm":"Group 8","np":3,"cix":2,"bm":0,"ix":8,"mn":"ADBE Vector Group","hd":false}],"ip":0,"op":120,"st":0,"bm":0},{"ddd":0,"ind":6,"ty":4,"nm":"Mouth","parent":3,"sr":1,"ks":{"o":{"a":0,"k":100,"ix":11},"r":{"a":0,"k":0,"ix":10},"p":{"a":0,"k":[44.839,78.397,0],"ix":2},"a":{"a":0,"k":[60.419,-14.802,0],"ix":1},"s":{"a":0,"k":[200,200,100],"ix":6}},"ao":0,"shapes":[{"ty":"gr","it":[{"ind":0,"ty":"sh","ix":1,"ks":{"a":0,"k":{"i":[[0,0],[17.498,-1.141],[0,0]],"o":[[0,0],[-17.498,1.141],[0,0]],"v":[[93.323,-32.413],[66.316,2.773],[41.508,-21.304]],"c":false},"ix":2},"nm":"Path 1","mn":"ADBE Vector Shape - Group","hd":false},{"ty":"st","c":{"a":0,"k":[0,0,0,1],"ix":3},"o":{"a":0,"k":100,"ix":4},"w":{"a":0,"k":1.68,"ix":5},"lc":2,"lj":2,"bm":0,"nm":"Stroke 1","mn":"ADBE Vector Graphic - Stroke","hd":false},{"ty":"tr","p":{"a":0,"k":[0,0],"ix":2},"a":{"a":0,"k":[0,0],"ix":1},"s":{"a":0,"k":[100,100],"ix":3},"r":{"a":0,"k":0,"ix":6},"o":{"a":0,"k":100,"ix":7},"sk":{"a":0,"k":0,"ix":4},"sa":{"a":0,"k":0,"ix":5},"nm":"Transform"}],"nm":"Group 1","np":2,"cix":2,"bm":0,"ix":1,"mn":"ADBE Vector Group","hd":false},{"ty":"gr","it":[{"ind":0,"ty":"sh","ix":1,"ks":{"a":0,"k":{"i":[[0,0],[-3.356,15.843]],"o":[[0,0],[0,0]],"v":[[27.515,-18.274],[47.296,-31.082]],"c":false},"ix":2},"nm":"Path 1","mn":"ADBE Vector Shape - Group","hd":false},{"ty":"st","c":{"a":0,"k":[0,0,0,1],"ix":3},"o":{"a":0,"k":100,"ix":4},"w":{"a":0,"k":1.68,"ix":5},"lc":2,"lj":2,"bm":0,"nm":"Stroke 1","mn":"ADBE Vector Graphic - Stroke","hd":false},{"ty":"tr","p":{"a":0,"k":[0,0],"ix":2},"a":{"a":0,"k":[0,0],"ix":1},"s":{"a":0,"k":[100,100],"ix":3},"r":{"a":0,"k":0,"ix":6},"o":{"a":0,"k":100,"ix":7},"sk":{"a":0,"k":0,"ix":4},"sa":{"a":0,"k":0,"ix":5},"nm":"Transform"}],"nm":"Group 2","np":2,"cix":2,"bm":0,"ix":2,"mn":"ADBE Vector Group","hd":false}],"ip":0,"op":120,"st":0,"bm":0},{"ddd":0,"ind":7,"ty":4,"nm":"R_Eyebrow","parent":3,"sr":1,"ks":{"o":{"a":0,"k":100,"ix":11},"r":{"a":0,"k":0,"ix":10},"p":{"a":1,"k":[{"i":{"x":0.833,"y":1},"o":{"x":0.167,"y":0.167},"t":0,"s":[-100.9,-58.827,0],"to":[0,0,0],"ti":[0,0,0]},{"i":{"x":0.667,"y":1},"o":{"x":0.333,"y":0},"t":5,"s":[-100.9,-62.78,0],"to":[0,0,0],"ti":[0,0,0]},{"i":{"x":0.667,"y":1},"o":{"x":0.333,"y":0},"t":13,"s":[-100.9,-52.283,0],"to":[0,0,0],"ti":[0,0,0]},{"i":{"x":0.667,"y":1},"o":{"x":0.333,"y":0},"t":25,"s":[-100.9,-62.78,0],"to":[0,0,0],"ti":[0,0,0]},{"i":{"x":0.667,"y":1},"o":{"x":0.333,"y":0},"t":33,"s":[-100.9,-52.283,0],"to":[0,0,0],"ti":[0,0,0]},{"i":{"x":0.667,"y":1},"o":{"x":0.333,"y":0},"t":45,"s":[-100.9,-62.78,0],"to":[0,0,0],"ti":[0,0,0]},{"i":{"x":0.667,"y":1},"o":{"x":0.333,"y":0},"t":53,"s":[-100.9,-52.283,0],"to":[0,0,0],"ti":[0,0,0]},{"t":65,"s":[-100.9,-62.78,0]}],"ix":2},"a":{"a":0,"k":[-12.45,-85.39,0],"ix":1},"s":{"a":0,"k":[200,200,100],"ix":6}},"ao":0,"shapes":[{"ty":"gr","it":[{"ind":0,"ty":"sh","ix":1,"ks":{"a":0,"k":{"i":[[0,0],[14.55,0.853]],"o":[[0,0],[0,0]],"v":[[1.934,-92.183],[-26.834,-78.634]],"c":false},"ix":2},"nm":"Path 1","mn":"ADBE Vector Shape - Group","hd":false},{"ty":"st","c":{"a":0,"k":[0,0,0,1],"ix":3},"o":{"a":0,"k":100,"ix":4},"w":{"a":0,"k":1.68,"ix":5},"lc":2,"lj":2,"bm":0,"nm":"Stroke 1","mn":"ADBE Vector Graphic - Stroke","hd":false},{"ty":"tr","p":{"a":0,"k":[0,0],"ix":2},"a":{"a":0,"k":[0,0],"ix":1},"s":{"a":0,"k":[100,100],"ix":3},"r":{"a":0,"k":0,"ix":6},"o":{"a":0,"k":100,"ix":7},"sk":{"a":0,"k":0,"ix":4},"sa":{"a":0,"k":0,"ix":5},"nm":"Transform"}],"nm":"Group 1","np":2,"cix":2,"bm":0,"ix":1,"mn":"ADBE Vector Group","hd":false}],"ip":0,"op":120,"st":0,"bm":0},{"ddd":0,"ind":8,"ty":4,"nm":"L_Eyebrow","parent":3,"sr":1,"ks":{"o":{"a":0,"k":100,"ix":11},"r":{"a":0,"k":0,"ix":10},"p":{"a":1,"k":[{"i":{"x":0.833,"y":1},"o":{"x":0.167,"y":0.167},"t":0,"s":[194.333,-54.389,0],"to":[0,0,0],"ti":[0,0,0]},{"i":{"x":0.667,"y":1},"o":{"x":0.333,"y":0},"t":5,"s":[194.333,-58.343,0],"to":[0,0,0],"ti":[0,0,0]},{"i":{"x":0.667,"y":1},"o":{"x":0.333,"y":0},"t":13,"s":[194.333,-47.845,0],"to":[0,0,0],"ti":[0,0,0]},{"i":{"x":0.667,"y":1},"o":{"x":0.333,"y":0},"t":25,"s":[194.333,-58.343,0],"to":[0,0,0],"ti":[0,0,0]},{"i":{"x":0.667,"y":1},"o":{"x":0.333,"y":0},"t":33,"s":[194.333,-47.845,0],"to":[0,0,0],"ti":[0,0,0]},{"i":{"x":0.667,"y":1},"o":{"x":0.333,"y":0},"t":45,"s":[194.333,-58.343,0],"to":[0,0,0],"ti":[0,0,0]},{"i":{"x":0.667,"y":1},"o":{"x":0.333,"y":0},"t":53,"s":[194.333,-47.845,0],"to":[0,0,0],"ti":[0,0,0]},{"t":65,"s":[194.333,-58.343,0]}],"ix":2},"a":{"a":0,"k":[135.167,-83.172,0],"ix":1},"s":{"a":0,"k":[200,200,100],"ix":6}},"ao":0,"shapes":[{"ty":"gr","it":[{"ind":0,"ty":"sh","ix":1,"ks":{"a":0,"k":{"i":[[0,0],[-14.55,0.853]],"o":[[0,0],[0,0]],"v":[[126.323,-87.761],[144.011,-78.634]],"c":false},"ix":2},"nm":"Path 1","mn":"ADBE Vector Shape - Group","hd":false},{"ty":"st","c":{"a":0,"k":[0,0,0,1],"ix":3},"o":{"a":0,"k":100,"ix":4},"w":{"a":0,"k":1.68,"ix":5},"lc":2,"lj":2,"bm":0,"nm":"Stroke 1","mn":"ADBE Vector Graphic - Stroke","hd":false},{"ty":"tr","p":{"a":0,"k":[0,0],"ix":2},"a":{"a":0,"k":[0,0],"ix":1},"s":{"a":0,"k":[100,100],"ix":3},"r":{"a":0,"k":0,"ix":6},"o":{"a":0,"k":100,"ix":7},"sk":{"a":0,"k":0,"ix":4},"sa":{"a":0,"k":0,"ix":5},"nm":"Transform"}],"nm":"Group 1","np":2,"cix":2,"bm":0,"ix":1,"mn":"ADBE Vector Group","hd":false}],"ip":0,"op":120,"st":0,"bm":0},{"ddd":0,"ind":9,"ty":4,"nm":"R_Eye","parent":3,"sr":1,"ks":{"o":{"a":0,"k":100,"ix":11},"r":{"a":0,"k":0,"ix":10},"p":{"a":0,"k":[-89.535,16.577,0],"ix":2},"a":{"a":0,"k":[-6.767,-45.712,0],"ix":1},"s":{"a":0,"k":[200,200,100],"ix":6}},"ao":0,"shapes":[{"ty":"gr","it":[{"ind":0,"ty":"sh","ix":1,"ks":{"a":0,"k":{"i":[[0,0],[-17.688,-13.694]],"o":[[0,0],[0,0]],"v":[[-24.598,-32.413],[11.063,-32.413]],"c":false},"ix":2},"nm":"Path 1","mn":"ADBE Vector Shape - Group","hd":false},{"ty":"st","c":{"a":0,"k":[0,0,0,1],"ix":3},"o":{"a":0,"k":100,"ix":4},"w":{"a":0,"k":1.68,"ix":5},"lc":2,"lj":2,"bm":0,"nm":"Stroke 1","mn":"ADBE Vector Graphic - Stroke","hd":false},{"ty":"tr","p":{"a":0,"k":[0,0],"ix":2},"a":{"a":0,"k":[0,0],"ix":1},"s":{"a":0,"k":[100,100],"ix":3},"r":{"a":0,"k":0,"ix":6},"o":{"a":0,"k":100,"ix":7},"sk":{"a":0,"k":0,"ix":4},"sa":{"a":0,"k":0,"ix":5},"nm":"Transform"}],"nm":"Group 1","np":2,"cix":2,"bm":0,"ix":1,"mn":"ADBE Vector Group","hd":false},{"ty":"gr","it":[{"ind":0,"ty":"sh","ix":1,"ks":{"a":0,"k":{"i":[[0,0],[-17.688,-13.694],[13.263,-1.284]],"o":[[0,0],[0,0],[-13.263,1.284]],"v":[[-24.598,-32.413],[11.063,-32.413],[-6.2,-19.433]],"c":true},"ix":2},"nm":"Path 1","mn":"ADBE Vector Shape - Group","hd":false},{"ty":"fl","c":{"a":0,"k":[0.949019610882,0.439215689898,0.717647075653,1],"ix":4},"o":{"a":0,"k":100,"ix":5},"r":1,"bm":0,"nm":"Fill 1","mn":"ADBE Vector Graphic - Fill","hd":false},{"ty":"tr","p":{"a":0,"k":[0,0],"ix":2},"a":{"a":0,"k":[0,0],"ix":1},"s":{"a":0,"k":[100,100],"ix":3},"r":{"a":0,"k":0,"ix":6},"o":{"a":0,"k":100,"ix":7},"sk":{"a":0,"k":0,"ix":4},"sa":{"a":0,"k":0,"ix":5},"nm":"Transform"}],"nm":"Group 2","np":2,"cix":2,"bm":0,"ix":2,"mn":"ADBE Vector Group","hd":false},{"ty":"gr","it":[{"ind":0,"ty":"sh","ix":1,"ks":{"a":0,"k":{"i":[[0,-13.563],[-6.511,0],[0,13.563],[6.511,0]],"o":[[0,13.563],[6.511,0],[0,-13.563],[-6.511,0]],"v":[[-17.99,-47.515],[-6.201,-22.958],[5.589,-47.515],[-6.201,-72.072]],"c":true},"ix":2},"nm":"Path 1","mn":"ADBE Vector Shape - Group","hd":false},{"ty":"fl","c":{"a":0,"k":[0,0,0,1],"ix":4},"o":{"a":0,"k":100,"ix":5},"r":1,"bm":0,"nm":"Fill 1","mn":"ADBE Vector Graphic - Fill","hd":false},{"ty":"tr","p":{"a":0,"k":[0,0],"ix":2},"a":{"a":0,"k":[0,0],"ix":1},"s":{"a":0,"k":[100,100],"ix":3},"r":{"a":0,"k":0,"ix":6},"o":{"a":0,"k":100,"ix":7},"sk":{"a":0,"k":0,"ix":4},"sa":{"a":0,"k":0,"ix":5},"nm":"Transform"}],"nm":"Group 3","np":2,"cix":2,"bm":0,"ix":3,"mn":"ADBE Vector Group","hd":false}],"ip":0,"op":120,"st":0,"bm":0},{"ddd":0,"ind":10,"ty":4,"nm":"L_Eye","parent":3,"sr":1,"ks":{"o":{"a":0,"k":100,"ix":11},"r":{"a":0,"k":0,"ix":10},"p":{"a":0,"k":[183.778,16.577,0],"ix":2},"a":{"a":0,"k":[129.889,-45.712,0],"ix":1},"s":{"a":0,"k":[200,200,100],"ix":6}},"ao":0,"shapes":[{"ty":"gr","it":[{"ind":0,"ty":"sh","ix":1,"ks":{"a":0,"k":{"i":[[0,0],[-17.688,-13.694]],"o":[[0,0],[0,0]],"v":[[112.058,-32.413],[147.72,-32.413]],"c":false},"ix":2},"nm":"Path 1","mn":"ADBE Vector Shape - Group","hd":false},{"ty":"st","c":{"a":0,"k":[0,0,0,1],"ix":3},"o":{"a":0,"k":100,"ix":4},"w":{"a":0,"k":1.68,"ix":5},"lc":2,"lj":2,"bm":0,"nm":"Stroke 1","mn":"ADBE Vector Graphic - Stroke","hd":false},{"ty":"tr","p":{"a":0,"k":[0,0],"ix":2},"a":{"a":0,"k":[0,0],"ix":1},"s":{"a":0,"k":[100,100],"ix":3},"r":{"a":0,"k":0,"ix":6},"o":{"a":0,"k":100,"ix":7},"sk":{"a":0,"k":0,"ix":4},"sa":{"a":0,"k":0,"ix":5},"nm":"Transform"}],"nm":"Group 1","np":2,"cix":2,"bm":0,"ix":1,"mn":"ADBE Vector Group","hd":false},{"ty":"gr","it":[{"ind":0,"ty":"sh","ix":1,"ks":{"a":0,"k":{"i":[[0,0],[-17.688,-13.694],[13.263,-1.284]],"o":[[0,0],[0,0],[-13.263,1.284]],"v":[[112.058,-32.413],[147.72,-32.413],[130.456,-19.433]],"c":true},"ix":2},"nm":"Path 1","mn":"ADBE Vector Shape - Group","hd":false},{"ty":"fl","c":{"a":0,"k":[0.949019610882,0.439215689898,0.717647075653,1],"ix":4},"o":{"a":0,"k":100,"ix":5},"r":1,"bm":0,"nm":"Fill 1","mn":"ADBE Vector Graphic - Fill","hd":false},{"ty":"tr","p":{"a":0,"k":[0,0],"ix":2},"a":{"a":0,"k":[0,0],"ix":1},"s":{"a":0,"k":[100,100],"ix":3},"r":{"a":0,"k":0,"ix":6},"o":{"a":0,"k":100,"ix":7},"sk":{"a":0,"k":0,"ix":4},"sa":{"a":0,"k":0,"ix":5},"nm":"Transform"}],"nm":"Group 2","np":2,"cix":2,"bm":0,"ix":2,"mn":"ADBE Vector Group","hd":false},{"ty":"gr","it":[{"ind":0,"ty":"sh","ix":1,"ks":{"a":0,"k":{"i":[[0,-13.563],[-6.511,0],[0,13.563],[6.511,0]],"o":[[0,13.563],[6.511,0],[0,-13.563],[-6.511,0]],"v":[[118.666,-47.515],[130.456,-22.958],[142.245,-47.515],[130.456,-72.072]],"c":true},"ix":2},"nm":"Path 1","mn":"ADBE Vector Shape - Group","hd":false},{"ty":"fl","c":{"a":0,"k":[0,0,0,1],"ix":4},"o":{"a":0,"k":100,"ix":5},"r":1,"bm":0,"nm":"Fill 1","mn":"ADBE Vector Graphic - Fill","hd":false},{"ty":"tr","p":{"a":0,"k":[0,0],"ix":2},"a":{"a":0,"k":[0,0],"ix":1},"s":{"a":0,"k":[100,100],"ix":3},"r":{"a":0,"k":0,"ix":6},"o":{"a":0,"k":100,"ix":7},"sk":{"a":0,"k":0,"ix":4},"sa":{"a":0,"k":0,"ix":5},"nm":"Transform"}],"nm":"Group 3","np":2,"cix":2,"bm":0,"ix":3,"mn":"ADBE Vector Group","hd":false}],"ip":0,"op":120,"st":0,"bm":0},{"ddd":0,"ind":11,"ty":4,"nm":"HEAD","parent":14,"sr":1,"ks":{"o":{"a":0,"k":100,"ix":11},"r":{"a":0,"k":0,"ix":10},"p":{"a":1,"k":[{"i":{"x":0.833,"y":1},"o":{"x":0.167,"y":0.167},"t":0,"s":[8.022,107.697,0],"to":[0,0,0],"ti":[0,0,0]},{"i":{"x":0.595,"y":1},"o":{"x":0.333,"y":0},"t":2,"s":[8.022,107.501,0],"to":[0,0,0],"ti":[0,0,0]},{"i":{"x":0.833,"y":1},"o":{"x":0.378,"y":0},"t":10,"s":[8.022,110,0],"to":[0,0,0],"ti":[0,0,0]},{"i":{"x":0.595,"y":1},"o":{"x":0.333,"y":0},"t":22,"s":[8.022,107.501,0],"to":[0,0,0],"ti":[0,0,0]},{"i":{"x":0.833,"y":1},"o":{"x":0.378,"y":0},"t":30,"s":[8.022,110,0],"to":[0,0,0],"ti":[0,0,0]},{"i":{"x":0.595,"y":1},"o":{"x":0.333,"y":0},"t":42,"s":[8.022,107.501,0],"to":[0,0,0],"ti":[0,0,0]},{"i":{"x":0.66,"y":1},"o":{"x":0.378,"y":0},"t":50,"s":[8.022,110,0],"to":[0,0,0],"ti":[0,0,0]},{"t":62,"s":[8.022,107.501,0]}],"ix":2},"a":{"a":0,"k":[8.022,107.501,0],"ix":1},"s":{"a":1,"k":[{"i":{"x":[0.833,0.833,0.833],"y":[1,1,1]},"o":{"x":[0.167,0.167,0.167],"y":[0.167,0.167,0]},"t":0,"s":[100.203,99.792,100]},{"i":{"x":[0.762,0.755,0.833],"y":[1,1,1]},"o":{"x":[0.333,0.333,0.333],"y":[0,0,0]},"t":2,"s":[100,100,100]},{"i":{"x":[0.833,0.833,0.833],"y":[1,1,1]},"o":{"x":[0.215,0.248,0.169],"y":[0,0,0]},"t":10,"s":[103,97,100]},{"i":{"x":[0.762,0.755,0.833],"y":[1,1,1]},"o":{"x":[0.333,0.333,0.333],"y":[0,0,0]},"t":22,"s":[100,100,100]},{"i":{"x":[0.833,0.833,0.833],"y":[1,1,1]},"o":{"x":[0.215,0.248,0.169],"y":[0,0,0]},"t":30,"s":[103,97,100]},{"i":{"x":[0.762,0.755,0.833],"y":[1,1,1]},"o":{"x":[0.333,0.333,0.333],"y":[0,0,0]},"t":42,"s":[100,100,100]},{"i":{"x":[0.682,0.678,0.687],"y":[1,1,1]},"o":{"x":[0.215,0.248,0.169],"y":[0,0,0]},"t":50,"s":[103,97,100]},{"t":62,"s":[100,100,100]}],"ix":6}},"ao":0,"shapes":[{"ty":"gr","it":[{"ind":0,"ty":"sh","ix":1,"ks":{"a":0,"k":{"i":[[0,0],[-30.481,-4.843],[18.171,-56.846],[51.411,-32.531],[103.48,-0.739],[19.004,9.579],[-53.435,41.116],[-47.726,25.179]],"o":[[23.47,-1.908],[88.789,14.107],[49.344,38.8],[-21.437,13.564],[-86.491,0.618],[-59.488,-29.985],[-13.949,-43.641],[0,0]],"v":[[-18.373,-189.629],[59.897,-186.636],[160.825,-55.345],[162.258,81.865],[7.995,107.477],[-136.113,87.086],[-145.531,-55.345],[-97.172,-170.254]],"c":false},"ix":2},"nm":"Path 1","mn":"ADBE Vector Shape - Group","hd":false},{"ty":"st","c":{"a":0,"k":[0,0,0,1],"ix":3},"o":{"a":0,"k":100,"ix":4},"w":{"a":0,"k":5.04,"ix":5},"lc":2,"lj":2,"bm":0,"nm":"Stroke 1","mn":"ADBE Vector Graphic - Stroke","hd":false},{"ty":"tr","p":{"a":0,"k":[0,0],"ix":2},"a":{"a":0,"k":[0,0],"ix":1},"s":{"a":0,"k":[100,100],"ix":3},"r":{"a":0,"k":0,"ix":6},"o":{"a":0,"k":100,"ix":7},"sk":{"a":0,"k":0,"ix":4},"sa":{"a":0,"k":0,"ix":5},"nm":"Transform"}],"nm":"Group 1","np":2,"cix":2,"bm":0,"ix":1,"mn":"ADBE Vector Group","hd":false},{"ty":"gr","it":[{"ty":"gr","it":[{"ty":"gr","it":[{"ind":0,"ty":"sh","ix":1,"ks":{"a":0,"k":{"i":[[-24.707,-12.454],[-86.491,0.618],[-21.437,13.565],[-4.485,18.021],[31.237,-19.765],[103.48,-0.739],[19.004,9.579],[-8.168,34.351]],"o":[[19.004,9.579],[103.48,-0.739],[18.946,-11.988],[7.272,30.833],[-21.437,13.564],[-86.491,0.618],[-38.133,-19.221],[5.296,21.591]],"v":[[-136.113,50.945],[7.995,71.336],[162.258,45.724],[197.153,-0.808],[162.258,81.865],[7.995,107.477],[-136.113,87.086],[-181.108,-2.692]],"c":true},"ix":2},"nm":"Path 1","mn":"ADBE Vector Shape - Group","hd":false},{"ty":"fl","c":{"a":0,"k":[0.878431379795,0.298039227724,0.643137276173,1],"ix":4},"o":{"a":0,"k":100,"ix":5},"r":1,"bm":0,"nm":"Fill 1","mn":"ADBE Vector Graphic - Fill","hd":false},{"ty":"tr","p":{"a":0,"k":[0,0],"ix":2},"a":{"a":0,"k":[0,0],"ix":1},"s":{"a":0,"k":[100,100],"ix":3},"r":{"a":0,"k":0,"ix":6},"o":{"a":0,"k":25,"ix":7},"sk":{"a":0,"k":0,"ix":4},"sa":{"a":0,"k":0,"ix":5},"nm":"Transform"}],"nm":"Group 1","np":2,"cix":2,"bm":1,"ix":1,"mn":"ADBE Vector Group","hd":false},{"ty":"gr","it":[{"ind":0,"ty":"sh","ix":1,"ks":{"a":0,"k":{"i":[[9.168,-10.081],[-5.111,-4.649],[-9.168,10.081],[5.111,4.649]],"o":[[-9.168,10.081],[5.112,4.649],[9.168,-10.081],[-5.111,-4.649]],"v":[[-116.942,-138.135],[-124.288,-111.465],[-98.432,-121.301],[-91.086,-147.971]],"c":true},"ix":2},"nm":"Path 1","mn":"ADBE Vector Shape - Group","hd":false},{"ty":"fl","c":{"a":0,"k":[1,1,1,1],"ix":4},"o":{"a":0,"k":100,"ix":5},"r":1,"bm":0,"nm":"Fill 1","mn":"ADBE Vector Graphic - Fill","hd":false},{"ty":"tr","p":{"a":0,"k":[0,0],"ix":2},"a":{"a":0,"k":[0,0],"ix":1},"s":{"a":0,"k":[100,100],"ix":3},"r":{"a":0,"k":0,"ix":6},"o":{"a":0,"k":100,"ix":7},"sk":{"a":0,"k":0,"ix":4},"sa":{"a":0,"k":0,"ix":5},"nm":"Transform"}],"nm":"Group 2","np":2,"cix":2,"bm":0,"ix":2,"mn":"ADBE Vector Group","hd":false},{"ty":"gr","it":[{"ind":0,"ty":"sh","ix":1,"ks":{"a":0,"k":{"i":[[0,-32.243],[-32.243,0],[0,32.243],[32.243,0]],"o":[[0,32.243],[32.243,0],[0,-32.243],[-32.243,0]],"v":[[-119.796,20.285],[-61.415,78.667],[-3.033,20.285],[-61.415,-38.096]],"c":true},"ix":2},"nm":"Path 1","mn":"ADBE Vector Shape - Group","hd":false},{"ty":"fl","c":{"a":0,"k":[0.878431379795,0.298039227724,0.643137276173,1],"ix":4},"o":{"a":0,"k":100,"ix":5},"r":1,"bm":0,"nm":"Fill 1","mn":"ADBE Vector Graphic - Fill","hd":false},{"ty":"tr","p":{"a":0,"k":[0,0],"ix":2},"a":{"a":0,"k":[0,0],"ix":1},"s":{"a":0,"k":[100,100],"ix":3},"r":{"a":0,"k":0,"ix":6},"o":{"a":0,"k":100,"ix":7},"sk":{"a":0,"k":0,"ix":4},"sa":{"a":0,"k":0,"ix":5},"nm":"Transform"}],"nm":"Group 3","np":2,"cix":2,"bm":0,"ix":3,"mn":"ADBE Vector Group","hd":false},{"ty":"gr","it":[{"ind":0,"ty":"sh","ix":1,"ks":{"a":0,"k":{"i":[[0,27.279],[-24.506,4.858],[34.619,-29.916]],"o":[[0,-28.735],[30.615,35.706],[-22.667,-6.408]],"v":[[133.562,17.279],[176.682,-40.183],[173.001,73.87]],"c":true},"ix":2},"nm":"Path 1","mn":"ADBE Vector Shape - Group","hd":false},{"ty":"fl","c":{"a":0,"k":[0.878431379795,0.298039227724,0.643137276173,1],"ix":4},"o":{"a":0,"k":100,"ix":5},"r":1,"bm":0,"nm":"Fill 1","mn":"ADBE Vector Graphic - Fill","hd":false},{"ty":"tr","p":{"a":0,"k":[0,0],"ix":2},"a":{"a":0,"k":[0,0],"ix":1},"s":{"a":0,"k":[100,100],"ix":3},"r":{"a":0,"k":0,"ix":6},"o":{"a":0,"k":100,"ix":7},"sk":{"a":0,"k":0,"ix":4},"sa":{"a":0,"k":0,"ix":5},"nm":"Transform"}],"nm":"Group 4","np":2,"cix":2,"bm":0,"ix":4,"mn":"ADBE Vector Group","hd":false},{"ty":"gr","it":[{"ind":0,"ty":"sh","ix":1,"ks":{"a":0,"k":{"i":[[-53.435,41.116],[-94.656,11.156],[-38.619,-6.136],[18.171,-56.846],[51.411,-32.531],[103.48,-0.739],[19.004,9.579]],"o":[[-18.674,-58.422],[29.642,-3.494],[88.789,14.107],[49.344,38.8],[-21.437,13.564],[-86.491,0.618],[-59.488,-29.985]],"v":[[-145.531,-55.345],[-37.091,-187.734],[59.897,-186.636],[160.825,-55.345],[162.258,81.865],[7.995,107.477],[-136.113,87.086]],"c":true},"ix":2},"nm":"Path 1","mn":"ADBE Vector Shape - Group","hd":false},{"ty":"fl","c":{"a":0,"k":[0.949019610882,0.439215689898,0.717647075653,1],"ix":4},"o":{"a":0,"k":100,"ix":5},"r":1,"bm":0,"nm":"Fill 1","mn":"ADBE Vector Graphic - Fill","hd":false},{"ty":"tr","p":{"a":0,"k":[0,0],"ix":2},"a":{"a":0,"k":[0,0],"ix":1},"s":{"a":0,"k":[100,100],"ix":3},"r":{"a":0,"k":0,"ix":6},"o":{"a":0,"k":100,"ix":7},"sk":{"a":0,"k":0,"ix":4},"sa":{"a":0,"k":0,"ix":5},"nm":"Transform"}],"nm":"Group 5","np":2,"cix":2,"bm":0,"ix":5,"mn":"ADBE Vector Group","hd":false},{"ty":"tr","p":{"a":0,"k":[0,0],"ix":2},"a":{"a":0,"k":[0,0],"ix":1},"s":{"a":0,"k":[100,100],"ix":3},"r":{"a":0,"k":0,"ix":6},"o":{"a":0,"k":100,"ix":7},"sk":{"a":0,"k":0,"ix":4},"sa":{"a":0,"k":0,"ix":5},"nm":"Transform"}],"nm":"Group 1","np":5,"cix":2,"bm":0,"ix":1,"mn":"ADBE Vector Group","hd":false},{"ty":"tr","p":{"a":0,"k":[0,0],"ix":2},"a":{"a":0,"k":[0,0],"ix":1},"s":{"a":0,"k":[100,100],"ix":3},"r":{"a":0,"k":0,"ix":6},"o":{"a":0,"k":100,"ix":7},"sk":{"a":0,"k":0,"ix":4},"sa":{"a":0,"k":0,"ix":5},"nm":"Transform"}],"nm":"Group 2","np":1,"cix":2,"bm":0,"ix":2,"mn":"ADBE Vector Group","hd":false},{"ty":"gr","it":[{"ind":0,"ty":"sh","ix":1,"ks":{"a":0,"k":{"i":[[9.168,-10.081],[-5.111,-4.649],[-9.168,10.081],[5.111,4.649]],"o":[[-9.168,10.081],[5.111,4.649],[9.169,-10.081],[-5.111,-4.649]],"v":[[-95.946,-136.562],[-103.291,-109.892],[-77.435,-119.728],[-70.09,-146.398]],"c":true},"ix":2},"nm":"Path 1","mn":"ADBE Vector Shape - Group","hd":false},{"ty":"fl","c":{"a":0,"k":[1,1,1,1],"ix":4},"o":{"a":0,"k":100,"ix":5},"r":1,"bm":0,"nm":"Fill 1","mn":"ADBE Vector Graphic - Fill","hd":false},{"ty":"tr","p":{"a":0,"k":[0,0],"ix":2},"a":{"a":0,"k":[0,0],"ix":1},"s":{"a":0,"k":[100,100],"ix":3},"r":{"a":0,"k":0,"ix":6},"o":{"a":0,"k":100,"ix":7},"sk":{"a":0,"k":0,"ix":4},"sa":{"a":0,"k":0,"ix":5},"nm":"Transform"}],"nm":"Group 3","np":2,"cix":2,"bm":0,"ix":3,"mn":"ADBE Vector Group","hd":false}],"ip":0,"op":120,"st":0,"bm":0},{"ddd":0,"ind":12,"ty":4,"nm":"R_Ear","parent":11,"sr":1,"ks":{"o":{"a":0,"k":100,"ix":11},"r":{"a":1,"k":[{"i":{"x":[0.833],"y":[1]},"o":{"x":[0.167],"y":[0.167]},"t":0,"s":[-1.917]},{"i":{"x":[0.595],"y":[1]},"o":{"x":[0.333],"y":[0]},"t":4,"s":[0]},{"i":{"x":[0.833],"y":[1]},"o":{"x":[0.374],"y":[0]},"t":12,"s":[-7]},{"i":{"x":[0.595],"y":[1]},"o":{"x":[0.333],"y":[0]},"t":24,"s":[0]},{"i":{"x":[0.833],"y":[1]},"o":{"x":[0.374],"y":[0]},"t":32,"s":[-7]},{"i":{"x":[0.595],"y":[1]},"o":{"x":[0.333],"y":[0]},"t":44,"s":[0]},{"i":{"x":[0.656],"y":[1]},"o":{"x":[0.374],"y":[0]},"t":52,"s":[-7]},{"t":64,"s":[0]}],"ix":10},"p":{"a":0,"k":[-68.353,-130.283,0],"ix":2},"a":{"a":0,"k":[-68.353,-130.283,0],"ix":1},"s":{"a":0,"k":[100,100,100],"ix":6}},"ao":0,"shapes":[{"ty":"gr","it":[{"ind":0,"ty":"sh","ix":1,"ks":{"a":0,"k":{"i":[[-10.355,2.194],[0,0],[2.194,10.355],[0,0],[10.355,-2.194],[0,0],[-2.194,-10.355],[0,0]],"o":[[0,0],[10.355,-2.194],[0,0],[-2.194,-10.355],[0,0],[-10.355,2.194],[0,0],[2.194,10.355]],"v":[[-49.798,-141.639],[-49.798,-141.639],[-34.96,-164.455],[-58.591,-276.585],[-81.407,-291.422],[-81.407,-291.422],[-96.245,-268.606],[-72.614,-156.476]],"c":true},"ix":2},"nm":"Path 1","mn":"ADBE Vector Shape - Group","hd":false},{"ty":"st","c":{"a":0,"k":[0,0,0,1],"ix":3},"o":{"a":0,"k":100,"ix":4},"w":{"a":0,"k":1.68,"ix":5},"lc":1,"lj":1,"ml":10,"bm":0,"nm":"Stroke 1","mn":"ADBE Vector Graphic - Stroke","hd":false},{"ty":"fl","c":{"a":0,"k":[1,0.713725507259,0.713725507259,1],"ix":4},"o":{"a":0,"k":100,"ix":5},"r":1,"bm":0,"nm":"Fill 1","mn":"ADBE Vector Graphic - Fill","hd":false},{"ty":"tr","p":{"a":0,"k":[0,0],"ix":2},"a":{"a":0,"k":[0,0],"ix":1},"s":{"a":0,"k":[100,100],"ix":3},"r":{"a":0,"k":0,"ix":6},"o":{"a":0,"k":100,"ix":7},"sk":{"a":0,"k":0,"ix":4},"sa":{"a":0,"k":0,"ix":5},"nm":"Transform"}],"nm":"Group 1","np":3,"cix":2,"bm":0,"ix":1,"mn":"ADBE Vector Group","hd":false},{"ty":"gr","it":[{"ind":0,"ty":"sh","ix":1,"ks":{"a":0,"k":{"i":[[-21.776,4.614],[0,0],[4.614,21.776],[0,0],[21.776,-4.614],[0,0],[-4.614,-21.776],[0,0]],"o":[[0,0],[21.776,-4.614],[0,0],[-4.614,-21.776],[0,0],[-21.776,4.614],[0,0],[4.614,21.776]],"v":[[-47.517,-131.161],[-47.517,-131.161],[-16.314,-179.143],[-41.207,-296.619],[-89.189,-327.822],[-89.189,-327.822],[-120.392,-279.84],[-95.499,-162.364]],"c":true},"ix":2},"nm":"Path 1","mn":"ADBE Vector Shape - Group","hd":false},{"ty":"st","c":{"a":0,"k":[0,0,0,1],"ix":3},"o":{"a":0,"k":100,"ix":4},"w":{"a":0,"k":5.04,"ix":5},"lc":1,"lj":1,"ml":10,"bm":0,"nm":"Stroke 1","mn":"ADBE Vector Graphic - Stroke","hd":false},{"ty":"fl","c":{"a":0,"k":[0.949019610882,0.439215689898,0.717647075653,1],"ix":4},"o":{"a":0,"k":100,"ix":5},"r":1,"bm":0,"nm":"Fill 1","mn":"ADBE Vector Graphic - Fill","hd":false},{"ty":"tr","p":{"a":0,"k":[0,0],"ix":2},"a":{"a":0,"k":[0,0],"ix":1},"s":{"a":0,"k":[100,100],"ix":3},"r":{"a":0,"k":0,"ix":6},"o":{"a":0,"k":100,"ix":7},"sk":{"a":0,"k":0,"ix":4},"sa":{"a":0,"k":0,"ix":5},"nm":"Transform"}],"nm":"Group 2","np":3,"cix":2,"bm":0,"ix":2,"mn":"ADBE Vector Group","hd":false}],"ip":0,"op":120,"st":0,"bm":0},{"ddd":0,"ind":13,"ty":4,"nm":"L_Ear","parent":11,"sr":1,"ks":{"o":{"a":0,"k":100,"ix":11},"r":{"a":1,"k":[{"i":{"x":[0.833],"y":[1]},"o":{"x":[0.167],"y":[0.167]},"t":0,"s":[-1.917]},{"i":{"x":[0.595],"y":[1]},"o":{"x":[0.333],"y":[0]},"t":4,"s":[0]},{"i":{"x":[0.833],"y":[1]},"o":{"x":[0.374],"y":[0]},"t":12,"s":[-7]},{"i":{"x":[0.595],"y":[1]},"o":{"x":[0.333],"y":[0]},"t":24,"s":[0]},{"i":{"x":[0.833],"y":[1]},"o":{"x":[0.374],"y":[0]},"t":32,"s":[-7]},{"i":{"x":[0.595],"y":[1]},"o":{"x":[0.333],"y":[0]},"t":44,"s":[0]},{"i":{"x":[0.656],"y":[1]},"o":{"x":[0.374],"y":[0]},"t":52,"s":[-7]},{"t":64,"s":[0]}],"ix":10},"p":{"a":0,"k":[5.589,-130.283,0],"ix":2},"a":{"a":0,"k":[5.589,-130.283,0],"ix":1},"s":{"a":0,"k":[100,100,100],"ix":6}},"ao":0,"shapes":[{"ty":"gr","it":[{"ind":0,"ty":"sh","ix":1,"ks":{"a":0,"k":{"i":[[-10.355,2.194],[0,0],[2.194,10.355],[0,0],[10.355,-2.194],[0,0],[-2.194,-10.355],[0,0]],"o":[[0,0],[10.355,-2.194],[0,0],[-2.194,-10.355],[0,0],[-10.355,2.194],[0,0],[2.194,10.355]],"v":[[24.144,-141.639],[24.144,-141.639],[38.982,-164.455],[15.351,-276.585],[-7.465,-291.422],[-7.465,-291.422],[-22.303,-268.606],[1.328,-156.476]],"c":true},"ix":2},"nm":"Path 1","mn":"ADBE Vector Shape - Group","hd":false},{"ty":"st","c":{"a":0,"k":[0,0,0,1],"ix":3},"o":{"a":0,"k":100,"ix":4},"w":{"a":0,"k":1.68,"ix":5},"lc":1,"lj":1,"ml":10,"bm":0,"nm":"Stroke 1","mn":"ADBE Vector Graphic - Stroke","hd":false},{"ty":"fl","c":{"a":0,"k":[1,0.713725507259,0.713725507259,1],"ix":4},"o":{"a":0,"k":100,"ix":5},"r":1,"bm":0,"nm":"Fill 1","mn":"ADBE Vector Graphic - Fill","hd":false},{"ty":"tr","p":{"a":0,"k":[0,0],"ix":2},"a":{"a":0,"k":[0,0],"ix":1},"s":{"a":0,"k":[100,100],"ix":3},"r":{"a":0,"k":0,"ix":6},"o":{"a":0,"k":100,"ix":7},"sk":{"a":0,"k":0,"ix":4},"sa":{"a":0,"k":0,"ix":5},"nm":"Transform"}],"nm":"Group 1","np":3,"cix":2,"bm":0,"ix":1,"mn":"ADBE Vector Group","hd":false},{"ty":"gr","it":[{"ind":0,"ty":"sh","ix":1,"ks":{"a":0,"k":{"i":[[-21.776,4.614],[0,0],[4.614,21.776],[0,0],[21.776,-4.614],[0,0],[-4.614,-21.776],[0,0]],"o":[[0,0],[21.776,-4.614],[0,0],[-4.614,-21.776],[0,0],[-21.776,4.614],[0,0],[4.614,21.776]],"v":[[26.425,-131.161],[26.425,-131.161],[57.628,-179.143],[32.735,-296.619],[-15.247,-327.822],[-15.247,-327.822],[-46.45,-279.84],[-21.557,-162.364]],"c":true},"ix":2},"nm":"Path 1","mn":"ADBE Vector Shape - Group","hd":false},{"ty":"st","c":{"a":0,"k":[0,0,0,1],"ix":3},"o":{"a":0,"k":100,"ix":4},"w":{"a":0,"k":5.04,"ix":5},"lc":1,"lj":1,"ml":10,"bm":0,"nm":"Stroke 1","mn":"ADBE Vector Graphic - Stroke","hd":false},{"ty":"fl","c":{"a":0,"k":[0.949019610882,0.439215689898,0.717647075653,1],"ix":4},"o":{"a":0,"k":100,"ix":5},"r":1,"bm":0,"nm":"Fill 1","mn":"ADBE Vector Graphic - Fill","hd":false},{"ty":"tr","p":{"a":0,"k":[0,0],"ix":2},"a":{"a":0,"k":[0,0],"ix":1},"s":{"a":0,"k":[100,100],"ix":3},"r":{"a":0,"k":0,"ix":6},"o":{"a":0,"k":100,"ix":7},"sk":{"a":0,"k":0,"ix":4},"sa":{"a":0,"k":0,"ix":5},"nm":"Transform"}],"nm":"Group 2","np":3,"cix":2,"bm":0,"ix":2,"mn":"ADBE Vector Group","hd":false}],"ip":0,"op":120,"st":0,"bm":0},{"ddd":0,"ind":14,"ty":4,"nm":"TORSO","parent":2,"sr":1,"ks":{"o":{"a":0,"k":100,"ix":11},"r":{"a":0,"k":0,"ix":10},"p":{"a":1,"k":[{"i":{"x":0.595,"y":1},"o":{"x":0.333,"y":0},"t":0,"s":[43.271,60.243,0],"to":[0,0,0],"ti":[0,0,0]},{"i":{"x":0.667,"y":1},"o":{"x":0.38,"y":0},"t":8,"s":[43.271,70.243,0],"to":[0,0,0],"ti":[0,0,0]},{"i":{"x":0.595,"y":1},"o":{"x":0.333,"y":0},"t":20,"s":[43.271,60.243,0],"to":[0,0,0],"ti":[0,0,0]},{"i":{"x":0.667,"y":1},"o":{"x":0.38,"y":0},"t":28,"s":[43.271,70.243,0],"to":[0,0,0],"ti":[0,0,0]},{"i":{"x":0.595,"y":1},"o":{"x":0.333,"y":0},"t":40,"s":[43.271,60.243,0],"to":[0,0,0],"ti":[0,0,0]},{"i":{"x":0.667,"y":1},"o":{"x":0.38,"y":0},"t":48,"s":[43.271,70.243,0],"to":[0,0,0],"ti":[0,0,0]},{"t":60,"s":[43.271,60.243,0]}],"ix":2},"a":{"a":0,"k":[9.271,232.243,0],"ix":1},"s":{"a":1,"k":[{"i":{"x":[0.762,0.755,0.833],"y":[1,1,1]},"o":{"x":[0.333,0.333,0.333],"y":[0,0,0]},"t":0,"s":[100,100,100]},{"i":{"x":[0.667,0.667,0.667],"y":[1,1,1]},"o":{"x":[0.213,0.247,0.167],"y":[0,0,0]},"t":8,"s":[103,97,100]},{"i":{"x":[0.762,0.755,0.833],"y":[1,1,1]},"o":{"x":[0.333,0.333,0.333],"y":[0,0,0]},"t":20,"s":[100,100,100]},{"i":{"x":[0.667,0.667,0.667],"y":[1,1,1]},"o":{"x":[0.213,0.247,0.167],"y":[0,0,0]},"t":28,"s":[103,97,100]},{"i":{"x":[0.762,0.755,0.833],"y":[1,1,1]},"o":{"x":[0.333,0.333,0.333],"y":[0,0,0]},"t":40,"s":[100,100,100]},{"i":{"x":[0.667,0.667,0.667],"y":[1,1,1]},"o":{"x":[0.213,0.247,0.167],"y":[0,0,0]},"t":48,"s":[103,97,100]},{"t":60,"s":[100,100,100]}],"ix":6}},"ao":0,"shapes":[{"ty":"gr","it":[{"ind":0,"ty":"sh","ix":1,"ks":{"a":1,"k":[{"i":{"x":0.595,"y":1},"o":{"x":0.333,"y":0},"t":0,"s":[{"i":[[0,0],[-1.581,0.059],[-2.598,0.14]],"o":[[1.523,-0.036],[2.819,-0.104],[0,0]],"v":[[10.017,232.15],[15.343,232.008],[23.467,231.639]],"c":false}]},{"i":{"x":0.667,"y":1},"o":{"x":0.38,"y":0},"t":8,"s":[{"i":[[0,0],[-1.581,0.059],[-2.598,0.14]],"o":[[1.523,-0.036],[2.819,-0.104],[0,0]],"v":[[18.998,232.15],[24.323,232.008],[32.447,231.639]],"c":false}]},{"i":{"x":0.595,"y":1},"o":{"x":0.333,"y":0},"t":20,"s":[{"i":[[0,0],[-1.581,0.059],[-2.598,0.14]],"o":[[1.523,-0.036],[2.819,-0.104],[0,0]],"v":[[10.017,232.15],[15.343,232.008],[23.467,231.639]],"c":false}]},{"i":{"x":0.667,"y":1},"o":{"x":0.38,"y":0},"t":28,"s":[{"i":[[0,0],[-1.581,0.059],[-2.598,0.14]],"o":[[1.523,-0.036],[2.819,-0.104],[0,0]],"v":[[18.998,232.15],[24.323,232.008],[32.447,231.639]],"c":false}]},{"i":{"x":0.595,"y":1},"o":{"x":0.333,"y":0},"t":40,"s":[{"i":[[0,0],[-1.581,0.059],[-2.598,0.14]],"o":[[1.523,-0.036],[2.819,-0.104],[0,0]],"v":[[10.017,232.15],[15.343,232.008],[23.467,231.639]],"c":false}]},{"i":{"x":0.667,"y":1},"o":{"x":0.38,"y":0},"t":48,"s":[{"i":[[0,0],[-1.581,0.059],[-2.598,0.14]],"o":[[1.523,-0.036],[2.819,-0.104],[0,0]],"v":[[18.998,232.15],[24.323,232.008],[32.447,231.639]],"c":false}]},{"t":60,"s":[{"i":[[0,0],[-1.581,0.059],[-2.598,0.14]],"o":[[1.523,-0.036],[2.819,-0.104],[0,0]],"v":[[10.017,232.15],[15.343,232.008],[23.467,231.639]],"c":false}]}],"ix":2},"nm":"Path 1","mn":"ADBE Vector Shape - Group","hd":false},{"ty":"st","c":{"a":0,"k":[0,0,0,1],"ix":3},"o":{"a":0,"k":100,"ix":4},"w":{"a":0,"k":3.36,"ix":5},"lc":2,"lj":2,"bm":0,"nm":"Stroke 1","mn":"ADBE Vector Graphic - Stroke","hd":false},{"ty":"fl","c":{"a":0,"k":[0.274509817362,0.266666680574,0.466666668653,1],"ix":4},"o":{"a":0,"k":100,"ix":5},"r":1,"bm":0,"nm":"Fill 1","mn":"ADBE Vector Graphic - Fill","hd":false},{"ty":"tr","p":{"a":0,"k":[0,0],"ix":2},"a":{"a":0,"k":[0,0],"ix":1},"s":{"a":0,"k":[100,100],"ix":3},"r":{"a":0,"k":0,"ix":6},"o":{"a":0,"k":100,"ix":7},"sk":{"a":0,"k":0,"ix":4},"sa":{"a":0,"k":0,"ix":5},"nm":"Transform"}],"nm":"Group 1","np":3,"cix":2,"bm":0,"ix":1,"mn":"ADBE Vector Group","hd":false},{"ty":"gr","it":[{"ind":0,"ty":"sh","ix":1,"ks":{"a":0,"k":{"i":[[0,16.471],[12.624,0],[0,-16.471],[-12.624,0]],"o":[[0,-16.471],[-12.624,0],[0,16.471],[12.624,0]],"v":[[-2.508,125.107],[-25.366,95.284],[-48.225,125.107],[-25.366,154.93]],"c":true},"ix":2},"nm":"Path 1","mn":"ADBE Vector Shape - Group","hd":false},{"ty":"st","c":{"a":0,"k":[0,0,0,1],"ix":3},"o":{"a":0,"k":100,"ix":4},"w":{"a":0,"k":3.36,"ix":5},"lc":1,"lj":1,"ml":10,"bm":0,"nm":"Stroke 1","mn":"ADBE Vector Graphic - Stroke","hd":false},{"ty":"fl","c":{"a":0,"k":[0.847058832645,0.823529422283,0.662745118141,1],"ix":4},"o":{"a":0,"k":100,"ix":5},"r":1,"bm":0,"nm":"Fill 1","mn":"ADBE Vector Graphic - Fill","hd":false},{"ty":"tr","p":{"a":0,"k":[0,0],"ix":2},"a":{"a":0,"k":[0,0],"ix":1},"s":{"a":0,"k":[100,100],"ix":3},"r":{"a":0,"k":0,"ix":6},"o":{"a":0,"k":100,"ix":7},"sk":{"a":0,"k":0,"ix":4},"sa":{"a":0,"k":0,"ix":5},"nm":"Transform"}],"nm":"Group 2","np":3,"cix":2,"bm":0,"ix":2,"mn":"ADBE Vector Group","hd":false},{"ty":"gr","it":[{"ty":"gr","it":[{"ind":0,"ty":"sh","ix":1,"ks":{"a":0,"k":{"i":[[0,0],[0,0],[0,0],[0,0]],"o":[[0,0],[0,0],[0,0],[0,0]],"v":[[70.085,211.127],[81.756,211.553],[82.675,186.385],[71.004,185.959]],"c":true},"ix":2},"nm":"Path 1","mn":"ADBE Vector Shape - Group","hd":false},{"ty":"st","c":{"a":0,"k":[0,0,0,1],"ix":3},"o":{"a":0,"k":100,"ix":4},"w":{"a":0,"k":1.397,"ix":5},"lc":1,"lj":1,"ml":10,"bm":0,"nm":"Stroke 1","mn":"ADBE Vector Graphic - Stroke","hd":false},{"ty":"tr","p":{"a":0,"k":[0,0],"ix":2},"a":{"a":0,"k":[0,0],"ix":1},"s":{"a":0,"k":[100,100],"ix":3},"r":{"a":0,"k":0,"ix":6},"o":{"a":0,"k":100,"ix":7},"sk":{"a":0,"k":0,"ix":4},"sa":{"a":0,"k":0,"ix":5},"nm":"Transform"}],"nm":"Group 1","np":2,"cix":2,"bm":0,"ix":1,"mn":"ADBE Vector Group","hd":false},{"ty":"gr","it":[{"ind":0,"ty":"sh","ix":1,"ks":{"a":0,"k":{"i":[[-3.721,-0.136],[0,0],[1.604,5.996],[0,0],[0,0],[0,0]],"o":[[0,0],[3.722,0.136],[-1.418,-5.3],[0,0],[0,0],[0.576,4.187]],"v":[[61.73,185.62],[85.693,186.496],[93.608,179.619],[84.972,161.722],[51.846,160.057],[54.338,178.184]],"c":true},"ix":2},"nm":"Path 1","mn":"ADBE Vector Shape - Group","hd":false},{"ty":"st","c":{"a":0,"k":[0,0,0,1],"ix":3},"o":{"a":0,"k":100,"ix":4},"w":{"a":0,"k":1.397,"ix":5},"lc":2,"lj":2,"bm":0,"nm":"Stroke 1","mn":"ADBE Vector Graphic - Stroke","hd":false},{"ty":"fl","c":{"a":0,"k":[0.105882354081,0.227450981736,0.40000000596,1],"ix":4},"o":{"a":0,"k":100,"ix":5},"r":1,"bm":0,"nm":"Fill 1","mn":"ADBE Vector Graphic - Fill","hd":false},{"ty":"tr","p":{"a":0,"k":[0,0],"ix":2},"a":{"a":0,"k":[0,0],"ix":1},"s":{"a":0,"k":[100,100],"ix":3},"r":{"a":0,"k":0,"ix":6},"o":{"a":0,"k":100,"ix":7},"sk":{"a":0,"k":0,"ix":4},"sa":{"a":0,"k":0,"ix":5},"nm":"Transform"}],"nm":"Group 2","np":3,"cix":2,"bm":0,"ix":2,"mn":"ADBE Vector Group","hd":false},{"ty":"gr","it":[{"ind":0,"ty":"sh","ix":1,"ks":{"a":0,"k":{"i":[[-5.886,-0.215],[0,0],[0.596,6.501],[0,0],[0,0],[0,0]],"o":[[0,0],[5.886,0.215],[-0.931,-10.146],[0,0],[0,0],[-0.215,5.886]],"v":[[60.664,210.783],[82.239,211.571],[93.286,201.303],[80.835,161.624],[51.846,160.057],[50.396,199.736]],"c":true},"ix":2},"nm":"Path 1","mn":"ADBE Vector Shape - Group","hd":false},{"ty":"st","c":{"a":0,"k":[0,0,0,1],"ix":3},"o":{"a":0,"k":100,"ix":4},"w":{"a":0,"k":1.397,"ix":5},"lc":2,"lj":2,"bm":0,"nm":"Stroke 1","mn":"ADBE Vector Graphic - Stroke","hd":false},{"ty":"fl","c":{"a":0,"k":[0.105882354081,0.227450981736,0.40000000596,1],"ix":4},"o":{"a":0,"k":100,"ix":5},"r":1,"bm":0,"nm":"Fill 1","mn":"ADBE Vector Graphic - Fill","hd":false},{"ty":"tr","p":{"a":0,"k":[0,0],"ix":2},"a":{"a":0,"k":[0,0],"ix":1},"s":{"a":0,"k":[100,100],"ix":3},"r":{"a":0,"k":0,"ix":6},"o":{"a":0,"k":100,"ix":7},"sk":{"a":0,"k":0,"ix":4},"sa":{"a":0,"k":0,"ix":5},"nm":"Transform"}],"nm":"Group 3","np":3,"cix":2,"bm":0,"ix":3,"mn":"ADBE Vector Group","hd":false},{"ty":"tr","p":{"a":0,"k":[0,0],"ix":2},"a":{"a":0,"k":[0,0],"ix":1},"s":{"a":0,"k":[100,100],"ix":3},"r":{"a":0,"k":0,"ix":6},"o":{"a":0,"k":100,"ix":7},"sk":{"a":0,"k":0,"ix":4},"sa":{"a":0,"k":0,"ix":5},"nm":"Transform"}],"nm":"Group 3","np":3,"cix":2,"bm":0,"ix":3,"mn":"ADBE Vector Group","hd":false},{"ty":"gr","it":[{"ty":"gr","it":[{"ind":0,"ty":"sh","ix":1,"ks":{"a":0,"k":{"i":[[0,0],[0,0],[0,0],[0,0]],"o":[[0,0],[0,0],[0,0],[0,0]],"v":[[-5.518,211.127],[6.152,211.553],[7.072,186.385],[-4.599,185.959]],"c":true},"ix":2},"nm":"Path 1","mn":"ADBE Vector Shape - Group","hd":false},{"ty":"st","c":{"a":0,"k":[0,0,0,1],"ix":3},"o":{"a":0,"k":100,"ix":4},"w":{"a":0,"k":1.397,"ix":5},"lc":1,"lj":1,"ml":10,"bm":0,"nm":"Stroke 1","mn":"ADBE Vector Graphic - Stroke","hd":false},{"ty":"tr","p":{"a":0,"k":[0,0],"ix":2},"a":{"a":0,"k":[0,0],"ix":1},"s":{"a":0,"k":[100,100],"ix":3},"r":{"a":0,"k":0,"ix":6},"o":{"a":0,"k":100,"ix":7},"sk":{"a":0,"k":0,"ix":4},"sa":{"a":0,"k":0,"ix":5},"nm":"Transform"}],"nm":"Group 1","np":2,"cix":2,"bm":0,"ix":1,"mn":"ADBE Vector Group","hd":false},{"ty":"gr","it":[{"ind":0,"ty":"sh","ix":1,"ks":{"a":0,"k":{"i":[[-4.251,-0.155],[0,0],[-0.983,4.13],[0,0],[0,0],[0,0]],"o":[[0,0],[4.251,0.155],[0,0],[0,0],[0,0],[0.679,4.191]],"v":[[-12.335,185.676],[15.039,186.676],[24.043,179.84],[28.301,161.959],[-23.757,160.057],[-20.816,178.201]],"c":true},"ix":2},"nm":"Path 1","mn":"ADBE Vector Shape - Group","hd":false},{"ty":"st","c":{"a":0,"k":[0,0,0,1],"ix":3},"o":{"a":0,"k":100,"ix":4},"w":{"a":0,"k":1.397,"ix":5},"lc":2,"lj":2,"bm":0,"nm":"Stroke 1","mn":"ADBE Vector Graphic - Stroke","hd":false},{"ty":"fl","c":{"a":0,"k":[0.105882354081,0.227450981736,0.40000000596,1],"ix":4},"o":{"a":0,"k":100,"ix":5},"r":1,"bm":0,"nm":"Fill 1","mn":"ADBE Vector Graphic - Fill","hd":false},{"ty":"tr","p":{"a":0,"k":[0,0],"ix":2},"a":{"a":0,"k":[0,0],"ix":1},"s":{"a":0,"k":[100,100],"ix":3},"r":{"a":0,"k":0,"ix":6},"o":{"a":0,"k":100,"ix":7},"sk":{"a":0,"k":0,"ix":4},"sa":{"a":0,"k":0,"ix":5},"nm":"Transform"}],"nm":"Group 2","np":3,"cix":2,"bm":0,"ix":2,"mn":"ADBE Vector Group","hd":false},{"ty":"gr","it":[{"ind":0,"ty":"sh","ix":1,"ks":{"a":0,"k":{"i":[[-6.484,-0.237],[0,0],[-0.237,6.484],[0,0],[0,0],[0,0]],"o":[[0,0],[6.484,0.237],[0,0],[0,0],[0,0],[-0.237,6.484]],"v":[[-13.856,210.822],[14.721,211.867],[26.89,200.555],[28.301,161.959],[-23.757,160.057],[-25.168,198.652]],"c":true},"ix":2},"nm":"Path 1","mn":"ADBE Vector Shape - Group","hd":false},{"ty":"st","c":{"a":0,"k":[0,0,0,1],"ix":3},"o":{"a":0,"k":100,"ix":4},"w":{"a":0,"k":1.397,"ix":5},"lc":2,"lj":2,"bm":0,"nm":"Stroke 1","mn":"ADBE Vector Graphic - Stroke","hd":false},{"ty":"fl","c":{"a":0,"k":[0.105882354081,0.227450981736,0.40000000596,1],"ix":4},"o":{"a":0,"k":100,"ix":5},"r":1,"bm":0,"nm":"Fill 1","mn":"ADBE Vector Graphic - Fill","hd":false},{"ty":"tr","p":{"a":0,"k":[0,0],"ix":2},"a":{"a":0,"k":[0,0],"ix":1},"s":{"a":0,"k":[100,100],"ix":3},"r":{"a":0,"k":0,"ix":6},"o":{"a":0,"k":100,"ix":7},"sk":{"a":0,"k":0,"ix":4},"sa":{"a":0,"k":0,"ix":5},"nm":"Transform"}],"nm":"Group 3","np":3,"cix":2,"bm":0,"ix":3,"mn":"ADBE Vector Group","hd":false},{"ty":"tr","p":{"a":0,"k":[0,0],"ix":2},"a":{"a":0,"k":[0,0],"ix":1},"s":{"a":0,"k":[100,100],"ix":3},"r":{"a":0,"k":0,"ix":6},"o":{"a":0,"k":100,"ix":7},"sk":{"a":0,"k":0,"ix":4},"sa":{"a":0,"k":0,"ix":5},"nm":"Transform"}],"nm":"Group 4","np":3,"cix":2,"bm":0,"ix":4,"mn":"ADBE Vector Group","hd":false},{"ty":"gr","it":[{"ind":0,"ty":"sh","ix":1,"ks":{"a":0,"k":{"i":[[0,0],[0,0],[0,0],[0.267,1.307],[0,0]],"o":[[0,0],[-24.726,-28.529],[-0.055,-1.365],[-10.121,20.165],[0,0]],"v":[[39.949,221.499],[87.998,221.499],[67.416,97.491],[66.929,93.481],[41.508,137.736]],"c":true},"ix":2},"nm":"Path 1","mn":"ADBE Vector Shape - Group","hd":false},{"ty":"st","c":{"a":0,"k":[0,0,0,1],"ix":3},"o":{"a":0,"k":100,"ix":4},"w":{"a":0,"k":1.68,"ix":5},"lc":1,"lj":1,"ml":10,"bm":0,"nm":"Stroke 1","mn":"ADBE Vector Graphic - Stroke","hd":false},{"ty":"fl","c":{"a":0,"k":[0.196078434587,0.317647069693,0.498039215803,1],"ix":4},"o":{"a":0,"k":100,"ix":5},"r":1,"bm":0,"nm":"Fill 1","mn":"ADBE Vector Graphic - Fill","hd":false},{"ty":"tr","p":{"a":0,"k":[0,0],"ix":2},"a":{"a":0,"k":[0,0],"ix":1},"s":{"a":0,"k":[100,100],"ix":3},"r":{"a":0,"k":0,"ix":6},"o":{"a":0,"k":100,"ix":7},"sk":{"a":0,"k":0,"ix":4},"sa":{"a":0,"k":0,"ix":5},"nm":"Transform"}],"nm":"Group 5","np":3,"cix":2,"bm":0,"ix":5,"mn":"ADBE Vector Group","hd":false},{"ty":"gr","it":[{"ind":0,"ty":"sh","ix":1,"ks":{"a":0,"k":{"i":[[0,0],[16.928,14.885],[0,0],[0,0]],"o":[[-34.224,-15.292],[-44.841,34.485],[0,0],[0,0]],"v":[[41.508,137.736],[-37.826,85.699],[-74.81,221.499],[41.508,221.499]],"c":true},"ix":2},"nm":"Path 1","mn":"ADBE Vector Shape - Group","hd":false},{"ty":"st","c":{"a":0,"k":[0,0,0,1],"ix":3},"o":{"a":0,"k":100,"ix":4},"w":{"a":0,"k":1.68,"ix":5},"lc":1,"lj":1,"ml":10,"bm":0,"nm":"Stroke 1","mn":"ADBE Vector Graphic - Stroke","hd":false},{"ty":"fl","c":{"a":0,"k":[0.196078434587,0.317647069693,0.498039215803,1],"ix":4},"o":{"a":0,"k":100,"ix":5},"r":1,"bm":0,"nm":"Fill 1","mn":"ADBE Vector Graphic - Fill","hd":false},{"ty":"tr","p":{"a":0,"k":[0,0],"ix":2},"a":{"a":0,"k":[0,0],"ix":1},"s":{"a":0,"k":[100,100],"ix":3},"r":{"a":0,"k":0,"ix":6},"o":{"a":0,"k":100,"ix":7},"sk":{"a":0,"k":0,"ix":4},"sa":{"a":0,"k":0,"ix":5},"nm":"Transform"}],"nm":"Group 6","np":3,"cix":2,"bm":0,"ix":6,"mn":"ADBE Vector Group","hd":false},{"ty":"gr","it":[{"ind":0,"ty":"sh","ix":1,"ks":{"a":0,"k":{"i":[[-24.726,-28.529],[0,0],[-49.035,31.573],[-1.182,-29.29]],"o":[[0,0],[0,0],[49.035,-31.573],[0,0]],"v":[[87.998,221.499],[-74.81,221.499],[-34.073,83.036],[67.416,97.491]],"c":true},"ix":2},"nm":"Path 1","mn":"ADBE Vector Shape - Group","hd":false},{"ty":"st","c":{"a":0,"k":[0,0,0,1],"ix":3},"o":{"a":0,"k":100,"ix":4},"w":{"a":0,"k":5.04,"ix":5},"lc":2,"lj":2,"bm":0,"nm":"Stroke 1","mn":"ADBE Vector Graphic - Stroke","hd":false},{"ty":"tr","p":{"a":0,"k":[0,0],"ix":2},"a":{"a":0,"k":[0,0],"ix":1},"s":{"a":0,"k":[100,100],"ix":3},"r":{"a":0,"k":0,"ix":6},"o":{"a":0,"k":100,"ix":7},"sk":{"a":0,"k":0,"ix":4},"sa":{"a":0,"k":0,"ix":5},"nm":"Transform"}],"nm":"Group 7","np":2,"cix":2,"bm":0,"ix":7,"mn":"ADBE Vector Group","hd":false},{"ty":"gr","it":[{"ind":0,"ty":"sh","ix":1,"ks":{"a":0,"k":{"i":[[4.201,-17.627],[0,0],[-0.029,8.301],[10.479,-0.288],[21.215,9.718]],"o":[[0,0],[-0.766,-12.433],[-8.974,3.647],[-27.473,0.756],[-10.816,12.594]],"v":[[-68.761,141.782],[68.059,143.275],[67.158,111.166],[37.786,117.652],[-46.969,94.417]],"c":true},"ix":2},"nm":"Path 1","mn":"ADBE Vector Shape - Group","hd":false},{"ty":"st","c":{"a":0,"k":[0,0,0,1],"ix":3},"o":{"a":0,"k":100,"ix":4},"w":{"a":0,"k":1.686,"ix":5},"lc":1,"lj":1,"ml":10,"bm":0,"nm":"Stroke 1","mn":"ADBE Vector Graphic - Stroke","hd":false},{"ty":"fl","c":{"a":0,"k":[0.847058832645,0.823529422283,0.662745118141,1],"ix":4},"o":{"a":0,"k":100,"ix":5},"r":1,"bm":0,"nm":"Fill 1","mn":"ADBE Vector Graphic - Fill","hd":false},{"ty":"tr","p":{"a":0,"k":[0,0],"ix":2},"a":{"a":0,"k":[0,0],"ix":1},"s":{"a":0,"k":[100,100],"ix":3},"r":{"a":0,"k":0,"ix":6},"o":{"a":0,"k":100,"ix":7},"sk":{"a":0,"k":0,"ix":4},"sa":{"a":0,"k":0,"ix":5},"nm":"Transform"}],"nm":"Group 8","np":3,"cix":2,"bm":0,"ix":8,"mn":"ADBE Vector Group","hd":false},{"ty":"gr","it":[{"ind":0,"ty":"sh","ix":1,"ks":{"a":0,"k":{"i":[[-24.726,-28.529],[0,0],[-49.035,31.573],[-1.182,-29.29]],"o":[[0,0],[0,0],[49.035,-31.573],[0,0]],"v":[[87.998,221.499],[-74.81,221.499],[-34.073,83.036],[67.416,97.491]],"c":true},"ix":2},"nm":"Path 1","mn":"ADBE Vector Shape - Group","hd":false},{"ty":"fl","c":{"a":0,"k":[0.949019610882,0.439215689898,0.717647075653,1],"ix":4},"o":{"a":0,"k":100,"ix":5},"r":1,"bm":0,"nm":"Fill 1","mn":"ADBE Vector Graphic - Fill","hd":false},{"ty":"tr","p":{"a":0,"k":[0,0],"ix":2},"a":{"a":0,"k":[0,0],"ix":1},"s":{"a":0,"k":[100,100],"ix":3},"r":{"a":0,"k":0,"ix":6},"o":{"a":0,"k":100,"ix":7},"sk":{"a":0,"k":0,"ix":4},"sa":{"a":0,"k":0,"ix":5},"nm":"Transform"}],"nm":"Group 9","np":2,"cix":2,"bm":0,"ix":9,"mn":"ADBE Vector Group","hd":false},{"ty":"gr","it":[{"ind":0,"ty":"sh","ix":1,"ks":{"a":0,"k":{"i":[[0,0],[-71.894,2.663],[0,0]],"o":[[0,0],[57.031,-2.112],[0,0]],"v":[[-68.761,213.891],[15.343,232.008],[83.433,219.977]],"c":true},"ix":2},"nm":"Path 1","mn":"ADBE Vector Shape - Group","hd":false},{"ty":"fl","c":{"a":0,"k":[0.274509817362,0.266666680574,0.466666668653,1],"ix":4},"o":{"a":0,"k":100,"ix":5},"r":1,"bm":0,"nm":"Fill 1","mn":"ADBE Vector Graphic - Fill","hd":false},{"ty":"tr","p":{"a":0,"k":[0,0],"ix":2},"a":{"a":0,"k":[0,0],"ix":1},"s":{"a":0,"k":[100,100],"ix":3},"r":{"a":0,"k":0,"ix":6},"o":{"a":0,"k":100,"ix":7},"sk":{"a":0,"k":0,"ix":4},"sa":{"a":0,"k":0,"ix":5},"nm":"Transform"}],"nm":"Group 10","np":2,"cix":2,"bm":0,"ix":10,"mn":"ADBE Vector Group","hd":false}],"ip":0,"op":120,"st":0,"bm":0},{"ddd":0,"ind":15,"ty":4,"nm":"L_Arm_Back","parent":14,"sr":1,"ks":{"o":{"a":0,"k":100,"ix":11},"r":{"a":0,"k":0,"ix":10},"p":{"a":0,"k":[62,113,0],"ix":2},"a":{"a":0,"k":[62,113,0],"ix":1},"s":{"a":0,"k":[100,100,100],"ix":6}},"ao":0,"shapes":[{"ty":"gr","it":[{"ind":0,"ty":"sh","ix":1,"ks":{"a":0,"k":{"i":[[0,0],[-4.525,-4.695],[-18.571,9.548],[7.798,3.733],[9.669,3.049],[3.433,-6.105]],"o":[[-3.196,5.684],[11.593,12.03],[25.924,-13.328],[-4.666,-2.234],[-6.68,-2.107],[0,0]],"v":[[52.467,104.841],[54.677,122.338],[107.911,144.674],[97.127,107.501],[69.818,97.972],[52.467,104.841]],"c":true},"ix":2},"nm":"Path 1","mn":"ADBE Vector Shape - Group","hd":false},{"ty":"st","c":{"a":0,"k":[0,0,0,1],"ix":3},"o":{"a":0,"k":100,"ix":4},"w":{"a":0,"k":3.36,"ix":5},"lc":2,"lj":2,"bm":0,"nm":"Stroke 1","mn":"ADBE Vector Graphic - Stroke","hd":false},{"ty":"fl","c":{"a":0,"k":[0.847058832645,0.823529422283,0.662745118141,1],"ix":4},"o":{"a":0,"k":100,"ix":5},"r":1,"bm":0,"nm":"Fill 1","mn":"ADBE Vector Graphic - Fill","hd":false},{"ty":"tr","p":{"a":0,"k":[0,0],"ix":2},"a":{"a":0,"k":[0,0],"ix":1},"s":{"a":0,"k":[100,100],"ix":3},"r":{"a":0,"k":0,"ix":6},"o":{"a":0,"k":100,"ix":7},"sk":{"a":0,"k":0,"ix":4},"sa":{"a":0,"k":0,"ix":5},"nm":"Transform"}],"nm":"Group 1","np":3,"cix":2,"bm":0,"ix":1,"mn":"ADBE Vector Group","hd":false}],"ip":0,"op":120,"st":0,"bm":0},{"ddd":0,"ind":16,"ty":4,"nm":"R_Leg","parent":2,"sr":1,"ks":{"o":{"a":0,"k":100,"ix":11},"r":{"a":0,"k":0,"ix":10},"p":{"a":0,"k":[12.743,126.825,0],"ix":2},"a":{"a":0,"k":[-21.257,298.825,0],"ix":1},"s":{"a":1,"k":[{"i":{"x":[0.762,0.755,0.833],"y":[1,1,1]},"o":{"x":[0.333,0.333,0.333],"y":[0,0,0]},"t":0,"s":[100,100,100]},{"i":{"x":[0.667,0.667,0.667],"y":[1,1,1]},"o":{"x":[0.213,0.247,0.167],"y":[0,0,0]},"t":8,"s":[100,95,100]},{"i":{"x":[0.762,0.755,0.833],"y":[1,1,1]},"o":{"x":[0.333,0.333,0.333],"y":[0,0,0]},"t":20,"s":[100,100,100]},{"i":{"x":[0.667,0.667,0.667],"y":[1,1,1]},"o":{"x":[0.213,0.247,0.167],"y":[0,0,0]},"t":28,"s":[100,95,100]},{"i":{"x":[0.762,0.755,0.833],"y":[1,1,1]},"o":{"x":[0.333,0.333,0.333],"y":[0,0,0]},"t":40,"s":[100,100,100]},{"i":{"x":[0.667,0.667,0.667],"y":[1,1,1]},"o":{"x":[0.213,0.247,0.167],"y":[0,0,0]},"t":48,"s":[100,95,100]},{"t":60,"s":[100,100,100]}],"ix":6}},"ao":0,"shapes":[{"ty":"gr","it":[{"ind":0,"ty":"sh","ix":1,"ks":{"a":0,"k":{"i":[[0,0],[5.995,-10.941]],"o":[[0,0],[0,0]],"v":[[10.687,281.32],[12.955,298.66]],"c":false},"ix":2},"nm":"Path 1","mn":"ADBE Vector Shape - Group","hd":false},{"ty":"st","c":{"a":0,"k":[0,0,0,1],"ix":3},"o":{"a":0,"k":100,"ix":4},"w":{"a":0,"k":1.68,"ix":5},"lc":2,"lj":2,"bm":0,"nm":"Stroke 1","mn":"ADBE Vector Graphic - Stroke","hd":false},{"ty":"tr","p":{"a":0,"k":[0,0],"ix":2},"a":{"a":0,"k":[0,0],"ix":1},"s":{"a":0,"k":[100,100],"ix":3},"r":{"a":0,"k":0,"ix":6},"o":{"a":0,"k":100,"ix":7},"sk":{"a":0,"k":0,"ix":4},"sa":{"a":0,"k":0,"ix":5},"nm":"Transform"}],"nm":"Group 1","np":2,"cix":2,"bm":0,"ix":1,"mn":"ADBE Vector Group","hd":false},{"ty":"gr","it":[{"ind":0,"ty":"sh","ix":1,"ks":{"a":0,"k":{"i":[[0,0],[5.995,-10.941]],"o":[[0,0],[0,0]],"v":[[-3.572,281.32],[-1.304,298.66]],"c":false},"ix":2},"nm":"Path 1","mn":"ADBE Vector Shape - Group","hd":false},{"ty":"st","c":{"a":0,"k":[0,0,0,1],"ix":3},"o":{"a":0,"k":100,"ix":4},"w":{"a":0,"k":1.68,"ix":5},"lc":2,"lj":2,"bm":0,"nm":"Stroke 1","mn":"ADBE Vector Graphic - Stroke","hd":false},{"ty":"tr","p":{"a":0,"k":[0,0],"ix":2},"a":{"a":0,"k":[0,0],"ix":1},"s":{"a":0,"k":[100,100],"ix":3},"r":{"a":0,"k":0,"ix":6},"o":{"a":0,"k":100,"ix":7},"sk":{"a":0,"k":0,"ix":4},"sa":{"a":0,"k":0,"ix":5},"nm":"Transform"}],"nm":"Group 2","np":2,"cix":2,"bm":0,"ix":2,"mn":"ADBE Vector Group","hd":false},{"ty":"gr","it":[{"ty":"gr","it":[{"ty":"gr","it":[{"ty":"gr","it":[{"ind":0,"ty":"sh","ix":1,"ks":{"a":0,"k":{"i":[[10.065,0.218],[3.77,-0.066],[-1.71,8.866],[-2.498,5.568],[0,0]],"o":[[-10.065,-0.218],[-8.815,0.154],[0.167,-0.864],[0,0],[23.95,13.147]],"v":[[13.167,298.751],[-48.276,298.823],[-61.606,283.05],[-56.932,273.232],[10.032,273.399]],"c":true},"ix":2},"nm":"Path 1","mn":"ADBE Vector Shape - Group","hd":false},{"ty":"st","c":{"a":0,"k":[0,0,0,1],"ix":3},"o":{"a":0,"k":100,"ix":4},"w":{"a":0,"k":3.36,"ix":5},"lc":2,"lj":2,"bm":0,"nm":"Stroke 1","mn":"ADBE Vector Graphic - Stroke","hd":false},{"ty":"fl","c":{"a":0,"k":[0.949019610882,0.439215689898,0.717647075653,1],"ix":4},"o":{"a":0,"k":100,"ix":5},"r":1,"bm":0,"nm":"Fill 1","mn":"ADBE Vector Graphic - Fill","hd":false},{"ty":"tr","p":{"a":0,"k":[0,0],"ix":2},"a":{"a":0,"k":[0,0],"ix":1},"s":{"a":0,"k":[100,100],"ix":3},"r":{"a":0,"k":0,"ix":6},"o":{"a":0,"k":100,"ix":7},"sk":{"a":0,"k":0,"ix":4},"sa":{"a":0,"k":0,"ix":5},"nm":"Transform"}],"nm":"Group 1","np":3,"cix":2,"bm":0,"ix":1,"mn":"ADBE Vector Group","hd":false},{"ty":"tr","p":{"a":0,"k":[0,0],"ix":2},"a":{"a":0,"k":[0,0],"ix":1},"s":{"a":0,"k":[100,100],"ix":3},"r":{"a":0,"k":0,"ix":6},"o":{"a":0,"k":100,"ix":7},"sk":{"a":0,"k":0,"ix":4},"sa":{"a":0,"k":0,"ix":5},"nm":"Transform"}],"nm":"Group 1","np":1,"cix":2,"bm":0,"ix":1,"mn":"ADBE Vector Group","hd":false},{"ty":"tr","p":{"a":0,"k":[0,0],"ix":2},"a":{"a":0,"k":[0,0],"ix":1},"s":{"a":0,"k":[100,100],"ix":3},"r":{"a":0,"k":0,"ix":6},"o":{"a":0,"k":100,"ix":7},"sk":{"a":0,"k":0,"ix":4},"sa":{"a":0,"k":0,"ix":5},"nm":"Transform"}],"nm":"Group 1","np":1,"cix":2,"bm":0,"ix":1,"mn":"ADBE Vector Group","hd":false},{"ty":"tr","p":{"a":0,"k":[0,0],"ix":2},"a":{"a":0,"k":[0,0],"ix":1},"s":{"a":0,"k":[100,100],"ix":3},"r":{"a":0,"k":0,"ix":6},"o":{"a":0,"k":100,"ix":7},"sk":{"a":0,"k":0,"ix":4},"sa":{"a":0,"k":0,"ix":5},"nm":"Transform"}],"nm":"Group 3","np":1,"cix":2,"bm":0,"ix":3,"mn":"ADBE Vector Group","hd":false},{"ty":"gr","it":[{"ty":"gr","it":[{"ty":"gr","it":[{"ty":"gr","it":[{"ind":0,"ty":"sh","ix":1,"ks":{"a":1,"k":[{"i":{"x":0.762,"y":1},"o":{"x":0.333,"y":0},"t":0,"s":[{"i":[[0,0],[0.167,-0.864],[-8.815,0.154],[-10.065,-0.218],[23.95,13.147],[2.473,11.897],[0,0],[0,0],[-8.559,-10.177],[1.712,-9.51]],"o":[[-2.498,5.568],[-1.71,8.866],[3.77,-0.066],[10.065,0.218],[0,0],[-2.473,-11.897],[0,0],[0,0],[8.559,10.177],[-1.712,9.51]],"v":[[-56.932,273.232],[-61.606,283.05],[-48.276,298.823],[13.167,298.751],[10.032,273.399],[19.527,250.134],[-6.72,207.995],[-66.632,211.579],[-60.736,232.243],[-47.802,255.734]],"c":true}]},{"i":{"x":0.667,"y":1},"o":{"x":0.213,"y":0},"t":8,"s":[{"i":[[0,0],[0.167,-0.864],[-8.815,0.154],[-10.065,-0.218],[23.95,13.147],[2.473,11.897],[0,0],[0,0],[-8.559,-10.177],[1.712,-9.51]],"o":[[-2.498,5.568],[-1.71,8.866],[3.77,-0.066],[10.065,0.218],[0,0],[-2.473,-11.897],[0,0],[0,0],[8.559,10.177],[-1.712,9.51]],"v":[[-56.932,273.232],[-61.606,283.05],[-48.276,298.823],[13.167,298.751],[10.032,273.399],[25.027,250.134],[-1.22,207.995],[-70.882,211.656],[-64.986,232.32],[-47.802,255.734]],"c":true}]},{"i":{"x":0.762,"y":1},"o":{"x":0.333,"y":0},"t":20,"s":[{"i":[[0,0],[0.167,-0.864],[-8.815,0.154],[-10.065,-0.218],[23.95,13.147],[2.473,11.897],[0,0],[0,0],[-8.559,-10.177],[1.712,-9.51]],"o":[[-2.498,5.568],[-1.71,8.866],[3.77,-0.066],[10.065,0.218],[0,0],[-2.473,-11.897],[0,0],[0,0],[8.559,10.177],[-1.712,9.51]],"v":[[-56.932,273.232],[-61.606,283.05],[-48.276,298.823],[13.167,298.751],[10.032,273.399],[19.527,250.134],[-6.72,207.995],[-66.632,211.579],[-60.736,232.243],[-47.802,255.734]],"c":true}]},{"i":{"x":0.667,"y":1},"o":{"x":0.213,"y":0},"t":28,"s":[{"i":[[0,0],[0.167,-0.864],[-8.815,0.154],[-10.065,-0.218],[23.95,13.147],[2.473,11.897],[0,0],[0,0],[-8.559,-10.177],[1.712,-9.51]],"o":[[-2.498,5.568],[-1.71,8.866],[3.77,-0.066],[10.065,0.218],[0,0],[-2.473,-11.897],[0,0],[0,0],[8.559,10.177],[-1.712,9.51]],"v":[[-56.932,273.232],[-61.606,283.05],[-48.276,298.823],[13.167,298.751],[10.032,273.399],[25.027,250.134],[-1.22,207.995],[-70.882,211.656],[-64.986,232.32],[-47.802,255.734]],"c":true}]},{"i":{"x":0.762,"y":1},"o":{"x":0.333,"y":0},"t":40,"s":[{"i":[[0,0],[0.167,-0.864],[-8.815,0.154],[-10.065,-0.218],[23.95,13.147],[2.473,11.897],[0,0],[0,0],[-8.559,-10.177],[1.712,-9.51]],"o":[[-2.498,5.568],[-1.71,8.866],[3.77,-0.066],[10.065,0.218],[0,0],[-2.473,-11.897],[0,0],[0,0],[8.559,10.177],[-1.712,9.51]],"v":[[-56.932,273.232],[-61.606,283.05],[-48.276,298.823],[13.167,298.751],[10.032,273.399],[19.527,250.134],[-6.72,207.995],[-66.632,211.579],[-60.736,232.243],[-47.802,255.734]],"c":true}]},{"i":{"x":0.667,"y":1},"o":{"x":0.213,"y":0},"t":48,"s":[{"i":[[0,0],[0.167,-0.864],[-8.815,0.154],[-10.065,-0.218],[23.95,13.147],[2.473,11.897],[0,0],[0,0],[-8.559,-10.177],[1.712,-9.51]],"o":[[-2.498,5.568],[-1.71,8.866],[3.77,-0.066],[10.065,0.218],[0,0],[-2.473,-11.897],[0,0],[0,0],[8.559,10.177],[-1.712,9.51]],"v":[[-56.932,273.232],[-61.606,283.05],[-48.276,298.823],[13.167,298.751],[10.032,273.399],[25.027,250.134],[-1.22,207.995],[-70.882,211.656],[-64.986,232.32],[-47.802,255.734]],"c":true}]},{"t":60,"s":[{"i":[[0,0],[0.167,-0.864],[-8.815,0.154],[-10.065,-0.218],[23.95,13.147],[2.473,11.897],[0,0],[0,0],[-8.559,-10.177],[1.712,-9.51]],"o":[[-2.498,5.568],[-1.71,8.866],[3.77,-0.066],[10.065,0.218],[0,0],[-2.473,-11.897],[0,0],[0,0],[8.559,10.177],[-1.712,9.51]],"v":[[-56.932,273.232],[-61.606,283.05],[-48.276,298.823],[13.167,298.751],[10.032,273.399],[19.527,250.134],[-6.72,207.995],[-66.632,211.579],[-60.736,232.243],[-47.802,255.734]],"c":true}]}],"ix":2},"nm":"Path 1","mn":"ADBE Vector Shape - Group","hd":false},{"ty":"st","c":{"a":0,"k":[0,0,0,1],"ix":3},"o":{"a":0,"k":100,"ix":4},"w":{"a":0,"k":3.36,"ix":5},"lc":2,"lj":2,"bm":0,"nm":"Stroke 1","mn":"ADBE Vector Graphic - Stroke","hd":false},{"ty":"fl","c":{"a":0,"k":[0.274509817362,0.266666680574,0.466666668653,1],"ix":4},"o":{"a":0,"k":100,"ix":5},"r":1,"bm":0,"nm":"Fill 1","mn":"ADBE Vector Graphic - Fill","hd":false},{"ty":"tr","p":{"a":0,"k":[0,0],"ix":2},"a":{"a":0,"k":[0,0],"ix":1},"s":{"a":0,"k":[100,100],"ix":3},"r":{"a":0,"k":0,"ix":6},"o":{"a":0,"k":100,"ix":7},"sk":{"a":0,"k":0,"ix":4},"sa":{"a":0,"k":0,"ix":5},"nm":"Transform"}],"nm":"Group 1","np":3,"cix":2,"bm":0,"ix":1,"mn":"ADBE Vector Group","hd":false},{"ty":"tr","p":{"a":0,"k":[0,0],"ix":2},"a":{"a":0,"k":[0,0],"ix":1},"s":{"a":0,"k":[100,100],"ix":3},"r":{"a":0,"k":0,"ix":6},"o":{"a":0,"k":100,"ix":7},"sk":{"a":0,"k":0,"ix":4},"sa":{"a":0,"k":0,"ix":5},"nm":"Transform"}],"nm":"Group 1","np":1,"cix":2,"bm":0,"ix":1,"mn":"ADBE Vector Group","hd":false},{"ty":"tr","p":{"a":0,"k":[0,0],"ix":2},"a":{"a":0,"k":[0,0],"ix":1},"s":{"a":0,"k":[100,100],"ix":3},"r":{"a":0,"k":0,"ix":6},"o":{"a":0,"k":100,"ix":7},"sk":{"a":0,"k":0,"ix":4},"sa":{"a":0,"k":0,"ix":5},"nm":"Transform"}],"nm":"Group 1","np":1,"cix":2,"bm":0,"ix":1,"mn":"ADBE Vector Group","hd":false},{"ty":"tr","p":{"a":0,"k":[0,0],"ix":2},"a":{"a":0,"k":[0,0],"ix":1},"s":{"a":0,"k":[100,100],"ix":3},"r":{"a":0,"k":0,"ix":6},"o":{"a":0,"k":100,"ix":7},"sk":{"a":0,"k":0,"ix":4},"sa":{"a":0,"k":0,"ix":5},"nm":"Transform"}],"nm":"Group 4","np":1,"cix":2,"bm":0,"ix":4,"mn":"ADBE Vector Group","hd":false}],"ip":0,"op":120,"st":0,"bm":0},{"ddd":0,"ind":17,"ty":4,"nm":"L_Leg","parent":2,"sr":1,"ks":{"o":{"a":0,"k":100,"ix":11},"r":{"a":0,"k":0,"ix":10},"p":{"a":0,"k":[90.454,126.825,0],"ix":2},"a":{"a":0,"k":[56.454,298.825,0],"ix":1},"s":{"a":1,"k":[{"i":{"x":[0.762,0.755,0.833],"y":[1,1,1]},"o":{"x":[0.333,0.333,0.333],"y":[0,0,0]},"t":0,"s":[100,100,100]},{"i":{"x":[0.667,0.667,0.667],"y":[1,1,1]},"o":{"x":[0.213,0.247,0.167],"y":[0,0,0]},"t":8,"s":[100,95,100]},{"i":{"x":[0.762,0.755,0.833],"y":[1,1,1]},"o":{"x":[0.333,0.333,0.333],"y":[0,0,0]},"t":20,"s":[100,100,100]},{"i":{"x":[0.667,0.667,0.667],"y":[1,1,1]},"o":{"x":[0.213,0.247,0.167],"y":[0,0,0]},"t":28,"s":[100,95,100]},{"i":{"x":[0.762,0.755,0.833],"y":[1,1,1]},"o":{"x":[0.333,0.333,0.333],"y":[0,0,0]},"t":40,"s":[100,100,100]},{"i":{"x":[0.667,0.667,0.667],"y":[1,1,1]},"o":{"x":[0.213,0.247,0.167],"y":[0,0,0]},"t":48,"s":[100,95,100]},{"t":60,"s":[100,100,100]}],"ix":6}},"ao":0,"shapes":[{"ty":"gr","it":[{"ind":0,"ty":"sh","ix":1,"ks":{"a":0,"k":{"i":[[0,0],[5.995,-10.941]],"o":[[0,0],[0,0]],"v":[[88.398,281.32],[90.666,298.66]],"c":false},"ix":2},"nm":"Path 1","mn":"ADBE Vector Shape - Group","hd":false},{"ty":"st","c":{"a":0,"k":[0,0,0,1],"ix":3},"o":{"a":0,"k":100,"ix":4},"w":{"a":0,"k":1.68,"ix":5},"lc":2,"lj":2,"bm":0,"nm":"Stroke 1","mn":"ADBE Vector Graphic - Stroke","hd":false},{"ty":"tr","p":{"a":0,"k":[0,0],"ix":2},"a":{"a":0,"k":[0,0],"ix":1},"s":{"a":0,"k":[100,100],"ix":3},"r":{"a":0,"k":0,"ix":6},"o":{"a":0,"k":100,"ix":7},"sk":{"a":0,"k":0,"ix":4},"sa":{"a":0,"k":0,"ix":5},"nm":"Transform"}],"nm":"Group 1","np":2,"cix":2,"bm":0,"ix":1,"mn":"ADBE Vector Group","hd":false},{"ty":"gr","it":[{"ind":0,"ty":"sh","ix":1,"ks":{"a":0,"k":{"i":[[0,0],[5.995,-10.941]],"o":[[0,0],[0,0]],"v":[[74.138,281.32],[76.407,298.66]],"c":false},"ix":2},"nm":"Path 1","mn":"ADBE Vector Shape - Group","hd":false},{"ty":"st","c":{"a":0,"k":[0,0,0,1],"ix":3},"o":{"a":0,"k":100,"ix":4},"w":{"a":0,"k":1.68,"ix":5},"lc":2,"lj":2,"bm":0,"nm":"Stroke 1","mn":"ADBE Vector Graphic - Stroke","hd":false},{"ty":"tr","p":{"a":0,"k":[0,0],"ix":2},"a":{"a":0,"k":[0,0],"ix":1},"s":{"a":0,"k":[100,100],"ix":3},"r":{"a":0,"k":0,"ix":6},"o":{"a":0,"k":100,"ix":7},"sk":{"a":0,"k":0,"ix":4},"sa":{"a":0,"k":0,"ix":5},"nm":"Transform"}],"nm":"Group 2","np":2,"cix":2,"bm":0,"ix":2,"mn":"ADBE Vector Group","hd":false},{"ty":"gr","it":[{"ty":"gr","it":[{"ty":"gr","it":[{"ty":"gr","it":[{"ind":0,"ty":"sh","ix":1,"ks":{"a":0,"k":{"i":[[10.065,0.218],[3.77,-0.066],[-1.71,8.866],[-2.498,5.568],[0,0]],"o":[[-10.065,-0.218],[-8.815,0.154],[0.167,-0.864],[0,0],[23.95,13.147]],"v":[[90.878,298.751],[29.435,298.823],[16.105,283.05],[20.779,273.232],[87.742,273.399]],"c":true},"ix":2},"nm":"Path 1","mn":"ADBE Vector Shape - Group","hd":false},{"ty":"st","c":{"a":0,"k":[0,0,0,1],"ix":3},"o":{"a":0,"k":100,"ix":4},"w":{"a":0,"k":3.36,"ix":5},"lc":2,"lj":2,"bm":0,"nm":"Stroke 1","mn":"ADBE Vector Graphic - Stroke","hd":false},{"ty":"fl","c":{"a":0,"k":[0.949019610882,0.439215689898,0.717647075653,1],"ix":4},"o":{"a":0,"k":100,"ix":5},"r":1,"bm":0,"nm":"Fill 1","mn":"ADBE Vector Graphic - Fill","hd":false},{"ty":"tr","p":{"a":0,"k":[0,0],"ix":2},"a":{"a":0,"k":[0,0],"ix":1},"s":{"a":0,"k":[100,100],"ix":3},"r":{"a":0,"k":0,"ix":6},"o":{"a":0,"k":100,"ix":7},"sk":{"a":0,"k":0,"ix":4},"sa":{"a":0,"k":0,"ix":5},"nm":"Transform"}],"nm":"Group 1","np":3,"cix":2,"bm":0,"ix":1,"mn":"ADBE Vector Group","hd":false},{"ty":"tr","p":{"a":0,"k":[0,0],"ix":2},"a":{"a":0,"k":[0,0],"ix":1},"s":{"a":0,"k":[100,100],"ix":3},"r":{"a":0,"k":0,"ix":6},"o":{"a":0,"k":100,"ix":7},"sk":{"a":0,"k":0,"ix":4},"sa":{"a":0,"k":0,"ix":5},"nm":"Transform"}],"nm":"Group 1","np":1,"cix":2,"bm":0,"ix":1,"mn":"ADBE Vector Group","hd":false},{"ty":"tr","p":{"a":0,"k":[0,0],"ix":2},"a":{"a":0,"k":[0,0],"ix":1},"s":{"a":0,"k":[100,100],"ix":3},"r":{"a":0,"k":0,"ix":6},"o":{"a":0,"k":100,"ix":7},"sk":{"a":0,"k":0,"ix":4},"sa":{"a":0,"k":0,"ix":5},"nm":"Transform"}],"nm":"Group 1","np":1,"cix":2,"bm":0,"ix":1,"mn":"ADBE Vector Group","hd":false},{"ty":"tr","p":{"a":0,"k":[0,0],"ix":2},"a":{"a":0,"k":[0,0],"ix":1},"s":{"a":0,"k":[100,100],"ix":3},"r":{"a":0,"k":0,"ix":6},"o":{"a":0,"k":100,"ix":7},"sk":{"a":0,"k":0,"ix":4},"sa":{"a":0,"k":0,"ix":5},"nm":"Transform"}],"nm":"Group 3","np":1,"cix":2,"bm":0,"ix":3,"mn":"ADBE Vector Group","hd":false},{"ty":"gr","it":[{"ty":"gr","it":[{"ty":"gr","it":[{"ty":"gr","it":[{"ind":0,"ty":"sh","ix":1,"ks":{"a":1,"k":[{"i":{"x":0.762,"y":1},"o":{"x":0.333,"y":0},"t":0,"s":[{"i":[[0,0],[0.167,-0.864],[-8.815,0.154],[-10.065,-0.218],[23.95,13.147],[2.473,11.897],[0,0],[0,0],[-8.559,-10.177],[1.712,-9.51]],"o":[[-2.498,5.568],[-1.71,8.866],[3.77,-0.066],[10.065,0.218],[0,0],[-2.473,-11.897],[0,0],[0,0],[8.559,10.177],[-1.712,9.51]],"v":[[20.779,273.232],[16.105,283.05],[29.435,298.823],[90.878,298.751],[87.742,273.399],[97.238,250.134],[70.991,207.995],[11.079,211.579],[16.975,232.243],[29.908,255.734]],"c":true}]},{"i":{"x":0.667,"y":1},"o":{"x":0.213,"y":0},"t":8,"s":[{"i":[[0,0],[0.167,-0.864],[-8.815,0.154],[-10.065,-0.218],[23.95,13.147],[0.262,19.256],[0,0],[0,0],[-8.559,-10.177],[1.712,-9.51]],"o":[[-2.498,5.568],[-1.71,8.866],[3.77,-0.066],[10.065,0.218],[0,0],[-0.243,-17.848],[0,0],[0,0],[8.559,10.177],[-1.712,9.51]],"v":[[20.779,273.232],[16.105,283.05],[29.435,298.823],[90.878,298.751],[87.742,273.399],[101.988,252.122],[76.741,207.878],[14.704,211.492],[16.85,232.144],[33.533,255.646]],"c":true}]},{"i":{"x":0.762,"y":1},"o":{"x":0.333,"y":0},"t":20,"s":[{"i":[[0,0],[0.167,-0.864],[-8.815,0.154],[-10.065,-0.218],[23.95,13.147],[2.473,11.897],[0,0],[0,0],[-8.559,-10.177],[1.712,-9.51]],"o":[[-2.498,5.568],[-1.71,8.866],[3.77,-0.066],[10.065,0.218],[0,0],[-2.473,-11.897],[0,0],[0,0],[8.559,10.177],[-1.712,9.51]],"v":[[20.779,273.232],[16.105,283.05],[29.435,298.823],[90.878,298.751],[87.742,273.399],[97.238,250.134],[70.991,207.995],[11.079,211.579],[16.975,232.243],[29.908,255.734]],"c":true}]},{"i":{"x":0.667,"y":1},"o":{"x":0.213,"y":0},"t":28,"s":[{"i":[[0,0],[0.167,-0.864],[-8.815,0.154],[-10.065,-0.218],[23.95,13.147],[0.262,19.256],[0,0],[0,0],[-8.559,-10.177],[1.712,-9.51]],"o":[[-2.498,5.568],[-1.71,8.866],[3.77,-0.066],[10.065,0.218],[0,0],[-0.243,-17.848],[0,0],[0,0],[8.559,10.177],[-1.712,9.51]],"v":[[20.779,273.232],[16.105,283.05],[29.435,298.823],[90.878,298.751],[87.742,273.399],[101.988,252.122],[76.741,207.878],[14.704,211.492],[16.85,232.144],[33.533,255.646]],"c":true}]},{"i":{"x":0.762,"y":1},"o":{"x":0.333,"y":0},"t":40,"s":[{"i":[[0,0],[0.167,-0.864],[-8.815,0.154],[-10.065,-0.218],[23.95,13.147],[2.473,11.897],[0,0],[0,0],[-8.559,-10.177],[1.712,-9.51]],"o":[[-2.498,5.568],[-1.71,8.866],[3.77,-0.066],[10.065,0.218],[0,0],[-2.473,-11.897],[0,0],[0,0],[8.559,10.177],[-1.712,9.51]],"v":[[20.779,273.232],[16.105,283.05],[29.435,298.823],[90.878,298.751],[87.742,273.399],[97.238,250.134],[70.991,207.995],[11.079,211.579],[16.975,232.243],[29.908,255.734]],"c":true}]},{"i":{"x":0.667,"y":1},"o":{"x":0.213,"y":0},"t":48,"s":[{"i":[[0,0],[0.167,-0.864],[-8.815,0.154],[-10.065,-0.218],[23.95,13.147],[0.262,19.256],[0,0],[0,0],[-8.559,-10.177],[1.712,-9.51]],"o":[[-2.498,5.568],[-1.71,8.866],[3.77,-0.066],[10.065,0.218],[0,0],[-0.243,-17.848],[0,0],[0,0],[8.559,10.177],[-1.712,9.51]],"v":[[20.779,273.232],[16.105,283.05],[29.435,298.823],[90.878,298.751],[87.742,273.399],[101.988,252.122],[76.741,207.878],[14.704,211.492],[16.85,232.144],[33.533,255.646]],"c":true}]},{"t":60,"s":[{"i":[[0,0],[0.167,-0.864],[-8.815,0.154],[-10.065,-0.218],[23.95,13.147],[2.473,11.897],[0,0],[0,0],[-8.559,-10.177],[1.712,-9.51]],"o":[[-2.498,5.568],[-1.71,8.866],[3.77,-0.066],[10.065,0.218],[0,0],[-2.473,-11.897],[0,0],[0,0],[8.559,10.177],[-1.712,9.51]],"v":[[20.779,273.232],[16.105,283.05],[29.435,298.823],[90.878,298.751],[87.742,273.399],[97.238,250.134],[70.991,207.995],[11.079,211.579],[16.975,232.243],[29.908,255.734]],"c":true}]}],"ix":2},"nm":"Path 1","mn":"ADBE Vector Shape - Group","hd":false},{"ty":"st","c":{"a":0,"k":[0,0,0,1],"ix":3},"o":{"a":0,"k":100,"ix":4},"w":{"a":0,"k":3.36,"ix":5},"lc":2,"lj":2,"bm":0,"nm":"Stroke 1","mn":"ADBE Vector Graphic - Stroke","hd":false},{"ty":"fl","c":{"a":0,"k":[0.274509817362,0.266666680574,0.466666668653,1],"ix":4},"o":{"a":0,"k":100,"ix":5},"r":1,"bm":0,"nm":"Fill 1","mn":"ADBE Vector Graphic - Fill","hd":false},{"ty":"tr","p":{"a":0,"k":[0,0],"ix":2},"a":{"a":0,"k":[0,0],"ix":1},"s":{"a":0,"k":[100,100],"ix":3},"r":{"a":0,"k":0,"ix":6},"o":{"a":0,"k":100,"ix":7},"sk":{"a":0,"k":0,"ix":4},"sa":{"a":0,"k":0,"ix":5},"nm":"Transform"}],"nm":"Group 1","np":3,"cix":2,"bm":0,"ix":1,"mn":"ADBE Vector Group","hd":false},{"ty":"tr","p":{"a":0,"k":[0,0],"ix":2},"a":{"a":0,"k":[0,0],"ix":1},"s":{"a":0,"k":[100,100],"ix":3},"r":{"a":0,"k":0,"ix":6},"o":{"a":0,"k":100,"ix":7},"sk":{"a":0,"k":0,"ix":4},"sa":{"a":0,"k":0,"ix":5},"nm":"Transform"}],"nm":"Group 1","np":1,"cix":2,"bm":0,"ix":1,"mn":"ADBE Vector Group","hd":false},{"ty":"tr","p":{"a":0,"k":[0,0],"ix":2},"a":{"a":0,"k":[0,0],"ix":1},"s":{"a":0,"k":[100,100],"ix":3},"r":{"a":0,"k":0,"ix":6},"o":{"a":0,"k":100,"ix":7},"sk":{"a":0,"k":0,"ix":4},"sa":{"a":0,"k":0,"ix":5},"nm":"Transform"}],"nm":"Group 1","np":1,"cix":2,"bm":0,"ix":1,"mn":"ADBE Vector Group","hd":false},{"ty":"tr","p":{"a":0,"k":[0,0],"ix":2},"a":{"a":0,"k":[0,0],"ix":1},"s":{"a":0,"k":[100,100],"ix":3},"r":{"a":0,"k":0,"ix":6},"o":{"a":0,"k":100,"ix":7},"sk":{"a":0,"k":0,"ix":4},"sa":{"a":0,"k":0,"ix":5},"nm":"Transform"}],"nm":"Group 4","np":1,"cix":2,"bm":0,"ix":4,"mn":"ADBE Vector Group","hd":false}],"ip":0,"op":120,"st":0,"bm":0},{"ddd":0,"ind":18,"ty":4,"nm":"Shadow","parent":2,"sr":1,"ks":{"o":{"a":0,"k":30,"ix":11},"r":{"a":0,"k":0,"ix":10},"p":{"a":0,"k":[56.705,120.256,0],"ix":2},"a":{"a":0,"k":[22.705,292.256,0],"ix":1},"s":{"a":0,"k":[100,100,100],"ix":6}},"ao":0,"shapes":[{"ty":"gr","it":[{"ind":0,"ty":"sh","ix":1,"ks":{"a":0,"k":{"i":[[0,-10.54],[98.317,0],[0,10.541],[-98.316,0]],"o":[[0,10.541],[-98.316,0],[0,-10.54],[98.317,0]],"v":[[200.723,292.256],[22.705,311.342],[-155.313,292.256],[22.705,273.171]],"c":true},"ix":2},"nm":"Path 1","mn":"ADBE Vector Shape - Group","hd":false},{"ty":"fl","c":{"a":0,"k":[0,0,0,1],"ix":4},"o":{"a":0,"k":100,"ix":5},"r":1,"bm":0,"nm":"Fill 1","mn":"ADBE Vector Graphic - Fill","hd":false},{"ty":"tr","p":{"a":0,"k":[0,0],"ix":2},"a":{"a":0,"k":[0,0],"ix":1},"s":{"a":0,"k":[100,100],"ix":3},"r":{"a":0,"k":0,"ix":6},"o":{"a":0,"k":100,"ix":7},"sk":{"a":0,"k":0,"ix":4},"sa":{"a":0,"k":0,"ix":5},"nm":"Transform"}],"nm":"Group 1","np":2,"cix":2,"bm":0,"ix":1,"mn":"ADBE Vector Group","hd":false}],"ip":0,"op":120,"st":0,"bm":0},{"ddd":0,"ind":19,"ty":4,"nm":"Extra_Elements","parent":11,"sr":1,"ks":{"o":{"a":0,"k":100,"ix":11},"r":{"a":0,"k":0,"ix":10},"p":{"a":0,"k":[-5.952,-2.458,0],"ix":2},"a":{"a":0,"k":[0,0,0],"ix":1},"s":{"a":0,"k":[99.797,100.209,100],"ix":6}},"ao":0,"shapes":[{"ty":"gr","it":[{"ind":0,"ty":"sh","ix":1,"ks":{"a":1,"k":[{"i":{"x":0.833,"y":1},"o":{"x":0.333,"y":0},"t":0,"s":[{"i":[[4.441,3.275],[0,0],[-4.51,5.241],[0,0],[-4.727,-5.557],[0,0],[4.996,-4.253],[0,0]],"o":[[0,0],[-5.565,-4.104],[0,0],[4.759,-5.53],[0,0],[4.251,4.998],[0,0],[-4.202,3.577]],"v":[[-166.171,-175.135],[-177.098,-183.194],[-179.052,-200.508],[-160.398,-222.184],[-142.34,-222.132],[-130.914,-208.7],[-132.264,-191.952],[-151.416,-175.65]],"c":true}]},{"i":{"x":0.667,"y":1},"o":{"x":0.167,"y":0},"t":10,"s":[{"i":[[4.441,3.275],[0,0],[-2.198,7.508],[0,0],[-4.727,-5.557],[0,0],[4.996,-4.253],[0,0]],"o":[[0,0],[-5.565,-4.104],[0,0],[1.398,-6.566],[0,0],[4.251,4.998],[0,0],[-4.202,3.577]],"v":[[-164.671,-155.385],[-232.348,-220.944],[-234.302,-238.258],[-230.148,-250.684],[-212.09,-250.632],[-143.914,-179.7],[-145.264,-162.952],[-149.916,-155.9]],"c":true}]},{"i":{"x":0.833,"y":1},"o":{"x":0.333,"y":0},"t":20,"s":[{"i":[[4.441,3.275],[0,0],[-4.51,5.241],[0,0],[-4.727,-5.557],[0,0],[4.996,-4.253],[0,0]],"o":[[0,0],[-5.565,-4.104],[0,0],[4.759,-5.53],[0,0],[4.251,4.998],[0,0],[-4.202,3.577]],"v":[[-166.171,-175.135],[-177.098,-183.194],[-179.052,-200.508],[-160.398,-222.184],[-142.34,-222.132],[-130.914,-208.7],[-132.264,-191.952],[-151.416,-175.65]],"c":true}]},{"i":{"x":0.667,"y":1},"o":{"x":0.167,"y":0},"t":30,"s":[{"i":[[4.441,3.275],[0,0],[-2.198,7.508],[0,0],[-4.727,-5.557],[0,0],[4.996,-4.253],[0,0]],"o":[[0,0],[-5.565,-4.104],[0,0],[1.398,-6.566],[0,0],[4.251,4.998],[0,0],[-4.202,3.577]],"v":[[-151.671,-184.385],[-219.348,-249.944],[-221.302,-267.258],[-210.398,-286.184],[-192.34,-286.132],[-124.164,-215.2],[-125.514,-198.452],[-136.916,-184.9]],"c":true}]},{"i":{"x":0.833,"y":1},"o":{"x":0.333,"y":0},"t":40,"s":[{"i":[[4.441,3.275],[0,0],[-4.51,5.241],[0,0],[-4.727,-5.557],[0,0],[4.996,-4.253],[0,0]],"o":[[0,0],[-5.565,-4.104],[0,0],[4.759,-5.53],[0,0],[4.251,4.998],[0,0],[-4.202,3.577]],"v":[[-166.171,-175.135],[-177.098,-183.194],[-179.052,-200.508],[-160.398,-222.184],[-142.34,-222.132],[-130.914,-208.7],[-132.264,-191.952],[-151.416,-175.65]],"c":true}]},{"i":{"x":0.667,"y":1},"o":{"x":0.167,"y":0},"t":50,"s":[{"i":[[4.441,3.275],[0,0],[-2.198,7.508],[0,0],[-4.727,-5.557],[0,0],[4.996,-4.253],[0,0]],"o":[[0,0],[-5.565,-4.104],[0,0],[1.398,-6.566],[0,0],[4.251,4.998],[0,0],[-4.202,3.577]],"v":[[-151.671,-184.385],[-219.348,-249.944],[-221.302,-267.258],[-217.148,-279.684],[-199.09,-279.632],[-130.914,-208.7],[-132.264,-191.952],[-136.916,-184.9]],"c":true}]},{"t":60,"s":[{"i":[[4.441,3.275],[0,0],[-4.51,5.241],[0,0],[-4.727,-5.557],[0,0],[4.996,-4.253],[0,0]],"o":[[0,0],[-5.565,-4.104],[0,0],[4.759,-5.53],[0,0],[4.251,4.998],[0,0],[-4.202,3.577]],"v":[[-166.171,-175.135],[-177.098,-183.194],[-179.052,-200.508],[-160.398,-222.184],[-142.34,-222.132],[-130.914,-208.7],[-132.264,-191.952],[-151.416,-175.65]],"c":true}]}],"ix":2},"nm":"Path 1","mn":"ADBE Vector Shape - Group","hd":false},{"ty":"fl","c":{"a":0,"k":[0.976470589638,0.811764717102,0.282352954149,1],"ix":4},"o":{"a":0,"k":100,"ix":5},"r":1,"bm":0,"nm":"Fill 1","mn":"ADBE Vector Graphic - Fill","hd":false},{"ty":"tr","p":{"a":0,"k":[0,0],"ix":2},"a":{"a":0,"k":[0,0],"ix":1},"s":{"a":0,"k":[100,100],"ix":3},"r":{"a":0,"k":0,"ix":6},"o":{"a":0,"k":100,"ix":7},"sk":{"a":0,"k":0,"ix":4},"sa":{"a":0,"k":0,"ix":5},"nm":"Transform"}],"nm":"Group 1","np":2,"cix":2,"bm":0,"ix":1,"mn":"ADBE Vector Group","hd":false},{"ty":"gr","it":[{"ind":0,"ty":"sh","ix":1,"ks":{"a":1,"k":[{"i":{"x":0.833,"y":1},"o":{"x":0.333,"y":0},"t":0,"s":[{"i":[[-2.742,5.191],[0,0],[4.771,3.346],[0,0],[2.792,-6.893],[0,0],[-6.016,-2.336],[0,0]],"o":[[0,0],[2.722,-5.152],[0,0],[-6.089,-4.27],[0,0],[-2.423,5.981],[0,0],[5.473,2.125]],"v":[[-190.679,-96.867],[-172.009,-132.205],[-175.595,-147.076],[-226.038,-182.451],[-243.397,-177.325],[-263.834,-126.881],[-257.3,-111.758],[-205.091,-91.488]],"c":true}]},{"i":{"x":0.667,"y":1},"o":{"x":0.167,"y":0},"t":10,"s":[{"i":[[-2.742,5.191],[0,0],[4.345,6.576],[0,0],[2.792,-6.893],[0,0],[-6.016,-2.336],[0,0]],"o":[[0,0],[2.722,-5.152],[0,0],[-4.712,-5.549],[0,0],[-2.423,5.981],[0,0],[10.341,0.988]],"v":[[-211.929,-49.367],[-179.759,-112.205],[-183.345,-129.326],[-192.788,-141.951],[-210.147,-136.825],[-244.084,-58.881],[-237.55,-43.758],[-229.591,-42.613]],"c":true}]},{"i":{"x":0.833,"y":1},"o":{"x":0.333,"y":0},"t":20,"s":[{"i":[[-2.742,5.191],[0,0],[4.771,3.346],[0,0],[2.792,-6.893],[0,0],[-6.016,-2.336],[0,0]],"o":[[0,0],[2.722,-5.152],[0,0],[-6.089,-4.27],[0,0],[-2.423,5.981],[0,0],[5.473,2.125]],"v":[[-190.679,-96.867],[-172.009,-132.205],[-175.595,-147.076],[-226.038,-182.451],[-243.397,-177.325],[-263.834,-126.881],[-257.3,-111.758],[-205.091,-91.488]],"c":true}]},{"i":{"x":0.667,"y":1},"o":{"x":0.167,"y":0},"t":30,"s":[{"i":[[-2.742,5.191],[0,0],[4.345,6.576],[0,0],[2.792,-6.893],[0,0],[-6.016,-2.336],[0,0]],"o":[[0,0],[2.722,-5.152],[0,0],[-4.712,-5.549],[0,0],[-2.423,5.981],[0,0],[10.341,0.988]],"v":[[-198.929,-78.367],[-166.759,-141.205],[-170.345,-158.326],[-191.788,-177.951],[-209.147,-172.825],[-243.084,-94.881],[-236.55,-79.758],[-216.591,-71.613]],"c":true}]},{"i":{"x":0.833,"y":1},"o":{"x":0.333,"y":0},"t":40,"s":[{"i":[[-2.742,5.191],[0,0],[4.771,3.346],[0,0],[2.792,-6.893],[0,0],[-6.016,-2.336],[0,0]],"o":[[0,0],[2.722,-5.152],[0,0],[-6.089,-4.27],[0,0],[-2.423,5.981],[0,0],[5.473,2.125]],"v":[[-190.679,-96.867],[-172.009,-132.205],[-175.595,-147.076],[-226.038,-182.451],[-243.397,-177.325],[-263.834,-126.881],[-257.3,-111.758],[-205.091,-91.488]],"c":true}]},{"i":{"x":0.667,"y":1},"o":{"x":0.167,"y":0},"t":50,"s":[{"i":[[-2.742,5.191],[0,0],[4.345,6.576],[0,0],[2.792,-6.893],[0,0],[-6.016,-2.336],[0,0]],"o":[[0,0],[2.722,-5.152],[0,0],[-4.712,-5.549],[0,0],[-2.423,5.981],[0,0],[10.341,0.988]],"v":[[-198.929,-78.367],[-166.759,-141.205],[-170.345,-158.326],[-179.788,-170.951],[-197.147,-165.825],[-231.084,-87.881],[-224.55,-72.758],[-216.591,-71.613]],"c":true}]},{"t":60,"s":[{"i":[[-2.742,5.191],[0,0],[4.771,3.346],[0,0],[2.792,-6.893],[0,0],[-6.016,-2.336],[0,0]],"o":[[0,0],[2.722,-5.152],[0,0],[-6.089,-4.27],[0,0],[-2.423,5.981],[0,0],[5.473,2.125]],"v":[[-190.679,-96.867],[-172.009,-132.205],[-175.595,-147.076],[-226.038,-182.451],[-243.397,-177.325],[-263.834,-126.881],[-257.3,-111.758],[-205.091,-91.488]],"c":true}]}],"ix":2},"nm":"Path 1","mn":"ADBE Vector Shape - Group","hd":false},{"ty":"fl","c":{"a":0,"k":[0.976470589638,0.811764717102,0.282352954149,1],"ix":4},"o":{"a":0,"k":100,"ix":5},"r":1,"bm":0,"nm":"Fill 1","mn":"ADBE Vector Graphic - Fill","hd":false},{"ty":"tr","p":{"a":0,"k":[0,0],"ix":2},"a":{"a":0,"k":[0,0],"ix":1},"s":{"a":0,"k":[100,100],"ix":3},"r":{"a":0,"k":0,"ix":6},"o":{"a":0,"k":100,"ix":7},"sk":{"a":0,"k":0,"ix":4},"sa":{"a":0,"k":0,"ix":5},"nm":"Transform"}],"nm":"Group 2","np":2,"cix":2,"bm":0,"ix":2,"mn":"ADBE Vector Group","hd":false},{"ty":"gr","it":[{"ind":0,"ty":"sh","ix":1,"ks":{"a":1,"k":[{"i":{"x":0.833,"y":1},"o":{"x":0.333,"y":0},"t":0,"s":[{"i":[[-7.332,3.91],[0,0],[-4.397,-7.251],[0,0],[9.127,-3.69],[0,0],[3.436,7.972],[0,0]],"o":[[0,0],[7.483,-3.991],[0,0],[5.105,8.418],[0,0],[-8.048,3.253],[0,0],[-3.289,-7.631]],"v":[[224.027,-120.355],[236.232,-126.865],[257.409,-121.053],[270.645,-99.228],[262.972,-76.134],[246.929,-69.648],[226.272,-78.135],[216.874,-99.937]],"c":true}]},{"i":{"x":0.667,"y":1},"o":{"x":0.167,"y":0},"t":10,"s":[{"i":[[-7.332,3.91],[0,0],[-4.397,-7.251],[0,0],[9.127,-3.69],[0,0],[3.436,7.972],[0,0]],"o":[[0,0],[7.483,-3.991],[0,0],[5.105,8.418],[0,0],[-8.048,3.253],[0,0],[-3.289,-7.631]],"v":[[228.527,-108.855],[306.232,-140.365],[327.409,-134.553],[336.145,-124.228],[328.472,-101.134],[246.929,-69.648],[226.272,-78.135],[221.374,-88.437]],"c":true}]},{"i":{"x":0.833,"y":1},"o":{"x":0.333,"y":0},"t":20,"s":[{"i":[[-7.332,3.91],[0,0],[-4.397,-7.251],[0,0],[9.127,-3.69],[0,0],[3.436,7.972],[0,0]],"o":[[0,0],[7.483,-3.991],[0,0],[5.105,8.418],[0,0],[-8.048,3.253],[0,0],[-3.289,-7.631]],"v":[[224.027,-120.355],[236.232,-126.865],[257.409,-121.053],[270.645,-99.228],[262.972,-76.134],[246.929,-69.648],[226.272,-78.135],[216.874,-99.937]],"c":true}]},{"i":{"x":0.667,"y":1},"o":{"x":0.167,"y":0},"t":30,"s":[{"i":[[-7.332,3.91],[0,0],[-4.397,-7.251],[0,0],[9.127,-3.69],[0,0],[3.436,7.972],[0,0]],"o":[[0,0],[7.483,-3.991],[0,0],[5.105,8.418],[0,0],[-8.048,3.253],[0,0],[-3.289,-7.631]],"v":[[223.527,-117.105],[301.232,-148.615],[322.409,-142.803],[341.395,-109.228],[333.722,-86.134],[252.179,-54.648],[231.522,-63.135],[216.374,-96.687]],"c":true}]},{"i":{"x":0.833,"y":1},"o":{"x":0.333,"y":0},"t":40,"s":[{"i":[[-7.332,3.91],[0,0],[-4.397,-7.251],[0,0],[9.127,-3.69],[0,0],[3.436,7.972],[0,0]],"o":[[0,0],[7.483,-3.991],[0,0],[5.105,8.418],[0,0],[-8.048,3.253],[0,0],[-3.289,-7.631]],"v":[[224.027,-120.355],[236.232,-126.865],[257.409,-121.053],[270.645,-99.228],[262.972,-76.134],[246.929,-69.648],[226.272,-78.135],[216.874,-99.937]],"c":true}]},{"i":{"x":0.667,"y":1},"o":{"x":0.167,"y":0},"t":50,"s":[{"i":[[-7.332,3.91],[0,0],[-4.397,-7.251],[0,0],[9.127,-3.69],[0,0],[3.436,7.972],[0,0]],"o":[[0,0],[7.483,-3.991],[0,0],[5.105,8.418],[0,0],[-8.048,3.253],[0,0],[-3.289,-7.631]],"v":[[228.527,-108.855],[306.232,-140.365],[327.409,-134.553],[336.145,-124.228],[328.472,-101.134],[246.929,-69.648],[226.272,-78.135],[221.374,-88.437]],"c":true}]},{"t":60,"s":[{"i":[[-7.332,3.91],[0,0],[-4.397,-7.251],[0,0],[9.127,-3.69],[0,0],[3.436,7.972],[0,0]],"o":[[0,0],[7.483,-3.991],[0,0],[5.105,8.418],[0,0],[-8.048,3.253],[0,0],[-3.289,-7.631]],"v":[[224.027,-120.355],[236.232,-126.865],[257.409,-121.053],[270.645,-99.228],[262.972,-76.134],[246.929,-69.648],[226.272,-78.135],[216.874,-99.937]],"c":true}]}],"ix":2},"nm":"Path 1","mn":"ADBE Vector Shape - Group","hd":false},{"ty":"fl","c":{"a":0,"k":[0.976470589638,0.811764717102,0.282352954149,1],"ix":4},"o":{"a":0,"k":100,"ix":5},"r":1,"bm":0,"nm":"Fill 1","mn":"ADBE Vector Graphic - Fill","hd":false},{"ty":"tr","p":{"a":0,"k":[0,0],"ix":2},"a":{"a":0,"k":[0,0],"ix":1},"s":{"a":0,"k":[100,100],"ix":3},"r":{"a":0,"k":0,"ix":6},"o":{"a":0,"k":100,"ix":7},"sk":{"a":0,"k":0,"ix":4},"sa":{"a":0,"k":0,"ix":5},"nm":"Transform"}],"nm":"Group 3","np":2,"cix":2,"bm":0,"ix":3,"mn":"ADBE Vector Group","hd":false},{"ty":"gr","it":[{"ind":0,"ty":"sh","ix":1,"ks":{"a":1,"k":[{"i":{"x":0.833,"y":1},"o":{"x":0.333,"y":0},"t":0,"s":[{"i":[[-3.687,4.435],[0,0],[-4.683,-6.348],[0,0],[6.053,-3.73],[0,0],[3.833,4.795],[0,0]],"o":[[0,0],[5.043,-6.065],[0,0],[4.221,5.722],[0,0],[-5.226,3.22],[0,0],[-3.601,-4.505]],"v":[[160.901,-189.526],[207.987,-246.157],[227.109,-245.602],[259.701,-201.427],[256.298,-183.868],[196.244,-146.862],[180.377,-149.619],[160.753,-174.17]],"c":true}]},{"i":{"x":0.667,"y":1},"o":{"x":0.167,"y":0},"t":10,"s":[{"i":[[-3.687,4.435],[0,0],[-4.683,-6.348],[0,0],[6.053,-3.73],[0,0],[3.833,4.795],[0,0]],"o":[[0,0],[5.043,-6.065],[0,0],[4.221,5.722],[0,0],[-5.226,3.22],[0,0],[-3.601,-4.505]],"v":[[146.901,-198.526],[164.487,-229.657],[183.609,-229.102],[231.701,-160.927],[228.298,-143.368],[197.744,-131.862],[181.877,-134.619],[146.753,-183.17]],"c":true}]},{"i":{"x":0.833,"y":1},"o":{"x":0.333,"y":0},"t":20,"s":[{"i":[[-3.687,4.435],[0,0],[-4.683,-6.348],[0,0],[6.053,-3.73],[0,0],[3.833,4.795],[0,0]],"o":[[0,0],[5.043,-6.065],[0,0],[4.221,5.722],[0,0],[-5.226,3.22],[0,0],[-3.601,-4.505]],"v":[[145.926,-206.556],[193.013,-263.187],[212.135,-262.633],[259.701,-201.427],[256.298,-183.868],[196.244,-146.862],[180.377,-149.619],[145.778,-191.2]],"c":true}]},{"i":{"x":0.667,"y":1},"o":{"x":0.167,"y":0},"t":30,"s":[{"i":[[-3.687,4.435],[0,0],[-4.683,-6.348],[0,0],[6.053,-3.73],[0,0],[3.833,4.795],[0,0]],"o":[[0,0],[5.043,-6.065],[0,0],[4.221,5.722],[0,0],[-5.226,3.22],[0,0],[-3.601,-4.505]],"v":[[146.901,-198.526],[160.745,-227.528],[179.867,-226.973],[227.958,-158.798],[224.555,-141.239],[197.744,-131.862],[181.877,-134.619],[146.753,-183.17]],"c":true}]},{"i":{"x":0.833,"y":1},"o":{"x":0.333,"y":0},"t":40,"s":[{"i":[[-3.687,4.435],[0,0],[-4.683,-6.348],[0,0],[6.053,-3.73],[0,0],[3.833,4.795],[0,0]],"o":[[0,0],[5.043,-6.065],[0,0],[4.221,5.722],[0,0],[-5.226,3.22],[0,0],[-3.601,-4.505]],"v":[[160.901,-189.526],[222.463,-255.674],[241.585,-255.119],[274.177,-210.944],[270.773,-193.385],[196.244,-146.862],[180.377,-149.619],[160.753,-174.17]],"c":true}]},{"i":{"x":0.667,"y":1},"o":{"x":0.167,"y":0},"t":50,"s":[{"i":[[-3.687,4.435],[0,0],[-4.683,-6.348],[0,0],[6.053,-3.73],[0,0],[3.833,4.795],[0,0]],"o":[[0,0],[5.043,-6.065],[0,0],[4.221,5.722],[0,0],[-5.226,3.22],[0,0],[-3.601,-4.505]],"v":[[146.901,-198.526],[164.487,-229.657],[183.609,-229.102],[231.701,-160.927],[228.298,-143.368],[197.744,-131.862],[181.877,-134.619],[146.753,-183.17]],"c":true}]},{"t":60,"s":[{"i":[[-3.687,4.435],[0,0],[-4.683,-6.348],[0,0],[6.053,-3.73],[0,0],[3.833,4.795],[0,0]],"o":[[0,0],[5.043,-6.065],[0,0],[4.221,5.722],[0,0],[-5.226,3.22],[0,0],[-3.601,-4.505]],"v":[[160.901,-189.526],[207.987,-246.157],[227.109,-245.602],[259.701,-201.427],[256.298,-183.868],[196.244,-146.862],[180.377,-149.619],[160.753,-174.17]],"c":true}]}],"ix":2},"nm":"Path 1","mn":"ADBE Vector Shape - Group","hd":false},{"ty":"fl","c":{"a":0,"k":[0.976470589638,0.811764717102,0.282352954149,1],"ix":4},"o":{"a":0,"k":100,"ix":5},"r":1,"bm":0,"nm":"Fill 1","mn":"ADBE Vector Graphic - Fill","hd":false},{"ty":"tr","p":{"a":0,"k":[0,0],"ix":2},"a":{"a":0,"k":[0,0],"ix":1},"s":{"a":0,"k":[100,100],"ix":3},"r":{"a":0,"k":0,"ix":6},"o":{"a":0,"k":100,"ix":7},"sk":{"a":0,"k":0,"ix":4},"sa":{"a":0,"k":0,"ix":5},"nm":"Transform"}],"nm":"Group 4","np":2,"cix":2,"bm":0,"ix":4,"mn":"ADBE Vector Group","hd":false}],"ip":0,"op":120,"st":0,"bm":0}]}],"layers":[{"ddd":0,"ind":1,"ty":0,"nm":"08_Mallow_Hopeful","refId":"comp_0","sr":1,"ks":{"o":{"a":0,"k":100,"ix":11},"r":{"a":0,"k":0,"ix":10},"p":{"a":0,"k":[160,160,0],"ix":2},"a":{"a":0,"k":[400,400,0],"ix":1},"s":{"a":0,"k":[40,40,100],"ix":6}},"ao":0,"w":800,"h":800,"ip":60,"op":120,"st":60,"bm":0},{"ddd":0,"ind":2,"ty":0,"nm":"08_Mallow_Hopeful","refId":"comp_0","sr":1,"ks":{"o":{"a":0,"k":100,"ix":11},"r":{"a":0,"k":0,"ix":10},"p":{"a":0,"k":[160,160,0],"ix":2},"a":{"a":0,"k":[400,400,0],"ix":1},"s":{"a":0,"k":[40,40,100],"ix":6}},"ao":0,"w":800,"h":800,"ip":0,"op":60,"st":0,"bm":0}],"markers":[]}