{"v":"5.6.2","fr":60,"ip":0,"op":120,"w":320,"h":320,"nm":"10_Mallow_Dread","ddd":0,"assets":[{"id":"comp_0","layers":[{"ddd":0,"ind":2,"ty":3,"nm":"C | All","sr":1,"ks":{"o":{"a":0,"k":100,"ix":11},"r":{"a":0,"k":0,"ix":10},"p":{"a":0,"k":[404.022,553.905,0],"ix":2},"a":{"a":0,"k":[0,0,0],"ix":1},"s":{"a":0,"k":[115,115,100],"ix":6}},"ao":0,"ef":[{"ty":5,"nm":"Controller","np":14,"mn":"Pseudo/DUIK Ctrl v02","ix":1,"en":1,"ef":[{"ty":6,"nm":"Icon","mn":"Pseudo/DUIK Ctrl v02-0001","ix":1,"v":0},{"ty":2,"nm":"Color","mn":"Pseudo/DUIK Ctrl v02-0002","ix":2,"v":{"a":0,"k":[0.92549020052,0.0941176489,0.0941176489,1],"ix":2}},{"ty":3,"nm":"Position","mn":"Pseudo/DUIK Ctrl v02-0003","ix":3,"v":{"a":0,"k":[0,0],"ix":3}},{"ty":0,"nm":"Size","mn":"Pseudo/DUIK Ctrl v02-0004","ix":4,"v":{"a":0,"k":80,"ix":4}},{"ty":7,"nm":"Flip","mn":"Pseudo/DUIK Ctrl v02-0005","ix":5,"v":{"a":0,"k":0,"ix":5}},{"ty":0,"nm":"Orientation","mn":"Pseudo/DUIK Ctrl v02-0006","ix":6,"v":{"a":0,"k":0,"ix":6}},{"ty":0,"nm":"Opacity","mn":"Pseudo/DUIK Ctrl v02-0007","ix":7,"v":{"a":0,"k":100,"ix":7}},{"ty":6,"nm":"","mn":"Pseudo/DUIK Ctrl v02-0008","ix":8,"v":0},{"ty":6,"nm":"Anchor","mn":"Pseudo/DUIK Ctrl v02-0009","ix":9,"v":0},{"ty":2,"nm":"Color","mn":"Pseudo/DUIK Ctrl v02-0010","ix":10,"v":{"a":0,"k":[0,0,0,1],"ix":10}},{"ty":0,"nm":"Size","mn":"Pseudo/DUIK Ctrl v02-0011","ix":11,"v":{"a":0,"k":53,"ix":11}},{"ty":6,"nm":"","mn":"Pseudo/DUIK Ctrl v02-0012","ix":12,"v":0}]}],"ip":0,"op":120,"st":0,"bm":0},{"ddd":0,"ind":3,"ty":4,"nm":"Head 2","parent":9,"td":1,"sr":1,"ks":{"o":{"a":0,"k":100,"ix":11},"r":{"a":0,"k":0,"ix":10},"p":{"a":0,"k":[418.049,448.799,0],"ix":2},"a":{"a":0,"k":[418.049,448.799,0],"ix":1},"s":{"a":0,"k":[100,100,100],"ix":6}},"ao":0,"shapes":[{"ty":"gr","it":[{"ind":0,"ty":"sh","ix":1,"ks":{"a":0,"k":{"i":[[-9.229,-13.34],[-6.764,4.681],[9.229,13.341],[6.764,-4.679]],"o":[[9.229,13.34],[6.763,-4.68],[-9.229,-13.341],[-6.765,4.679]],"v":[[-12.247,8.473],[16.711,24.155],[12.248,-8.473],[-16.709,-24.155]],"c":true},"ix":2},"nm":"Path 1","mn":"ADBE Vector Shape - Group","hd":false},{"ty":"gr","it":[{"ty":"tr","p":{"a":0,"k":[0,0],"ix":2},"a":{"a":0,"k":[0,0],"ix":1},"s":{"a":0,"k":[100,100],"ix":3},"r":{"a":0,"k":0,"ix":6},"o":{"a":0,"k":100,"ix":7},"sk":{"a":0,"k":0,"ix":4},"sa":{"a":0,"k":0,"ix":5},"nm":"Transform"}],"nm":"Group 1","np":0,"cix":2,"bm":0,"ix":2,"mn":"ADBE Vector Group","hd":false},{"ty":"mm","mm":4,"nm":"Merge Paths 1","mn":"ADBE Vector Filter - Merge","hd":false},{"ty":"fl","c":{"a":0,"k":[1,1,1,1],"ix":4},"o":{"a":0,"k":100,"ix":5},"r":1,"bm":0,"nm":"Fill 1","mn":"ADBE Vector Graphic - Fill","hd":false},{"ty":"tr","p":{"a":0,"k":[562.964,203.058],"ix":2},"a":{"a":0,"k":[0,0],"ix":1},"s":{"a":0,"k":[100,100],"ix":3},"r":{"a":0,"k":0,"ix":6},"o":{"a":0,"k":100,"ix":7},"sk":{"a":0,"k":0,"ix":4},"sa":{"a":0,"k":0,"ix":5},"nm":"Transform"}],"nm":"Group 3","np":4,"cix":2,"bm":0,"ix":1,"mn":"ADBE Vector Group","hd":false},{"ty":"gr","it":[{"ind":0,"ty":"sh","ix":1,"ks":{"a":0,"k":{"i":[[29.412,-14.825],[102.962,0.736],[25.519,16.148],[5.339,21.453],[-37.186,-23.53],[-123.185,-0.88],[-22.624,11.404],[9.723,40.892]],"o":[[-22.624,11.403],[-123.185,-0.879],[-22.554,-14.271],[-8.657,36.705],[25.519,16.147],[102.962,0.735],[45.395,-22.88],[-6.305,25.703]],"v":[[171.585,-1.738],[0.035,22.535],[-183.603,-7.953],[-225.143,-63.345],[-183.603,35.071],[0.035,65.559],[171.585,41.285],[225.149,-65.589]],"c":true},"ix":2},"nm":"Path 1","mn":"ADBE Vector Shape - Group","hd":false},{"ty":"gr","it":[{"ty":"tr","p":{"a":0,"k":[0,0],"ix":2},"a":{"a":0,"k":[0,0],"ix":1},"s":{"a":0,"k":[100,100],"ix":3},"r":{"a":0,"k":0,"ix":6},"o":{"a":0,"k":100,"ix":7},"sk":{"a":0,"k":0,"ix":4},"sa":{"a":0,"k":0,"ix":5},"nm":"Transform"}],"nm":"Group 1","np":0,"cix":2,"bm":0,"ix":2,"mn":"ADBE Vector Group","hd":false},{"ty":"mm","mm":4,"nm":"Merge Paths 1","mn":"ADBE Vector Filter - Merge","hd":false},{"ty":"fl","c":{"a":0,"k":[0.921568687289,0.360784313725,0.654901960784,1],"ix":4},"o":{"a":0,"k":70,"ix":5},"r":1,"bm":0,"nm":"Fill 1","mn":"ADBE Vector Graphic - Fill","hd":false},{"ty":"tr","p":{"a":0,"k":[418.161,407.291],"ix":2},"a":{"a":0,"k":[0,0],"ix":1},"s":{"a":0,"k":[100,100],"ix":3},"r":{"a":0,"k":0,"ix":6},"o":{"a":0,"k":100,"ix":7},"sk":{"a":0,"k":0,"ix":4},"sa":{"a":0,"k":0,"ix":5},"nm":"Transform"}],"nm":"Group 2","np":4,"cix":2,"bm":0,"ix":2,"mn":"ADBE Vector Group","hd":false},{"ty":"gr","it":[{"ind":0,"ty":"sh","ix":1,"ks":{"a":0,"k":{"i":[[63.61,48.945],[112.68,13.28],[45.973,-7.305],[-21.631,-67.671],[-61.202,-38.726],[-123.185,-0.88],[-22.623,11.403]],"o":[[22.23,-69.547],[-35.286,-4.159],[-105.697,16.793],[-58.74,46.188],[25.519,16.147],[102.962,0.736],[70.816,-35.695]],"v":[[181.996,-15.483],[52.907,-173.082],[-62.551,-171.775],[-182.698,-15.483],[-184.404,147.856],[-0.766,178.344],[170.784,154.071]],"c":true},"ix":2},"nm":"Path 1","mn":"ADBE Vector Shape - Group","hd":false},{"ty":"gr","it":[{"ty":"tr","p":{"a":0,"k":[0,0],"ix":2},"a":{"a":0,"k":[0,0],"ix":1},"s":{"a":0,"k":[100,100],"ix":3},"r":{"a":0,"k":0,"ix":6},"o":{"a":0,"k":100,"ix":7},"sk":{"a":0,"k":0,"ix":4},"sa":{"a":0,"k":0,"ix":5},"nm":"Transform"}],"nm":"Group 1","np":0,"cix":2,"bm":0,"ix":2,"mn":"ADBE Vector Group","hd":false},{"ty":"mm","mm":4,"nm":"Merge Paths 1","mn":"ADBE Vector Filter - Merge","hd":false},{"ty":"fl","c":{"a":0,"k":[0.948999980852,0.438999998803,0.717999985639,1],"ix":4},"o":{"a":0,"k":100,"ix":5},"r":1,"bm":0,"nm":"Fill 1","mn":"ADBE Vector Graphic - Fill","hd":false},{"ty":"tr","p":{"a":0,"k":[418.962,294.506],"ix":2},"a":{"a":0,"k":[0,0],"ix":1},"s":{"a":0,"k":[101.763,101.763],"ix":3},"r":{"a":0,"k":0,"ix":6},"o":{"a":0,"k":100,"ix":7},"sk":{"a":0,"k":0,"ix":4},"sa":{"a":0,"k":0,"ix":5},"nm":"Transform"}],"nm":"Group 6","np":4,"cix":2,"bm":0,"ix":3,"mn":"ADBE Vector Group","hd":false}],"ip":0,"op":120,"st":0,"bm":0},{"ddd":0,"ind":4,"ty":4,"nm":"Head 3","parent":9,"tt":1,"sr":1,"ks":{"o":{"a":1,"k":[{"i":{"x":[0],"y":[1]},"o":{"x":[0.333],"y":[0]},"t":34,"s":[0]},{"t":69,"s":[40]}],"ix":11},"r":{"a":0,"k":0,"ix":10},"p":{"a":0,"k":[418.049,457.494,0],"ix":2},"a":{"a":0,"k":[418.049,448.799,0],"ix":1},"s":{"a":0,"k":[86,107,100],"ix":6}},"ao":0,"shapes":[{"ty":"gr","it":[{"ind":0,"ty":"sh","ix":1,"ks":{"a":0,"k":{"i":[[-9.229,-13.34],[-6.764,4.681],[9.229,13.341],[6.764,-4.679]],"o":[[9.229,13.34],[6.763,-4.68],[-9.229,-13.341],[-6.765,4.679]],"v":[[-12.247,8.473],[16.711,24.155],[12.248,-8.473],[-16.709,-24.155]],"c":true},"ix":2},"nm":"Path 1","mn":"ADBE Vector Shape - Group","hd":false},{"ty":"gr","it":[{"ty":"tr","p":{"a":0,"k":[0,0],"ix":2},"a":{"a":0,"k":[0,0],"ix":1},"s":{"a":0,"k":[100,100],"ix":3},"r":{"a":0,"k":0,"ix":6},"o":{"a":0,"k":100,"ix":7},"sk":{"a":0,"k":0,"ix":4},"sa":{"a":0,"k":0,"ix":5},"nm":"Transform"}],"nm":"Group 1","np":0,"cix":2,"bm":0,"ix":2,"mn":"ADBE Vector Group","hd":false},{"ty":"mm","mm":4,"nm":"Merge Paths 1","mn":"ADBE Vector Filter - Merge","hd":false},{"ty":"fl","c":{"a":0,"k":[0,0,0,1],"ix":4},"o":{"a":0,"k":100,"ix":5},"r":1,"bm":0,"nm":"Fill 1","mn":"ADBE Vector Graphic - Fill","hd":false},{"ty":"tr","p":{"a":0,"k":[562.964,203.058],"ix":2},"a":{"a":0,"k":[0,0],"ix":1},"s":{"a":0,"k":[100,100],"ix":3},"r":{"a":0,"k":0,"ix":6},"o":{"a":0,"k":100,"ix":7},"sk":{"a":0,"k":0,"ix":4},"sa":{"a":0,"k":0,"ix":5},"nm":"Transform"}],"nm":"Group 3","np":4,"cix":2,"bm":0,"ix":1,"mn":"ADBE Vector Group","hd":false},{"ty":"gr","it":[{"ind":0,"ty":"sh","ix":1,"ks":{"a":0,"k":{"i":[[29.412,-14.825],[102.962,0.736],[25.519,16.148],[5.339,21.453],[-37.186,-23.53],[-123.185,-0.88],[-22.624,11.404],[9.723,40.892]],"o":[[-22.624,11.403],[-123.185,-0.879],[-22.554,-14.271],[-8.657,36.705],[25.519,16.147],[102.962,0.735],[45.395,-22.88],[-6.305,25.703]],"v":[[171.585,-1.738],[0.035,22.535],[-183.603,-7.953],[-225.143,-63.345],[-183.603,35.071],[0.035,65.559],[171.585,41.285],[225.149,-65.589]],"c":true},"ix":2},"nm":"Path 1","mn":"ADBE Vector Shape - Group","hd":false},{"ty":"gr","it":[{"ty":"tr","p":{"a":0,"k":[0,0],"ix":2},"a":{"a":0,"k":[0,0],"ix":1},"s":{"a":0,"k":[100,100],"ix":3},"r":{"a":0,"k":0,"ix":6},"o":{"a":0,"k":100,"ix":7},"sk":{"a":0,"k":0,"ix":4},"sa":{"a":0,"k":0,"ix":5},"nm":"Transform"}],"nm":"Group 1","np":0,"cix":2,"bm":0,"ix":2,"mn":"ADBE Vector Group","hd":false},{"ty":"mm","mm":4,"nm":"Merge Paths 1","mn":"ADBE Vector Filter - Merge","hd":false},{"ty":"fl","c":{"a":0,"k":[0,0,0,1],"ix":4},"o":{"a":0,"k":70,"ix":5},"r":1,"bm":0,"nm":"Fill 1","mn":"ADBE Vector Graphic - Fill","hd":false},{"ty":"tr","p":{"a":0,"k":[418.161,407.291],"ix":2},"a":{"a":0,"k":[0,0],"ix":1},"s":{"a":0,"k":[100,100],"ix":3},"r":{"a":0,"k":0,"ix":6},"o":{"a":0,"k":100,"ix":7},"sk":{"a":0,"k":0,"ix":4},"sa":{"a":0,"k":0,"ix":5},"nm":"Transform"}],"nm":"Group 2","np":4,"cix":2,"bm":0,"ix":2,"mn":"ADBE Vector Group","hd":false},{"ty":"gr","it":[{"ind":0,"ty":"sh","ix":1,"ks":{"a":0,"k":{"i":[[63.61,48.945],[112.68,13.28],[45.973,-7.305],[-21.631,-67.671],[-61.202,-38.726],[-123.185,-0.88],[-22.623,11.403]],"o":[[22.23,-69.547],[-35.286,-4.159],[-105.697,16.793],[-58.74,46.188],[25.519,16.147],[102.962,0.736],[70.816,-35.695]],"v":[[181.996,-15.483],[52.907,-173.082],[-62.551,-171.775],[-182.698,-15.483],[-184.404,147.856],[-0.766,178.344],[170.784,154.071]],"c":true},"ix":2},"nm":"Path 1","mn":"ADBE Vector Shape - Group","hd":false},{"ty":"gr","it":[{"ty":"tr","p":{"a":0,"k":[0,0],"ix":2},"a":{"a":0,"k":[0,0],"ix":1},"s":{"a":0,"k":[100,100],"ix":3},"r":{"a":0,"k":0,"ix":6},"o":{"a":0,"k":100,"ix":7},"sk":{"a":0,"k":0,"ix":4},"sa":{"a":0,"k":0,"ix":5},"nm":"Transform"}],"nm":"Group 1","np":0,"cix":2,"bm":0,"ix":2,"mn":"ADBE Vector Group","hd":false},{"ty":"mm","mm":4,"nm":"Merge Paths 1","mn":"ADBE Vector Filter - Merge","hd":false},{"ty":"fl","c":{"a":0,"k":[0,0,0,1],"ix":4},"o":{"a":0,"k":100,"ix":5},"r":1,"bm":0,"nm":"Fill 1","mn":"ADBE Vector Graphic - Fill","hd":false},{"ty":"tr","p":{"a":0,"k":[418.962,294.506],"ix":2},"a":{"a":0,"k":[0,0],"ix":1},"s":{"a":0,"k":[100,100],"ix":3},"r":{"a":0,"k":0,"ix":6},"o":{"a":0,"k":100,"ix":7},"sk":{"a":0,"k":0,"ix":4},"sa":{"a":0,"k":0,"ix":5},"nm":"Transform"}],"nm":"Group 6","np":4,"cix":2,"bm":0,"ix":3,"mn":"ADBE Vector Group","hd":false}],"ip":0,"op":120,"st":0,"bm":0},{"ddd":0,"ind":5,"ty":4,"nm":"Mouth","parent":9,"sr":1,"ks":{"o":{"a":0,"k":100,"ix":11},"r":{"a":0,"k":0,"ix":10},"p":{"a":0,"k":[416.008,409.886,0],"ix":2},"a":{"a":0,"k":[405,558.166,0],"ix":1},"s":{"a":0,"k":[100,100,100],"ix":6}},"ao":0,"shapes":[{"ty":"gr","it":[{"ind":0,"ty":"sh","ix":1,"ks":{"a":1,"k":[{"i":{"x":0,"y":1},"o":{"x":1,"y":0},"t":14,"s":[{"i":[[0,0],[0,0]],"o":[[0,0],[0,0]],"v":[[4.125,0.413],[4.042,0.518]],"c":false}]},{"t":33,"s":[{"i":[[0,0],[0,0]],"o":[[0,0],[0,0]],"v":[[10.24,-22.152],[-4.115,25.027]],"c":false}]}],"ix":2},"nm":"Path 1","mn":"ADBE Vector Shape - Group","hd":false},{"ind":1,"ty":"sh","ix":2,"ks":{"a":1,"k":[{"i":{"x":0,"y":1},"o":{"x":1,"y":0},"t":14,"s":[{"i":[[0,0],[0,0]],"o":[[0,0],[0,0]],"v":[[-28.747,7.794],[-28.88,7.796]],"c":false}]},{"t":33,"s":[{"i":[[0,0],[0,0]],"o":[[0,0],[0,0]],"v":[[-51.404,-23.902],[-41.799,24.777]],"c":false}]}],"ix":2},"nm":"Path 2","mn":"ADBE Vector Shape - Group","hd":false},{"ty":"st","c":{"a":0,"k":[0,0,0,1],"ix":3},"o":{"a":0,"k":100,"ix":4},"w":{"a":0,"k":2,"ix":5},"lc":1,"lj":1,"ml":10,"bm":0,"nm":"Stroke 1","mn":"ADBE Vector Graphic - Stroke","hd":false},{"ty":"tr","p":{"a":0,"k":[428.042,558.806],"ix":2},"a":{"a":0,"k":[0,0],"ix":1},"s":{"a":0,"k":[100,100],"ix":3},"r":{"a":0,"k":0,"ix":6},"o":{"a":0,"k":100,"ix":7},"sk":{"a":0,"k":0,"ix":4},"sa":{"a":0,"k":0,"ix":5},"nm":"Transform"}],"nm":"Group 1","np":3,"cix":2,"bm":0,"ix":1,"mn":"ADBE Vector Group","hd":false},{"ty":"gr","it":[{"ind":0,"ty":"sh","ix":1,"ks":{"a":1,"k":[{"i":{"x":0,"y":1},"o":{"x":1,"y":0},"t":14,"s":[{"i":[[8.412,4.503],[10.109,-11.748],[-0.437,1.637],[-4.345,5.525],[-8.866,-4.555],[-0.747,-1.149]],"o":[[-7.792,-4.171],[-7.768,9.027],[1.503,-5.63],[9.549,-12.142],[3.251,1.67],[1.03,1.584]],"v":[[27.022,-1.369],[-5.923,6.045],[-14.069,20.202],[-5.842,6.028],[27.181,-1.39],[37.155,6.801]],"c":true}]},{"t":33,"s":[{"i":[[21.719,13.319],[13.453,-7.791],[1.229,11.792],[-10.406,5.555],[-18.553,-11.66],[5.859,-20.889]],"o":[[-12.479,-7.653],[-22.047,12.769],[-2.169,-20.819],[16.355,-8.729],[6.803,4.275],[-3.301,11.769]],"v":[[18.916,23.057],[-18.875,23.057],[-55.021,9.328],[-28.545,-25.636],[33.363,-23.956],[55.451,14.398]],"c":true}]}],"ix":2},"nm":"Path 1","mn":"ADBE Vector Shape - Group","hd":false},{"ty":"st","c":{"a":0,"k":[0,0,0,1],"ix":3},"o":{"a":0,"k":100,"ix":4},"w":{"a":0,"k":2,"ix":5},"lc":1,"lj":1,"ml":10,"bm":0,"nm":"Stroke 1","mn":"ADBE Vector Graphic - Stroke","hd":false},{"ty":"fl","c":{"a":0,"k":[1,1,1,1],"ix":4},"o":{"a":0,"k":100,"ix":5},"r":1,"bm":0,"nm":"Fill 1","mn":"ADBE Vector Graphic - Fill","hd":false},{"ty":"tr","p":{"a":0,"k":[405.065,560.615],"ix":2},"a":{"a":0,"k":[0,0],"ix":1},"s":{"a":0,"k":[100,100],"ix":3},"r":{"a":0,"k":0,"ix":6},"o":{"a":0,"k":100,"ix":7},"sk":{"a":0,"k":0,"ix":4},"sa":{"a":0,"k":0,"ix":5},"nm":"Transform"}],"nm":"Group 3","np":3,"cix":2,"bm":0,"ix":2,"mn":"ADBE Vector Group","hd":false}],"ip":0,"op":120,"st":0,"bm":0},{"ddd":0,"ind":6,"ty":4,"nm":"Eyes","parent":9,"sr":1,"ks":{"o":{"a":0,"k":100,"ix":11},"r":{"a":0,"k":0,"ix":10},"p":{"a":0,"k":[413.33,254.043,0],"ix":2},"a":{"a":0,"k":[402.323,402.323,0],"ix":1},"s":{"a":0,"k":[100,100,100],"ix":6}},"ao":0,"shapes":[{"ty":"gr","it":[{"ty":"gr","it":[{"ind":0,"ty":"sh","ix":1,"ks":{"a":1,"k":[{"i":{"x":0.667,"y":1},"o":{"x":0.333,"y":0},"t":14,"s":[{"i":[[0,0],[5.307,-21.626]],"o":[[-25.621,-3.093],[0,0]],"v":[[15.976,-18.464],[-37.871,14.257]],"c":false}]},{"i":{"x":0.667,"y":1},"o":{"x":0.333,"y":0},"t":21,"s":[{"i":[[0,0],[15.896,-13.818]],"o":[[-18.453,-17.042],[0,0]],"v":[[32.198,26.362],[-31.901,26.138]],"c":false}]},{"i":{"x":0.667,"y":1},"o":{"x":0.333,"y":0},"t":26,"s":[{"i":[[0,0],[15.896,-13.818]],"o":[[-18.453,-17.042],[0,0]],"v":[[32.198,26.362],[-31.901,26.138]],"c":false}]},{"t":33,"s":[{"i":[[0,0],[20.154,-7.094]],"o":[[-22.836,8.711],[0,0]],"v":[[30.242,-20.464],[-30.221,0.819]],"c":false}]}],"ix":2},"nm":"Path 1","mn":"ADBE Vector Shape - Group","hd":false},{"ty":"st","c":{"a":0,"k":[0,0,0,1],"ix":3},"o":{"a":0,"k":100,"ix":4},"w":{"a":0,"k":2,"ix":5},"lc":2,"lj":2,"bm":0,"nm":"Stroke 1","mn":"ADBE Vector Graphic - Stroke","hd":false},{"ty":"tr","p":{"a":0,"k":[322.104,344.93],"ix":2},"a":{"a":0,"k":[0,0],"ix":1},"s":{"a":0,"k":[100,100],"ix":3},"r":{"a":0,"k":0,"ix":6},"o":{"a":0,"k":100,"ix":7},"sk":{"a":0,"k":0,"ix":4},"sa":{"a":0,"k":0,"ix":5},"nm":"Transform"}],"nm":"Group 5","np":2,"cix":2,"bm":0,"ix":1,"mn":"ADBE Vector Group","hd":false},{"ty":"gr","it":[{"ind":0,"ty":"sh","ix":1,"ks":{"a":1,"k":[{"i":{"x":0.667,"y":1},"o":{"x":0.333,"y":0},"t":15,"s":[{"i":[[0,0],[-6.893,-11.831]],"o":[[-6.643,11.706],[0,0]],"v":[[25.92,-17.519],[24.42,23.268]],"c":false}]},{"i":{"x":0.667,"y":1},"o":{"x":0.333,"y":0},"t":16,"s":[{"i":[[0,0],[-1.206,-7.549]],"o":[[-5.768,5.425],[0,0]],"v":[[26.201,-9.706],[18.483,15.237]],"c":false}]},{"i":{"x":0.667,"y":1},"o":{"x":0.333,"y":0},"t":17,"s":[{"i":[[0,0],[4.149,-10.101]],"o":[[-4.893,-0.856],[0,0]],"v":[[38.941,-5.56],[19.253,6.539]],"c":false}]},{"i":{"x":0.667,"y":1},"o":{"x":0.333,"y":0},"t":18,"s":[{"i":[[0,0],[14.878,-5.341]],"o":[[-6.466,-18.773],[0,0]],"v":[[63.618,16.586],[21.962,-0.784]],"c":false}]},{"i":{"x":0.667,"y":1},"o":{"x":0.333,"y":0},"t":19,"s":[{"i":[[0,0],[25.607,-0.581]],"o":[[-3.143,-13.419],[0,0]],"v":[[65.545,20.731],[25.67,-4.857]],"c":false}]},{"i":{"x":0.667,"y":1},"o":{"x":0.333,"y":0},"t":27,"s":[{"i":[[0,0],[25.607,-0.581]],"o":[[-3.143,-13.419],[0,0]],"v":[[65.545,20.731],[25.67,-4.857]],"c":false}]},{"i":{"x":0.667,"y":1},"o":{"x":0.333,"y":0},"t":28,"s":[{"i":[[0,0],[10.294,-8.581]],"o":[[-10.331,-23.544],[0,0]],"v":[[65.358,16.856],[12.045,0.081]],"c":false}]},{"i":{"x":0.667,"y":1},"o":{"x":0.333,"y":0},"t":29,"s":[{"i":[[0,0],[-2.518,-14.581]],"o":[[-10.893,3.456],[0,0]],"v":[[20.92,-17.769],[1.67,18.768]],"c":false}]},{"t":31,"s":[{"i":[[0,0],[-5.018,-16.581]],"o":[[-1.768,7.956],[0,0]],"v":[[3.17,-19.019],[3.17,19.018]],"c":false}]}],"ix":2},"nm":"Path 1","mn":"ADBE Vector Shape - Group","hd":false},{"ty":"st","c":{"a":0,"k":[0,0,0,1],"ix":3},"o":{"a":0,"k":100,"ix":4},"w":{"a":1,"k":[{"i":{"x":[0.667],"y":[1]},"o":{"x":[0.333],"y":[0]},"t":17,"s":[2]},{"i":{"x":[0.667],"y":[1]},"o":{"x":[0.333],"y":[0]},"t":18,"s":[8]},{"i":{"x":[0.667],"y":[1]},"o":{"x":[0.333],"y":[0]},"t":28,"s":[8]},{"t":29,"s":[2]}],"ix":5},"lc":2,"lj":2,"bm":0,"nm":"Stroke 1","mn":"ADBE Vector Graphic - Stroke","hd":false},{"ty":"tr","p":{"a":0,"k":[283.473,394.062],"ix":2},"a":{"a":0,"k":[0,0],"ix":1},"s":{"a":0,"k":[100,100],"ix":3},"r":{"a":0,"k":0,"ix":6},"o":{"a":0,"k":100,"ix":7},"sk":{"a":0,"k":0,"ix":4},"sa":{"a":0,"k":0,"ix":5},"nm":"Transform"}],"nm":"Group 1","np":2,"cix":2,"bm":0,"ix":2,"mn":"ADBE Vector Group","hd":false},{"ty":"gr","it":[{"ind":0,"ty":"sh","ix":1,"ks":{"a":1,"k":[{"i":{"x":0.667,"y":1},"o":{"x":0.333,"y":0},"t":15,"s":[{"i":[[0,-16.252],[-10.149,0],[0,16.252],[10.149,0]],"o":[[0,16.252],[10.149,0],[0,-16.252],[-10.149,0]],"v":[[-18.377,0],[0,29.426],[18.377,0],[0,-29.425]],"c":true}]},{"i":{"x":0.667,"y":1},"o":{"x":0.333,"y":0},"t":19,"s":[{"i":[[9.634,-4.406],[-20.254,0],[2.994,1.344],[15.45,-0.361]],"o":[[-3.241,1.594],[20.254,0],[-8.256,-4.281],[-17.311,0.404]],"v":[[-27.008,15.964],[-0.002,8.585],[27.007,15.964],[-0.002,8.404]],"c":true}]},{"i":{"x":0.667,"y":1},"o":{"x":0.333,"y":0},"t":27,"s":[{"i":[[9.634,-4.406],[-20.254,0],[2.994,1.344],[15.45,-0.361]],"o":[[-3.241,1.594],[20.254,0],[-8.256,-4.281],[-17.311,0.404]],"v":[[-27.008,15.964],[-0.002,8.585],[27.007,15.964],[-0.002,8.404]],"c":true}]},{"t":31,"s":[{"i":[[0,-23.884],[-14.916,0],[0,23.884],[14.916,0]],"o":[[0,23.884],[14.916,0],[0,-23.884],[-14.916,0]],"v":[[-27.008,0],[-0.001,43.245],[27.007,0],[-0.001,-43.245]],"c":true}]}],"ix":2},"nm":"Path 1","mn":"ADBE Vector Shape - Group","hd":false},{"ty":"st","c":{"a":0,"k":[0,0,0,1],"ix":3},"o":{"a":0,"k":100,"ix":4},"w":{"a":1,"k":[{"i":{"x":[0.667],"y":[1]},"o":{"x":[0.333],"y":[0]},"t":17,"s":[2]},{"i":{"x":[0.667],"y":[1]},"o":{"x":[0.333],"y":[0]},"t":18,"s":[8]},{"i":{"x":[0.667],"y":[1]},"o":{"x":[0.333],"y":[0]},"t":28,"s":[8]},{"t":29,"s":[2]}],"ix":5},"lc":1,"lj":1,"ml":10,"bm":0,"nm":"Stroke 1","mn":"ADBE Vector Graphic - Stroke","hd":false},{"ty":"fl","c":{"a":1,"k":[{"t":19,"s":[0,0,0,1],"h":1},{"t":29,"s":[1,1,1,1],"h":1}],"ix":4},"o":{"a":0,"k":100,"ix":5},"r":1,"bm":0,"nm":"Fill 1","mn":"ADBE Vector Graphic - Fill","hd":false},{"ty":"tr","p":{"a":0,"k":[322.123,398.817],"ix":2},"a":{"a":0,"k":[0,0],"ix":1},"s":{"a":0,"k":[100,100],"ix":3},"r":{"a":0,"k":0,"ix":6},"o":{"a":0,"k":100,"ix":7},"sk":{"a":0,"k":0,"ix":4},"sa":{"a":0,"k":0,"ix":5},"nm":"Transform"}],"nm":"Group 3","np":3,"cix":2,"bm":0,"ix":3,"mn":"ADBE Vector Group","hd":false},{"ty":"tr","p":{"a":0,"k":[491.169,383.264],"ix":2},"a":{"a":0,"k":[318.156,383.264],"ix":1},"s":{"a":0,"k":[-100,100],"ix":3},"r":{"a":0,"k":0,"ix":6},"o":{"a":0,"k":100,"ix":7},"sk":{"a":0,"k":0,"ix":4},"sa":{"a":0,"k":0,"ix":5},"nm":"Transform"}],"nm":"R","np":3,"cix":2,"bm":0,"ix":1,"mn":"ADBE Vector Group","hd":false},{"ty":"gr","it":[{"ty":"gr","it":[{"ind":0,"ty":"sh","ix":1,"ks":{"a":1,"k":[{"i":{"x":0.667,"y":1},"o":{"x":0.333,"y":0},"t":14,"s":[{"i":[[0,0],[5.307,-21.626]],"o":[[-25.621,-3.093],[0,0]],"v":[[15.976,-18.464],[-37.871,14.257]],"c":false}]},{"i":{"x":0.667,"y":1},"o":{"x":0.333,"y":0},"t":21,"s":[{"i":[[0,0],[15.896,-13.818]],"o":[[-18.453,-17.042],[0,0]],"v":[[32.198,26.362],[-31.901,26.138]],"c":false}]},{"i":{"x":0.667,"y":1},"o":{"x":0.333,"y":0},"t":26,"s":[{"i":[[0,0],[15.896,-13.818]],"o":[[-18.453,-17.042],[0,0]],"v":[[32.198,26.362],[-31.901,26.138]],"c":false}]},{"t":33,"s":[{"i":[[0,0],[20.154,-7.094]],"o":[[-22.836,8.711],[0,0]],"v":[[30.242,-20.464],[-30.221,0.819]],"c":false}]}],"ix":2},"nm":"Path 1","mn":"ADBE Vector Shape - Group","hd":false},{"ty":"st","c":{"a":0,"k":[0,0,0,1],"ix":3},"o":{"a":0,"k":100,"ix":4},"w":{"a":0,"k":2,"ix":5},"lc":2,"lj":2,"bm":0,"nm":"Stroke 1","mn":"ADBE Vector Graphic - Stroke","hd":false},{"ty":"tr","p":{"a":0,"k":[322.104,344.93],"ix":2},"a":{"a":0,"k":[0,0],"ix":1},"s":{"a":0,"k":[100,100],"ix":3},"r":{"a":0,"k":0,"ix":6},"o":{"a":0,"k":100,"ix":7},"sk":{"a":0,"k":0,"ix":4},"sa":{"a":0,"k":0,"ix":5},"nm":"Transform"}],"nm":"Group 5","np":2,"cix":2,"bm":0,"ix":1,"mn":"ADBE Vector Group","hd":false},{"ty":"gr","it":[{"ind":0,"ty":"sh","ix":1,"ks":{"a":1,"k":[{"i":{"x":0.667,"y":1},"o":{"x":0.333,"y":0},"t":15,"s":[{"i":[[0,0],[-6.893,-11.831]],"o":[[-6.643,11.706],[0,0]],"v":[[25.92,-17.519],[24.42,23.268]],"c":false}]},{"i":{"x":0.667,"y":1},"o":{"x":0.333,"y":0},"t":16,"s":[{"i":[[0,0],[-1.206,-7.549]],"o":[[-5.768,5.425],[0,0]],"v":[[26.201,-9.706],[18.483,15.237]],"c":false}]},{"i":{"x":0.667,"y":1},"o":{"x":0.333,"y":0},"t":17,"s":[{"i":[[0,0],[4.149,-10.101]],"o":[[-4.893,-0.856],[0,0]],"v":[[38.941,-5.56],[19.253,6.539]],"c":false}]},{"i":{"x":0.667,"y":1},"o":{"x":0.333,"y":0},"t":18,"s":[{"i":[[0,0],[14.878,-5.341]],"o":[[-6.466,-18.773],[0,0]],"v":[[63.618,16.586],[21.962,-0.784]],"c":false}]},{"i":{"x":0.667,"y":1},"o":{"x":0.333,"y":0},"t":19,"s":[{"i":[[0,0],[25.607,-0.581]],"o":[[-3.143,-13.419],[0,0]],"v":[[65.545,20.731],[25.67,-4.857]],"c":false}]},{"i":{"x":0.667,"y":1},"o":{"x":0.333,"y":0},"t":27,"s":[{"i":[[0,0],[25.607,-0.581]],"o":[[-3.143,-13.419],[0,0]],"v":[[65.545,20.731],[25.67,-4.857]],"c":false}]},{"i":{"x":0.667,"y":1},"o":{"x":0.333,"y":0},"t":28,"s":[{"i":[[0,0],[10.294,-8.581]],"o":[[-10.331,-23.544],[0,0]],"v":[[65.358,16.856],[12.045,0.081]],"c":false}]},{"i":{"x":0.667,"y":1},"o":{"x":0.333,"y":0},"t":29,"s":[{"i":[[0,0],[-2.518,-14.581]],"o":[[-10.893,3.456],[0,0]],"v":[[20.92,-17.769],[1.67,18.768]],"c":false}]},{"t":31,"s":[{"i":[[0,0],[-5.018,-16.581]],"o":[[-1.768,7.956],[0,0]],"v":[[3.17,-19.019],[3.17,19.018]],"c":false}]}],"ix":2},"nm":"Path 1","mn":"ADBE Vector Shape - Group","hd":false},{"ty":"st","c":{"a":0,"k":[0,0,0,1],"ix":3},"o":{"a":0,"k":100,"ix":4},"w":{"a":1,"k":[{"i":{"x":[0.667],"y":[1]},"o":{"x":[0.333],"y":[0]},"t":17,"s":[2]},{"i":{"x":[0.667],"y":[1]},"o":{"x":[0.333],"y":[0]},"t":18,"s":[8]},{"i":{"x":[0.667],"y":[1]},"o":{"x":[0.333],"y":[0]},"t":28,"s":[8]},{"t":29,"s":[2]}],"ix":5},"lc":2,"lj":2,"bm":0,"nm":"Stroke 1","mn":"ADBE Vector Graphic - Stroke","hd":false},{"ty":"tr","p":{"a":0,"k":[283.473,394.062],"ix":2},"a":{"a":0,"k":[0,0],"ix":1},"s":{"a":0,"k":[100,100],"ix":3},"r":{"a":0,"k":0,"ix":6},"o":{"a":0,"k":100,"ix":7},"sk":{"a":0,"k":0,"ix":4},"sa":{"a":0,"k":0,"ix":5},"nm":"Transform"}],"nm":"Group 1","np":2,"cix":2,"bm":0,"ix":2,"mn":"ADBE Vector Group","hd":false},{"ty":"gr","it":[{"ind":0,"ty":"sh","ix":1,"ks":{"a":1,"k":[{"i":{"x":0.667,"y":1},"o":{"x":0.333,"y":0},"t":15,"s":[{"i":[[0,-16.252],[-10.149,0],[0,16.252],[10.149,0]],"o":[[0,16.252],[10.149,0],[0,-16.252],[-10.149,0]],"v":[[-18.377,0],[0,29.426],[18.377,0],[0,-29.425]],"c":true}]},{"i":{"x":0.667,"y":1},"o":{"x":0.333,"y":0},"t":19,"s":[{"i":[[9.634,-4.406],[-20.254,0],[2.994,1.344],[15.45,-0.361]],"o":[[-3.241,1.594],[20.254,0],[-8.256,-4.281],[-17.311,0.404]],"v":[[-27.008,15.964],[-0.002,8.585],[27.007,15.964],[-0.002,8.404]],"c":true}]},{"i":{"x":0.667,"y":1},"o":{"x":0.333,"y":0},"t":27,"s":[{"i":[[9.634,-4.406],[-20.254,0],[2.994,1.344],[15.45,-0.361]],"o":[[-3.241,1.594],[20.254,0],[-8.256,-4.281],[-17.311,0.404]],"v":[[-27.008,15.964],[-0.002,8.585],[27.007,15.964],[-0.002,8.404]],"c":true}]},{"t":31,"s":[{"i":[[0,-23.884],[-14.916,0],[0,23.884],[14.916,0]],"o":[[0,23.884],[14.916,0],[0,-23.884],[-14.916,0]],"v":[[-27.008,0],[-0.001,43.245],[27.007,0],[-0.001,-43.245]],"c":true}]}],"ix":2},"nm":"Path 1","mn":"ADBE Vector Shape - Group","hd":false},{"ty":"st","c":{"a":0,"k":[0,0,0,1],"ix":3},"o":{"a":0,"k":100,"ix":4},"w":{"a":1,"k":[{"i":{"x":[0.667],"y":[1]},"o":{"x":[0.333],"y":[0]},"t":17,"s":[2]},{"i":{"x":[0.667],"y":[1]},"o":{"x":[0.333],"y":[0]},"t":18,"s":[8]},{"i":{"x":[0.667],"y":[1]},"o":{"x":[0.333],"y":[0]},"t":28,"s":[8]},{"t":29,"s":[2]}],"ix":5},"lc":1,"lj":1,"ml":10,"bm":0,"nm":"Stroke 1","mn":"ADBE Vector Graphic - Stroke","hd":false},{"ty":"fl","c":{"a":1,"k":[{"t":19,"s":[0,0,0,1],"h":1},{"t":29,"s":[1,1,1,1],"h":1}],"ix":4},"o":{"a":0,"k":100,"ix":5},"r":1,"bm":0,"nm":"Fill 1","mn":"ADBE Vector Graphic - Fill","hd":false},{"ty":"tr","p":{"a":0,"k":[322.123,398.817],"ix":2},"a":{"a":0,"k":[0,0],"ix":1},"s":{"a":0,"k":[100,100],"ix":3},"r":{"a":0,"k":0,"ix":6},"o":{"a":0,"k":100,"ix":7},"sk":{"a":0,"k":0,"ix":4},"sa":{"a":0,"k":0,"ix":5},"nm":"Transform"}],"nm":"Group 3","np":3,"cix":2,"bm":0,"ix":3,"mn":"ADBE Vector Group","hd":false},{"ty":"tr","p":{"a":0,"k":[318.156,383.264],"ix":2},"a":{"a":0,"k":[318.156,383.264],"ix":1},"s":{"a":0,"k":[100,100],"ix":3},"r":{"a":0,"k":0,"ix":6},"o":{"a":0,"k":100,"ix":7},"sk":{"a":0,"k":0,"ix":4},"sa":{"a":0,"k":0,"ix":5},"nm":"Transform"}],"nm":"L","np":3,"cix":2,"bm":0,"ix":2,"mn":"ADBE Vector Group","hd":false}],"ip":0,"op":120,"st":0,"bm":0},{"ddd":0,"ind":7,"ty":4,"nm":"Mask","parent":9,"td":1,"sr":1,"ks":{"o":{"a":0,"k":100,"ix":11},"r":{"a":0,"k":0,"ix":10},"p":{"a":0,"k":[418.164,448.799,0],"ix":2},"a":{"a":0,"k":[418.164,448.799,0],"ix":1},"s":{"a":0,"k":[100,100,100],"ix":6}},"ao":0,"shapes":[{"ty":"gr","it":[{"ind":0,"ty":"sh","ix":1,"ks":{"a":0,"k":{"i":[[10.915,-12],[-6.085,-5.535],[-10.914,12.001],[6.085,5.533]],"o":[[-10.914,12.001],[6.085,5.533],[10.915,-12.001],[-6.085,-5.535]],"v":[[-11.017,-10.02],[-19.763,21.73],[11.017,10.021],[19.763,-21.728]],"c":true},"ix":2},"nm":"Path 1","mn":"ADBE Vector Shape - Group","hd":false},{"ty":"gr","it":[{"ty":"tr","p":{"a":0,"k":[0,0],"ix":2},"a":{"a":0,"k":[0,0],"ix":1},"s":{"a":0,"k":[100,100],"ix":3},"r":{"a":0,"k":0,"ix":6},"o":{"a":0,"k":100,"ix":7},"sk":{"a":0,"k":0,"ix":4},"sa":{"a":0,"k":0,"ix":5},"nm":"Transform"}],"nm":"Group 1","np":0,"cix":2,"bm":0,"ix":2,"mn":"ADBE Vector Group","hd":false},{"ty":"mm","mm":4,"nm":"Merge Paths 1","mn":"ADBE Vector Filter - Merge","hd":false},{"ty":"fl","c":{"a":0,"k":[1,1,1,1],"ix":4},"o":{"a":0,"k":100,"ix":5},"r":1,"bm":0,"nm":"Fill 1","mn":"ADBE Vector Graphic - Fill","hd":false},{"ty":"tr","p":{"a":0,"k":[309.244,190.487],"ix":2},"a":{"a":0,"k":[0,0],"ix":1},"s":{"a":0,"k":[100,100],"ix":3},"r":{"a":0,"k":0,"ix":6},"o":{"a":0,"k":100,"ix":7},"sk":{"a":0,"k":0,"ix":4},"sa":{"a":0,"k":0,"ix":5},"nm":"Transform"}],"nm":"Group 3","np":4,"cix":2,"bm":0,"ix":1,"mn":"ADBE Vector Group","hd":false},{"ty":"gr","it":[{"ind":0,"ty":"sh","ix":1,"ks":{"a":0,"k":{"i":[[29.412,-14.825],[102.962,0.736],[25.519,16.148],[5.339,21.453],[-37.186,-23.53],[-123.185,-0.88],[-22.624,11.404],[9.723,40.892]],"o":[[-22.624,11.403],[-123.185,-0.879],[-22.554,-14.271],[-8.657,36.705],[25.519,16.147],[102.962,0.735],[45.395,-22.88],[-6.305,25.703]],"v":[[171.585,-1.738],[0.035,22.535],[-183.603,-7.953],[-225.143,-63.345],[-183.603,35.071],[0.035,65.559],[171.585,41.285],[225.149,-65.589]],"c":true},"ix":2},"nm":"Path 1","mn":"ADBE Vector Shape - Group","hd":false},{"ty":"gr","it":[{"ty":"tr","p":{"a":0,"k":[0,0],"ix":2},"a":{"a":0,"k":[0,0],"ix":1},"s":{"a":0,"k":[100,100],"ix":3},"r":{"a":0,"k":0,"ix":6},"o":{"a":0,"k":100,"ix":7},"sk":{"a":0,"k":0,"ix":4},"sa":{"a":0,"k":0,"ix":5},"nm":"Transform"}],"nm":"Group 1","np":0,"cix":2,"bm":0,"ix":2,"mn":"ADBE Vector Group","hd":false},{"ty":"mm","mm":4,"nm":"Merge Paths 1","mn":"ADBE Vector Filter - Merge","hd":false},{"ty":"fl","c":{"a":0,"k":[0.921568687289,0.360784313725,0.654901960784,1],"ix":4},"o":{"a":0,"k":100,"ix":5},"r":1,"bm":0,"nm":"Fill 1","mn":"ADBE Vector Graphic - Fill","hd":false},{"ty":"tr","p":{"a":0,"k":[418.161,407.291],"ix":2},"a":{"a":0,"k":[0,0],"ix":1},"s":{"a":0,"k":[100,100],"ix":3},"r":{"a":0,"k":0,"ix":6},"o":{"a":0,"k":100,"ix":7},"sk":{"a":0,"k":0,"ix":4},"sa":{"a":0,"k":0,"ix":5},"nm":"Transform"}],"nm":"Group 2","np":4,"cix":2,"bm":0,"ix":2,"mn":"ADBE Vector Group","hd":false},{"ty":"gr","it":[{"ind":0,"ty":"sh","ix":1,"ks":{"a":0,"k":{"i":[[63.61,48.945],[112.68,13.28],[45.973,-7.305],[-21.631,-67.671],[-61.202,-38.726],[-123.185,-0.88],[-22.623,11.403]],"o":[[22.23,-69.547],[-35.286,-4.159],[-105.697,16.793],[-58.74,46.188],[25.519,16.147],[102.962,0.736],[70.816,-35.695]],"v":[[181.996,-15.483],[52.907,-173.082],[-62.551,-171.775],[-182.698,-15.483],[-184.404,147.856],[-0.766,178.344],[170.784,154.071]],"c":true},"ix":2},"nm":"Path 1","mn":"ADBE Vector Shape - Group","hd":false},{"ty":"gr","it":[{"ty":"tr","p":{"a":0,"k":[0,0],"ix":2},"a":{"a":0,"k":[0,0],"ix":1},"s":{"a":0,"k":[100,100],"ix":3},"r":{"a":0,"k":0,"ix":6},"o":{"a":0,"k":100,"ix":7},"sk":{"a":0,"k":0,"ix":4},"sa":{"a":0,"k":0,"ix":5},"nm":"Transform"}],"nm":"Group 1","np":0,"cix":2,"bm":0,"ix":2,"mn":"ADBE Vector Group","hd":false},{"ty":"mm","mm":4,"nm":"Merge Paths 1","mn":"ADBE Vector Filter - Merge","hd":false},{"ty":"fl","c":{"a":0,"k":[0.948999980852,0.438999998803,0.717999985639,1],"ix":4},"o":{"a":0,"k":100,"ix":5},"r":1,"bm":0,"nm":"Fill 1","mn":"ADBE Vector Graphic - Fill","hd":false},{"ty":"tr","p":{"a":0,"k":[418.962,294.506],"ix":2},"a":{"a":0,"k":[0,0],"ix":1},"s":{"a":0,"k":[100,100],"ix":3},"r":{"a":0,"k":0,"ix":6},"o":{"a":0,"k":100,"ix":7},"sk":{"a":0,"k":0,"ix":4},"sa":{"a":0,"k":0,"ix":5},"nm":"Transform"}],"nm":"Group 6","np":4,"cix":2,"bm":0,"ix":3,"mn":"ADBE Vector Group","hd":false}],"ip":0,"op":120,"st":0,"bm":0},{"ddd":0,"ind":8,"ty":4,"nm":"Head Cheeks","parent":9,"tt":1,"sr":1,"ks":{"o":{"a":0,"k":40,"ix":11},"r":{"a":0,"k":0,"ix":10},"p":{"a":0,"k":[428.189,381.384,0],"ix":2},"a":{"a":0,"k":[486.461,426.76,0],"ix":1},"s":{"a":0,"k":[108.802,110.056,100],"ix":6}},"ao":0,"shapes":[{"ty":"gr","it":[{"d":1,"ty":"el","s":{"a":0,"k":[142.771,142.771],"ix":2},"p":{"a":0,"k":[0,0],"ix":3},"nm":"Ellipse Path 1","mn":"ADBE Vector Shape - Ellipse","hd":false},{"ty":"fl","c":{"a":0,"k":[0.878431432387,0.298039215686,0.643137254902,1],"ix":4},"o":{"a":0,"k":100,"ix":5},"r":1,"bm":0,"nm":"Fill 1","mn":"ADBE Vector Graphic - Fill","hd":false},{"ty":"tr","p":{"a":0,"k":[339.821,421.696],"ix":2},"a":{"a":0,"k":[0,0],"ix":1},"s":{"a":0,"k":[90.583,90.583],"ix":3},"r":{"a":0,"k":0,"ix":6},"o":{"a":0,"k":100,"ix":7},"sk":{"a":0,"k":0,"ix":4},"sa":{"a":0,"k":0,"ix":5},"nm":"Transform"}],"nm":"Ellipse 3","np":3,"cix":2,"bm":0,"ix":1,"mn":"ADBE Vector Group","hd":false},{"ty":"gr","it":[{"d":1,"ty":"el","s":{"a":0,"k":[142.771,142.771],"ix":2},"p":{"a":0,"k":[0,0],"ix":3},"nm":"Ellipse Path 1","mn":"ADBE Vector Shape - Ellipse","hd":false},{"ty":"fl","c":{"a":0,"k":[0.878431432387,0.298039215686,0.643137254902,1],"ix":4},"o":{"a":0,"k":100,"ix":5},"r":1,"bm":0,"nm":"Fill 1","mn":"ADBE Vector Graphic - Fill","hd":false},{"ty":"tr","p":{"a":0,"k":[620.003,416.996],"ix":2},"a":{"a":0,"k":[0,0],"ix":1},"s":{"a":0,"k":[90.583,90.583],"ix":3},"r":{"a":0,"k":0,"ix":6},"o":{"a":0,"k":100,"ix":7},"sk":{"a":0,"k":0,"ix":4},"sa":{"a":0,"k":0,"ix":5},"nm":"Transform"}],"nm":"Ellipse 2","np":3,"cix":2,"bm":0,"ix":2,"mn":"ADBE Vector Group","hd":false}],"ip":0,"op":120,"st":0,"bm":1},{"ddd":0,"ind":9,"ty":4,"nm":"Head","parent":2,"sr":1,"ks":{"o":{"a":0,"k":100,"ix":11},"r":{"a":0,"k":0,"ix":10},"p":{"a":0,"k":[0.52,142.674,0],"ix":2},"a":{"a":0,"k":[418.049,448.799,0],"ix":1},"s":{"a":1,"k":[{"i":{"x":[0.667,0.667,0.667],"y":[1,1,1]},"o":{"x":[0.333,0.333,0.333],"y":[0,0,0]},"t":10,"s":[100,100,100]},{"i":{"x":[0.667,0.667,0.667],"y":[1,1,1]},"o":{"x":[0.333,0.333,0.333],"y":[0,0,0]},"t":27,"s":[105,85,100]},{"i":{"x":[0.667,0.667,0.667],"y":[1,1,1]},"o":{"x":[0.333,0.333,0.333],"y":[0,0,0]},"t":40,"s":[97,105,100]},{"t":55,"s":[100,100,100]}],"ix":6}},"ao":0,"shapes":[{"ty":"gr","it":[{"ind":0,"ty":"sh","ix":1,"ks":{"a":0,"k":{"i":[[-9.229,-13.34],[-6.764,4.681],[9.229,13.341],[6.764,-4.679]],"o":[[9.229,13.34],[6.763,-4.68],[-9.229,-13.341],[-6.765,4.679]],"v":[[-12.247,8.473],[16.711,24.155],[12.248,-8.473],[-16.709,-24.155]],"c":true},"ix":2},"nm":"Path 1","mn":"ADBE Vector Shape - Group","hd":false},{"ty":"gr","it":[{"ty":"tr","p":{"a":0,"k":[0,0],"ix":2},"a":{"a":0,"k":[0,0],"ix":1},"s":{"a":0,"k":[100,100],"ix":3},"r":{"a":0,"k":0,"ix":6},"o":{"a":0,"k":100,"ix":7},"sk":{"a":0,"k":0,"ix":4},"sa":{"a":0,"k":0,"ix":5},"nm":"Transform"}],"nm":"Group 1","np":0,"cix":2,"bm":0,"ix":2,"mn":"ADBE Vector Group","hd":false},{"ty":"mm","mm":4,"nm":"Merge Paths 1","mn":"ADBE Vector Filter - Merge","hd":false},{"ty":"fl","c":{"a":0,"k":[1,1,1,1],"ix":4},"o":{"a":0,"k":100,"ix":5},"r":1,"bm":0,"nm":"Fill 1","mn":"ADBE Vector Graphic - Fill","hd":false},{"ty":"tr","p":{"a":0,"k":[562.964,203.058],"ix":2},"a":{"a":0,"k":[0,0],"ix":1},"s":{"a":0,"k":[100,100],"ix":3},"r":{"a":0,"k":0,"ix":6},"o":{"a":0,"k":100,"ix":7},"sk":{"a":0,"k":0,"ix":4},"sa":{"a":0,"k":0,"ix":5},"nm":"Transform"}],"nm":"Group 3","np":4,"cix":2,"bm":0,"ix":1,"mn":"ADBE Vector Group","hd":false},{"ty":"gr","it":[{"ind":0,"ty":"sh","ix":1,"ks":{"a":0,"k":{"i":[[29.412,-14.825],[102.962,0.736],[25.519,16.148],[5.339,21.453],[-37.186,-23.53],[-123.185,-0.88],[-22.624,11.404],[9.723,40.892]],"o":[[-22.624,11.403],[-123.185,-0.879],[-22.554,-14.271],[-8.657,36.705],[25.519,16.147],[102.962,0.735],[45.395,-22.88],[-6.305,25.703]],"v":[[171.585,-1.738],[0.035,22.535],[-183.603,-7.953],[-225.143,-63.345],[-183.603,35.071],[0.035,65.559],[171.585,41.285],[225.149,-65.589]],"c":true},"ix":2},"nm":"Path 1","mn":"ADBE Vector Shape - Group","hd":false},{"ty":"gr","it":[{"ty":"tr","p":{"a":0,"k":[0,0],"ix":2},"a":{"a":0,"k":[0,0],"ix":1},"s":{"a":0,"k":[100,100],"ix":3},"r":{"a":0,"k":0,"ix":6},"o":{"a":0,"k":100,"ix":7},"sk":{"a":0,"k":0,"ix":4},"sa":{"a":0,"k":0,"ix":5},"nm":"Transform"}],"nm":"Group 1","np":0,"cix":2,"bm":0,"ix":2,"mn":"ADBE Vector Group","hd":false},{"ty":"mm","mm":4,"nm":"Merge Paths 1","mn":"ADBE Vector Filter - Merge","hd":false},{"ty":"fl","c":{"a":0,"k":[0.921568687289,0.360784313725,0.654901960784,1],"ix":4},"o":{"a":0,"k":70,"ix":5},"r":1,"bm":0,"nm":"Fill 1","mn":"ADBE Vector Graphic - Fill","hd":false},{"ty":"tr","p":{"a":0,"k":[418.161,407.291],"ix":2},"a":{"a":0,"k":[0,0],"ix":1},"s":{"a":0,"k":[100,100],"ix":3},"r":{"a":0,"k":0,"ix":6},"o":{"a":0,"k":100,"ix":7},"sk":{"a":0,"k":0,"ix":4},"sa":{"a":0,"k":0,"ix":5},"nm":"Transform"}],"nm":"Group 2","np":4,"cix":2,"bm":0,"ix":2,"mn":"ADBE Vector Group","hd":false},{"ty":"gr","it":[{"ind":0,"ty":"sh","ix":1,"ks":{"a":0,"k":{"i":[[63.61,48.945],[112.68,13.28],[45.973,-7.305],[-21.631,-67.671],[-61.202,-38.726],[-123.185,-0.88],[-22.623,11.403]],"o":[[22.23,-69.547],[-35.286,-4.159],[-105.697,16.793],[-58.74,46.188],[25.519,16.147],[102.962,0.736],[70.816,-35.695]],"v":[[181.996,-15.483],[52.907,-173.082],[-62.551,-171.775],[-182.698,-15.483],[-184.404,147.856],[-0.766,178.344],[170.784,154.071]],"c":true},"ix":2},"nm":"Path 1","mn":"ADBE Vector Shape - Group","hd":false},{"ty":"gr","it":[{"ty":"tr","p":{"a":0,"k":[0,0],"ix":2},"a":{"a":0,"k":[0,0],"ix":1},"s":{"a":0,"k":[100,100],"ix":3},"r":{"a":0,"k":0,"ix":6},"o":{"a":0,"k":100,"ix":7},"sk":{"a":0,"k":0,"ix":4},"sa":{"a":0,"k":0,"ix":5},"nm":"Transform"}],"nm":"Group 1","np":0,"cix":2,"bm":0,"ix":2,"mn":"ADBE Vector Group","hd":false},{"ty":"mm","mm":4,"nm":"Merge Paths 1","mn":"ADBE Vector Filter - Merge","hd":false},{"ty":"fl","c":{"a":0,"k":[0.948999980852,0.438999998803,0.717999985639,1],"ix":4},"o":{"a":0,"k":100,"ix":5},"r":1,"bm":0,"nm":"Fill 1","mn":"ADBE Vector Graphic - Fill","hd":false},{"ty":"tr","p":{"a":0,"k":[418.962,294.506],"ix":2},"a":{"a":0,"k":[0,0],"ix":1},"s":{"a":0,"k":[100,100],"ix":3},"r":{"a":0,"k":0,"ix":6},"o":{"a":0,"k":100,"ix":7},"sk":{"a":0,"k":0,"ix":4},"sa":{"a":0,"k":0,"ix":5},"nm":"Transform"}],"nm":"Group 6","np":4,"cix":2,"bm":0,"ix":3,"mn":"ADBE Vector Group","hd":false}],"ip":0,"op":120,"st":0,"bm":0},{"ddd":0,"ind":10,"ty":4,"nm":"Head Outline","parent":9,"sr":1,"ks":{"o":{"a":0,"k":100,"ix":11},"r":{"a":0,"k":0,"ix":10},"p":{"a":0,"k":[418.164,295.328,0],"ix":2},"a":{"a":0,"k":[418.164,295.328,0],"ix":1},"s":{"a":0,"k":[100,100,100],"ix":6}},"ao":0,"shapes":[{"ty":"gr","it":[{"ind":0,"ty":"sh","ix":1,"ks":{"a":0,"k":{"i":[[63.61,48.945],[112.68,13.28],[45.973,-7.305],[-21.631,-67.671],[-61.202,-38.726],[-123.185,-0.88],[-22.623,11.403]],"o":[[22.23,-69.547],[-35.286,-4.159],[-105.697,16.793],[-58.74,46.188],[25.519,16.147],[102.962,0.736],[70.816,-35.695]],"v":[[181.996,-15.483],[52.907,-173.082],[-62.551,-171.775],[-182.698,-15.483],[-184.404,147.856],[-0.766,178.344],[170.784,154.071]],"c":true},"ix":2},"nm":"Path 1","mn":"ADBE Vector Shape - Group","hd":false},{"ty":"st","c":{"a":0,"k":[0,0,0,1],"ix":3},"o":{"a":0,"k":100,"ix":4},"w":{"a":0,"k":13,"ix":5},"lc":1,"lj":1,"ml":10,"bm":0,"nm":"Stroke 1","mn":"ADBE Vector Graphic - Stroke","hd":false},{"ty":"tr","p":{"a":0,"k":[418.962,294.506],"ix":2},"a":{"a":0,"k":[0,0],"ix":1},"s":{"a":0,"k":[100,100],"ix":3},"r":{"a":0,"k":0,"ix":6},"o":{"a":0,"k":100,"ix":7},"sk":{"a":0,"k":0,"ix":4},"sa":{"a":0,"k":0,"ix":5},"nm":"Transform"}],"nm":"Group 1","np":2,"cix":2,"bm":0,"ix":1,"mn":"ADBE Vector Group","hd":false}],"ip":0,"op":120,"st":0,"bm":0},{"ddd":0,"ind":11,"ty":4,"nm":"Drop 3","parent":2,"sr":1,"ks":{"o":{"a":0,"k":100,"ix":11},"r":{"a":0,"k":0,"ix":10},"p":{"a":1,"k":[{"i":{"x":0.833,"y":0.833},"o":{"x":0.167,"y":0.167},"t":18,"s":[27.942,-196.434,0],"to":[23.073,-67.612,0],"ti":[1.324,-168.983,0]},{"i":{"x":0.833,"y":0.833},"o":{"x":0.167,"y":0.167},"t":47,"s":[122.126,-139.129,0],"to":[-0.144,18.374,0],"ti":[-1.983,18.267,0]},{"i":{"x":0.833,"y":0.833},"o":{"x":0.167,"y":0.167},"t":48,"s":[10.353,-197.002,0],"to":[11.158,-102.79,0],"ti":[-18.534,-158.771,0]},{"i":{"x":0.833,"y":0.833},"o":{"x":0.167,"y":0.167},"t":77,"s":[-105.959,-118.704,0],"to":[2.131,18.251,0],"ti":[-5.934,17.39,0]},{"i":{"x":0.833,"y":0.833},"o":{"x":0.167,"y":0.167},"t":78,"s":[20.097,-188.27,0],"to":[23.073,-67.612,0],"ti":[1.324,-168.983,0]},{"i":{"x":0.833,"y":0.833},"o":{"x":0.167,"y":0.167},"t":107,"s":[122.126,-139.129,0],"to":[-0.144,18.374,0],"ti":[-1.983,18.267,0]},{"i":{"x":0.833,"y":0.833},"o":{"x":0.167,"y":0.167},"t":108,"s":[21.133,-199.839,0],"to":[11.158,-102.79,0],"ti":[-18.534,-158.771,0]},{"i":{"x":0.833,"y":0.833},"o":{"x":0.167,"y":0.167},"t":138,"s":[-105.959,-118.704,0],"to":[2.131,18.251,0],"ti":[-5.934,17.39,0]},{"i":{"x":0.833,"y":0.833},"o":{"x":0.167,"y":0.167},"t":139,"s":[4.289,-194.252,0],"to":[23.073,-67.612,0],"ti":[1.324,-168.983,0]},{"i":{"x":0.833,"y":0.833},"o":{"x":0.167,"y":0.167},"t":168,"s":[122.126,-139.129,0],"to":[-0.144,18.374,0],"ti":[-1.983,18.267,0]},{"i":{"x":0.833,"y":0.833},"o":{"x":0.167,"y":0.167},"t":169,"s":[-3.264,-199.271,0],"to":[11.158,-102.79,0],"ti":[-18.534,-158.771,0]},{"i":{"x":0.833,"y":0.833},"o":{"x":0.167,"y":0.167},"t":198,"s":[-105.959,-118.704,0],"to":[2.131,18.251,0],"ti":[-5.934,17.39,0]},{"i":{"x":0.833,"y":0.833},"o":{"x":0.167,"y":0.167},"t":199,"s":[27.942,-196.434,0],"to":[23.073,-67.612,0],"ti":[1.324,-168.983,0]},{"i":{"x":0.833,"y":0.833},"o":{"x":0.167,"y":0.167},"t":228,"s":[122.126,-139.129,0],"to":[-0.144,18.374,0],"ti":[-1.983,18.267,0]},{"i":{"x":0.833,"y":0.833},"o":{"x":0.167,"y":0.167},"t":229,"s":[-3.264,-199.271,0],"to":[11.158,-102.79,0],"ti":[-18.534,-158.771,0]},{"t":259,"s":[-105.959,-118.704,0]}],"ix":2},"a":{"a":0,"k":[391.634,126.755,0],"ix":1},"s":{"a":1,"k":[{"i":{"x":[0.833,0.833,0.833],"y":[0.833,0.833,0.833]},"o":{"x":[0.167,0.167,0.167],"y":[0.167,0.167,0.167]},"t":18,"s":[0,0,100]},{"i":{"x":[0.833,0.833,0.833],"y":[0.833,0.833,0.833]},"o":{"x":[0.167,0.167,0.167],"y":[0.167,0.167,0.167]},"t":28,"s":[40,40,100]},{"i":{"x":[0.833,0.833,0.833],"y":[0.833,0.833,0.833]},"o":{"x":[0.167,0.167,0.167],"y":[0.167,0.167,0.167]},"t":37,"s":[52,52,100]},{"i":{"x":[0.833,0.833,0.833],"y":[0.833,0.833,0.833]},"o":{"x":[0.167,0.167,0.167],"y":[0.167,0.167,0.167]},"t":47,"s":[0,0,100]},{"i":{"x":[0.833,0.833,0.833],"y":[0.833,0.833,0.833]},"o":{"x":[0.167,0.167,0.167],"y":[0.167,0.167,0.167]},"t":48,"s":[0,0,100]},{"i":{"x":[0.833,0.833,0.833],"y":[0.833,0.833,0.833]},"o":{"x":[0.167,0.167,0.167],"y":[0.167,0.167,0.167]},"t":58,"s":[40,40,100]},{"i":{"x":[0.833,0.833,0.833],"y":[0.833,0.833,0.833]},"o":{"x":[0.167,0.167,0.167],"y":[0.167,0.167,0.167]},"t":67,"s":[52,52,100]},{"i":{"x":[0.833,0.833,0.833],"y":[0.833,0.833,0.833]},"o":{"x":[0.167,0.167,0.167],"y":[0.167,0.167,0.167]},"t":77,"s":[0,0,100]},{"i":{"x":[0.833,0.833,0.833],"y":[0.833,0.833,0.833]},"o":{"x":[0.167,0.167,0.167],"y":[0.167,0.167,0.167]},"t":78,"s":[0,0,100]},{"i":{"x":[0.833,0.833,0.833],"y":[0.833,0.833,0.833]},"o":{"x":[0.167,0.167,0.167],"y":[0.167,0.167,0.167]},"t":88,"s":[40,40,100]},{"i":{"x":[0.833,0.833,0.833],"y":[0.833,0.833,0.833]},"o":{"x":[0.167,0.167,0.167],"y":[0.167,0.167,0.167]},"t":98,"s":[52,52,100]},{"i":{"x":[0.833,0.833,0.833],"y":[0.833,0.833,0.833]},"o":{"x":[0.167,0.167,0.167],"y":[0.167,0.167,0.167]},"t":107,"s":[0,0,100]},{"i":{"x":[0.833,0.833,0.833],"y":[0.833,0.833,0.833]},"o":{"x":[0.167,0.167,0.167],"y":[0.167,0.167,0.167]},"t":108,"s":[0,0,100]},{"i":{"x":[0.833,0.833,0.833],"y":[0.833,0.833,0.833]},"o":{"x":[0.167,0.167,0.167],"y":[0.167,0.167,0.167]},"t":118,"s":[40,40,100]},{"i":{"x":[0.833,0.833,0.833],"y":[0.833,0.833,0.833]},"o":{"x":[0.167,0.167,0.167],"y":[0.167,0.167,0.167]},"t":128,"s":[52,52,100]},{"i":{"x":[0.833,0.833,0.833],"y":[0.833,0.833,0.833]},"o":{"x":[0.167,0.167,0.167],"y":[0.167,0.167,0.167]},"t":138,"s":[0,0,100]},{"i":{"x":[0.833,0.833,0.833],"y":[0.833,0.833,0.833]},"o":{"x":[0.167,0.167,0.167],"y":[0.167,0.167,0.167]},"t":139,"s":[0,0,100]},{"i":{"x":[0.833,0.833,0.833],"y":[0.833,0.833,0.833]},"o":{"x":[0.167,0.167,0.167],"y":[0.167,0.167,0.167]},"t":149,"s":[40,40,100]},{"i":{"x":[0.833,0.833,0.833],"y":[0.833,0.833,0.833]},"o":{"x":[0.167,0.167,0.167],"y":[0.167,0.167,0.167]},"t":158,"s":[52,52,100]},{"i":{"x":[0.833,0.833,0.833],"y":[0.833,0.833,0.833]},"o":{"x":[0.167,0.167,0.167],"y":[0.167,0.167,0.167]},"t":168,"s":[0,0,100]},{"i":{"x":[0.833,0.833,0.833],"y":[0.833,0.833,0.833]},"o":{"x":[0.167,0.167,0.167],"y":[0.167,0.167,0.167]},"t":169,"s":[0,0,100]},{"i":{"x":[0.833,0.833,0.833],"y":[0.833,0.833,0.833]},"o":{"x":[0.167,0.167,0.167],"y":[0.167,0.167,0.167]},"t":179,"s":[40,40,100]},{"i":{"x":[0.833,0.833,0.833],"y":[0.833,0.833,0.833]},"o":{"x":[0.167,0.167,0.167],"y":[0.167,0.167,0.167]},"t":188,"s":[52,52,100]},{"i":{"x":[0.833,0.833,0.833],"y":[0.833,0.833,0.833]},"o":{"x":[0.167,0.167,0.167],"y":[0.167,0.167,0.167]},"t":198,"s":[0,0,100]},{"i":{"x":[0.833,0.833,0.833],"y":[0.833,0.833,0.833]},"o":{"x":[0.167,0.167,0.167],"y":[0.167,0.167,0.167]},"t":199,"s":[0,0,100]},{"i":{"x":[0.833,0.833,0.833],"y":[0.833,0.833,0.833]},"o":{"x":[0.167,0.167,0.167],"y":[0.167,0.167,0.167]},"t":209,"s":[40,40,100]},{"i":{"x":[0.833,0.833,0.833],"y":[0.833,0.833,0.833]},"o":{"x":[0.167,0.167,0.167],"y":[0.167,0.167,0.167]},"t":219,"s":[52,52,100]},{"i":{"x":[0.833,0.833,0.833],"y":[0.833,0.833,0.833]},"o":{"x":[0.167,0.167,0.167],"y":[0.167,0.167,0.167]},"t":228,"s":[0,0,100]},{"i":{"x":[0.833,0.833,0.833],"y":[0.833,0.833,0.833]},"o":{"x":[0.167,0.167,0.167],"y":[0.167,0.167,0.167]},"t":229,"s":[0,0,100]},{"i":{"x":[0.833,0.833,0.833],"y":[0.833,0.833,0.833]},"o":{"x":[0.167,0.167,0.167],"y":[0.167,0.167,0.167]},"t":239,"s":[40,40,100]},{"i":{"x":[0.833,0.833,0.833],"y":[0.833,0.833,0.833]},"o":{"x":[0.167,0.167,0.167],"y":[0.167,0.167,0.167]},"t":249,"s":[52,52,100]},{"t":259,"s":[0,0,100]}],"ix":6}},"ao":0,"shapes":[{"ty":"gr","it":[{"ty":"gr","it":[{"ind":0,"ty":"sh","ix":1,"ks":{"a":0,"k":{"i":[[-0.597,1.02],[-1.221,1.805],[-1.282,-0.805],[2.792,-0.558]],"o":[[0,0],[0,0],[1.282,0.804],[-2.791,0.557]],"v":[[-3.885,1.979],[0.878,-2.134],[3.2,-2.637],[-1.403,2.885]],"c":true},"ix":2},"nm":"Path 1","mn":"ADBE Vector Shape - Group","hd":false},{"ty":"mm","mm":4,"nm":"Merge Paths 1","mn":"ADBE Vector Filter - Merge","hd":false},{"ty":"fl","c":{"a":0,"k":[0.61568627451,0.698039215686,0.976470648074,1],"ix":4},"o":{"a":0,"k":100,"ix":5},"r":1,"bm":0,"nm":"Fill 1","mn":"ADBE Vector Graphic - Fill","hd":false},{"ty":"tr","p":{"a":0,"k":[399.588,134.748],"ix":2},"a":{"a":0,"k":[0,0],"ix":1},"s":{"a":0,"k":[100,100],"ix":3},"r":{"a":0,"k":0,"ix":6},"o":{"a":0,"k":100,"ix":7},"sk":{"a":0,"k":0,"ix":4},"sa":{"a":0,"k":0,"ix":5},"nm":"Transform"}],"nm":"Group 16","np":3,"cix":2,"bm":0,"ix":1,"mn":"ADBE Vector Group","hd":false},{"ty":"gr","it":[{"ind":0,"ty":"sh","ix":1,"ks":{"a":0,"k":{"i":[[-2.69,-3.77],[2.458,-1.754],[2.691,3.77],[-2.459,1.754]],"o":[[2.69,3.77],[-2.458,1.755],[-2.69,-3.769],[2.458,-1.755]],"v":[[4.452,-3.177],[4.872,6.825],[-4.451,3.177],[-4.871,-6.825]],"c":true},"ix":2},"nm":"Path 1","mn":"ADBE Vector Shape - Group","hd":false},{"ty":"mm","mm":4,"nm":"Merge Paths 1","mn":"ADBE Vector Filter - Merge","hd":false},{"ty":"fl","c":{"a":0,"k":[0.509164608226,0.624297557158,0.971737132353,1],"ix":4},"o":{"a":0,"k":100,"ix":5},"r":1,"bm":0,"nm":"Fill 1","mn":"ADBE Vector Graphic - Fill","hd":false},{"ty":"tr","p":{"a":0,"k":[399.351,120.602],"ix":2},"a":{"a":0,"k":[0,0],"ix":1},"s":{"a":0,"k":[100,100],"ix":3},"r":{"a":0,"k":0,"ix":6},"o":{"a":0,"k":100,"ix":7},"sk":{"a":0,"k":0,"ix":4},"sa":{"a":0,"k":0,"ix":5},"nm":"Transform"}],"nm":"Group 17","np":3,"cix":2,"bm":0,"ix":2,"mn":"ADBE Vector Group","hd":false},{"ty":"gr","it":[{"ind":0,"ty":"sh","ix":1,"ks":{"a":0,"k":{"i":[[0,-6.449],[6.449,0],[0,6.449],[-6.449,0]],"o":[[0,6.449],[-6.449,0],[0,-6.449],[6.449,0]],"v":[[11.677,0],[0,11.677],[-11.677,0],[0,-11.677]],"c":true},"ix":2},"nm":"Path 1","mn":"ADBE Vector Shape - Group","hd":false},{"ty":"mm","mm":4,"nm":"Merge Paths 1","mn":"ADBE Vector Filter - Merge","hd":false},{"ty":"fl","c":{"a":0,"k":[0.61568627451,0.698039215686,0.976470648074,1],"ix":4},"o":{"a":0,"k":100,"ix":5},"r":1,"bm":0,"nm":"Fill 1","mn":"ADBE Vector Graphic - Fill","hd":false},{"ty":"tr","p":{"a":0,"k":[388.755,124.836],"ix":2},"a":{"a":0,"k":[0,0],"ix":1},"s":{"a":0,"k":[100,100],"ix":3},"r":{"a":0,"k":0,"ix":6},"o":{"a":0,"k":100,"ix":7},"sk":{"a":0,"k":0,"ix":4},"sa":{"a":0,"k":0,"ix":5},"nm":"Transform"}],"nm":"Group 19","np":3,"cix":2,"bm":0,"ix":3,"mn":"ADBE Vector Group","hd":false},{"ty":"gr","it":[{"ind":0,"ty":"sh","ix":1,"ks":{"a":0,"k":{"i":[[0,-9.806],[9.806,0],[0,9.806],[-9.806,0]],"o":[[0,9.806],[-9.806,0],[0,-9.806],[9.806,0]],"v":[[17.756,0],[0,17.755],[-17.756,0],[0,-17.755]],"c":true},"ix":2},"nm":"Path 1","mn":"ADBE Vector Shape - Group","hd":false},{"ty":"mm","mm":4,"nm":"Merge Paths 1","mn":"ADBE Vector Filter - Merge","hd":false},{"ty":"fl","c":{"a":0,"k":[0.321568627451,0.415686304429,0.764705942191,1],"ix":4},"o":{"a":0,"k":100,"ix":5},"r":1,"bm":0,"nm":"Fill 1","mn":"ADBE Vector Graphic - Fill","hd":false},{"ty":"tr","p":{"a":0,"k":[391.634,126.755],"ix":2},"a":{"a":0,"k":[0,0],"ix":1},"s":{"a":0,"k":[100,100],"ix":3},"r":{"a":0,"k":0,"ix":6},"o":{"a":0,"k":100,"ix":7},"sk":{"a":0,"k":0,"ix":4},"sa":{"a":0,"k":0,"ix":5},"nm":"Transform"}],"nm":"Group 20","np":3,"cix":2,"bm":0,"ix":4,"mn":"ADBE Vector Group","hd":false},{"ty":"tr","p":{"a":0,"k":[392.091,126.88],"ix":2},"a":{"a":0,"k":[391.634,126.755],"ix":1},"s":{"a":0,"k":[114.453,114.453],"ix":3},"r":{"a":0,"k":0,"ix":6},"o":{"a":0,"k":100,"ix":7},"sk":{"a":0,"k":0,"ix":4},"sa":{"a":0,"k":0,"ix":5},"nm":"Transform"}],"nm":"Group 1","np":4,"cix":2,"bm":0,"ix":1,"mn":"ADBE Vector Group","hd":false}],"ip":48,"op":107,"st":30,"bm":0},{"ddd":0,"ind":12,"ty":4,"nm":"Drop 2","parent":2,"sr":1,"ks":{"o":{"a":0,"k":100,"ix":11},"r":{"a":0,"k":0,"ix":10},"p":{"a":1,"k":[{"i":{"x":0.833,"y":0.833},"o":{"x":0.167,"y":0.167},"t":4,"s":[35.783,-188.051,0],"to":[34.61,-101.418,0],"ti":[1.986,-253.475,0]},{"i":{"x":0.833,"y":0.833},"o":{"x":0.167,"y":0.167},"t":33,"s":[177.059,-102.094,0],"to":[-0.216,27.561,0],"ti":[-2.975,27.401,0]},{"i":{"x":0.833,"y":0.833},"o":{"x":0.167,"y":0.167},"t":34,"s":[9.4,-188.903,0],"to":[16.738,-154.184,0],"ti":[-27.801,-238.156,0]},{"i":{"x":0.833,"y":0.833},"o":{"x":0.167,"y":0.167},"t":63,"s":[-165.068,-71.456,0],"to":[3.196,27.376,0],"ti":[-8.902,26.085,0]},{"i":{"x":0.833,"y":0.833},"o":{"x":0.167,"y":0.167},"t":64,"s":[14.738,-182.354,0],"to":[34.61,-101.418,0],"ti":[1.986,-253.475,0]},{"i":{"x":0.833,"y":0.833},"o":{"x":0.167,"y":0.167},"t":93,"s":[177.059,-102.094,0],"to":[-0.216,27.561,0],"ti":[-2.975,27.401,0]},{"i":{"x":0.833,"y":0.833},"o":{"x":0.167,"y":0.167},"t":94,"s":[25.57,-193.158,0],"to":[16.738,-154.184,0],"ti":[-27.801,-238.156,0]},{"i":{"x":0.833,"y":0.833},"o":{"x":0.167,"y":0.167},"t":120,"s":[-165.068,-71.456,0],"to":[3.196,27.376,0],"ti":[-8.902,26.085,0]},{"i":{"x":0.833,"y":0.833},"o":{"x":0.167,"y":0.167},"t":121,"s":[-2.425,-186.96,0],"to":[34.61,-101.418,0],"ti":[1.986,-253.475,0]},{"i":{"x":0.833,"y":0.833},"o":{"x":0.167,"y":0.167},"t":154,"s":[177.059,-102.094,0],"to":[-0.216,27.561,0],"ti":[-2.975,27.401,0]},{"i":{"x":0.833,"y":0.833},"o":{"x":0.167,"y":0.167},"t":155,"s":[-11.026,-192.307,0],"to":[16.738,-154.184,0],"ti":[-27.801,-238.156,0]},{"i":{"x":0.833,"y":0.833},"o":{"x":0.167,"y":0.167},"t":184,"s":[-165.068,-71.456,0],"to":[3.196,27.376,0],"ti":[-8.902,26.085,0]},{"i":{"x":0.833,"y":0.833},"o":{"x":0.167,"y":0.167},"t":185,"s":[35.783,-188.051,0],"to":[34.61,-101.418,0],"ti":[1.986,-253.475,0]},{"i":{"x":0.833,"y":0.833},"o":{"x":0.167,"y":0.167},"t":214,"s":[177.059,-102.094,0],"to":[-0.216,27.561,0],"ti":[-2.975,27.401,0]},{"i":{"x":0.833,"y":0.833},"o":{"x":0.167,"y":0.167},"t":215,"s":[-11.026,-192.307,0],"to":[16.738,-154.184,0],"ti":[-27.801,-238.156,0]},{"t":245,"s":[-165.068,-71.456,0]}],"ix":2},"a":{"a":0,"k":[391.634,126.755,0],"ix":1},"s":{"a":1,"k":[{"i":{"x":[0.833,0.833,0.833],"y":[0.833,0.833,0.833]},"o":{"x":[0.167,0.167,0.167],"y":[0.167,0.167,0.167]},"t":4,"s":[0,0,100]},{"i":{"x":[0.833,0.833,0.833],"y":[0.833,0.833,0.833]},"o":{"x":[0.167,0.167,0.167],"y":[0.167,0.167,0.167]},"t":14,"s":[60,60,100]},{"i":{"x":[0.833,0.833,0.833],"y":[0.833,0.833,0.833]},"o":{"x":[0.167,0.167,0.167],"y":[0.167,0.167,0.167]},"t":23,"s":[78,78,100]},{"i":{"x":[0.833,0.833,0.833],"y":[0.833,0.833,0.833]},"o":{"x":[0.167,0.167,0.167],"y":[0.167,0.167,0.167]},"t":33,"s":[0,0,100]},{"i":{"x":[0.833,0.833,0.833],"y":[0.833,0.833,0.833]},"o":{"x":[0.167,0.167,0.167],"y":[0.167,0.167,0.167]},"t":34,"s":[0,0,100]},{"i":{"x":[0.833,0.833,0.833],"y":[0.833,0.833,0.833]},"o":{"x":[0.167,0.167,0.167],"y":[0.167,0.167,0.167]},"t":44,"s":[60,60,100]},{"i":{"x":[0.833,0.833,0.833],"y":[0.833,0.833,0.833]},"o":{"x":[0.167,0.167,0.167],"y":[0.167,0.167,0.167]},"t":53,"s":[78,78,100]},{"i":{"x":[0.833,0.833,0.833],"y":[0.833,0.833,0.833]},"o":{"x":[0.167,0.167,0.167],"y":[0.167,0.167,0.167]},"t":63,"s":[0,0,100]},{"i":{"x":[0.833,0.833,0.833],"y":[0.833,0.833,0.833]},"o":{"x":[0.167,0.167,0.167],"y":[0.167,0.167,0.167]},"t":64,"s":[0,0,100]},{"i":{"x":[0.833,0.833,0.833],"y":[0.833,0.833,0.833]},"o":{"x":[0.167,0.167,0.167],"y":[0.167,0.167,0.167]},"t":74,"s":[60,60,100]},{"i":{"x":[0.833,0.833,0.833],"y":[0.833,0.833,0.833]},"o":{"x":[0.167,0.167,0.167],"y":[0.167,0.167,0.167]},"t":84,"s":[78,78,100]},{"i":{"x":[0.833,0.833,0.833],"y":[0.833,0.833,0.833]},"o":{"x":[0.167,0.167,0.167],"y":[0.167,0.167,0.167]},"t":93,"s":[0,0,100]},{"i":{"x":[0.833,0.833,0.833],"y":[0.833,0.833,0.833]},"o":{"x":[0.167,0.167,0.167],"y":[0.167,0.167,0.167]},"t":94,"s":[0,0,100]},{"i":{"x":[0.833,0.833,0.833],"y":[0.833,0.833,0.833]},"o":{"x":[0.167,0.167,0.167],"y":[0.167,0.167,0.167]},"t":104,"s":[60,60,100]},{"i":{"x":[0.833,0.833,0.833],"y":[0.833,0.833,0.833]},"o":{"x":[0.167,0.167,0.167],"y":[0.167,0.167,0.167]},"t":114,"s":[78,78,100]},{"i":{"x":[0.833,0.833,0.833],"y":[0.833,0.833,0.833]},"o":{"x":[0.167,0.167,0.167],"y":[0.167,0.167,0.167]},"t":124,"s":[0,0,100]},{"i":{"x":[0.833,0.833,0.833],"y":[0.833,0.833,0.833]},"o":{"x":[0.167,0.167,0.167],"y":[0.167,0.167,0.167]},"t":125,"s":[0,0,100]},{"i":{"x":[0.833,0.833,0.833],"y":[0.833,0.833,0.833]},"o":{"x":[0.167,0.167,0.167],"y":[0.167,0.167,0.167]},"t":135,"s":[60,60,100]},{"i":{"x":[0.833,0.833,0.833],"y":[0.833,0.833,0.833]},"o":{"x":[0.167,0.167,0.167],"y":[0.167,0.167,0.167]},"t":144,"s":[78,78,100]},{"i":{"x":[0.833,0.833,0.833],"y":[0.833,0.833,0.833]},"o":{"x":[0.167,0.167,0.167],"y":[0.167,0.167,0.167]},"t":154,"s":[0,0,100]},{"i":{"x":[0.833,0.833,0.833],"y":[0.833,0.833,0.833]},"o":{"x":[0.167,0.167,0.167],"y":[0.167,0.167,0.167]},"t":155,"s":[0,0,100]},{"i":{"x":[0.833,0.833,0.833],"y":[0.833,0.833,0.833]},"o":{"x":[0.167,0.167,0.167],"y":[0.167,0.167,0.167]},"t":165,"s":[60,60,100]},{"i":{"x":[0.833,0.833,0.833],"y":[0.833,0.833,0.833]},"o":{"x":[0.167,0.167,0.167],"y":[0.167,0.167,0.167]},"t":174,"s":[78,78,100]},{"i":{"x":[0.833,0.833,0.833],"y":[0.833,0.833,0.833]},"o":{"x":[0.167,0.167,0.167],"y":[0.167,0.167,0.167]},"t":184,"s":[0,0,100]},{"i":{"x":[0.833,0.833,0.833],"y":[0.833,0.833,0.833]},"o":{"x":[0.167,0.167,0.167],"y":[0.167,0.167,0.167]},"t":185,"s":[0,0,100]},{"i":{"x":[0.833,0.833,0.833],"y":[0.833,0.833,0.833]},"o":{"x":[0.167,0.167,0.167],"y":[0.167,0.167,0.167]},"t":195,"s":[60,60,100]},{"i":{"x":[0.833,0.833,0.833],"y":[0.833,0.833,0.833]},"o":{"x":[0.167,0.167,0.167],"y":[0.167,0.167,0.167]},"t":205,"s":[78,78,100]},{"i":{"x":[0.833,0.833,0.833],"y":[0.833,0.833,0.833]},"o":{"x":[0.167,0.167,0.167],"y":[0.167,0.167,0.167]},"t":214,"s":[0,0,100]},{"i":{"x":[0.833,0.833,0.833],"y":[0.833,0.833,0.833]},"o":{"x":[0.167,0.167,0.167],"y":[0.167,0.167,0.167]},"t":215,"s":[0,0,100]},{"i":{"x":[0.833,0.833,0.833],"y":[0.833,0.833,0.833]},"o":{"x":[0.167,0.167,0.167],"y":[0.167,0.167,0.167]},"t":225,"s":[60,60,100]},{"i":{"x":[0.833,0.833,0.833],"y":[0.833,0.833,0.833]},"o":{"x":[0.167,0.167,0.167],"y":[0.167,0.167,0.167]},"t":235,"s":[78,78,100]},{"t":245,"s":[0,0,100]}],"ix":6}},"ao":0,"shapes":[{"ty":"gr","it":[{"ty":"gr","it":[{"ind":0,"ty":"sh","ix":1,"ks":{"a":0,"k":{"i":[[-0.597,1.02],[-1.221,1.805],[-1.282,-0.805],[2.792,-0.558]],"o":[[0,0],[0,0],[1.282,0.804],[-2.791,0.557]],"v":[[-3.885,1.979],[0.878,-2.134],[3.2,-2.637],[-1.403,2.885]],"c":true},"ix":2},"nm":"Path 1","mn":"ADBE Vector Shape - Group","hd":false},{"ty":"mm","mm":4,"nm":"Merge Paths 1","mn":"ADBE Vector Filter - Merge","hd":false},{"ty":"fl","c":{"a":0,"k":[0.61568627451,0.698039215686,0.976470648074,1],"ix":4},"o":{"a":0,"k":100,"ix":5},"r":1,"bm":0,"nm":"Fill 1","mn":"ADBE Vector Graphic - Fill","hd":false},{"ty":"tr","p":{"a":0,"k":[399.588,134.748],"ix":2},"a":{"a":0,"k":[0,0],"ix":1},"s":{"a":0,"k":[100,100],"ix":3},"r":{"a":0,"k":0,"ix":6},"o":{"a":0,"k":100,"ix":7},"sk":{"a":0,"k":0,"ix":4},"sa":{"a":0,"k":0,"ix":5},"nm":"Transform"}],"nm":"Group 16","np":3,"cix":2,"bm":0,"ix":1,"mn":"ADBE Vector Group","hd":false},{"ty":"gr","it":[{"ind":0,"ty":"sh","ix":1,"ks":{"a":0,"k":{"i":[[-2.69,-3.77],[2.458,-1.754],[2.691,3.77],[-2.459,1.754]],"o":[[2.69,3.77],[-2.458,1.755],[-2.69,-3.769],[2.458,-1.755]],"v":[[4.452,-3.177],[4.872,6.825],[-4.451,3.177],[-4.871,-6.825]],"c":true},"ix":2},"nm":"Path 1","mn":"ADBE Vector Shape - Group","hd":false},{"ty":"mm","mm":4,"nm":"Merge Paths 1","mn":"ADBE Vector Filter - Merge","hd":false},{"ty":"fl","c":{"a":0,"k":[0.509164608226,0.624297557158,0.971737132353,1],"ix":4},"o":{"a":0,"k":100,"ix":5},"r":1,"bm":0,"nm":"Fill 1","mn":"ADBE Vector Graphic - Fill","hd":false},{"ty":"tr","p":{"a":0,"k":[399.351,120.602],"ix":2},"a":{"a":0,"k":[0,0],"ix":1},"s":{"a":0,"k":[100,100],"ix":3},"r":{"a":0,"k":0,"ix":6},"o":{"a":0,"k":100,"ix":7},"sk":{"a":0,"k":0,"ix":4},"sa":{"a":0,"k":0,"ix":5},"nm":"Transform"}],"nm":"Group 17","np":3,"cix":2,"bm":0,"ix":2,"mn":"ADBE Vector Group","hd":false},{"ty":"gr","it":[{"ind":0,"ty":"sh","ix":1,"ks":{"a":0,"k":{"i":[[0,-6.449],[6.449,0],[0,6.449],[-6.449,0]],"o":[[0,6.449],[-6.449,0],[0,-6.449],[6.449,0]],"v":[[11.677,0],[0,11.677],[-11.677,0],[0,-11.677]],"c":true},"ix":2},"nm":"Path 1","mn":"ADBE Vector Shape - Group","hd":false},{"ty":"mm","mm":4,"nm":"Merge Paths 1","mn":"ADBE Vector Filter - Merge","hd":false},{"ty":"fl","c":{"a":0,"k":[0.61568627451,0.698039215686,0.976470648074,1],"ix":4},"o":{"a":0,"k":100,"ix":5},"r":1,"bm":0,"nm":"Fill 1","mn":"ADBE Vector Graphic - Fill","hd":false},{"ty":"tr","p":{"a":0,"k":[388.755,124.836],"ix":2},"a":{"a":0,"k":[0,0],"ix":1},"s":{"a":0,"k":[100,100],"ix":3},"r":{"a":0,"k":0,"ix":6},"o":{"a":0,"k":100,"ix":7},"sk":{"a":0,"k":0,"ix":4},"sa":{"a":0,"k":0,"ix":5},"nm":"Transform"}],"nm":"Group 19","np":3,"cix":2,"bm":0,"ix":3,"mn":"ADBE Vector Group","hd":false},{"ty":"gr","it":[{"ind":0,"ty":"sh","ix":1,"ks":{"a":0,"k":{"i":[[0,-9.806],[9.806,0],[0,9.806],[-9.806,0]],"o":[[0,9.806],[-9.806,0],[0,-9.806],[9.806,0]],"v":[[17.756,0],[0,17.755],[-17.756,0],[0,-17.755]],"c":true},"ix":2},"nm":"Path 1","mn":"ADBE Vector Shape - Group","hd":false},{"ty":"mm","mm":4,"nm":"Merge Paths 1","mn":"ADBE Vector Filter - Merge","hd":false},{"ty":"fl","c":{"a":0,"k":[0.321568627451,0.415686304429,0.764705942191,1],"ix":4},"o":{"a":0,"k":100,"ix":5},"r":1,"bm":0,"nm":"Fill 1","mn":"ADBE Vector Graphic - Fill","hd":false},{"ty":"tr","p":{"a":0,"k":[391.634,126.755],"ix":2},"a":{"a":0,"k":[0,0],"ix":1},"s":{"a":0,"k":[100,100],"ix":3},"r":{"a":0,"k":0,"ix":6},"o":{"a":0,"k":100,"ix":7},"sk":{"a":0,"k":0,"ix":4},"sa":{"a":0,"k":0,"ix":5},"nm":"Transform"}],"nm":"Group 20","np":3,"cix":2,"bm":0,"ix":4,"mn":"ADBE Vector Group","hd":false},{"ty":"tr","p":{"a":0,"k":[392.091,126.88],"ix":2},"a":{"a":0,"k":[391.634,126.755],"ix":1},"s":{"a":0,"k":[114.739,114.739],"ix":3},"r":{"a":0,"k":0,"ix":6},"o":{"a":0,"k":100,"ix":7},"sk":{"a":0,"k":0,"ix":4},"sa":{"a":0,"k":0,"ix":5},"nm":"Transform"}],"nm":"Group 1","np":4,"cix":2,"bm":0,"ix":1,"mn":"ADBE Vector Group","hd":false}],"ip":34,"op":120,"st":30,"bm":0},{"ddd":0,"ind":13,"ty":4,"nm":"Drop 1","parent":2,"sr":1,"ks":{"o":{"a":0,"k":100,"ix":11},"r":{"a":0,"k":0,"ix":10},"p":{"a":1,"k":[{"i":{"x":0.833,"y":0.833},"o":{"x":0.167,"y":0.167},"t":30,"s":[3.786,-171.077,0],"to":[47.754,-174.704,0],"ti":[17.494,-233.806,0]},{"i":{"x":0.833,"y":0.833},"o":{"x":0.167,"y":0.167},"t":59,"s":[286.926,-28.023,0],"to":[-3.428,45.809,0],"ti":[26.629,37.431,0]},{"i":{"x":0.833,"y":0.833},"o":{"x":0.167,"y":0.167},"t":60,"s":[28.021,-190.383,0],"to":[-125.296,-176.123,0],"ti":[-70.449,-229.551,0]},{"i":{"x":0.833,"y":0.833},"o":{"x":0.167,"y":0.167},"t":89,"s":[-273.111,90.669,0],"to":[13.478,43.915,0],"ti":[-29.547,35.173,0]},{"i":{"x":0.833,"y":0.833},"o":{"x":0.167,"y":0.167},"t":90,"s":[-15.651,-175.659,0],"to":[122.931,-146.336,0],"ti":[45.863,-145.863,0]},{"i":{"x":0.833,"y":0.833},"o":{"x":0.167,"y":0.167},"t":119,"s":[286.926,-28.023,0],"to":[-13.779,43.821,0],"ti":[2.625,45.861,0]},{"i":{"x":0.833,"y":0.833},"o":{"x":0.167,"y":0.167},"t":120,"s":[21.473,-180.561,0],"to":[-7.565,-132.151,0],"ti":[-88.889,-357.21,0]},{"t":150,"s":[-283.287,23.041,0]}],"ix":2},"a":{"a":0,"k":[391.634,126.755,0],"ix":1},"s":{"a":1,"k":[{"i":{"x":[0.833,0.833,0.833],"y":[0.833,0.833,0.833]},"o":{"x":[0.167,0.167,0.167],"y":[0.167,0.167,0.167]},"t":30,"s":[0,0,100]},{"i":{"x":[0.833,0.833,0.833],"y":[0.833,0.833,0.833]},"o":{"x":[0.167,0.167,0.167],"y":[0.167,0.167,0.167]},"t":40,"s":[100,100,100]},{"i":{"x":[0.833,0.833,0.833],"y":[0.833,0.833,0.833]},"o":{"x":[0.167,0.167,0.167],"y":[0.167,0.167,0.167]},"t":49,"s":[130,130,100]},{"i":{"x":[0.833,0.833,0.833],"y":[0.833,0.833,0.833]},"o":{"x":[0.167,0.167,0.167],"y":[0.167,0.167,0.167]},"t":59,"s":[0,0,100]},{"i":{"x":[0.833,0.833,0.833],"y":[0.833,0.833,0.833]},"o":{"x":[0.167,0.167,0.167],"y":[0.167,0.167,0.167]},"t":60,"s":[0,0,100]},{"i":{"x":[0.833,0.833,0.833],"y":[0.833,0.833,0.833]},"o":{"x":[0.167,0.167,0.167],"y":[0.167,0.167,0.167]},"t":70,"s":[100,100,100]},{"i":{"x":[0.833,0.833,0.833],"y":[0.833,0.833,0.833]},"o":{"x":[0.167,0.167,0.167],"y":[0.167,0.167,0.167]},"t":79,"s":[130,130,100]},{"i":{"x":[0.833,0.833,0.833],"y":[0.833,0.833,0.833]},"o":{"x":[0.167,0.167,0.167],"y":[0.167,0.167,0.167]},"t":89,"s":[0,0,100]},{"i":{"x":[0.833,0.833,0.833],"y":[0.833,0.833,0.833]},"o":{"x":[0.167,0.167,0.167],"y":[0.167,0.167,0.167]},"t":90,"s":[0,0,100]},{"i":{"x":[0.833,0.833,0.833],"y":[0.833,0.833,0.833]},"o":{"x":[0.167,0.167,0.167],"y":[0.167,0.167,0.167]},"t":100,"s":[100,100,100]},{"i":{"x":[0.833,0.833,0.833],"y":[0.833,0.833,0.833]},"o":{"x":[0.167,0.167,0.167],"y":[0.167,0.167,0.167]},"t":110,"s":[130,130,100]},{"i":{"x":[0.833,0.833,0.833],"y":[0.833,0.833,0.833]},"o":{"x":[0.167,0.167,0.167],"y":[0.167,0.167,0.167]},"t":119,"s":[0,0,100]},{"i":{"x":[0.833,0.833,0.833],"y":[0.833,0.833,0.833]},"o":{"x":[0.167,0.167,0.167],"y":[0.167,0.167,0.167]},"t":120,"s":[0,0,100]},{"i":{"x":[0.833,0.833,0.833],"y":[0.833,0.833,0.833]},"o":{"x":[0.167,0.167,0.167],"y":[0.167,0.167,0.167]},"t":130,"s":[100,100,100]},{"i":{"x":[0.833,0.833,0.833],"y":[0.833,0.833,0.833]},"o":{"x":[0.167,0.167,0.167],"y":[0.167,0.167,0.167]},"t":140,"s":[130,130,100]},{"t":150,"s":[0,0,100]}],"ix":6}},"ao":0,"shapes":[{"ty":"gr","it":[{"ty":"gr","it":[{"ind":0,"ty":"sh","ix":1,"ks":{"a":0,"k":{"i":[[-0.597,1.02],[-1.221,1.805],[-1.282,-0.805],[2.792,-0.558]],"o":[[0,0],[0,0],[1.282,0.804],[-2.791,0.557]],"v":[[-3.885,1.979],[0.878,-2.134],[3.2,-2.637],[-1.403,2.885]],"c":true},"ix":2},"nm":"Path 1","mn":"ADBE Vector Shape - Group","hd":false},{"ty":"mm","mm":4,"nm":"Merge Paths 1","mn":"ADBE Vector Filter - Merge","hd":false},{"ty":"fl","c":{"a":0,"k":[0.61568627451,0.698039215686,0.976470648074,1],"ix":4},"o":{"a":0,"k":100,"ix":5},"r":1,"bm":0,"nm":"Fill 1","mn":"ADBE Vector Graphic - Fill","hd":false},{"ty":"tr","p":{"a":0,"k":[399.588,134.748],"ix":2},"a":{"a":0,"k":[0,0],"ix":1},"s":{"a":0,"k":[100,100],"ix":3},"r":{"a":0,"k":0,"ix":6},"o":{"a":0,"k":100,"ix":7},"sk":{"a":0,"k":0,"ix":4},"sa":{"a":0,"k":0,"ix":5},"nm":"Transform"}],"nm":"Group 16","np":3,"cix":2,"bm":0,"ix":1,"mn":"ADBE Vector Group","hd":false},{"ty":"gr","it":[{"ind":0,"ty":"sh","ix":1,"ks":{"a":0,"k":{"i":[[-2.69,-3.77],[2.458,-1.754],[2.691,3.77],[-2.459,1.754]],"o":[[2.69,3.77],[-2.458,1.755],[-2.69,-3.769],[2.458,-1.755]],"v":[[4.452,-3.177],[4.872,6.825],[-4.451,3.177],[-4.871,-6.825]],"c":true},"ix":2},"nm":"Path 1","mn":"ADBE Vector Shape - Group","hd":false},{"ty":"mm","mm":4,"nm":"Merge Paths 1","mn":"ADBE Vector Filter - Merge","hd":false},{"ty":"fl","c":{"a":0,"k":[0.509164608226,0.624297557158,0.971737132353,1],"ix":4},"o":{"a":0,"k":100,"ix":5},"r":1,"bm":0,"nm":"Fill 1","mn":"ADBE Vector Graphic - Fill","hd":false},{"ty":"tr","p":{"a":0,"k":[399.351,120.602],"ix":2},"a":{"a":0,"k":[0,0],"ix":1},"s":{"a":0,"k":[100,100],"ix":3},"r":{"a":0,"k":0,"ix":6},"o":{"a":0,"k":100,"ix":7},"sk":{"a":0,"k":0,"ix":4},"sa":{"a":0,"k":0,"ix":5},"nm":"Transform"}],"nm":"Group 17","np":3,"cix":2,"bm":0,"ix":2,"mn":"ADBE Vector Group","hd":false},{"ty":"gr","it":[{"ind":0,"ty":"sh","ix":1,"ks":{"a":0,"k":{"i":[[0,-6.449],[6.449,0],[0,6.449],[-6.449,0]],"o":[[0,6.449],[-6.449,0],[0,-6.449],[6.449,0]],"v":[[11.677,0],[0,11.677],[-11.677,0],[0,-11.677]],"c":true},"ix":2},"nm":"Path 1","mn":"ADBE Vector Shape - Group","hd":false},{"ty":"mm","mm":4,"nm":"Merge Paths 1","mn":"ADBE Vector Filter - Merge","hd":false},{"ty":"fl","c":{"a":0,"k":[0.61568627451,0.698039215686,0.976470648074,1],"ix":4},"o":{"a":0,"k":100,"ix":5},"r":1,"bm":0,"nm":"Fill 1","mn":"ADBE Vector Graphic - Fill","hd":false},{"ty":"tr","p":{"a":0,"k":[388.755,124.836],"ix":2},"a":{"a":0,"k":[0,0],"ix":1},"s":{"a":0,"k":[100,100],"ix":3},"r":{"a":0,"k":0,"ix":6},"o":{"a":0,"k":100,"ix":7},"sk":{"a":0,"k":0,"ix":4},"sa":{"a":0,"k":0,"ix":5},"nm":"Transform"}],"nm":"Group 19","np":3,"cix":2,"bm":0,"ix":3,"mn":"ADBE Vector Group","hd":false},{"ty":"gr","it":[{"ind":0,"ty":"sh","ix":1,"ks":{"a":0,"k":{"i":[[0,-9.806],[9.806,0],[0,9.806],[-9.806,0]],"o":[[0,9.806],[-9.806,0],[0,-9.806],[9.806,0]],"v":[[17.756,0],[0,17.755],[-17.756,0],[0,-17.755]],"c":true},"ix":2},"nm":"Path 1","mn":"ADBE Vector Shape - Group","hd":false},{"ty":"mm","mm":4,"nm":"Merge Paths 1","mn":"ADBE Vector Filter - Merge","hd":false},{"ty":"fl","c":{"a":0,"k":[0.321568627451,0.415686304429,0.764705942191,1],"ix":4},"o":{"a":0,"k":100,"ix":5},"r":1,"bm":0,"nm":"Fill 1","mn":"ADBE Vector Graphic - Fill","hd":false},{"ty":"tr","p":{"a":0,"k":[391.634,126.755],"ix":2},"a":{"a":0,"k":[0,0],"ix":1},"s":{"a":0,"k":[100,100],"ix":3},"r":{"a":0,"k":0,"ix":6},"o":{"a":0,"k":100,"ix":7},"sk":{"a":0,"k":0,"ix":4},"sa":{"a":0,"k":0,"ix":5},"nm":"Transform"}],"nm":"Group 20","np":3,"cix":2,"bm":0,"ix":4,"mn":"ADBE Vector Group","hd":false},{"ty":"tr","p":{"a":0,"k":[392.091,126.88],"ix":2},"a":{"a":0,"k":[391.634,126.755],"ix":1},"s":{"a":0,"k":[79.018,79.018],"ix":3},"r":{"a":0,"k":0,"ix":6},"o":{"a":0,"k":100,"ix":7},"sk":{"a":0,"k":0,"ix":4},"sa":{"a":0,"k":0,"ix":5},"nm":"Transform"}],"nm":"Group 1","np":4,"cix":2,"bm":0,"ix":1,"mn":"ADBE Vector Group","hd":false}],"ip":30,"op":120,"st":30,"bm":0},{"ddd":0,"ind":14,"ty":4,"nm":"Ears 2","parent":3,"td":1,"sr":1,"ks":{"o":{"a":0,"k":100,"ix":11},"r":{"a":0,"k":0,"ix":10},"p":{"a":0,"k":[422.626,153.673,0],"ix":2},"a":{"a":0,"k":[411.619,301.952,0],"ix":1},"s":{"a":1,"k":[{"i":{"x":[0.667,0.667,0.667],"y":[1,1,1]},"o":{"x":[0.333,0.333,0.333],"y":[0,0,0]},"t":32,"s":[100,100,100]},{"i":{"x":[0.458,0.458,0.667],"y":[1,1,1]},"o":{"x":[0.333,0.333,0.333],"y":[0,0,0]},"t":47,"s":[110,90,100]},{"i":{"x":[0.465,0.465,0.667],"y":[1,1,1]},"o":{"x":[0.333,0.333,0.333],"y":[0,0,0]},"t":62,"s":[95,105,100]},{"t":80,"s":[100,100,100]}],"ix":6}},"ao":0,"shapes":[{"ty":"gr","it":[{"ty":"gr","it":[{"ind":0,"ty":"sh","ix":1,"ks":{"a":1,"k":[{"i":{"x":0.833,"y":0.833},"o":{"x":0.333,"y":0},"t":15,"s":[{"i":[[-0.21,9.607],[-2.009,68.482],[19.445,0.35],[-3.463,-35.345],[-3.345,-57.807]],"o":[[0.877,-40.125],[1.818,-61.959],[-22.673,-0.408],[4.41,45.007],[2.266,39.15]],"v":[[92.123,29.176],[96.182,-87.99],[73.555,-180.298],[52.59,-122.955],[61.345,21.859]],"c":true}]},{"i":{"x":0.833,"y":0.833},"o":{"x":0.167,"y":0.167},"t":24,"s":[{"i":[[2.459,8.827],[15.109,34.585],[20.017,5.008],[-24.994,-45.754],[-25.855,-22.143]],"o":[[-26.629,-27.503],[-21.007,-48.084],[-32.238,-8.065],[23.914,43.778],[17.215,30.378]],"v":[[106.629,48.554],[46.891,-36.533],[-1.762,-120.884],[11.994,-25.194],[75.855,60.194]],"c":true}]},{"i":{"x":0.667,"y":1},"o":{"x":0.167,"y":0.167},"t":32,"s":[{"i":[[4.016,8.372],[43.864,15.885],[31.55,-4.647],[-77.485,-29.006],[-38.084,-26.558]],"o":[[-18.874,-22.517],[-50.9,-22.106],[-31.45,6.353],[28.96,13.534],[25.936,25.261]],"v":[[101.63,30.691],[27.894,12.073],[-77.55,-64.302],[-7.515,30.057],[89.493,70.685]],"c":true}]},{"t":40,"s":[{"i":[[5.35,7.982],[68.511,-0.144],[2.129,-4.715],[-33.283,12.389],[-48.566,-30.343]],"o":[[-12.227,-18.244],[-76.522,0.16],[-4.755,10.528],[33.284,-12.389],[33.411,20.875]],"v":[[97.344,15.38],[-10.675,-39.122],[-97.939,-6.518],[-63.236,16.13],[60.325,18.391]],"c":true}]}],"ix":2},"nm":"Path 1","mn":"ADBE Vector Shape - Group","hd":false},{"ty":"st","c":{"a":0,"k":[0,0,0,1],"ix":3},"o":{"a":0,"k":100,"ix":4},"w":{"a":0,"k":2,"ix":5},"lc":1,"lj":1,"ml":10,"bm":0,"nm":"Stroke 1","mn":"ADBE Vector Graphic - Stroke","hd":false},{"ty":"fl","c":{"a":0,"k":[1,0.713999968884,0.713999968884,1],"ix":4},"o":{"a":0,"k":100,"ix":5},"r":1,"bm":0,"nm":"Fill 1","mn":"ADBE Vector Graphic - Fill","hd":false},{"ty":"tr","p":{"a":0,"k":[294.5,267.449],"ix":2},"a":{"a":0,"k":[0,0],"ix":1},"s":{"a":0,"k":[100,100],"ix":3},"r":{"a":0,"k":0,"ix":6},"o":{"a":0,"k":100,"ix":7},"sk":{"a":0,"k":0,"ix":4},"sa":{"a":0,"k":0,"ix":5},"nm":"Transform"}],"nm":"Group 2","np":3,"cix":2,"bm":0,"ix":1,"mn":"ADBE Vector Group","hd":false},{"ty":"gr","it":[{"ind":0,"ty":"sh","ix":1,"ks":{"a":1,"k":[{"i":{"x":0.833,"y":0.833},"o":{"x":0.333,"y":0},"t":15,"s":[{"i":[[-1.401,14.473],[1.077,100.551],[-8.828,-72.741],[-2.199,-42.853]],"o":[[5.447,-56.249],[-0.948,-88.462],[6.885,56.731],[3.215,62.643]],"v":[[143.499,45.152],[150.894,-155.635],[52.061,-157.828],[63.731,-11.741]],"c":true}]},{"i":{"x":0.833,"y":0.833},"o":{"x":0.167,"y":0.167},"t":24,"s":[{"i":[[3.413,13.143],[16.33,56.061],[-37.031,-95.221],[-61.46,-27.889]],"o":[[-46.05,-31.953],[-35.67,-99.94],[15.969,37.779],[1.672,32.575]],"v":[[161.996,31.856],[82.616,-103.158],[-18.023,-69.876],[96.406,72.792]],"c":true}]},{"i":{"x":0.667,"y":1},"o":{"x":0.167,"y":0.167},"t":32,"s":[{"i":[[6.222,12.368],[39.571,62.465],[-43.191,-86.395],[-54.771,8.96]],"o":[[-33.648,5.411],[-68.38,-107.942],[50.512,101.038],[0.771,15.035]],"v":[[187.594,7.491],[29.326,-39.155],[-90.566,-19.136],[109.717,39.943]],"c":true}]},{"t":40,"s":[{"i":[[8.629,11.703],[86.88,-16.753],[-51.962,6.406],[-60.453,6.339]],"o":[[-22.715,-30.812],[-136.813,26.383],[51.963,-6.405],[0,0]],"v":[[144.535,7.036],[-16.351,-56.724],[-71.031,67.071],[50.554,24.786]],"c":true}]}],"ix":2},"nm":"Path 1","mn":"ADBE Vector Shape - Group","hd":false},{"ty":"st","c":{"a":0,"k":[0,0,0,1],"ix":3},"o":{"a":0,"k":100,"ix":4},"w":{"a":0,"k":6,"ix":5},"lc":1,"lj":1,"ml":10,"bm":0,"nm":"Stroke 1","mn":"ADBE Vector Graphic - Stroke","hd":false},{"ty":"fl","c":{"a":0,"k":[0.948999980852,0.438999998803,0.717999985639,1],"ix":4},"o":{"a":0,"k":100,"ix":5},"r":1,"bm":0,"nm":"Fill 1","mn":"ADBE Vector Graphic - Fill","hd":false},{"ty":"tr","p":{"a":0,"k":[265.554,260.597],"ix":2},"a":{"a":0,"k":[0,0],"ix":1},"s":{"a":0,"k":[100,100],"ix":3},"r":{"a":0,"k":0,"ix":6},"o":{"a":0,"k":100,"ix":7},"sk":{"a":0,"k":0,"ix":4},"sa":{"a":0,"k":0,"ix":5},"nm":"Transform"}],"nm":"Group 4","np":3,"cix":2,"bm":0,"ix":2,"mn":"ADBE Vector Group","hd":false},{"ty":"tr","p":{"a":0,"k":[361.658,272.965],"ix":2},"a":{"a":0,"k":[361.658,272.965],"ix":1},"s":{"a":0,"k":[100,100],"ix":3},"r":{"a":1,"k":[{"i":{"x":[0.833],"y":[1]},"o":{"x":[0.167],"y":[0]},"t":15,"s":[0]},{"i":{"x":[0.833],"y":[1]},"o":{"x":[0.167],"y":[0]},"t":32,"s":[15]},{"i":{"x":[0.594],"y":[1]},"o":{"x":[0.167],"y":[0]},"t":42,"s":[-10]},{"i":{"x":[0.584],"y":[1]},"o":{"x":[0.167],"y":[0]},"t":55,"s":[3]},{"t":72,"s":[0]}],"ix":6},"o":{"a":0,"k":100,"ix":7},"sk":{"a":0,"k":0,"ix":4},"sa":{"a":0,"k":0,"ix":5},"nm":"Transform"}],"nm":"L","np":2,"cix":2,"bm":0,"ix":1,"mn":"ADBE Vector Group","hd":false},{"ty":"gr","it":[{"ty":"gr","it":[{"ind":0,"ty":"sh","ix":1,"ks":{"a":1,"k":[{"i":{"x":0.833,"y":0.833},"o":{"x":0.333,"y":0},"t":15,"s":[{"i":[[-1.083,9.549],[-11.056,69.418],[-21.242,-4.415],[7.149,-33.713],[9.312,-63.333]],"o":[[4.651,-41.003],[11.47,-72.02],[22.729,4.724],[-7.367,34.741],[-5.731,38.978]],"v":[[-74.921,72.004],[-54.214,-60.417],[-15.999,-148.723],[-17.419,-59.286],[-38.581,58.334]],"c":true}]},{"i":{"x":0.833,"y":0.833},"o":{"x":0.167,"y":0.167},"t":24,"s":[{"i":[[3.885,8.79],[-36.757,57.816],[-5.122,-0.722],[28.266,-21.501],[0.328,-57.265]],"o":[[-8.878,-20.086],[41.055,-64.577],[11.439,1.612],[-28.266,21.501],[-0.226,39.396]],"v":[[-64.921,61.004],[-53.214,-59.417],[21.001,-115.723],[21.581,-74.286],[-42.581,31.334]],"c":true}]},{"i":{"x":0.667,"y":1},"o":{"x":0.167,"y":0.167},"t":32,"s":[{"i":[[-3.148,3.48],[-27.856,51.343],[-22.046,-7.34],[17.182,-29.646],[6.401,-7.668]],"o":[[7.194,-7.953],[23.466,-43.251],[22.515,7.497],[-46.276,79.843],[-12.329,14.769]],"v":[[-56.673,93.345],[-17.146,10.768],[41.805,-70.98],[26.596,6.674],[-20.08,93.184]],"c":true}]},{"t":40,"s":[{"i":[[-0.465,9.599],[-58.765,35.22],[-4.256,-2.94],[34.903,-6.558],[25.95,-51.048]],"o":[[1.062,-21.935],[65.636,-39.338],[9.504,6.566],[-34.903,6.558],[-17.853,35.12]],"v":[[-55.328,62.665],[9.091,-39.748],[100.667,-56.835],[82.621,-19.53],[-22.063,46.148]],"c":true}]}],"ix":2},"nm":"Path 1","mn":"ADBE Vector Shape - Group","hd":false},{"ty":"st","c":{"a":0,"k":[0,0,0,1],"ix":3},"o":{"a":0,"k":100,"ix":4},"w":{"a":0,"k":2,"ix":5},"lc":1,"lj":1,"ml":10,"bm":0,"nm":"Stroke 1","mn":"ADBE Vector Graphic - Stroke","hd":false},{"ty":"fl","c":{"a":0,"k":[1,0.713999968884,0.713999968884,1],"ix":4},"o":{"a":0,"k":100,"ix":5},"r":1,"bm":0,"nm":"Fill 1","mn":"ADBE Vector Graphic - Fill","hd":false},{"ty":"tr","p":{"a":0,"k":[522.77,231.499],"ix":2},"a":{"a":0,"k":[0,0],"ix":1},"s":{"a":0,"k":[100,100],"ix":3},"r":{"a":0,"k":0,"ix":6},"o":{"a":0,"k":100,"ix":7},"sk":{"a":0,"k":0,"ix":4},"sa":{"a":0,"k":0,"ix":5},"nm":"Transform"}],"nm":"Group 2","np":3,"cix":2,"bm":0,"ix":1,"mn":"ADBE Vector Group","hd":false},{"ty":"gr","it":[{"ind":0,"ty":"sh","ix":1,"ks":{"a":1,"k":[{"i":{"x":0.833,"y":0.833},"o":{"x":0.333,"y":0},"t":15,"s":[{"i":[[7.7,-3.186],[0.247,14.539],[-10.571,87.847],[17.245,-80.243],[13.856,-59.183],[0,0]],"o":[[-13.436,5.56],[-0.752,-44.296],[8.093,-67.249],[-11.001,51.187],[-9.208,39.329],[-1.929,8.106]],"v":[[-74.389,99.075],[-111.5,86.544],[-89.345,-128.502],[3.502,-103.509],[-34.045,28.919],[-51.059,113.093]],"c":true}]},{"i":{"x":0.833,"y":0.833},"o":{"x":0.167,"y":0.167},"t":24,"s":[{"i":[[7.7,-3.186],[5.276,13.55],[-60.616,64.457],[33.199,-40.484],[26.499,-54.703],[0,0]],"o":[[-13.436,5.56],[-13.89,-35.671],[95.453,-101.502],[-33.199,40.484],[-7.447,15.374],[-1.929,8.106]],"v":[[-74.389,99.075],[-111.5,86.544],[-76.345,-85.502],[57.502,-65.509],[-41.045,19.919],[-59.059,81.093]],"c":true}]},{"i":{"x":0.667,"y":1},"o":{"x":0.167,"y":0.167},"t":32,"s":[{"i":[[2.952,2.801],[-2.488,6.651],[-18.747,72.653],[-7.366,-49.975],[28.783,-18.598],[0,0]],"o":[[-5.151,-4.888],[6.55,-17.508],[35.278,-136.719],[7.366,49.975],[-7.006,4.527],[-3.999,0.751]],"v":[[-165.102,97.067],[-119.541,118.529],[-54.916,-7.244],[68.167,-58.052],[-50.227,131.087],[-154.034,100.16]],"c":true}]},{"t":40,"s":[{"i":[[8.311,0.601],[-1.354,14.478],[-83.07,30.467],[47.819,-21.319],[48.2,-37.033],[0,0]],"o":[[-14.503,-1.049],[3.564,-38.114],[130.813,-47.977],[-47.819,21.319],[-13.546,10.408],[-5.356,6.383]],"v":[[-75.795,103.582],[-99.781,75.308],[5.154,-62.309],[115.858,15.534],[-10.52,47.755],[-54.033,94.375]],"c":true}]}],"ix":2},"nm":"Path 1","mn":"ADBE Vector Shape - Group","hd":false},{"ty":"st","c":{"a":0,"k":[0,0,0,1],"ix":3},"o":{"a":0,"k":100,"ix":4},"w":{"a":0,"k":6,"ix":5},"lc":1,"lj":1,"ml":10,"bm":0,"nm":"Stroke 1","mn":"ADBE Vector Graphic - Stroke","hd":false},{"ty":"fl","c":{"a":0,"k":[0.948999980852,0.438999998803,0.717999985639,1],"ix":4},"o":{"a":0,"k":100,"ix":5},"r":1,"bm":0,"nm":"Fill 1","mn":"ADBE Vector Graphic - Fill","hd":false},{"ty":"tr","p":{"a":0,"k":[543.753,215.252],"ix":2},"a":{"a":0,"k":[0,0],"ix":1},"s":{"a":0,"k":[100,100],"ix":3},"r":{"a":0,"k":0,"ix":6},"o":{"a":0,"k":100,"ix":7},"sk":{"a":0,"k":0,"ix":4},"sa":{"a":0,"k":0,"ix":5},"nm":"Transform"}],"nm":"Group 4","np":3,"cix":2,"bm":0,"ix":2,"mn":"ADBE Vector Group","hd":false},{"ty":"tr","p":{"a":0,"k":[475.572,284.549],"ix":2},"a":{"a":0,"k":[475.162,284.064],"ix":1},"s":{"a":0,"k":[100,100],"ix":3},"r":{"a":1,"k":[{"i":{"x":[0.833],"y":[1]},"o":{"x":[0.167],"y":[0]},"t":15,"s":[0]},{"i":{"x":[0.833],"y":[1]},"o":{"x":[0.167],"y":[0]},"t":32,"s":[-15]},{"i":{"x":[0.594],"y":[1]},"o":{"x":[0.167],"y":[0]},"t":42,"s":[10]},{"i":{"x":[0.584],"y":[1]},"o":{"x":[0.167],"y":[0]},"t":55,"s":[-3]},{"t":72,"s":[0]}],"ix":6},"o":{"a":0,"k":100,"ix":7},"sk":{"a":0,"k":0,"ix":4},"sa":{"a":0,"k":0,"ix":5},"nm":"Transform"}],"nm":"R","np":2,"cix":2,"bm":0,"ix":2,"mn":"ADBE Vector Group","hd":false}],"ip":0,"op":120,"st":0,"bm":0},{"ddd":0,"ind":15,"ty":4,"nm":"Ears 3","parent":9,"tt":1,"sr":1,"ks":{"o":{"a":1,"k":[{"i":{"x":[0],"y":[1]},"o":{"x":[0.333],"y":[0]},"t":34,"s":[0]},{"t":69,"s":[40]}],"ix":11},"r":{"a":0,"k":0,"ix":10},"p":{"a":0,"k":[422.626,153.673,0],"ix":2},"a":{"a":0,"k":[411.619,301.952,0],"ix":1},"s":{"a":1,"k":[{"i":{"x":[0.667,0.667,0.667],"y":[1,1,1]},"o":{"x":[0.333,0.333,0.333],"y":[0,0,0]},"t":32,"s":[87.333,86,100]},{"i":{"x":[0.458,0.458,0.667],"y":[1,1,1]},"o":{"x":[0.333,0.333,0.333],"y":[0,0,0]},"t":47,"s":[97.333,76,100]},{"i":{"x":[0.465,0.465,0.667],"y":[1,1,1]},"o":{"x":[0.333,0.333,0.333],"y":[0,0,0]},"t":62,"s":[82.333,91,100]},{"t":80,"s":[87.333,86,100]}],"ix":6}},"ao":0,"shapes":[{"ty":"gr","it":[{"ty":"gr","it":[{"ind":0,"ty":"sh","ix":1,"ks":{"a":1,"k":[{"i":{"x":0.833,"y":0.833},"o":{"x":0.333,"y":0},"t":15,"s":[{"i":[[-0.21,9.607],[-2.009,68.482],[19.445,0.35],[-3.463,-35.345],[-3.345,-57.807]],"o":[[0.877,-40.125],[1.818,-61.959],[-22.673,-0.408],[4.41,45.007],[2.266,39.15]],"v":[[92.123,29.176],[96.182,-87.99],[73.555,-180.298],[52.59,-122.955],[61.345,21.859]],"c":true}]},{"i":{"x":0.833,"y":0.833},"o":{"x":0.167,"y":0.167},"t":24,"s":[{"i":[[2.459,8.827],[15.109,34.585],[20.017,5.008],[-24.994,-45.754],[-25.855,-22.143]],"o":[[-26.629,-27.503],[-21.007,-48.084],[-32.238,-8.065],[23.914,43.778],[17.215,30.378]],"v":[[106.629,48.554],[46.891,-36.533],[-1.762,-120.884],[11.994,-25.194],[75.855,60.194]],"c":true}]},{"i":{"x":0.667,"y":1},"o":{"x":0.167,"y":0.167},"t":32,"s":[{"i":[[4.016,8.372],[43.864,15.885],[31.55,-4.647],[-77.485,-29.006],[-38.084,-26.558]],"o":[[-18.874,-22.517],[-50.9,-22.106],[-31.45,6.353],[28.96,13.534],[25.936,25.261]],"v":[[101.63,30.691],[27.894,12.073],[-77.55,-64.302],[-7.515,30.057],[89.493,70.685]],"c":true}]},{"t":40,"s":[{"i":[[5.35,7.982],[68.511,-0.144],[2.129,-4.715],[-33.283,12.389],[-48.566,-30.343]],"o":[[-12.227,-18.244],[-76.522,0.16],[-4.755,10.528],[33.284,-12.389],[33.411,20.875]],"v":[[97.344,15.38],[-10.675,-39.122],[-97.939,-6.518],[-63.236,16.13],[60.325,18.391]],"c":true}]}],"ix":2},"nm":"Path 1","mn":"ADBE Vector Shape - Group","hd":false},{"ty":"st","c":{"a":0,"k":[0,0,0,1],"ix":3},"o":{"a":0,"k":100,"ix":4},"w":{"a":0,"k":2,"ix":5},"lc":1,"lj":1,"ml":10,"bm":0,"nm":"Stroke 1","mn":"ADBE Vector Graphic - Stroke","hd":false},{"ty":"fl","c":{"a":0,"k":[0,0,0,1],"ix":4},"o":{"a":0,"k":100,"ix":5},"r":1,"bm":0,"nm":"Fill 1","mn":"ADBE Vector Graphic - Fill","hd":false},{"ty":"tr","p":{"a":0,"k":[294.5,267.449],"ix":2},"a":{"a":0,"k":[0,0],"ix":1},"s":{"a":0,"k":[100,100],"ix":3},"r":{"a":0,"k":0,"ix":6},"o":{"a":0,"k":100,"ix":7},"sk":{"a":0,"k":0,"ix":4},"sa":{"a":0,"k":0,"ix":5},"nm":"Transform"}],"nm":"Group 2","np":3,"cix":2,"bm":0,"ix":1,"mn":"ADBE Vector Group","hd":false},{"ty":"gr","it":[{"ind":0,"ty":"sh","ix":1,"ks":{"a":1,"k":[{"i":{"x":0.833,"y":0.833},"o":{"x":0.333,"y":0},"t":15,"s":[{"i":[[-1.401,14.473],[1.077,100.551],[-8.828,-72.741],[-2.199,-42.853]],"o":[[5.447,-56.249],[-0.948,-88.462],[6.885,56.731],[3.215,62.643]],"v":[[143.499,45.152],[150.894,-155.635],[52.061,-157.828],[63.731,-11.741]],"c":true}]},{"i":{"x":0.833,"y":0.833},"o":{"x":0.167,"y":0.167},"t":24,"s":[{"i":[[3.413,13.143],[16.33,56.061],[-37.031,-95.221],[-61.46,-27.889]],"o":[[-46.05,-31.953],[-35.67,-99.94],[15.969,37.779],[1.672,32.575]],"v":[[161.996,31.856],[82.616,-103.158],[-18.023,-69.876],[96.406,72.792]],"c":true}]},{"i":{"x":0.667,"y":1},"o":{"x":0.167,"y":0.167},"t":32,"s":[{"i":[[6.222,12.368],[39.571,62.465],[-43.191,-86.395],[-54.771,8.96]],"o":[[-33.648,5.411],[-68.38,-107.942],[50.512,101.038],[0.771,15.035]],"v":[[187.594,7.491],[29.326,-39.155],[-90.566,-19.136],[109.717,39.943]],"c":true}]},{"t":40,"s":[{"i":[[8.629,11.703],[86.88,-16.753],[-51.962,6.406],[-60.453,6.339]],"o":[[-22.715,-30.812],[-136.813,26.383],[51.963,-6.405],[0,0]],"v":[[144.535,7.036],[-16.351,-56.724],[-71.031,67.071],[50.554,24.786]],"c":true}]}],"ix":2},"nm":"Path 1","mn":"ADBE Vector Shape - Group","hd":false},{"ty":"st","c":{"a":0,"k":[0,0,0,1],"ix":3},"o":{"a":0,"k":100,"ix":4},"w":{"a":0,"k":6,"ix":5},"lc":1,"lj":1,"ml":10,"bm":0,"nm":"Stroke 1","mn":"ADBE Vector Graphic - Stroke","hd":false},{"ty":"fl","c":{"a":0,"k":[0,0,0,1],"ix":4},"o":{"a":0,"k":100,"ix":5},"r":1,"bm":0,"nm":"Fill 1","mn":"ADBE Vector Graphic - Fill","hd":false},{"ty":"tr","p":{"a":0,"k":[265.554,260.597],"ix":2},"a":{"a":0,"k":[0,0],"ix":1},"s":{"a":0,"k":[100,100],"ix":3},"r":{"a":0,"k":0,"ix":6},"o":{"a":0,"k":100,"ix":7},"sk":{"a":0,"k":0,"ix":4},"sa":{"a":0,"k":0,"ix":5},"nm":"Transform"}],"nm":"Group 4","np":3,"cix":2,"bm":0,"ix":2,"mn":"ADBE Vector Group","hd":false},{"ty":"tr","p":{"a":0,"k":[361.658,272.965],"ix":2},"a":{"a":0,"k":[361.658,272.965],"ix":1},"s":{"a":0,"k":[100,100],"ix":3},"r":{"a":1,"k":[{"i":{"x":[0.833],"y":[1]},"o":{"x":[0.167],"y":[0]},"t":15,"s":[0]},{"i":{"x":[0.833],"y":[1]},"o":{"x":[0.167],"y":[0]},"t":32,"s":[15]},{"i":{"x":[0.594],"y":[1]},"o":{"x":[0.167],"y":[0]},"t":42,"s":[-10]},{"i":{"x":[0.584],"y":[1]},"o":{"x":[0.167],"y":[0]},"t":55,"s":[3]},{"t":72,"s":[0]}],"ix":6},"o":{"a":0,"k":100,"ix":7},"sk":{"a":0,"k":0,"ix":4},"sa":{"a":0,"k":0,"ix":5},"nm":"Transform"}],"nm":"L","np":2,"cix":2,"bm":0,"ix":1,"mn":"ADBE Vector Group","hd":false},{"ty":"gr","it":[{"ty":"gr","it":[{"ind":0,"ty":"sh","ix":1,"ks":{"a":1,"k":[{"i":{"x":0.833,"y":0.833},"o":{"x":0.333,"y":0},"t":15,"s":[{"i":[[-1.083,9.549],[-11.056,69.418],[-21.242,-4.415],[7.149,-33.713],[9.312,-63.333]],"o":[[4.651,-41.003],[11.47,-72.02],[22.729,4.724],[-7.367,34.741],[-5.731,38.978]],"v":[[-74.921,72.004],[-54.214,-60.417],[-15.999,-148.723],[-17.419,-59.286],[-38.581,58.334]],"c":true}]},{"i":{"x":0.833,"y":0.833},"o":{"x":0.167,"y":0.167},"t":24,"s":[{"i":[[3.885,8.79],[-36.757,57.816],[-5.122,-0.722],[28.266,-21.501],[0.328,-57.265]],"o":[[-8.878,-20.086],[41.055,-64.577],[11.439,1.612],[-28.266,21.501],[-0.226,39.396]],"v":[[-64.921,61.004],[-53.214,-59.417],[21.001,-115.723],[21.581,-74.286],[-42.581,31.334]],"c":true}]},{"i":{"x":0.667,"y":1},"o":{"x":0.167,"y":0.167},"t":32,"s":[{"i":[[-3.148,3.48],[-27.856,51.343],[-22.046,-7.34],[17.182,-29.646],[6.401,-7.668]],"o":[[7.194,-7.953],[23.466,-43.251],[22.515,7.497],[-46.276,79.843],[-12.329,14.769]],"v":[[-56.673,93.345],[-17.146,10.768],[41.805,-70.98],[26.596,6.674],[-20.08,93.184]],"c":true}]},{"t":40,"s":[{"i":[[-0.465,9.599],[-58.765,35.22],[-4.256,-2.94],[34.903,-6.558],[25.95,-51.048]],"o":[[1.062,-21.935],[65.636,-39.338],[9.504,6.566],[-34.903,6.558],[-17.853,35.12]],"v":[[-55.328,62.665],[9.091,-39.748],[100.667,-56.835],[82.621,-19.53],[-22.063,46.148]],"c":true}]}],"ix":2},"nm":"Path 1","mn":"ADBE Vector Shape - Group","hd":false},{"ty":"st","c":{"a":0,"k":[0,0,0,1],"ix":3},"o":{"a":0,"k":100,"ix":4},"w":{"a":0,"k":2,"ix":5},"lc":1,"lj":1,"ml":10,"bm":0,"nm":"Stroke 1","mn":"ADBE Vector Graphic - Stroke","hd":false},{"ty":"fl","c":{"a":0,"k":[0,0,0,1],"ix":4},"o":{"a":0,"k":100,"ix":5},"r":1,"bm":0,"nm":"Fill 1","mn":"ADBE Vector Graphic - Fill","hd":false},{"ty":"tr","p":{"a":0,"k":[522.77,231.499],"ix":2},"a":{"a":0,"k":[0,0],"ix":1},"s":{"a":0,"k":[100,100],"ix":3},"r":{"a":0,"k":0,"ix":6},"o":{"a":0,"k":100,"ix":7},"sk":{"a":0,"k":0,"ix":4},"sa":{"a":0,"k":0,"ix":5},"nm":"Transform"}],"nm":"Group 2","np":3,"cix":2,"bm":0,"ix":1,"mn":"ADBE Vector Group","hd":false},{"ty":"gr","it":[{"ind":0,"ty":"sh","ix":1,"ks":{"a":1,"k":[{"i":{"x":0.833,"y":0.833},"o":{"x":0.333,"y":0},"t":15,"s":[{"i":[[7.7,-3.186],[0.247,14.539],[-10.571,87.847],[17.245,-80.243],[13.856,-59.183],[0,0]],"o":[[-13.436,5.56],[-0.752,-44.296],[8.093,-67.249],[-11.001,51.187],[-9.208,39.329],[-1.929,8.106]],"v":[[-74.389,99.075],[-111.5,86.544],[-89.345,-128.502],[3.502,-103.509],[-34.045,28.919],[-51.059,113.093]],"c":true}]},{"i":{"x":0.833,"y":0.833},"o":{"x":0.167,"y":0.167},"t":24,"s":[{"i":[[7.7,-3.186],[5.276,13.55],[-60.616,64.457],[33.199,-40.484],[26.499,-54.703],[0,0]],"o":[[-13.436,5.56],[-13.89,-35.671],[95.453,-101.502],[-33.199,40.484],[-7.447,15.374],[-1.929,8.106]],"v":[[-74.389,99.075],[-111.5,86.544],[-76.345,-85.502],[57.502,-65.509],[-41.045,19.919],[-59.059,81.093]],"c":true}]},{"i":{"x":0.667,"y":1},"o":{"x":0.167,"y":0.167},"t":32,"s":[{"i":[[2.952,2.801],[-2.488,6.651],[-18.747,72.653],[-7.366,-49.975],[28.783,-18.598],[0,0]],"o":[[-5.151,-4.888],[6.55,-17.508],[35.278,-136.719],[7.366,49.975],[-7.006,4.527],[-3.999,0.751]],"v":[[-165.102,97.067],[-119.541,118.529],[-54.916,-7.244],[68.167,-58.052],[-50.227,131.087],[-154.034,100.16]],"c":true}]},{"t":40,"s":[{"i":[[8.311,0.601],[-1.354,14.478],[-83.07,30.467],[47.819,-21.319],[48.2,-37.033],[0,0]],"o":[[-14.503,-1.049],[3.564,-38.114],[130.813,-47.977],[-47.819,21.319],[-13.546,10.408],[-5.356,6.383]],"v":[[-75.795,103.582],[-99.781,75.308],[5.154,-62.309],[115.858,15.534],[-10.52,47.755],[-54.033,94.375]],"c":true}]}],"ix":2},"nm":"Path 1","mn":"ADBE Vector Shape - Group","hd":false},{"ty":"st","c":{"a":0,"k":[0,0,0,1],"ix":3},"o":{"a":0,"k":100,"ix":4},"w":{"a":0,"k":6,"ix":5},"lc":1,"lj":1,"ml":10,"bm":0,"nm":"Stroke 1","mn":"ADBE Vector Graphic - Stroke","hd":false},{"ty":"fl","c":{"a":0,"k":[0,0,0,1],"ix":4},"o":{"a":0,"k":100,"ix":5},"r":1,"bm":0,"nm":"Fill 1","mn":"ADBE Vector Graphic - Fill","hd":false},{"ty":"tr","p":{"a":0,"k":[543.753,215.252],"ix":2},"a":{"a":0,"k":[0,0],"ix":1},"s":{"a":0,"k":[100,100],"ix":3},"r":{"a":0,"k":0,"ix":6},"o":{"a":0,"k":100,"ix":7},"sk":{"a":0,"k":0,"ix":4},"sa":{"a":0,"k":0,"ix":5},"nm":"Transform"}],"nm":"Group 4","np":3,"cix":2,"bm":0,"ix":2,"mn":"ADBE Vector Group","hd":false},{"ty":"tr","p":{"a":0,"k":[475.572,284.549],"ix":2},"a":{"a":0,"k":[475.162,284.064],"ix":1},"s":{"a":0,"k":[100,100],"ix":3},"r":{"a":1,"k":[{"i":{"x":[0.833],"y":[1]},"o":{"x":[0.167],"y":[0]},"t":15,"s":[0]},{"i":{"x":[0.833],"y":[1]},"o":{"x":[0.167],"y":[0]},"t":32,"s":[-15]},{"i":{"x":[0.594],"y":[1]},"o":{"x":[0.167],"y":[0]},"t":42,"s":[10]},{"i":{"x":[0.584],"y":[1]},"o":{"x":[0.167],"y":[0]},"t":55,"s":[-3]},{"t":72,"s":[0]}],"ix":6},"o":{"a":0,"k":100,"ix":7},"sk":{"a":0,"k":0,"ix":4},"sa":{"a":0,"k":0,"ix":5},"nm":"Transform"}],"nm":"R","np":2,"cix":2,"bm":0,"ix":2,"mn":"ADBE Vector Group","hd":false}],"ip":0,"op":120,"st":0,"bm":0},{"ddd":0,"ind":16,"ty":4,"nm":"Ears","parent":9,"sr":1,"ks":{"o":{"a":0,"k":100,"ix":11},"r":{"a":0,"k":0,"ix":10},"p":{"a":0,"k":[422.626,153.673,0],"ix":2},"a":{"a":0,"k":[411.619,301.952,0],"ix":1},"s":{"a":1,"k":[{"i":{"x":[0.667,0.667,0.667],"y":[1,1,1]},"o":{"x":[0.333,0.333,0.333],"y":[0,0,0]},"t":32,"s":[100,100,100]},{"i":{"x":[0.458,0.458,0.667],"y":[1,1,1]},"o":{"x":[0.333,0.333,0.333],"y":[0,0,0]},"t":47,"s":[110,90,100]},{"i":{"x":[0.465,0.465,0.667],"y":[1,1,1]},"o":{"x":[0.333,0.333,0.333],"y":[0,0,0]},"t":62,"s":[95,105,100]},{"t":80,"s":[100,100,100]}],"ix":6}},"ao":0,"shapes":[{"ty":"gr","it":[{"ty":"gr","it":[{"ind":0,"ty":"sh","ix":1,"ks":{"a":1,"k":[{"i":{"x":0.833,"y":0.833},"o":{"x":0.333,"y":0},"t":15,"s":[{"i":[[-0.21,9.607],[-2.009,68.482],[19.445,0.35],[-3.463,-35.345],[-3.345,-57.807]],"o":[[0.877,-40.125],[1.818,-61.959],[-22.673,-0.408],[4.41,45.007],[2.266,39.15]],"v":[[92.123,29.176],[96.182,-87.99],[73.555,-180.298],[52.59,-122.955],[61.345,21.859]],"c":true}]},{"i":{"x":0.833,"y":0.833},"o":{"x":0.167,"y":0.167},"t":24,"s":[{"i":[[2.459,8.827],[15.109,34.585],[20.017,5.008],[-24.994,-45.754],[-25.855,-22.143]],"o":[[-26.629,-27.503],[-21.007,-48.084],[-32.238,-8.065],[23.914,43.778],[17.215,30.378]],"v":[[106.629,48.554],[46.891,-36.533],[-1.762,-120.884],[11.994,-25.194],[75.855,60.194]],"c":true}]},{"i":{"x":0.667,"y":1},"o":{"x":0.167,"y":0.167},"t":32,"s":[{"i":[[4.016,8.372],[43.864,15.885],[31.55,-4.647],[-77.485,-29.006],[-38.084,-26.558]],"o":[[-18.874,-22.517],[-50.9,-22.106],[-31.45,6.353],[28.96,13.534],[25.936,25.261]],"v":[[101.63,30.691],[27.894,12.073],[-77.55,-64.302],[-7.515,30.057],[89.493,70.685]],"c":true}]},{"t":40,"s":[{"i":[[5.35,7.982],[68.511,-0.144],[2.129,-4.715],[-33.283,12.389],[-48.566,-30.343]],"o":[[-12.227,-18.244],[-76.522,0.16],[-4.755,10.528],[33.284,-12.389],[33.411,20.875]],"v":[[97.344,15.38],[-10.675,-39.122],[-97.939,-6.518],[-63.236,16.13],[60.325,18.391]],"c":true}]}],"ix":2},"nm":"Path 1","mn":"ADBE Vector Shape - Group","hd":false},{"ty":"st","c":{"a":0,"k":[0,0,0,1],"ix":3},"o":{"a":0,"k":100,"ix":4},"w":{"a":0,"k":2,"ix":5},"lc":1,"lj":1,"ml":10,"bm":0,"nm":"Stroke 1","mn":"ADBE Vector Graphic - Stroke","hd":false},{"ty":"fl","c":{"a":0,"k":[1,0.713999968884,0.713999968884,1],"ix":4},"o":{"a":0,"k":100,"ix":5},"r":1,"bm":0,"nm":"Fill 1","mn":"ADBE Vector Graphic - Fill","hd":false},{"ty":"tr","p":{"a":0,"k":[294.5,267.449],"ix":2},"a":{"a":0,"k":[0,0],"ix":1},"s":{"a":0,"k":[100,100],"ix":3},"r":{"a":0,"k":0,"ix":6},"o":{"a":0,"k":100,"ix":7},"sk":{"a":0,"k":0,"ix":4},"sa":{"a":0,"k":0,"ix":5},"nm":"Transform"}],"nm":"Group 2","np":3,"cix":2,"bm":0,"ix":1,"mn":"ADBE Vector Group","hd":false},{"ty":"gr","it":[{"ind":0,"ty":"sh","ix":1,"ks":{"a":1,"k":[{"i":{"x":0.833,"y":0.833},"o":{"x":0.333,"y":0},"t":15,"s":[{"i":[[-1.401,14.473],[1.077,100.551],[-8.828,-72.741],[-2.199,-42.853]],"o":[[5.447,-56.249],[-0.948,-88.462],[6.885,56.731],[3.215,62.643]],"v":[[143.499,45.152],[150.894,-155.635],[52.061,-157.828],[63.731,-11.741]],"c":true}]},{"i":{"x":0.833,"y":0.833},"o":{"x":0.167,"y":0.167},"t":24,"s":[{"i":[[3.413,13.143],[16.33,56.061],[-37.031,-95.221],[-61.46,-27.889]],"o":[[-46.05,-31.953],[-35.67,-99.94],[15.969,37.779],[1.672,32.575]],"v":[[161.996,31.856],[82.616,-103.158],[-18.023,-69.876],[96.406,72.792]],"c":true}]},{"i":{"x":0.667,"y":1},"o":{"x":0.167,"y":0.167},"t":32,"s":[{"i":[[6.222,12.368],[39.571,62.465],[-43.191,-86.395],[-54.771,8.96]],"o":[[-33.648,5.411],[-68.38,-107.942],[50.512,101.038],[0.771,15.035]],"v":[[187.594,7.491],[29.326,-39.155],[-90.566,-19.136],[109.717,39.943]],"c":true}]},{"t":40,"s":[{"i":[[8.629,11.703],[86.88,-16.753],[-51.962,6.406],[-60.453,6.339]],"o":[[-22.715,-30.812],[-136.813,26.383],[51.963,-6.405],[0,0]],"v":[[144.535,7.036],[-16.351,-56.724],[-71.031,67.071],[50.554,24.786]],"c":true}]}],"ix":2},"nm":"Path 1","mn":"ADBE Vector Shape - Group","hd":false},{"ty":"st","c":{"a":0,"k":[0,0,0,1],"ix":3},"o":{"a":0,"k":100,"ix":4},"w":{"a":0,"k":6,"ix":5},"lc":1,"lj":1,"ml":10,"bm":0,"nm":"Stroke 1","mn":"ADBE Vector Graphic - Stroke","hd":false},{"ty":"fl","c":{"a":0,"k":[0.948999980852,0.438999998803,0.717999985639,1],"ix":4},"o":{"a":0,"k":100,"ix":5},"r":1,"bm":0,"nm":"Fill 1","mn":"ADBE Vector Graphic - Fill","hd":false},{"ty":"tr","p":{"a":0,"k":[265.554,260.597],"ix":2},"a":{"a":0,"k":[0,0],"ix":1},"s":{"a":0,"k":[100,100],"ix":3},"r":{"a":0,"k":0,"ix":6},"o":{"a":0,"k":100,"ix":7},"sk":{"a":0,"k":0,"ix":4},"sa":{"a":0,"k":0,"ix":5},"nm":"Transform"}],"nm":"Group 4","np":3,"cix":2,"bm":0,"ix":2,"mn":"ADBE Vector Group","hd":false},{"ty":"tr","p":{"a":0,"k":[361.658,272.965],"ix":2},"a":{"a":0,"k":[361.658,272.965],"ix":1},"s":{"a":0,"k":[100,100],"ix":3},"r":{"a":1,"k":[{"i":{"x":[0.833],"y":[1]},"o":{"x":[0.167],"y":[0]},"t":15,"s":[0]},{"i":{"x":[0.833],"y":[1]},"o":{"x":[0.167],"y":[0]},"t":32,"s":[15]},{"i":{"x":[0.594],"y":[1]},"o":{"x":[0.167],"y":[0]},"t":42,"s":[-10]},{"i":{"x":[0.584],"y":[1]},"o":{"x":[0.167],"y":[0]},"t":55,"s":[3]},{"t":72,"s":[0]}],"ix":6},"o":{"a":0,"k":100,"ix":7},"sk":{"a":0,"k":0,"ix":4},"sa":{"a":0,"k":0,"ix":5},"nm":"Transform"}],"nm":"L","np":2,"cix":2,"bm":0,"ix":1,"mn":"ADBE Vector Group","hd":false},{"ty":"gr","it":[{"ty":"gr","it":[{"ind":0,"ty":"sh","ix":1,"ks":{"a":1,"k":[{"i":{"x":0.833,"y":0.833},"o":{"x":0.333,"y":0},"t":15,"s":[{"i":[[-1.083,9.549],[-11.056,69.418],[-21.242,-4.415],[7.149,-33.713],[9.312,-63.333]],"o":[[4.651,-41.003],[11.47,-72.02],[22.729,4.724],[-7.367,34.741],[-5.731,38.978]],"v":[[-74.921,72.004],[-54.214,-60.417],[-15.999,-148.723],[-17.419,-59.286],[-38.581,58.334]],"c":true}]},{"i":{"x":0.833,"y":0.833},"o":{"x":0.167,"y":0.167},"t":24,"s":[{"i":[[3.885,8.79],[-36.757,57.816],[-5.122,-0.722],[28.266,-21.501],[0.328,-57.265]],"o":[[-8.878,-20.086],[41.055,-64.577],[11.439,1.612],[-28.266,21.501],[-0.226,39.396]],"v":[[-64.921,61.004],[-53.214,-59.417],[21.001,-115.723],[21.581,-74.286],[-42.581,31.334]],"c":true}]},{"i":{"x":0.667,"y":1},"o":{"x":0.167,"y":0.167},"t":32,"s":[{"i":[[-3.148,3.48],[-27.856,51.343],[-22.046,-7.34],[17.182,-29.646],[6.401,-7.668]],"o":[[7.194,-7.953],[23.466,-43.251],[22.515,7.497],[-46.276,79.843],[-12.329,14.769]],"v":[[-56.673,93.345],[-17.146,10.768],[41.805,-70.98],[26.596,6.674],[-20.08,93.184]],"c":true}]},{"t":40,"s":[{"i":[[-0.465,9.599],[-58.765,35.22],[-4.256,-2.94],[34.903,-6.558],[25.95,-51.048]],"o":[[1.062,-21.935],[65.636,-39.338],[9.504,6.566],[-34.903,6.558],[-17.853,35.12]],"v":[[-55.328,62.665],[9.091,-39.748],[100.667,-56.835],[82.621,-19.53],[-22.063,46.148]],"c":true}]}],"ix":2},"nm":"Path 1","mn":"ADBE Vector Shape - Group","hd":false},{"ty":"st","c":{"a":0,"k":[0,0,0,1],"ix":3},"o":{"a":0,"k":100,"ix":4},"w":{"a":0,"k":2,"ix":5},"lc":1,"lj":1,"ml":10,"bm":0,"nm":"Stroke 1","mn":"ADBE Vector Graphic - Stroke","hd":false},{"ty":"fl","c":{"a":0,"k":[1,0.713999968884,0.713999968884,1],"ix":4},"o":{"a":0,"k":100,"ix":5},"r":1,"bm":0,"nm":"Fill 1","mn":"ADBE Vector Graphic - Fill","hd":false},{"ty":"tr","p":{"a":0,"k":[522.77,231.499],"ix":2},"a":{"a":0,"k":[0,0],"ix":1},"s":{"a":0,"k":[100,100],"ix":3},"r":{"a":0,"k":0,"ix":6},"o":{"a":0,"k":100,"ix":7},"sk":{"a":0,"k":0,"ix":4},"sa":{"a":0,"k":0,"ix":5},"nm":"Transform"}],"nm":"Group 2","np":3,"cix":2,"bm":0,"ix":1,"mn":"ADBE Vector Group","hd":false},{"ty":"gr","it":[{"ind":0,"ty":"sh","ix":1,"ks":{"a":1,"k":[{"i":{"x":0.833,"y":0.833},"o":{"x":0.333,"y":0},"t":15,"s":[{"i":[[7.7,-3.186],[0.247,14.539],[-10.571,87.847],[17.245,-80.243],[13.856,-59.183],[0,0]],"o":[[-13.436,5.56],[-0.752,-44.296],[8.093,-67.249],[-11.001,51.187],[-9.208,39.329],[-1.929,8.106]],"v":[[-74.389,99.075],[-111.5,86.544],[-89.345,-128.502],[3.502,-103.509],[-34.045,28.919],[-51.059,113.093]],"c":true}]},{"i":{"x":0.833,"y":0.833},"o":{"x":0.167,"y":0.167},"t":24,"s":[{"i":[[7.7,-3.186],[5.276,13.55],[-60.616,64.457],[33.199,-40.484],[26.499,-54.703],[0,0]],"o":[[-13.436,5.56],[-13.89,-35.671],[95.453,-101.502],[-33.199,40.484],[-7.447,15.374],[-1.929,8.106]],"v":[[-74.389,99.075],[-111.5,86.544],[-76.345,-85.502],[57.502,-65.509],[-41.045,19.919],[-59.059,81.093]],"c":true}]},{"i":{"x":0.667,"y":1},"o":{"x":0.167,"y":0.167},"t":32,"s":[{"i":[[2.952,2.801],[-2.488,6.651],[-18.747,72.653],[-7.366,-49.975],[28.783,-18.598],[0,0]],"o":[[-5.151,-4.888],[6.55,-17.508],[35.278,-136.719],[7.366,49.975],[-7.006,4.527],[-3.999,0.751]],"v":[[-165.102,97.067],[-119.541,118.529],[-54.916,-7.244],[68.167,-58.052],[-50.227,131.087],[-154.034,100.16]],"c":true}]},{"t":40,"s":[{"i":[[8.311,0.601],[-1.354,14.478],[-83.07,30.467],[47.819,-21.319],[48.2,-37.033],[0,0]],"o":[[-14.503,-1.049],[3.564,-38.114],[130.813,-47.977],[-47.819,21.319],[-13.546,10.408],[-5.356,6.383]],"v":[[-75.795,103.582],[-99.781,75.308],[5.154,-62.309],[115.858,15.534],[-10.52,47.755],[-54.033,94.375]],"c":true}]}],"ix":2},"nm":"Path 1","mn":"ADBE Vector Shape - Group","hd":false},{"ty":"st","c":{"a":0,"k":[0,0,0,1],"ix":3},"o":{"a":0,"k":100,"ix":4},"w":{"a":0,"k":6,"ix":5},"lc":1,"lj":1,"ml":10,"bm":0,"nm":"Stroke 1","mn":"ADBE Vector Graphic - Stroke","hd":false},{"ty":"fl","c":{"a":0,"k":[0.948999980852,0.438999998803,0.717999985639,1],"ix":4},"o":{"a":0,"k":100,"ix":5},"r":1,"bm":0,"nm":"Fill 1","mn":"ADBE Vector Graphic - Fill","hd":false},{"ty":"tr","p":{"a":0,"k":[543.753,215.252],"ix":2},"a":{"a":0,"k":[0,0],"ix":1},"s":{"a":0,"k":[100,100],"ix":3},"r":{"a":0,"k":0,"ix":6},"o":{"a":0,"k":100,"ix":7},"sk":{"a":0,"k":0,"ix":4},"sa":{"a":0,"k":0,"ix":5},"nm":"Transform"}],"nm":"Group 4","np":3,"cix":2,"bm":0,"ix":2,"mn":"ADBE Vector Group","hd":false},{"ty":"tr","p":{"a":0,"k":[475.572,284.549],"ix":2},"a":{"a":0,"k":[475.162,284.064],"ix":1},"s":{"a":0,"k":[100,100],"ix":3},"r":{"a":1,"k":[{"i":{"x":[0.833],"y":[1]},"o":{"x":[0.167],"y":[0]},"t":15,"s":[0]},{"i":{"x":[0.833],"y":[1]},"o":{"x":[0.167],"y":[0]},"t":32,"s":[-15]},{"i":{"x":[0.594],"y":[1]},"o":{"x":[0.167],"y":[0]},"t":42,"s":[10]},{"i":{"x":[0.584],"y":[1]},"o":{"x":[0.167],"y":[0]},"t":55,"s":[-3]},{"t":72,"s":[0]}],"ix":6},"o":{"a":0,"k":100,"ix":7},"sk":{"a":0,"k":0,"ix":4},"sa":{"a":0,"k":0,"ix":5},"nm":"Transform"}],"nm":"R","np":2,"cix":2,"bm":0,"ix":2,"mn":"ADBE Vector Group","hd":false}],"ip":0,"op":120,"st":0,"bm":0}]}],"layers":[{"ddd":0,"ind":1,"ty":0,"nm":"10_Mallow_Dread","refId":"comp_0","sr":1,"ks":{"o":{"a":0,"k":100,"ix":11},"r":{"a":0,"k":0,"ix":10},"p":{"a":0,"k":[160,160,0],"ix":2},"a":{"a":0,"k":[400,400,0],"ix":1},"s":{"a":0,"k":[40,40,100],"ix":6}},"ao":0,"w":800,"h":800,"ip":0,"op":60,"st":-60,"bm":0},{"ddd":0,"ind":2,"ty":0,"nm":"10_Mallow_Dread","refId":"comp_0","sr":1,"ks":{"o":{"a":0,"k":100,"ix":11},"r":{"a":0,"k":0,"ix":10},"p":{"a":0,"k":[160,160,0],"ix":2},"a":{"a":0,"k":[400,400,0],"ix":1},"s":{"a":0,"k":[40,40,100],"ix":6}},"ao":0,"w":800,"h":800,"ip":60,"op":120,"st":60,"bm":0}],"markers":[]}